"h3_cell","codes","primary_code","version","data_source","provenance"
"8846482001fffff","P-1","P-1","2026.02","City and County of Honolulu Zoning 2024 (res-8 polyfill)","Honolulu DPP LUO zoning districts, downloaded 2026-02-22; per-cell aggregation AG12 P2"
"8846482003fffff","P-1","P-1","2026.02","City and County of Honolulu Zoning 2024 (res-8 polyfill)","Honolulu DPP LUO zoning districts, downloaded 2026-02-22; per-cell aggregation AG12 P2"
"8846482005fffff","P-1","P-1","2026.02","City and County of Honolulu Zoning 2024 (res-8 polyfill)","Honolulu DPP LUO zoning districts, downloaded 2026-02-22; per-cell aggregation AG12 P2"
"8846482007fffff","P-1","P-1","2026.02","City and County of Honolulu Zoning 2024 (res-8 polyfill)","Honolulu DPP LUO zoning districts, downloaded 2026-02-22; per-cell aggregation AG12 P2"
"8846482009fffff","P-1","P-1","2026.02","City and County of Honolulu Zoning 2024 (res-8 polyfill)","Honolulu DPP LUO zoning districts, downloaded 2026-02-22; per-cell aggregation AG12 P2"
"884648200bfffff","P-1","P-1","2026.02","City and County of Honolulu Zoning 2024 (res-8 polyfill)","Honolulu DPP LUO zoning districts, downloaded 2026-02-22; per-cell aggregation AG12 P2"
"884648200dfffff","P-1","P-1","2026.02","City and County of Honolulu Zoning 2024 (res-8 polyfill)","Honolulu DPP LUO zoning districts, downloaded 2026-02-22; per-cell aggregation AG12 P2"
"8846482011fffff","P-1","P-1","2026.02","City and County of Honolulu Zoning 2024 (res-8 polyfill)","Honolulu DPP LUO zoning districts, downloaded 2026-02-22; per-cell aggregation AG12 P2"
"8846482013fffff","P-1","P-1","2026.02","City and County of Honolulu Zoning 2024 (res-8 polyfill)","Honolulu DPP LUO zoning districts, downloaded 2026-02-22; per-cell aggregation AG12 P2"
"8846482015fffff","P-1","P-1","2026.02","City and County of Honolulu Zoning 2024 (res-8 polyfill)","Honolulu DPP LUO zoning districts, downloaded 2026-02-22; per-cell aggregation AG12 P2"
"8846482017fffff","P-1","P-1","2026.02","City and County of Honolulu Zoning 2024 (res-8 polyfill)","Honolulu DPP LUO zoning districts, downloaded 2026-02-22; per-cell aggregation AG12 P2"
"8846482019fffff","P-1","P-1","2026.02","City and County of Honolulu Zoning 2024 (res-8 polyfill)","Honolulu DPP LUO zoning districts, downloaded 2026-02-22; per-cell aggregation AG12 P2"
"884648201bfffff","P-1","P-1","2026.02","City and County of Honolulu Zoning 2024 (res-8 polyfill)","Honolulu DPP LUO zoning districts, downloaded 2026-02-22; per-cell aggregation AG12 P2"
"884648201dfffff","P-1","P-1","2026.02","City and County of Honolulu Zoning 2024 (res-8 polyfill)","Honolulu DPP LUO zoning districts, downloaded 2026-02-22; per-cell aggregation AG12 P2"
"8846482021fffff","P-1","P-1","2026.02","City and County of Honolulu Zoning 2024 (res-8 polyfill)","Honolulu DPP LUO zoning districts, downloaded 2026-02-22; per-cell aggregation AG12 P2"
"8846482023fffff","P-1","P-1","2026.02","City and County of Honolulu Zoning 2024 (res-8 polyfill)","Honolulu DPP LUO zoning districts, downloaded 2026-02-22; per-cell aggregation AG12 P2"
"8846482025fffff","P-1","P-1","2026.02","City and County of Honolulu Zoning 2024 (res-8 polyfill)","Honolulu DPP LUO zoning districts, downloaded 2026-02-22; per-cell aggregation AG12 P2"
"8846482027fffff","P-1","P-1","2026.02","City and County of Honolulu Zoning 2024 (res-8 polyfill)","Honolulu DPP LUO zoning districts, downloaded 2026-02-22; per-cell aggregation AG12 P2"
"8846482029fffff","P-1","P-1","2026.02","City and County of Honolulu Zoning 2024 (res-8 polyfill)","Honolulu DPP LUO zoning districts, downloaded 2026-02-22; per-cell aggregation AG12 P2"
"884648202bfffff","P-1","P-1","2026.02","City and County of Honolulu Zoning 2024 (res-8 polyfill)","Honolulu DPP LUO zoning districts, downloaded 2026-02-22; per-cell aggregation AG12 P2"
"884648202dfffff","P-1","P-1","2026.02","City and County of Honolulu Zoning 2024 (res-8 polyfill)","Honolulu DPP LUO zoning districts, downloaded 2026-02-22; per-cell aggregation AG12 P2"
"8846482031fffff","P-1","P-1","2026.02","City and County of Honolulu Zoning 2024 (res-8 polyfill)","Honolulu DPP LUO zoning districts, downloaded 2026-02-22; per-cell aggregation AG12 P2"
"8846482033fffff","P-1","P-1","2026.02","City and County of Honolulu Zoning 2024 (res-8 polyfill)","Honolulu DPP LUO zoning districts, downloaded 2026-02-22; per-cell aggregation AG12 P2"
"8846482035fffff","P-1","P-1","2026.02","City and County of Honolulu Zoning 2024 (res-8 polyfill)","Honolulu DPP LUO zoning districts, downloaded 2026-02-22; per-cell aggregation AG12 P2"
"8846482037fffff","P-1","P-1","2026.02","City and County of Honolulu Zoning 2024 (res-8 polyfill)","Honolulu DPP LUO zoning districts, downloaded 2026-02-22; per-cell aggregation AG12 P2"
"8846482039fffff","P-1","P-1","2026.02","City and County of Honolulu Zoning 2024 (res-8 polyfill)","Honolulu DPP LUO zoning districts, downloaded 2026-02-22; per-cell aggregation AG12 P2"
"884648203bfffff","P-1","P-1","2026.02","City and County of Honolulu Zoning 2024 (res-8 polyfill)","Honolulu DPP LUO zoning districts, downloaded 2026-02-22; per-cell aggregation AG12 P2"
"884648203dfffff","P-1","P-1","2026.02","City and County of Honolulu Zoning 2024 (res-8 polyfill)","Honolulu DPP LUO zoning districts, downloaded 2026-02-22; per-cell aggregation AG12 P2"
"8846482041fffff","P-1","P-1","2026.02","City and County of Honolulu Zoning 2024 (res-8 polyfill)","Honolulu DPP LUO zoning districts, downloaded 2026-02-22; per-cell aggregation AG12 P2"
"8846482043fffff","P-1","P-1","2026.02","City and County of Honolulu Zoning 2024 (res-8 polyfill)","Honolulu DPP LUO zoning districts, downloaded 2026-02-22; per-cell aggregation AG12 P2"
"8846482045fffff","P-1","P-1","2026.02","City and County of Honolulu Zoning 2024 (res-8 polyfill)","Honolulu DPP LUO zoning districts, downloaded 2026-02-22; per-cell aggregation AG12 P2"
"8846482047fffff","P-1","P-1","2026.02","City and County of Honolulu Zoning 2024 (res-8 polyfill)","Honolulu DPP LUO zoning districts, downloaded 2026-02-22; per-cell aggregation AG12 P2"
"8846482049fffff","P-1","P-1","2026.02","City and County of Honolulu Zoning 2024 (res-8 polyfill)","Honolulu DPP LUO zoning districts, downloaded 2026-02-22; per-cell aggregation AG12 P2"
"884648204bfffff","P-1","P-1","2026.02","City and County of Honolulu Zoning 2024 (res-8 polyfill)","Honolulu DPP LUO zoning districts, downloaded 2026-02-22; per-cell aggregation AG12 P2"
"884648204dfffff","P-1","P-1","2026.02","City and County of Honolulu Zoning 2024 (res-8 polyfill)","Honolulu DPP LUO zoning districts, downloaded 2026-02-22; per-cell aggregation AG12 P2"
"8846482051fffff","P-1","P-1","2026.02","City and County of Honolulu Zoning 2024 (res-8 polyfill)","Honolulu DPP LUO zoning districts, downloaded 2026-02-22; per-cell aggregation AG12 P2"
"8846482053fffff","P-1","P-1","2026.02","City and County of Honolulu Zoning 2024 (res-8 polyfill)","Honolulu DPP LUO zoning districts, downloaded 2026-02-22; per-cell aggregation AG12 P2"
"8846482055fffff","P-1","P-1","2026.02","City and County of Honolulu Zoning 2024 (res-8 polyfill)","Honolulu DPP LUO zoning districts, downloaded 2026-02-22; per-cell aggregation AG12 P2"
"8846482057fffff","P-1","P-1","2026.02","City and County of Honolulu Zoning 2024 (res-8 polyfill)","Honolulu DPP LUO zoning districts, downloaded 2026-02-22; per-cell aggregation AG12 P2"
"8846482059fffff","P-1","P-1","2026.02","City and County of Honolulu Zoning 2024 (res-8 polyfill)","Honolulu DPP LUO zoning districts, downloaded 2026-02-22; per-cell aggregation AG12 P2"
"884648205bfffff","P-1","P-1","2026.02","City and County of Honolulu Zoning 2024 (res-8 polyfill)","Honolulu DPP LUO zoning districts, downloaded 2026-02-22; per-cell aggregation AG12 P2"
"884648205dfffff","P-1","P-1","2026.02","City and County of Honolulu Zoning 2024 (res-8 polyfill)","Honolulu DPP LUO zoning districts, downloaded 2026-02-22; per-cell aggregation AG12 P2"
"8846482061fffff","P-1","P-1","2026.02","City and County of Honolulu Zoning 2024 (res-8 polyfill)","Honolulu DPP LUO zoning districts, downloaded 2026-02-22; per-cell aggregation AG12 P2"
"8846482063fffff","P-1","P-1","2026.02","City and County of Honolulu Zoning 2024 (res-8 polyfill)","Honolulu DPP LUO zoning districts, downloaded 2026-02-22; per-cell aggregation AG12 P2"
"8846482065fffff","P-1","P-1","2026.02","City and County of Honolulu Zoning 2024 (res-8 polyfill)","Honolulu DPP LUO zoning districts, downloaded 2026-02-22; per-cell aggregation AG12 P2"
"8846482067fffff","P-1","P-1","2026.02","City and County of Honolulu Zoning 2024 (res-8 polyfill)","Honolulu DPP LUO zoning districts, downloaded 2026-02-22; per-cell aggregation AG12 P2"
"8846482069fffff","P-1","P-1","2026.02","City and County of Honolulu Zoning 2024 (res-8 polyfill)","Honolulu DPP LUO zoning districts, downloaded 2026-02-22; per-cell aggregation AG12 P2"
"884648206bfffff","P-1","P-1","2026.02","City and County of Honolulu Zoning 2024 (res-8 polyfill)","Honolulu DPP LUO zoning districts, downloaded 2026-02-22; per-cell aggregation AG12 P2"
"884648206dfffff","P-1","P-1","2026.02","City and County of Honolulu Zoning 2024 (res-8 polyfill)","Honolulu DPP LUO zoning districts, downloaded 2026-02-22; per-cell aggregation AG12 P2"
"8846482081fffff","P-1","P-1","2026.02","City and County of Honolulu Zoning 2024 (res-8 polyfill)","Honolulu DPP LUO zoning districts, downloaded 2026-02-22; per-cell aggregation AG12 P2"
"8846482083fffff","P-1","P-1","2026.02","City and County of Honolulu Zoning 2024 (res-8 polyfill)","Honolulu DPP LUO zoning districts, downloaded 2026-02-22; per-cell aggregation AG12 P2"
"8846482085fffff","P-1","P-1","2026.02","City and County of Honolulu Zoning 2024 (res-8 polyfill)","Honolulu DPP LUO zoning districts, downloaded 2026-02-22; per-cell aggregation AG12 P2"
"8846482087fffff","P-1","P-1","2026.02","City and County of Honolulu Zoning 2024 (res-8 polyfill)","Honolulu DPP LUO zoning districts, downloaded 2026-02-22; per-cell aggregation AG12 P2"
"8846482089fffff","P-1","P-1","2026.02","City and County of Honolulu Zoning 2024 (res-8 polyfill)","Honolulu DPP LUO zoning districts, downloaded 2026-02-22; per-cell aggregation AG12 P2"
"884648208bfffff","P-1","P-1","2026.02","City and County of Honolulu Zoning 2024 (res-8 polyfill)","Honolulu DPP LUO zoning districts, downloaded 2026-02-22; per-cell aggregation AG12 P2"
"884648208dfffff","P-1","P-1","2026.02","City and County of Honolulu Zoning 2024 (res-8 polyfill)","Honolulu DPP LUO zoning districts, downloaded 2026-02-22; per-cell aggregation AG12 P2"
"8846482091fffff","P-1","P-1","2026.02","City and County of Honolulu Zoning 2024 (res-8 polyfill)","Honolulu DPP LUO zoning districts, downloaded 2026-02-22; per-cell aggregation AG12 P2"
"8846482093fffff","P-1","P-1","2026.02","City and County of Honolulu Zoning 2024 (res-8 polyfill)","Honolulu DPP LUO zoning districts, downloaded 2026-02-22; per-cell aggregation AG12 P2"
"8846482095fffff","P-1","P-1","2026.02","City and County of Honolulu Zoning 2024 (res-8 polyfill)","Honolulu DPP LUO zoning districts, downloaded 2026-02-22; per-cell aggregation AG12 P2"
"8846482097fffff","P-1","P-1","2026.02","City and County of Honolulu Zoning 2024 (res-8 polyfill)","Honolulu DPP LUO zoning districts, downloaded 2026-02-22; per-cell aggregation AG12 P2"
"8846482099fffff","P-1","P-1","2026.02","City and County of Honolulu Zoning 2024 (res-8 polyfill)","Honolulu DPP LUO zoning districts, downloaded 2026-02-22; per-cell aggregation AG12 P2"
"884648209bfffff","AG-2","AG-2","2026.02","City and County of Honolulu Zoning 2024 (res-8 polyfill)","Honolulu DPP LUO zoning districts, downloaded 2026-02-22; per-cell aggregation AG12 P2"
"884648209dfffff","P-1","P-1","2026.02","City and County of Honolulu Zoning 2024 (res-8 polyfill)","Honolulu DPP LUO zoning districts, downloaded 2026-02-22; per-cell aggregation AG12 P2"
"88464820a1fffff","P-1","P-1","2026.02","City and County of Honolulu Zoning 2024 (res-8 polyfill)","Honolulu DPP LUO zoning districts, downloaded 2026-02-22; per-cell aggregation AG12 P2"
"88464820a3fffff","P-1","P-1","2026.02","City and County of Honolulu Zoning 2024 (res-8 polyfill)","Honolulu DPP LUO zoning districts, downloaded 2026-02-22; per-cell aggregation AG12 P2"
"88464820a5fffff","P-1","P-1","2026.02","City and County of Honolulu Zoning 2024 (res-8 polyfill)","Honolulu DPP LUO zoning districts, downloaded 2026-02-22; per-cell aggregation AG12 P2"
"88464820a7fffff","P-1","P-1","2026.02","City and County of Honolulu Zoning 2024 (res-8 polyfill)","Honolulu DPP LUO zoning districts, downloaded 2026-02-22; per-cell aggregation AG12 P2"
"88464820a9fffff","P-1","P-1","2026.02","City and County of Honolulu Zoning 2024 (res-8 polyfill)","Honolulu DPP LUO zoning districts, downloaded 2026-02-22; per-cell aggregation AG12 P2"
"88464820abfffff","P-1","P-1","2026.02","City and County of Honolulu Zoning 2024 (res-8 polyfill)","Honolulu DPP LUO zoning districts, downloaded 2026-02-22; per-cell aggregation AG12 P2"
"88464820adfffff","P-1","P-1","2026.02","City and County of Honolulu Zoning 2024 (res-8 polyfill)","Honolulu DPP LUO zoning districts, downloaded 2026-02-22; per-cell aggregation AG12 P2"
"88464820b1fffff","P-1","P-1","2026.02","City and County of Honolulu Zoning 2024 (res-8 polyfill)","Honolulu DPP LUO zoning districts, downloaded 2026-02-22; per-cell aggregation AG12 P2"
"88464820b3fffff","P-1","P-1","2026.02","City and County of Honolulu Zoning 2024 (res-8 polyfill)","Honolulu DPP LUO zoning districts, downloaded 2026-02-22; per-cell aggregation AG12 P2"
"88464820b5fffff","P-1","P-1","2026.02","City and County of Honolulu Zoning 2024 (res-8 polyfill)","Honolulu DPP LUO zoning districts, downloaded 2026-02-22; per-cell aggregation AG12 P2"
"88464820b7fffff","P-1","P-1","2026.02","City and County of Honolulu Zoning 2024 (res-8 polyfill)","Honolulu DPP LUO zoning districts, downloaded 2026-02-22; per-cell aggregation AG12 P2"
"88464820b9fffff","P-1","P-1","2026.02","City and County of Honolulu Zoning 2024 (res-8 polyfill)","Honolulu DPP LUO zoning districts, downloaded 2026-02-22; per-cell aggregation AG12 P2"
"88464820bbfffff","P-1","P-1","2026.02","City and County of Honolulu Zoning 2024 (res-8 polyfill)","Honolulu DPP LUO zoning districts, downloaded 2026-02-22; per-cell aggregation AG12 P2"
"88464820bdfffff","P-1","P-1","2026.02","City and County of Honolulu Zoning 2024 (res-8 polyfill)","Honolulu DPP LUO zoning districts, downloaded 2026-02-22; per-cell aggregation AG12 P2"
"88464820c1fffff","P-1","P-1","2026.02","City and County of Honolulu Zoning 2024 (res-8 polyfill)","Honolulu DPP LUO zoning districts, downloaded 2026-02-22; per-cell aggregation AG12 P2"
"88464820c3fffff","P-1","P-1","2026.02","City and County of Honolulu Zoning 2024 (res-8 polyfill)","Honolulu DPP LUO zoning districts, downloaded 2026-02-22; per-cell aggregation AG12 P2"
"88464820c5fffff","P-1","P-1","2026.02","City and County of Honolulu Zoning 2024 (res-8 polyfill)","Honolulu DPP LUO zoning districts, downloaded 2026-02-22; per-cell aggregation AG12 P2"
"88464820c7fffff","P-1","P-1","2026.02","City and County of Honolulu Zoning 2024 (res-8 polyfill)","Honolulu DPP LUO zoning districts, downloaded 2026-02-22; per-cell aggregation AG12 P2"
"88464820c9fffff","P-1","P-1","2026.02","City and County of Honolulu Zoning 2024 (res-8 polyfill)","Honolulu DPP LUO zoning districts, downloaded 2026-02-22; per-cell aggregation AG12 P2"
"88464820cbfffff","P-1","P-1","2026.02","City and County of Honolulu Zoning 2024 (res-8 polyfill)","Honolulu DPP LUO zoning districts, downloaded 2026-02-22; per-cell aggregation AG12 P2"
"88464820cdfffff","P-1","P-1","2026.02","City and County of Honolulu Zoning 2024 (res-8 polyfill)","Honolulu DPP LUO zoning districts, downloaded 2026-02-22; per-cell aggregation AG12 P2"
"88464820d1fffff","P-1","P-1","2026.02","City and County of Honolulu Zoning 2024 (res-8 polyfill)","Honolulu DPP LUO zoning districts, downloaded 2026-02-22; per-cell aggregation AG12 P2"
"88464820d3fffff","P-2","P-2","2026.02","City and County of Honolulu Zoning 2024 (res-8 polyfill)","Honolulu DPP LUO zoning districts, downloaded 2026-02-22; per-cell aggregation AG12 P2"
"88464820d5fffff","P-1","P-1","2026.02","City and County of Honolulu Zoning 2024 (res-8 polyfill)","Honolulu DPP LUO zoning districts, downloaded 2026-02-22; per-cell aggregation AG12 P2"
"88464820d7fffff","P-1","P-1","2026.02","City and County of Honolulu Zoning 2024 (res-8 polyfill)","Honolulu DPP LUO zoning districts, downloaded 2026-02-22; per-cell aggregation AG12 P2"
"88464820d9fffff","P-1","P-1","2026.02","City and County of Honolulu Zoning 2024 (res-8 polyfill)","Honolulu DPP LUO zoning districts, downloaded 2026-02-22; per-cell aggregation AG12 P2"
"88464820dbfffff","P-2","P-2","2026.02","City and County of Honolulu Zoning 2024 (res-8 polyfill)","Honolulu DPP LUO zoning districts, downloaded 2026-02-22; per-cell aggregation AG12 P2"
"88464820ddfffff","P-1","P-1","2026.02","City and County of Honolulu Zoning 2024 (res-8 polyfill)","Honolulu DPP LUO zoning districts, downloaded 2026-02-22; per-cell aggregation AG12 P2"
"88464820e1fffff","P-1","P-1","2026.02","City and County of Honolulu Zoning 2024 (res-8 polyfill)","Honolulu DPP LUO zoning districts, downloaded 2026-02-22; per-cell aggregation AG12 P2"
"88464820e3fffff","P-1","P-1","2026.02","City and County of Honolulu Zoning 2024 (res-8 polyfill)","Honolulu DPP LUO zoning districts, downloaded 2026-02-22; per-cell aggregation AG12 P2"
"88464820e5fffff","P-1","P-1","2026.02","City and County of Honolulu Zoning 2024 (res-8 polyfill)","Honolulu DPP LUO zoning districts, downloaded 2026-02-22; per-cell aggregation AG12 P2"
"88464820e7fffff","P-1","P-1","2026.02","City and County of Honolulu Zoning 2024 (res-8 polyfill)","Honolulu DPP LUO zoning districts, downloaded 2026-02-22; per-cell aggregation AG12 P2"
"88464820e9fffff","P-1","P-1","2026.02","City and County of Honolulu Zoning 2024 (res-8 polyfill)","Honolulu DPP LUO zoning districts, downloaded 2026-02-22; per-cell aggregation AG12 P2"
"88464820ebfffff","P-1","P-1","2026.02","City and County of Honolulu Zoning 2024 (res-8 polyfill)","Honolulu DPP LUO zoning districts, downloaded 2026-02-22; per-cell aggregation AG12 P2"
"88464820edfffff","P-1","P-1","2026.02","City and County of Honolulu Zoning 2024 (res-8 polyfill)","Honolulu DPP LUO zoning districts, downloaded 2026-02-22; per-cell aggregation AG12 P2"
"8846482101fffff","P-1","P-1","2026.02","City and County of Honolulu Zoning 2024 (res-8 polyfill)","Honolulu DPP LUO zoning districts, downloaded 2026-02-22; per-cell aggregation AG12 P2"
"8846482103fffff","AG-1","AG-1","2026.02","City and County of Honolulu Zoning 2024 (res-8 polyfill)","Honolulu DPP LUO zoning districts, downloaded 2026-02-22; per-cell aggregation AG12 P2"
"8846482105fffff","AG-1","AG-1","2026.02","City and County of Honolulu Zoning 2024 (res-8 polyfill)","Honolulu DPP LUO zoning districts, downloaded 2026-02-22; per-cell aggregation AG12 P2"
"8846482107fffff","AG-1","AG-1","2026.02","City and County of Honolulu Zoning 2024 (res-8 polyfill)","Honolulu DPP LUO zoning districts, downloaded 2026-02-22; per-cell aggregation AG12 P2"
"8846482109fffff","AG-1","AG-1","2026.02","City and County of Honolulu Zoning 2024 (res-8 polyfill)","Honolulu DPP LUO zoning districts, downloaded 2026-02-22; per-cell aggregation AG12 P2"
"884648210bfffff","P-1","P-1","2026.02","City and County of Honolulu Zoning 2024 (res-8 polyfill)","Honolulu DPP LUO zoning districts, downloaded 2026-02-22; per-cell aggregation AG12 P2"
"884648210dfffff","P-1","P-1","2026.02","City and County of Honolulu Zoning 2024 (res-8 polyfill)","Honolulu DPP LUO zoning districts, downloaded 2026-02-22; per-cell aggregation AG12 P2"
"8846482111fffff","AG-1","AG-1","2026.02","City and County of Honolulu Zoning 2024 (res-8 polyfill)","Honolulu DPP LUO zoning districts, downloaded 2026-02-22; per-cell aggregation AG12 P2"
"8846482113fffff","AG-1","AG-1","2026.02","City and County of Honolulu Zoning 2024 (res-8 polyfill)","Honolulu DPP LUO zoning districts, downloaded 2026-02-22; per-cell aggregation AG12 P2"
"8846482115fffff","AG-1","AG-1","2026.02","City and County of Honolulu Zoning 2024 (res-8 polyfill)","Honolulu DPP LUO zoning districts, downloaded 2026-02-22; per-cell aggregation AG12 P2"
"8846482117fffff","AG-1","AG-1","2026.02","City and County of Honolulu Zoning 2024 (res-8 polyfill)","Honolulu DPP LUO zoning districts, downloaded 2026-02-22; per-cell aggregation AG12 P2"
"8846482119fffff","P-1","P-1","2026.02","City and County of Honolulu Zoning 2024 (res-8 polyfill)","Honolulu DPP LUO zoning districts, downloaded 2026-02-22; per-cell aggregation AG12 P2"
"884648211bfffff","P-1","P-1","2026.02","City and County of Honolulu Zoning 2024 (res-8 polyfill)","Honolulu DPP LUO zoning districts, downloaded 2026-02-22; per-cell aggregation AG12 P2"
"884648211dfffff","P-1","P-1","2026.02","City and County of Honolulu Zoning 2024 (res-8 polyfill)","Honolulu DPP LUO zoning districts, downloaded 2026-02-22; per-cell aggregation AG12 P2"
"8846482121fffff","AG-1","AG-1","2026.02","City and County of Honolulu Zoning 2024 (res-8 polyfill)","Honolulu DPP LUO zoning districts, downloaded 2026-02-22; per-cell aggregation AG12 P2"
"8846482123fffff","AG-1","AG-1","2026.02","City and County of Honolulu Zoning 2024 (res-8 polyfill)","Honolulu DPP LUO zoning districts, downloaded 2026-02-22; per-cell aggregation AG12 P2"
"8846482125fffff","AG-1","AG-1","2026.02","City and County of Honolulu Zoning 2024 (res-8 polyfill)","Honolulu DPP LUO zoning districts, downloaded 2026-02-22; per-cell aggregation AG12 P2"
"8846482127fffff","AG-1","AG-1","2026.02","City and County of Honolulu Zoning 2024 (res-8 polyfill)","Honolulu DPP LUO zoning districts, downloaded 2026-02-22; per-cell aggregation AG12 P2"
"8846482129fffff","AG-1","AG-1","2026.02","City and County of Honolulu Zoning 2024 (res-8 polyfill)","Honolulu DPP LUO zoning districts, downloaded 2026-02-22; per-cell aggregation AG12 P2"
"884648212bfffff","AG-1","AG-1","2026.02","City and County of Honolulu Zoning 2024 (res-8 polyfill)","Honolulu DPP LUO zoning districts, downloaded 2026-02-22; per-cell aggregation AG12 P2"
"884648212dfffff","AG-1","AG-1","2026.02","City and County of Honolulu Zoning 2024 (res-8 polyfill)","Honolulu DPP LUO zoning districts, downloaded 2026-02-22; per-cell aggregation AG12 P2"
"8846482131fffff","AG-1","AG-1","2026.02","City and County of Honolulu Zoning 2024 (res-8 polyfill)","Honolulu DPP LUO zoning districts, downloaded 2026-02-22; per-cell aggregation AG12 P2"
"8846482133fffff","AG-1","AG-1","2026.02","City and County of Honolulu Zoning 2024 (res-8 polyfill)","Honolulu DPP LUO zoning districts, downloaded 2026-02-22; per-cell aggregation AG12 P2"
"8846482135fffff","AG-1","AG-1","2026.02","City and County of Honolulu Zoning 2024 (res-8 polyfill)","Honolulu DPP LUO zoning districts, downloaded 2026-02-22; per-cell aggregation AG12 P2"
"8846482137fffff","AG-1","AG-1","2026.02","City and County of Honolulu Zoning 2024 (res-8 polyfill)","Honolulu DPP LUO zoning districts, downloaded 2026-02-22; per-cell aggregation AG12 P2"
"8846482139fffff","AG-1","AG-1","2026.02","City and County of Honolulu Zoning 2024 (res-8 polyfill)","Honolulu DPP LUO zoning districts, downloaded 2026-02-22; per-cell aggregation AG12 P2"
"884648213bfffff","AG-1","AG-1","2026.02","City and County of Honolulu Zoning 2024 (res-8 polyfill)","Honolulu DPP LUO zoning districts, downloaded 2026-02-22; per-cell aggregation AG12 P2"
"884648213dfffff","AG-1","AG-1","2026.02","City and County of Honolulu Zoning 2024 (res-8 polyfill)","Honolulu DPP LUO zoning districts, downloaded 2026-02-22; per-cell aggregation AG12 P2"
"8846482141fffff","AG-1","AG-1","2026.02","City and County of Honolulu Zoning 2024 (res-8 polyfill)","Honolulu DPP LUO zoning districts, downloaded 2026-02-22; per-cell aggregation AG12 P2"
"8846482143fffff","AG-1","AG-1","2026.02","City and County of Honolulu Zoning 2024 (res-8 polyfill)","Honolulu DPP LUO zoning districts, downloaded 2026-02-22; per-cell aggregation AG12 P2"
"8846482145fffff","AG-1","AG-1","2026.02","City and County of Honolulu Zoning 2024 (res-8 polyfill)","Honolulu DPP LUO zoning districts, downloaded 2026-02-22; per-cell aggregation AG12 P2"
"8846482147fffff","AG-1","AG-1","2026.02","City and County of Honolulu Zoning 2024 (res-8 polyfill)","Honolulu DPP LUO zoning districts, downloaded 2026-02-22; per-cell aggregation AG12 P2"
"8846482149fffff","AG-1","AG-1","2026.02","City and County of Honolulu Zoning 2024 (res-8 polyfill)","Honolulu DPP LUO zoning districts, downloaded 2026-02-22; per-cell aggregation AG12 P2"
"884648214bfffff","AG-1","AG-1","2026.02","City and County of Honolulu Zoning 2024 (res-8 polyfill)","Honolulu DPP LUO zoning districts, downloaded 2026-02-22; per-cell aggregation AG12 P2"
"884648214dfffff","AG-1","AG-1","2026.02","City and County of Honolulu Zoning 2024 (res-8 polyfill)","Honolulu DPP LUO zoning districts, downloaded 2026-02-22; per-cell aggregation AG12 P2"
"8846482151fffff","AG-1","AG-1","2026.02","City and County of Honolulu Zoning 2024 (res-8 polyfill)","Honolulu DPP LUO zoning districts, downloaded 2026-02-22; per-cell aggregation AG12 P2"
"8846482153fffff","AG-1","AG-1","2026.02","City and County of Honolulu Zoning 2024 (res-8 polyfill)","Honolulu DPP LUO zoning districts, downloaded 2026-02-22; per-cell aggregation AG12 P2"
"8846482155fffff","AG-1","AG-1","2026.02","City and County of Honolulu Zoning 2024 (res-8 polyfill)","Honolulu DPP LUO zoning districts, downloaded 2026-02-22; per-cell aggregation AG12 P2"
"8846482157fffff","AG-1","AG-1","2026.02","City and County of Honolulu Zoning 2024 (res-8 polyfill)","Honolulu DPP LUO zoning districts, downloaded 2026-02-22; per-cell aggregation AG12 P2"
"8846482159fffff","AG-1","AG-1","2026.02","City and County of Honolulu Zoning 2024 (res-8 polyfill)","Honolulu DPP LUO zoning districts, downloaded 2026-02-22; per-cell aggregation AG12 P2"
"884648215bfffff","AG-1","AG-1","2026.02","City and County of Honolulu Zoning 2024 (res-8 polyfill)","Honolulu DPP LUO zoning districts, downloaded 2026-02-22; per-cell aggregation AG12 P2"
"884648215dfffff","AG-1","AG-1","2026.02","City and County of Honolulu Zoning 2024 (res-8 polyfill)","Honolulu DPP LUO zoning districts, downloaded 2026-02-22; per-cell aggregation AG12 P2"
"8846482161fffff","AG-1","AG-1","2026.02","City and County of Honolulu Zoning 2024 (res-8 polyfill)","Honolulu DPP LUO zoning districts, downloaded 2026-02-22; per-cell aggregation AG12 P2"
"8846482163fffff","AG-1","AG-1","2026.02","City and County of Honolulu Zoning 2024 (res-8 polyfill)","Honolulu DPP LUO zoning districts, downloaded 2026-02-22; per-cell aggregation AG12 P2"
"8846482165fffff","AG-1","AG-1","2026.02","City and County of Honolulu Zoning 2024 (res-8 polyfill)","Honolulu DPP LUO zoning districts, downloaded 2026-02-22; per-cell aggregation AG12 P2"
"8846482167fffff","AG-1","AG-1","2026.02","City and County of Honolulu Zoning 2024 (res-8 polyfill)","Honolulu DPP LUO zoning districts, downloaded 2026-02-22; per-cell aggregation AG12 P2"
"8846482169fffff","AG-1","AG-1","2026.02","City and County of Honolulu Zoning 2024 (res-8 polyfill)","Honolulu DPP LUO zoning districts, downloaded 2026-02-22; per-cell aggregation AG12 P2"
"884648216bfffff","AG-1","AG-1","2026.02","City and County of Honolulu Zoning 2024 (res-8 polyfill)","Honolulu DPP LUO zoning districts, downloaded 2026-02-22; per-cell aggregation AG12 P2"
"884648216dfffff","AG-1","AG-1","2026.02","City and County of Honolulu Zoning 2024 (res-8 polyfill)","Honolulu DPP LUO zoning districts, downloaded 2026-02-22; per-cell aggregation AG12 P2"
"8846482181fffff","P-1","P-1","2026.02","City and County of Honolulu Zoning 2024 (res-8 polyfill)","Honolulu DPP LUO zoning districts, downloaded 2026-02-22; per-cell aggregation AG12 P2"
"8846482183fffff","P-1","P-1","2026.02","City and County of Honolulu Zoning 2024 (res-8 polyfill)","Honolulu DPP LUO zoning districts, downloaded 2026-02-22; per-cell aggregation AG12 P2"
"8846482185fffff","AG-1","AG-1","2026.02","City and County of Honolulu Zoning 2024 (res-8 polyfill)","Honolulu DPP LUO zoning districts, downloaded 2026-02-22; per-cell aggregation AG12 P2"
"8846482187fffff","AG-1","AG-1","2026.02","City and County of Honolulu Zoning 2024 (res-8 polyfill)","Honolulu DPP LUO zoning districts, downloaded 2026-02-22; per-cell aggregation AG12 P2"
"8846482189fffff","P-1","P-1","2026.02","City and County of Honolulu Zoning 2024 (res-8 polyfill)","Honolulu DPP LUO zoning districts, downloaded 2026-02-22; per-cell aggregation AG12 P2"
"884648218bfffff","P-1","P-1","2026.02","City and County of Honolulu Zoning 2024 (res-8 polyfill)","Honolulu DPP LUO zoning districts, downloaded 2026-02-22; per-cell aggregation AG12 P2"
"884648218dfffff","AG-1","AG-1","2026.02","City and County of Honolulu Zoning 2024 (res-8 polyfill)","Honolulu DPP LUO zoning districts, downloaded 2026-02-22; per-cell aggregation AG12 P2"
"8846482191fffff","P-1","P-1","2026.02","City and County of Honolulu Zoning 2024 (res-8 polyfill)","Honolulu DPP LUO zoning districts, downloaded 2026-02-22; per-cell aggregation AG12 P2"
"8846482193fffff","P-1","P-1","2026.02","City and County of Honolulu Zoning 2024 (res-8 polyfill)","Honolulu DPP LUO zoning districts, downloaded 2026-02-22; per-cell aggregation AG12 P2"
"8846482195fffff","P-1","P-1","2026.02","City and County of Honolulu Zoning 2024 (res-8 polyfill)","Honolulu DPP LUO zoning districts, downloaded 2026-02-22; per-cell aggregation AG12 P2"
"8846482197fffff","P-1","P-1","2026.02","City and County of Honolulu Zoning 2024 (res-8 polyfill)","Honolulu DPP LUO zoning districts, downloaded 2026-02-22; per-cell aggregation AG12 P2"
"8846482199fffff","P-1","P-1","2026.02","City and County of Honolulu Zoning 2024 (res-8 polyfill)","Honolulu DPP LUO zoning districts, downloaded 2026-02-22; per-cell aggregation AG12 P2"
"884648219bfffff","P-1","P-1","2026.02","City and County of Honolulu Zoning 2024 (res-8 polyfill)","Honolulu DPP LUO zoning districts, downloaded 2026-02-22; per-cell aggregation AG12 P2"
"884648219dfffff","P-1","P-1","2026.02","City and County of Honolulu Zoning 2024 (res-8 polyfill)","Honolulu DPP LUO zoning districts, downloaded 2026-02-22; per-cell aggregation AG12 P2"
"88464821a1fffff","AG-1","AG-1","2026.02","City and County of Honolulu Zoning 2024 (res-8 polyfill)","Honolulu DPP LUO zoning districts, downloaded 2026-02-22; per-cell aggregation AG12 P2"
"88464821a3fffff","AG-1","AG-1","2026.02","City and County of Honolulu Zoning 2024 (res-8 polyfill)","Honolulu DPP LUO zoning districts, downloaded 2026-02-22; per-cell aggregation AG12 P2"
"88464821a5fffff","AG-1","AG-1","2026.02","City and County of Honolulu Zoning 2024 (res-8 polyfill)","Honolulu DPP LUO zoning districts, downloaded 2026-02-22; per-cell aggregation AG12 P2"
"88464821a7fffff","F-1","F-1","2026.02","City and County of Honolulu Zoning 2024 (res-8 polyfill)","Honolulu DPP LUO zoning districts, downloaded 2026-02-22; per-cell aggregation AG12 P2"
"88464821a9fffff","AG-1","AG-1","2026.02","City and County of Honolulu Zoning 2024 (res-8 polyfill)","Honolulu DPP LUO zoning districts, downloaded 2026-02-22; per-cell aggregation AG12 P2"
"88464821abfffff","AG-1","AG-1","2026.02","City and County of Honolulu Zoning 2024 (res-8 polyfill)","Honolulu DPP LUO zoning districts, downloaded 2026-02-22; per-cell aggregation AG12 P2"
"88464821adfffff","F-1","F-1","2026.02","City and County of Honolulu Zoning 2024 (res-8 polyfill)","Honolulu DPP LUO zoning districts, downloaded 2026-02-22; per-cell aggregation AG12 P2"
"88464821b1fffff","AG-1","AG-1","2026.02","City and County of Honolulu Zoning 2024 (res-8 polyfill)","Honolulu DPP LUO zoning districts, downloaded 2026-02-22; per-cell aggregation AG12 P2"
"88464821b3fffff","P-1","P-1","2026.02","City and County of Honolulu Zoning 2024 (res-8 polyfill)","Honolulu DPP LUO zoning districts, downloaded 2026-02-22; per-cell aggregation AG12 P2"
"88464821b5fffff","F-1","F-1","2026.02","City and County of Honolulu Zoning 2024 (res-8 polyfill)","Honolulu DPP LUO zoning districts, downloaded 2026-02-22; per-cell aggregation AG12 P2"
"88464821b7fffff","P-1","P-1","2026.02","City and County of Honolulu Zoning 2024 (res-8 polyfill)","Honolulu DPP LUO zoning districts, downloaded 2026-02-22; per-cell aggregation AG12 P2"
"88464821b9fffff","AG-1","AG-1","2026.02","City and County of Honolulu Zoning 2024 (res-8 polyfill)","Honolulu DPP LUO zoning districts, downloaded 2026-02-22; per-cell aggregation AG12 P2"
"88464821bbfffff","P-1","P-1","2026.02","City and County of Honolulu Zoning 2024 (res-8 polyfill)","Honolulu DPP LUO zoning districts, downloaded 2026-02-22; per-cell aggregation AG12 P2"
"88464821bdfffff","AG-1","AG-1","2026.02","City and County of Honolulu Zoning 2024 (res-8 polyfill)","Honolulu DPP LUO zoning districts, downloaded 2026-02-22; per-cell aggregation AG12 P2"
"88464821c1fffff","P-1","P-1","2026.02","City and County of Honolulu Zoning 2024 (res-8 polyfill)","Honolulu DPP LUO zoning districts, downloaded 2026-02-22; per-cell aggregation AG12 P2"
"88464821c3fffff","P-1","P-1","2026.02","City and County of Honolulu Zoning 2024 (res-8 polyfill)","Honolulu DPP LUO zoning districts, downloaded 2026-02-22; per-cell aggregation AG12 P2"
"88464821c5fffff","AG-1","AG-1","2026.02","City and County of Honolulu Zoning 2024 (res-8 polyfill)","Honolulu DPP LUO zoning districts, downloaded 2026-02-22; per-cell aggregation AG12 P2"
"88464821c7fffff","AG-1","AG-1","2026.02","City and County of Honolulu Zoning 2024 (res-8 polyfill)","Honolulu DPP LUO zoning districts, downloaded 2026-02-22; per-cell aggregation AG12 P2"
"88464821c9fffff","P-1","P-1","2026.02","City and County of Honolulu Zoning 2024 (res-8 polyfill)","Honolulu DPP LUO zoning districts, downloaded 2026-02-22; per-cell aggregation AG12 P2"
"88464821cbfffff","P-1","P-1","2026.02","City and County of Honolulu Zoning 2024 (res-8 polyfill)","Honolulu DPP LUO zoning districts, downloaded 2026-02-22; per-cell aggregation AG12 P2"
"88464821cdfffff","P-1","P-1","2026.02","City and County of Honolulu Zoning 2024 (res-8 polyfill)","Honolulu DPP LUO zoning districts, downloaded 2026-02-22; per-cell aggregation AG12 P2"
"88464821d1fffff","P-1","P-1","2026.02","City and County of Honolulu Zoning 2024 (res-8 polyfill)","Honolulu DPP LUO zoning districts, downloaded 2026-02-22; per-cell aggregation AG12 P2"
"88464821d3fffff","P-1","P-1","2026.02","City and County of Honolulu Zoning 2024 (res-8 polyfill)","Honolulu DPP LUO zoning districts, downloaded 2026-02-22; per-cell aggregation AG12 P2"
"88464821d5fffff","P-1","P-1","2026.02","City and County of Honolulu Zoning 2024 (res-8 polyfill)","Honolulu DPP LUO zoning districts, downloaded 2026-02-22; per-cell aggregation AG12 P2"
"88464821d7fffff","P-1","P-1","2026.02","City and County of Honolulu Zoning 2024 (res-8 polyfill)","Honolulu DPP LUO zoning districts, downloaded 2026-02-22; per-cell aggregation AG12 P2"
"88464821d9fffff","P-1","P-1","2026.02","City and County of Honolulu Zoning 2024 (res-8 polyfill)","Honolulu DPP LUO zoning districts, downloaded 2026-02-22; per-cell aggregation AG12 P2"
"88464821dbfffff","P-1","P-1","2026.02","City and County of Honolulu Zoning 2024 (res-8 polyfill)","Honolulu DPP LUO zoning districts, downloaded 2026-02-22; per-cell aggregation AG12 P2"
"88464821ddfffff","P-1","P-1","2026.02","City and County of Honolulu Zoning 2024 (res-8 polyfill)","Honolulu DPP LUO zoning districts, downloaded 2026-02-22; per-cell aggregation AG12 P2"
"88464821e1fffff","AG-1","AG-1","2026.02","City and County of Honolulu Zoning 2024 (res-8 polyfill)","Honolulu DPP LUO zoning districts, downloaded 2026-02-22; per-cell aggregation AG12 P2"
"88464821e3fffff","AG-1","AG-1","2026.02","City and County of Honolulu Zoning 2024 (res-8 polyfill)","Honolulu DPP LUO zoning districts, downloaded 2026-02-22; per-cell aggregation AG12 P2"
"88464821e5fffff","AG-1","AG-1","2026.02","City and County of Honolulu Zoning 2024 (res-8 polyfill)","Honolulu DPP LUO zoning districts, downloaded 2026-02-22; per-cell aggregation AG12 P2"
"88464821e7fffff","AG-1","AG-1","2026.02","City and County of Honolulu Zoning 2024 (res-8 polyfill)","Honolulu DPP LUO zoning districts, downloaded 2026-02-22; per-cell aggregation AG12 P2"
"88464821e9fffff","AG-1","AG-1","2026.02","City and County of Honolulu Zoning 2024 (res-8 polyfill)","Honolulu DPP LUO zoning districts, downloaded 2026-02-22; per-cell aggregation AG12 P2"
"88464821ebfffff","AG-1","AG-1","2026.02","City and County of Honolulu Zoning 2024 (res-8 polyfill)","Honolulu DPP LUO zoning districts, downloaded 2026-02-22; per-cell aggregation AG12 P2"
"88464821edfffff","AG-1","AG-1","2026.02","City and County of Honolulu Zoning 2024 (res-8 polyfill)","Honolulu DPP LUO zoning districts, downloaded 2026-02-22; per-cell aggregation AG12 P2"
"8846482201fffff","AG-2","AG-2","2026.02","City and County of Honolulu Zoning 2024 (res-8 polyfill)","Honolulu DPP LUO zoning districts, downloaded 2026-02-22; per-cell aggregation AG12 P2"
"8846482203fffff","AG-2","AG-2","2026.02","City and County of Honolulu Zoning 2024 (res-8 polyfill)","Honolulu DPP LUO zoning districts, downloaded 2026-02-22; per-cell aggregation AG12 P2"
"8846482205fffff","AG-2","AG-2","2026.02","City and County of Honolulu Zoning 2024 (res-8 polyfill)","Honolulu DPP LUO zoning districts, downloaded 2026-02-22; per-cell aggregation AG12 P2"
"8846482207fffff","AG-2","AG-2","2026.02","City and County of Honolulu Zoning 2024 (res-8 polyfill)","Honolulu DPP LUO zoning districts, downloaded 2026-02-22; per-cell aggregation AG12 P2"
"8846482209fffff","AG-1","AG-1","2026.02","City and County of Honolulu Zoning 2024 (res-8 polyfill)","Honolulu DPP LUO zoning districts, downloaded 2026-02-22; per-cell aggregation AG12 P2"
"884648220bfffff","AG-1","AG-1","2026.02","City and County of Honolulu Zoning 2024 (res-8 polyfill)","Honolulu DPP LUO zoning districts, downloaded 2026-02-22; per-cell aggregation AG12 P2"
"884648220dfffff","AG-2","AG-2","2026.02","City and County of Honolulu Zoning 2024 (res-8 polyfill)","Honolulu DPP LUO zoning districts, downloaded 2026-02-22; per-cell aggregation AG12 P2"
"8846482211fffff","AG-1","AG-1","2026.02","City and County of Honolulu Zoning 2024 (res-8 polyfill)","Honolulu DPP LUO zoning districts, downloaded 2026-02-22; per-cell aggregation AG12 P2"
"8846482213fffff","AG-1","AG-1","2026.02","City and County of Honolulu Zoning 2024 (res-8 polyfill)","Honolulu DPP LUO zoning districts, downloaded 2026-02-22; per-cell aggregation AG12 P2"
"8846482215fffff","AG-2","AG-2","2026.02","City and County of Honolulu Zoning 2024 (res-8 polyfill)","Honolulu DPP LUO zoning districts, downloaded 2026-02-22; per-cell aggregation AG12 P2"
"8846482217fffff","AG-2","AG-2","2026.02","City and County of Honolulu Zoning 2024 (res-8 polyfill)","Honolulu DPP LUO zoning districts, downloaded 2026-02-22; per-cell aggregation AG12 P2"
"8846482219fffff","R-5","R-5","2026.02","City and County of Honolulu Zoning 2024 (res-8 polyfill)","Honolulu DPP LUO zoning districts, downloaded 2026-02-22; per-cell aggregation AG12 P2"
"884648221bfffff","AG-1","AG-1","2026.02","City and County of Honolulu Zoning 2024 (res-8 polyfill)","Honolulu DPP LUO zoning districts, downloaded 2026-02-22; per-cell aggregation AG12 P2"
"884648221dfffff","AG-2","AG-2","2026.02","City and County of Honolulu Zoning 2024 (res-8 polyfill)","Honolulu DPP LUO zoning districts, downloaded 2026-02-22; per-cell aggregation AG12 P2"
"8846482221fffff","P-1","P-1","2026.02","City and County of Honolulu Zoning 2024 (res-8 polyfill)","Honolulu DPP LUO zoning districts, downloaded 2026-02-22; per-cell aggregation AG12 P2"
"8846482223fffff","P-1","P-1","2026.02","City and County of Honolulu Zoning 2024 (res-8 polyfill)","Honolulu DPP LUO zoning districts, downloaded 2026-02-22; per-cell aggregation AG12 P2"
"8846482225fffff","AG-2","AG-2","2026.02","City and County of Honolulu Zoning 2024 (res-8 polyfill)","Honolulu DPP LUO zoning districts, downloaded 2026-02-22; per-cell aggregation AG12 P2"
"8846482227fffff","P-1","P-1","2026.02","City and County of Honolulu Zoning 2024 (res-8 polyfill)","Honolulu DPP LUO zoning districts, downloaded 2026-02-22; per-cell aggregation AG12 P2"
"8846482229fffff","P-1","P-1","2026.02","City and County of Honolulu Zoning 2024 (res-8 polyfill)","Honolulu DPP LUO zoning districts, downloaded 2026-02-22; per-cell aggregation AG12 P2"
"884648222bfffff","P-1","P-1","2026.02","City and County of Honolulu Zoning 2024 (res-8 polyfill)","Honolulu DPP LUO zoning districts, downloaded 2026-02-22; per-cell aggregation AG12 P2"
"884648222dfffff","AG-2","AG-2","2026.02","City and County of Honolulu Zoning 2024 (res-8 polyfill)","Honolulu DPP LUO zoning districts, downloaded 2026-02-22; per-cell aggregation AG12 P2"
"8846482231fffff","P-1","P-1","2026.02","City and County of Honolulu Zoning 2024 (res-8 polyfill)","Honolulu DPP LUO zoning districts, downloaded 2026-02-22; per-cell aggregation AG12 P2"
"8846482233fffff","AG-2","AG-2","2026.02","City and County of Honolulu Zoning 2024 (res-8 polyfill)","Honolulu DPP LUO zoning districts, downloaded 2026-02-22; per-cell aggregation AG12 P2"
"8846482235fffff","P-1","P-1","2026.02","City and County of Honolulu Zoning 2024 (res-8 polyfill)","Honolulu DPP LUO zoning districts, downloaded 2026-02-22; per-cell aggregation AG12 P2"
"8846482237fffff","P-1","P-1","2026.02","City and County of Honolulu Zoning 2024 (res-8 polyfill)","Honolulu DPP LUO zoning districts, downloaded 2026-02-22; per-cell aggregation AG12 P2"
"8846482239fffff","AG-2","AG-2","2026.02","City and County of Honolulu Zoning 2024 (res-8 polyfill)","Honolulu DPP LUO zoning districts, downloaded 2026-02-22; per-cell aggregation AG12 P2"
"884648223bfffff","AG-2","AG-2","2026.02","City and County of Honolulu Zoning 2024 (res-8 polyfill)","Honolulu DPP LUO zoning districts, downloaded 2026-02-22; per-cell aggregation AG12 P2"
"884648223dfffff","P-1","P-1","2026.02","City and County of Honolulu Zoning 2024 (res-8 polyfill)","Honolulu DPP LUO zoning districts, downloaded 2026-02-22; per-cell aggregation AG12 P2"
"8846482241fffff","AG-1","AG-1","2026.02","City and County of Honolulu Zoning 2024 (res-8 polyfill)","Honolulu DPP LUO zoning districts, downloaded 2026-02-22; per-cell aggregation AG12 P2"
"8846482243fffff","AG-1|AG-2","AG-1","2026.02","City and County of Honolulu Zoning 2024 (res-8 polyfill)","Honolulu DPP LUO zoning districts, downloaded 2026-02-22; per-cell aggregation AG12 P2"
"8846482245fffff","AG-1","AG-1","2026.02","City and County of Honolulu Zoning 2024 (res-8 polyfill)","Honolulu DPP LUO zoning districts, downloaded 2026-02-22; per-cell aggregation AG12 P2"
"8846482247fffff","AG-1","AG-1","2026.02","City and County of Honolulu Zoning 2024 (res-8 polyfill)","Honolulu DPP LUO zoning districts, downloaded 2026-02-22; per-cell aggregation AG12 P2"
"8846482249fffff","B-1|P-2","P-2","2026.02","City and County of Honolulu Zoning 2024 (res-8 polyfill)","Honolulu DPP LUO zoning districts, downloaded 2026-02-22; per-cell aggregation AG12 P2"
"884648224bfffff","P-2|Resort","P-2","2026.02","City and County of Honolulu Zoning 2024 (res-8 polyfill)","Honolulu DPP LUO zoning districts, downloaded 2026-02-22; per-cell aggregation AG12 P2"
"884648224dfffff","A-1|B-1","A-1","2026.02","City and County of Honolulu Zoning 2024 (res-8 polyfill)","Honolulu DPP LUO zoning districts, downloaded 2026-02-22; per-cell aggregation AG12 P2"
"8846482251fffff","AG-2","AG-2","2026.02","City and County of Honolulu Zoning 2024 (res-8 polyfill)","Honolulu DPP LUO zoning districts, downloaded 2026-02-22; per-cell aggregation AG12 P2"
"8846482253fffff","AG-2","AG-2","2026.02","City and County of Honolulu Zoning 2024 (res-8 polyfill)","Honolulu DPP LUO zoning districts, downloaded 2026-02-22; per-cell aggregation AG12 P2"
"8846482255fffff","AG-1","AG-1","2026.02","City and County of Honolulu Zoning 2024 (res-8 polyfill)","Honolulu DPP LUO zoning districts, downloaded 2026-02-22; per-cell aggregation AG12 P2"
"8846482257fffff","AG-1","AG-1","2026.02","City and County of Honolulu Zoning 2024 (res-8 polyfill)","Honolulu DPP LUO zoning districts, downloaded 2026-02-22; per-cell aggregation AG12 P2"
"8846482259fffff","AG-2","AG-2","2026.02","City and County of Honolulu Zoning 2024 (res-8 polyfill)","Honolulu DPP LUO zoning districts, downloaded 2026-02-22; per-cell aggregation AG12 P2"
"884648225bfffff","AG-2|P-2","AG-2","2026.02","City and County of Honolulu Zoning 2024 (res-8 polyfill)","Honolulu DPP LUO zoning districts, downloaded 2026-02-22; per-cell aggregation AG12 P2"
"884648225dfffff","AG-2|P-2","AG-2","2026.02","City and County of Honolulu Zoning 2024 (res-8 polyfill)","Honolulu DPP LUO zoning districts, downloaded 2026-02-22; per-cell aggregation AG12 P2"
"8846482261fffff","AG-2","AG-2","2026.02","City and County of Honolulu Zoning 2024 (res-8 polyfill)","Honolulu DPP LUO zoning districts, downloaded 2026-02-22; per-cell aggregation AG12 P2"
"8846482263fffff","AG-2","AG-2","2026.02","City and County of Honolulu Zoning 2024 (res-8 polyfill)","Honolulu DPP LUO zoning districts, downloaded 2026-02-22; per-cell aggregation AG12 P2"
"8846482265fffff","AG-2","AG-2","2026.02","City and County of Honolulu Zoning 2024 (res-8 polyfill)","Honolulu DPP LUO zoning districts, downloaded 2026-02-22; per-cell aggregation AG12 P2"
"8846482267fffff","AG-2","AG-2","2026.02","City and County of Honolulu Zoning 2024 (res-8 polyfill)","Honolulu DPP LUO zoning districts, downloaded 2026-02-22; per-cell aggregation AG12 P2"
"8846482269fffff","AG-2","AG-2","2026.02","City and County of Honolulu Zoning 2024 (res-8 polyfill)","Honolulu DPP LUO zoning districts, downloaded 2026-02-22; per-cell aggregation AG12 P2"
"884648226bfffff","AG-2","AG-2","2026.02","City and County of Honolulu Zoning 2024 (res-8 polyfill)","Honolulu DPP LUO zoning districts, downloaded 2026-02-22; per-cell aggregation AG12 P2"
"884648226dfffff","AG-2","AG-2","2026.02","City and County of Honolulu Zoning 2024 (res-8 polyfill)","Honolulu DPP LUO zoning districts, downloaded 2026-02-22; per-cell aggregation AG12 P2"
"8846482281fffff","AG-2|C","AG-2","2026.02","City and County of Honolulu Zoning 2024 (res-8 polyfill)","Honolulu DPP LUO zoning districts, downloaded 2026-02-22; per-cell aggregation AG12 P2"
"8846482283fffff","P-2","P-2","2026.02","City and County of Honolulu Zoning 2024 (res-8 polyfill)","Honolulu DPP LUO zoning districts, downloaded 2026-02-22; per-cell aggregation AG12 P2"
"8846482285fffff","P-1","P-1","2026.02","City and County of Honolulu Zoning 2024 (res-8 polyfill)","Honolulu DPP LUO zoning districts, downloaded 2026-02-22; per-cell aggregation AG12 P2"
"8846482287fffff","P-1","P-1","2026.02","City and County of Honolulu Zoning 2024 (res-8 polyfill)","Honolulu DPP LUO zoning districts, downloaded 2026-02-22; per-cell aggregation AG12 P2"
"8846482289fffff","B-1|R-5","R-5","2026.02","City and County of Honolulu Zoning 2024 (res-8 polyfill)","Honolulu DPP LUO zoning districts, downloaded 2026-02-22; per-cell aggregation AG12 P2"
"884648228bfffff","B-2|Resort","B-2","2026.02","City and County of Honolulu Zoning 2024 (res-8 polyfill)","Honolulu DPP LUO zoning districts, downloaded 2026-02-22; per-cell aggregation AG12 P2"
"884648228dfffff","AG-1","AG-1","2026.02","City and County of Honolulu Zoning 2024 (res-8 polyfill)","Honolulu DPP LUO zoning districts, downloaded 2026-02-22; per-cell aggregation AG12 P2"
"88464822a1fffff","P-1","P-1","2026.02","City and County of Honolulu Zoning 2024 (res-8 polyfill)","Honolulu DPP LUO zoning districts, downloaded 2026-02-22; per-cell aggregation AG12 P2"
"88464822a3fffff","P-1","P-1","2026.02","City and County of Honolulu Zoning 2024 (res-8 polyfill)","Honolulu DPP LUO zoning districts, downloaded 2026-02-22; per-cell aggregation AG12 P2"
"88464822a5fffff","P-1","P-1","2026.02","City and County of Honolulu Zoning 2024 (res-8 polyfill)","Honolulu DPP LUO zoning districts, downloaded 2026-02-22; per-cell aggregation AG12 P2"
"88464822a7fffff","P-1","P-1","2026.02","City and County of Honolulu Zoning 2024 (res-8 polyfill)","Honolulu DPP LUO zoning districts, downloaded 2026-02-22; per-cell aggregation AG12 P2"
"88464822a9fffff","AG-2","AG-2","2026.02","City and County of Honolulu Zoning 2024 (res-8 polyfill)","Honolulu DPP LUO zoning districts, downloaded 2026-02-22; per-cell aggregation AG12 P2"
"88464822abfffff","P-1","P-1","2026.02","City and County of Honolulu Zoning 2024 (res-8 polyfill)","Honolulu DPP LUO zoning districts, downloaded 2026-02-22; per-cell aggregation AG12 P2"
"88464822adfffff","P-1","P-1","2026.02","City and County of Honolulu Zoning 2024 (res-8 polyfill)","Honolulu DPP LUO zoning districts, downloaded 2026-02-22; per-cell aggregation AG12 P2"
"88464822b1fffff","C|P-1","P-1","2026.02","City and County of Honolulu Zoning 2024 (res-8 polyfill)","Honolulu DPP LUO zoning districts, downloaded 2026-02-22; per-cell aggregation AG12 P2"
"88464822b3fffff","AG-2|B-1|P-2","AG-2","2026.02","City and County of Honolulu Zoning 2024 (res-8 polyfill)","Honolulu DPP LUO zoning districts, downloaded 2026-02-22; per-cell aggregation AG12 P2"
"88464822b5fffff","P-1","P-1","2026.02","City and County of Honolulu Zoning 2024 (res-8 polyfill)","Honolulu DPP LUO zoning districts, downloaded 2026-02-22; per-cell aggregation AG12 P2"
"88464822b7fffff","P-1","P-1","2026.02","City and County of Honolulu Zoning 2024 (res-8 polyfill)","Honolulu DPP LUO zoning districts, downloaded 2026-02-22; per-cell aggregation AG12 P2"
"88464822b9fffff","AG-2|P-1|P-2","AG-2","2026.02","City and County of Honolulu Zoning 2024 (res-8 polyfill)","Honolulu DPP LUO zoning districts, downloaded 2026-02-22; per-cell aggregation AG12 P2"
"88464822bbfffff","B-1|P-2","B-1","2026.02","City and County of Honolulu Zoning 2024 (res-8 polyfill)","Honolulu DPP LUO zoning districts, downloaded 2026-02-22; per-cell aggregation AG12 P2"
"88464822bdfffff","P-1","P-1","2026.02","City and County of Honolulu Zoning 2024 (res-8 polyfill)","Honolulu DPP LUO zoning districts, downloaded 2026-02-22; per-cell aggregation AG12 P2"
"88464822c1fffff","AG-2|P-2","AG-2","2026.02","City and County of Honolulu Zoning 2024 (res-8 polyfill)","Honolulu DPP LUO zoning districts, downloaded 2026-02-22; per-cell aggregation AG12 P2"
"88464822c3fffff","P-2","P-2","2026.02","City and County of Honolulu Zoning 2024 (res-8 polyfill)","Honolulu DPP LUO zoning districts, downloaded 2026-02-22; per-cell aggregation AG12 P2"
"88464822c5fffff","AG-2","AG-2","2026.02","City and County of Honolulu Zoning 2024 (res-8 polyfill)","Honolulu DPP LUO zoning districts, downloaded 2026-02-22; per-cell aggregation AG12 P2"
"88464822c7fffff","AG-2|P-2","AG-2","2026.02","City and County of Honolulu Zoning 2024 (res-8 polyfill)","Honolulu DPP LUO zoning districts, downloaded 2026-02-22; per-cell aggregation AG12 P2"
"88464822cdfffff","AG-2","AG-2","2026.02","City and County of Honolulu Zoning 2024 (res-8 polyfill)","Honolulu DPP LUO zoning districts, downloaded 2026-02-22; per-cell aggregation AG12 P2"
"88464822d5fffff","P-2|R-7.5","R-7.5","2026.02","City and County of Honolulu Zoning 2024 (res-8 polyfill)","Honolulu DPP LUO zoning districts, downloaded 2026-02-22; per-cell aggregation AG12 P2"
"88464822e1fffff","AG-2","AG-2","2026.02","City and County of Honolulu Zoning 2024 (res-8 polyfill)","Honolulu DPP LUO zoning districts, downloaded 2026-02-22; per-cell aggregation AG12 P2"
"88464822e3fffff","AG-2","AG-2","2026.02","City and County of Honolulu Zoning 2024 (res-8 polyfill)","Honolulu DPP LUO zoning districts, downloaded 2026-02-22; per-cell aggregation AG12 P2"
"88464822e5fffff","AG-2","AG-2","2026.02","City and County of Honolulu Zoning 2024 (res-8 polyfill)","Honolulu DPP LUO zoning districts, downloaded 2026-02-22; per-cell aggregation AG12 P2"
"88464822e7fffff","AG-2","AG-2","2026.02","City and County of Honolulu Zoning 2024 (res-8 polyfill)","Honolulu DPP LUO zoning districts, downloaded 2026-02-22; per-cell aggregation AG12 P2"
"88464822e9fffff","AG-2","AG-2","2026.02","City and County of Honolulu Zoning 2024 (res-8 polyfill)","Honolulu DPP LUO zoning districts, downloaded 2026-02-22; per-cell aggregation AG12 P2"
"88464822ebfffff","AG-1","AG-1","2026.02","City and County of Honolulu Zoning 2024 (res-8 polyfill)","Honolulu DPP LUO zoning districts, downloaded 2026-02-22; per-cell aggregation AG12 P2"
"88464822edfffff","AG-2","AG-2","2026.02","City and County of Honolulu Zoning 2024 (res-8 polyfill)","Honolulu DPP LUO zoning districts, downloaded 2026-02-22; per-cell aggregation AG12 P2"
"8846482301fffff","C","C","2026.02","City and County of Honolulu Zoning 2024 (res-8 polyfill)","Honolulu DPP LUO zoning districts, downloaded 2026-02-22; per-cell aggregation AG12 P2"
"8846482303fffff","AG-2|C","C","2026.02","City and County of Honolulu Zoning 2024 (res-8 polyfill)","Honolulu DPP LUO zoning districts, downloaded 2026-02-22; per-cell aggregation AG12 P2"
"8846482305fffff","AG-2","AG-2","2026.02","City and County of Honolulu Zoning 2024 (res-8 polyfill)","Honolulu DPP LUO zoning districts, downloaded 2026-02-22; per-cell aggregation AG12 P2"
"8846482307fffff","P-1","P-1","2026.02","City and County of Honolulu Zoning 2024 (res-8 polyfill)","Honolulu DPP LUO zoning districts, downloaded 2026-02-22; per-cell aggregation AG12 P2"
"8846482309fffff","AG-2","AG-2","2026.02","City and County of Honolulu Zoning 2024 (res-8 polyfill)","Honolulu DPP LUO zoning districts, downloaded 2026-02-22; per-cell aggregation AG12 P2"
"884648230bfffff","AG-2","AG-2","2026.02","City and County of Honolulu Zoning 2024 (res-8 polyfill)","Honolulu DPP LUO zoning districts, downloaded 2026-02-22; per-cell aggregation AG12 P2"
"884648230dfffff","C","C","2026.02","City and County of Honolulu Zoning 2024 (res-8 polyfill)","Honolulu DPP LUO zoning districts, downloaded 2026-02-22; per-cell aggregation AG12 P2"
"8846482311fffff","P-1","P-1","2026.02","City and County of Honolulu Zoning 2024 (res-8 polyfill)","Honolulu DPP LUO zoning districts, downloaded 2026-02-22; per-cell aggregation AG12 P2"
"8846482313fffff","P-1","P-1","2026.02","City and County of Honolulu Zoning 2024 (res-8 polyfill)","Honolulu DPP LUO zoning districts, downloaded 2026-02-22; per-cell aggregation AG12 P2"
"8846482315fffff","P-1","P-1","2026.02","City and County of Honolulu Zoning 2024 (res-8 polyfill)","Honolulu DPP LUO zoning districts, downloaded 2026-02-22; per-cell aggregation AG12 P2"
"8846482317fffff","P-1","P-1","2026.02","City and County of Honolulu Zoning 2024 (res-8 polyfill)","Honolulu DPP LUO zoning districts, downloaded 2026-02-22; per-cell aggregation AG12 P2"
"8846482319fffff","P-1","P-1","2026.02","City and County of Honolulu Zoning 2024 (res-8 polyfill)","Honolulu DPP LUO zoning districts, downloaded 2026-02-22; per-cell aggregation AG12 P2"
"884648231bfffff","P-1","P-1","2026.02","City and County of Honolulu Zoning 2024 (res-8 polyfill)","Honolulu DPP LUO zoning districts, downloaded 2026-02-22; per-cell aggregation AG12 P2"
"884648231dfffff","P-1","P-1","2026.02","City and County of Honolulu Zoning 2024 (res-8 polyfill)","Honolulu DPP LUO zoning districts, downloaded 2026-02-22; per-cell aggregation AG12 P2"
"8846482321fffff","AG-1","AG-1","2026.02","City and County of Honolulu Zoning 2024 (res-8 polyfill)","Honolulu DPP LUO zoning districts, downloaded 2026-02-22; per-cell aggregation AG12 P2"
"8846482323fffff","AG-1","AG-1","2026.02","City and County of Honolulu Zoning 2024 (res-8 polyfill)","Honolulu DPP LUO zoning districts, downloaded 2026-02-22; per-cell aggregation AG12 P2"
"8846482325fffff","AG-1","AG-1","2026.02","City and County of Honolulu Zoning 2024 (res-8 polyfill)","Honolulu DPP LUO zoning districts, downloaded 2026-02-22; per-cell aggregation AG12 P2"
"8846482327fffff","AG-1","AG-1","2026.02","City and County of Honolulu Zoning 2024 (res-8 polyfill)","Honolulu DPP LUO zoning districts, downloaded 2026-02-22; per-cell aggregation AG12 P2"
"8846482329fffff","P-1","P-1","2026.02","City and County of Honolulu Zoning 2024 (res-8 polyfill)","Honolulu DPP LUO zoning districts, downloaded 2026-02-22; per-cell aggregation AG12 P2"
"884648232bfffff","P-1","P-1","2026.02","City and County of Honolulu Zoning 2024 (res-8 polyfill)","Honolulu DPP LUO zoning districts, downloaded 2026-02-22; per-cell aggregation AG12 P2"
"884648232dfffff","AG-1","AG-1","2026.02","City and County of Honolulu Zoning 2024 (res-8 polyfill)","Honolulu DPP LUO zoning districts, downloaded 2026-02-22; per-cell aggregation AG12 P2"
"8846482331fffff","P-1","P-1","2026.02","City and County of Honolulu Zoning 2024 (res-8 polyfill)","Honolulu DPP LUO zoning districts, downloaded 2026-02-22; per-cell aggregation AG12 P2"
"8846482333fffff","P-1","P-1","2026.02","City and County of Honolulu Zoning 2024 (res-8 polyfill)","Honolulu DPP LUO zoning districts, downloaded 2026-02-22; per-cell aggregation AG12 P2"
"8846482335fffff","AG-1","AG-1","2026.02","City and County of Honolulu Zoning 2024 (res-8 polyfill)","Honolulu DPP LUO zoning districts, downloaded 2026-02-22; per-cell aggregation AG12 P2"
"8846482337fffff","AG-1","AG-1","2026.02","City and County of Honolulu Zoning 2024 (res-8 polyfill)","Honolulu DPP LUO zoning districts, downloaded 2026-02-22; per-cell aggregation AG12 P2"
"8846482339fffff","P-1","P-1","2026.02","City and County of Honolulu Zoning 2024 (res-8 polyfill)","Honolulu DPP LUO zoning districts, downloaded 2026-02-22; per-cell aggregation AG12 P2"
"884648233bfffff","P-1","P-1","2026.02","City and County of Honolulu Zoning 2024 (res-8 polyfill)","Honolulu DPP LUO zoning districts, downloaded 2026-02-22; per-cell aggregation AG12 P2"
"884648233dfffff","P-1","P-1","2026.02","City and County of Honolulu Zoning 2024 (res-8 polyfill)","Honolulu DPP LUO zoning districts, downloaded 2026-02-22; per-cell aggregation AG12 P2"
"8846482341fffff","P-2|R-5","P-2","2026.02","City and County of Honolulu Zoning 2024 (res-8 polyfill)","Honolulu DPP LUO zoning districts, downloaded 2026-02-22; per-cell aggregation AG12 P2"
"8846482343fffff","AG-2","AG-2","2026.02","City and County of Honolulu Zoning 2024 (res-8 polyfill)","Honolulu DPP LUO zoning districts, downloaded 2026-02-22; per-cell aggregation AG12 P2"
"8846482345fffff","R-5","R-5","2026.02","City and County of Honolulu Zoning 2024 (res-8 polyfill)","Honolulu DPP LUO zoning districts, downloaded 2026-02-22; per-cell aggregation AG12 P2"
"8846482347fffff","AG-2","AG-2","2026.02","City and County of Honolulu Zoning 2024 (res-8 polyfill)","Honolulu DPP LUO zoning districts, downloaded 2026-02-22; per-cell aggregation AG12 P2"
"884648234bfffff","C","C","2026.02","City and County of Honolulu Zoning 2024 (res-8 polyfill)","Honolulu DPP LUO zoning districts, downloaded 2026-02-22; per-cell aggregation AG12 P2"
"8846482351fffff","AG-2","AG-2","2026.02","City and County of Honolulu Zoning 2024 (res-8 polyfill)","Honolulu DPP LUO zoning districts, downloaded 2026-02-22; per-cell aggregation AG12 P2"
"8846482353fffff","AG-2","AG-2","2026.02","City and County of Honolulu Zoning 2024 (res-8 polyfill)","Honolulu DPP LUO zoning districts, downloaded 2026-02-22; per-cell aggregation AG12 P2"
"8846482355fffff","AG-2","AG-2","2026.02","City and County of Honolulu Zoning 2024 (res-8 polyfill)","Honolulu DPP LUO zoning districts, downloaded 2026-02-22; per-cell aggregation AG12 P2"
"8846482357fffff","AG-2","AG-2","2026.02","City and County of Honolulu Zoning 2024 (res-8 polyfill)","Honolulu DPP LUO zoning districts, downloaded 2026-02-22; per-cell aggregation AG12 P2"
"8846482359fffff","AG-2","AG-2","2026.02","City and County of Honolulu Zoning 2024 (res-8 polyfill)","Honolulu DPP LUO zoning districts, downloaded 2026-02-22; per-cell aggregation AG12 P2"
"884648235bfffff","AG-2","AG-2","2026.02","City and County of Honolulu Zoning 2024 (res-8 polyfill)","Honolulu DPP LUO zoning districts, downloaded 2026-02-22; per-cell aggregation AG12 P2"
"884648235dfffff","AG-2","AG-2","2026.02","City and County of Honolulu Zoning 2024 (res-8 polyfill)","Honolulu DPP LUO zoning districts, downloaded 2026-02-22; per-cell aggregation AG12 P2"
"8846482361fffff","B-1","B-1","2026.02","City and County of Honolulu Zoning 2024 (res-8 polyfill)","Honolulu DPP LUO zoning districts, downloaded 2026-02-22; per-cell aggregation AG12 P2"
"8846482363fffff","B-1|C|R-5","C","2026.02","City and County of Honolulu Zoning 2024 (res-8 polyfill)","Honolulu DPP LUO zoning districts, downloaded 2026-02-22; per-cell aggregation AG12 P2"
"8846482367fffff","P-2","P-2","2026.02","City and County of Honolulu Zoning 2024 (res-8 polyfill)","Honolulu DPP LUO zoning districts, downloaded 2026-02-22; per-cell aggregation AG12 P2"
"884648236bfffff","C|R-5","C","2026.02","City and County of Honolulu Zoning 2024 (res-8 polyfill)","Honolulu DPP LUO zoning districts, downloaded 2026-02-22; per-cell aggregation AG12 P2"
"8846482425fffff","AG-2|C|P-1","AG-2","2026.02","City and County of Honolulu Zoning 2024 (res-8 polyfill)","Honolulu DPP LUO zoning districts, downloaded 2026-02-22; per-cell aggregation AG12 P2"
"8846482427fffff","P-1|R-5","R-5","2026.02","City and County of Honolulu Zoning 2024 (res-8 polyfill)","Honolulu DPP LUO zoning districts, downloaded 2026-02-22; per-cell aggregation AG12 P2"
"884648242dfffff","R-5","R-5","2026.02","City and County of Honolulu Zoning 2024 (res-8 polyfill)","Honolulu DPP LUO zoning districts, downloaded 2026-02-22; per-cell aggregation AG12 P2"
"8846482501fffff","P-1","P-1","2026.02","City and County of Honolulu Zoning 2024 (res-8 polyfill)","Honolulu DPP LUO zoning districts, downloaded 2026-02-22; per-cell aggregation AG12 P2"
"8846482503fffff","P-1","P-1","2026.02","City and County of Honolulu Zoning 2024 (res-8 polyfill)","Honolulu DPP LUO zoning districts, downloaded 2026-02-22; per-cell aggregation AG12 P2"
"8846482505fffff","P-1","P-1","2026.02","City and County of Honolulu Zoning 2024 (res-8 polyfill)","Honolulu DPP LUO zoning districts, downloaded 2026-02-22; per-cell aggregation AG12 P2"
"8846482507fffff","P-1","P-1","2026.02","City and County of Honolulu Zoning 2024 (res-8 polyfill)","Honolulu DPP LUO zoning districts, downloaded 2026-02-22; per-cell aggregation AG12 P2"
"8846482509fffff","P-1","P-1","2026.02","City and County of Honolulu Zoning 2024 (res-8 polyfill)","Honolulu DPP LUO zoning districts, downloaded 2026-02-22; per-cell aggregation AG12 P2"
"884648250bfffff","P-1","P-1","2026.02","City and County of Honolulu Zoning 2024 (res-8 polyfill)","Honolulu DPP LUO zoning districts, downloaded 2026-02-22; per-cell aggregation AG12 P2"
"884648250dfffff","P-1","P-1","2026.02","City and County of Honolulu Zoning 2024 (res-8 polyfill)","Honolulu DPP LUO zoning districts, downloaded 2026-02-22; per-cell aggregation AG12 P2"
"8846482511fffff","AG-2","AG-2","2026.02","City and County of Honolulu Zoning 2024 (res-8 polyfill)","Honolulu DPP LUO zoning districts, downloaded 2026-02-22; per-cell aggregation AG12 P2"
"8846482513fffff","P-1","P-1","2026.02","City and County of Honolulu Zoning 2024 (res-8 polyfill)","Honolulu DPP LUO zoning districts, downloaded 2026-02-22; per-cell aggregation AG12 P2"
"8846482515fffff","P-1","P-1","2026.02","City and County of Honolulu Zoning 2024 (res-8 polyfill)","Honolulu DPP LUO zoning districts, downloaded 2026-02-22; per-cell aggregation AG12 P2"
"8846482517fffff","P-1","P-1","2026.02","City and County of Honolulu Zoning 2024 (res-8 polyfill)","Honolulu DPP LUO zoning districts, downloaded 2026-02-22; per-cell aggregation AG12 P2"
"8846482519fffff","P-1","P-1","2026.02","City and County of Honolulu Zoning 2024 (res-8 polyfill)","Honolulu DPP LUO zoning districts, downloaded 2026-02-22; per-cell aggregation AG12 P2"
"884648251bfffff","AG-2","AG-2","2026.02","City and County of Honolulu Zoning 2024 (res-8 polyfill)","Honolulu DPP LUO zoning districts, downloaded 2026-02-22; per-cell aggregation AG12 P2"
"884648251dfffff","P-1","P-1","2026.02","City and County of Honolulu Zoning 2024 (res-8 polyfill)","Honolulu DPP LUO zoning districts, downloaded 2026-02-22; per-cell aggregation AG12 P2"
"8846482521fffff","P-1","P-1","2026.02","City and County of Honolulu Zoning 2024 (res-8 polyfill)","Honolulu DPP LUO zoning districts, downloaded 2026-02-22; per-cell aggregation AG12 P2"
"8846482523fffff","P-1","P-1","2026.02","City and County of Honolulu Zoning 2024 (res-8 polyfill)","Honolulu DPP LUO zoning districts, downloaded 2026-02-22; per-cell aggregation AG12 P2"
"8846482525fffff","P-1","P-1","2026.02","City and County of Honolulu Zoning 2024 (res-8 polyfill)","Honolulu DPP LUO zoning districts, downloaded 2026-02-22; per-cell aggregation AG12 P2"
"8846482527fffff","P-1","P-1","2026.02","City and County of Honolulu Zoning 2024 (res-8 polyfill)","Honolulu DPP LUO zoning districts, downloaded 2026-02-22; per-cell aggregation AG12 P2"
"8846482529fffff","P-1","P-1","2026.02","City and County of Honolulu Zoning 2024 (res-8 polyfill)","Honolulu DPP LUO zoning districts, downloaded 2026-02-22; per-cell aggregation AG12 P2"
"884648252bfffff","P-1","P-1","2026.02","City and County of Honolulu Zoning 2024 (res-8 polyfill)","Honolulu DPP LUO zoning districts, downloaded 2026-02-22; per-cell aggregation AG12 P2"
"884648252dfffff","P-1","P-1","2026.02","City and County of Honolulu Zoning 2024 (res-8 polyfill)","Honolulu DPP LUO zoning districts, downloaded 2026-02-22; per-cell aggregation AG12 P2"
"8846482531fffff","P-1","P-1","2026.02","City and County of Honolulu Zoning 2024 (res-8 polyfill)","Honolulu DPP LUO zoning districts, downloaded 2026-02-22; per-cell aggregation AG12 P2"
"8846482533fffff","P-1","P-1","2026.02","City and County of Honolulu Zoning 2024 (res-8 polyfill)","Honolulu DPP LUO zoning districts, downloaded 2026-02-22; per-cell aggregation AG12 P2"
"8846482535fffff","P-1","P-1","2026.02","City and County of Honolulu Zoning 2024 (res-8 polyfill)","Honolulu DPP LUO zoning districts, downloaded 2026-02-22; per-cell aggregation AG12 P2"
"8846482537fffff","P-1","P-1","2026.02","City and County of Honolulu Zoning 2024 (res-8 polyfill)","Honolulu DPP LUO zoning districts, downloaded 2026-02-22; per-cell aggregation AG12 P2"
"8846482539fffff","P-1","P-1","2026.02","City and County of Honolulu Zoning 2024 (res-8 polyfill)","Honolulu DPP LUO zoning districts, downloaded 2026-02-22; per-cell aggregation AG12 P2"
"884648253bfffff","P-1","P-1","2026.02","City and County of Honolulu Zoning 2024 (res-8 polyfill)","Honolulu DPP LUO zoning districts, downloaded 2026-02-22; per-cell aggregation AG12 P2"
"884648253dfffff","P-1","P-1","2026.02","City and County of Honolulu Zoning 2024 (res-8 polyfill)","Honolulu DPP LUO zoning districts, downloaded 2026-02-22; per-cell aggregation AG12 P2"
"8846482541fffff","P-1","P-1","2026.02","City and County of Honolulu Zoning 2024 (res-8 polyfill)","Honolulu DPP LUO zoning districts, downloaded 2026-02-22; per-cell aggregation AG12 P2"
"8846482543fffff","P-1","P-1","2026.02","City and County of Honolulu Zoning 2024 (res-8 polyfill)","Honolulu DPP LUO zoning districts, downloaded 2026-02-22; per-cell aggregation AG12 P2"
"8846482545fffff","P-1","P-1","2026.02","City and County of Honolulu Zoning 2024 (res-8 polyfill)","Honolulu DPP LUO zoning districts, downloaded 2026-02-22; per-cell aggregation AG12 P2"
"8846482547fffff","P-1","P-1","2026.02","City and County of Honolulu Zoning 2024 (res-8 polyfill)","Honolulu DPP LUO zoning districts, downloaded 2026-02-22; per-cell aggregation AG12 P2"
"8846482549fffff","P-1","P-1","2026.02","City and County of Honolulu Zoning 2024 (res-8 polyfill)","Honolulu DPP LUO zoning districts, downloaded 2026-02-22; per-cell aggregation AG12 P2"
"884648254bfffff","AG-2","AG-2","2026.02","City and County of Honolulu Zoning 2024 (res-8 polyfill)","Honolulu DPP LUO zoning districts, downloaded 2026-02-22; per-cell aggregation AG12 P2"
"884648254dfffff","AG-2","AG-2","2026.02","City and County of Honolulu Zoning 2024 (res-8 polyfill)","Honolulu DPP LUO zoning districts, downloaded 2026-02-22; per-cell aggregation AG12 P2"
"8846482551fffff","C|P-1|P-2|R-5","P-1","2026.02","City and County of Honolulu Zoning 2024 (res-8 polyfill)","Honolulu DPP LUO zoning districts, downloaded 2026-02-22; per-cell aggregation AG12 P2"
"8846482553fffff","P-1","P-1","2026.02","City and County of Honolulu Zoning 2024 (res-8 polyfill)","Honolulu DPP LUO zoning districts, downloaded 2026-02-22; per-cell aggregation AG12 P2"
"8846482555fffff","P-1","P-1","2026.02","City and County of Honolulu Zoning 2024 (res-8 polyfill)","Honolulu DPP LUO zoning districts, downloaded 2026-02-22; per-cell aggregation AG12 P2"
"8846482557fffff","P-1","P-1","2026.02","City and County of Honolulu Zoning 2024 (res-8 polyfill)","Honolulu DPP LUO zoning districts, downloaded 2026-02-22; per-cell aggregation AG12 P2"
"8846482559fffff","C|R-5","R-5","2026.02","City and County of Honolulu Zoning 2024 (res-8 polyfill)","Honolulu DPP LUO zoning districts, downloaded 2026-02-22; per-cell aggregation AG12 P2"
"884648255bfffff","B-1|P-2","P-2","2026.02","City and County of Honolulu Zoning 2024 (res-8 polyfill)","Honolulu DPP LUO zoning districts, downloaded 2026-02-22; per-cell aggregation AG12 P2"
"8846482561fffff","P-1","P-1","2026.02","City and County of Honolulu Zoning 2024 (res-8 polyfill)","Honolulu DPP LUO zoning districts, downloaded 2026-02-22; per-cell aggregation AG12 P2"
"8846482563fffff","P-1","P-1","2026.02","City and County of Honolulu Zoning 2024 (res-8 polyfill)","Honolulu DPP LUO zoning districts, downloaded 2026-02-22; per-cell aggregation AG12 P2"
"8846482565fffff","P-1","P-1","2026.02","City and County of Honolulu Zoning 2024 (res-8 polyfill)","Honolulu DPP LUO zoning districts, downloaded 2026-02-22; per-cell aggregation AG12 P2"
"8846482567fffff","P-1","P-1","2026.02","City and County of Honolulu Zoning 2024 (res-8 polyfill)","Honolulu DPP LUO zoning districts, downloaded 2026-02-22; per-cell aggregation AG12 P2"
"8846482569fffff","P-1","P-1","2026.02","City and County of Honolulu Zoning 2024 (res-8 polyfill)","Honolulu DPP LUO zoning districts, downloaded 2026-02-22; per-cell aggregation AG12 P2"
"884648256bfffff","P-1","P-1","2026.02","City and County of Honolulu Zoning 2024 (res-8 polyfill)","Honolulu DPP LUO zoning districts, downloaded 2026-02-22; per-cell aggregation AG12 P2"
"884648256dfffff","P-1","P-1","2026.02","City and County of Honolulu Zoning 2024 (res-8 polyfill)","Honolulu DPP LUO zoning districts, downloaded 2026-02-22; per-cell aggregation AG12 P2"
"8846482589fffff","P-1","P-1","2026.02","City and County of Honolulu Zoning 2024 (res-8 polyfill)","Honolulu DPP LUO zoning districts, downloaded 2026-02-22; per-cell aggregation AG12 P2"
"88464825a1fffff","C|P-2","C","2026.02","City and County of Honolulu Zoning 2024 (res-8 polyfill)","Honolulu DPP LUO zoning districts, downloaded 2026-02-22; per-cell aggregation AG12 P2"
"88464825a5fffff","AG-2","AG-2","2026.02","City and County of Honolulu Zoning 2024 (res-8 polyfill)","Honolulu DPP LUO zoning districts, downloaded 2026-02-22; per-cell aggregation AG12 P2"
"88464825a7fffff","C|P-1","P-1","2026.02","City and County of Honolulu Zoning 2024 (res-8 polyfill)","Honolulu DPP LUO zoning districts, downloaded 2026-02-22; per-cell aggregation AG12 P2"
"88464825adfffff","AG-2","AG-2","2026.02","City and County of Honolulu Zoning 2024 (res-8 polyfill)","Honolulu DPP LUO zoning districts, downloaded 2026-02-22; per-cell aggregation AG12 P2"
"88464825c5fffff","AG-2","AG-2","2026.02","City and County of Honolulu Zoning 2024 (res-8 polyfill)","Honolulu DPP LUO zoning districts, downloaded 2026-02-22; per-cell aggregation AG12 P2"
"88464825c7fffff","R-5","R-5","2026.02","City and County of Honolulu Zoning 2024 (res-8 polyfill)","Honolulu DPP LUO zoning districts, downloaded 2026-02-22; per-cell aggregation AG12 P2"
"88464825cdfffff","P-1|R-5","P-1","2026.02","City and County of Honolulu Zoning 2024 (res-8 polyfill)","Honolulu DPP LUO zoning districts, downloaded 2026-02-22; per-cell aggregation AG12 P2"
"88464825e1fffff","C|P-1","P-1","2026.02","City and County of Honolulu Zoning 2024 (res-8 polyfill)","Honolulu DPP LUO zoning districts, downloaded 2026-02-22; per-cell aggregation AG12 P2"
"88464825e5fffff","AG-2|C","AG-2","2026.02","City and County of Honolulu Zoning 2024 (res-8 polyfill)","Honolulu DPP LUO zoning districts, downloaded 2026-02-22; per-cell aggregation AG12 P2"
"88464825e7fffff","C|R-5","C","2026.02","City and County of Honolulu Zoning 2024 (res-8 polyfill)","Honolulu DPP LUO zoning districts, downloaded 2026-02-22; per-cell aggregation AG12 P2"
"88464825e9fffff","P-1","P-1","2026.02","City and County of Honolulu Zoning 2024 (res-8 polyfill)","Honolulu DPP LUO zoning districts, downloaded 2026-02-22; per-cell aggregation AG12 P2"
"88464825ebfffff","P-1|P-2","P-2","2026.02","City and County of Honolulu Zoning 2024 (res-8 polyfill)","Honolulu DPP LUO zoning districts, downloaded 2026-02-22; per-cell aggregation AG12 P2"
"88464825edfffff","AG-2","AG-2","2026.02","City and County of Honolulu Zoning 2024 (res-8 polyfill)","Honolulu DPP LUO zoning districts, downloaded 2026-02-22; per-cell aggregation AG12 P2"
"8846482721fffff","AG-2","AG-2","2026.02","City and County of Honolulu Zoning 2024 (res-8 polyfill)","Honolulu DPP LUO zoning districts, downloaded 2026-02-22; per-cell aggregation AG12 P2"
"8846482723fffff","P-2","P-2","2026.02","City and County of Honolulu Zoning 2024 (res-8 polyfill)","Honolulu DPP LUO zoning districts, downloaded 2026-02-22; per-cell aggregation AG12 P2"
"8846482725fffff","P-1","P-1","2026.02","City and County of Honolulu Zoning 2024 (res-8 polyfill)","Honolulu DPP LUO zoning districts, downloaded 2026-02-22; per-cell aggregation AG12 P2"
"8846482727fffff","AG-2","AG-2","2026.02","City and County of Honolulu Zoning 2024 (res-8 polyfill)","Honolulu DPP LUO zoning districts, downloaded 2026-02-22; per-cell aggregation AG12 P2"
"8846482729fffff","A-2|B-1","A-2","2026.02","City and County of Honolulu Zoning 2024 (res-8 polyfill)","Honolulu DPP LUO zoning districts, downloaded 2026-02-22; per-cell aggregation AG12 P2"
"884648272dfffff","P-2","P-2","2026.02","City and County of Honolulu Zoning 2024 (res-8 polyfill)","Honolulu DPP LUO zoning districts, downloaded 2026-02-22; per-cell aggregation AG12 P2"
"8846482735fffff","C|P-1|R-5","C","2026.02","City and County of Honolulu Zoning 2024 (res-8 polyfill)","Honolulu DPP LUO zoning districts, downloaded 2026-02-22; per-cell aggregation AG12 P2"
"8846482765fffff","AG-2|C|R-5","R-5","2026.02","City and County of Honolulu Zoning 2024 (res-8 polyfill)","Honolulu DPP LUO zoning districts, downloaded 2026-02-22; per-cell aggregation AG12 P2"
"8846482767fffff","AG-2","AG-2","2026.02","City and County of Honolulu Zoning 2024 (res-8 polyfill)","Honolulu DPP LUO zoning districts, downloaded 2026-02-22; per-cell aggregation AG12 P2"
"8846482801fffff","F-1","F-1","2026.02","City and County of Honolulu Zoning 2024 (res-8 polyfill)","Honolulu DPP LUO zoning districts, downloaded 2026-02-22; per-cell aggregation AG12 P2"
"8846482803fffff","F-1","F-1","2026.02","City and County of Honolulu Zoning 2024 (res-8 polyfill)","Honolulu DPP LUO zoning districts, downloaded 2026-02-22; per-cell aggregation AG12 P2"
"8846482805fffff","P-1","P-1","2026.02","City and County of Honolulu Zoning 2024 (res-8 polyfill)","Honolulu DPP LUO zoning districts, downloaded 2026-02-22; per-cell aggregation AG12 P2"
"8846482807fffff","P-1","P-1","2026.02","City and County of Honolulu Zoning 2024 (res-8 polyfill)","Honolulu DPP LUO zoning districts, downloaded 2026-02-22; per-cell aggregation AG12 P2"
"8846482809fffff","F-1","F-1","2026.02","City and County of Honolulu Zoning 2024 (res-8 polyfill)","Honolulu DPP LUO zoning districts, downloaded 2026-02-22; per-cell aggregation AG12 P2"
"884648280bfffff","F-1","F-1","2026.02","City and County of Honolulu Zoning 2024 (res-8 polyfill)","Honolulu DPP LUO zoning districts, downloaded 2026-02-22; per-cell aggregation AG12 P2"
"884648280dfffff","P-1","P-1","2026.02","City and County of Honolulu Zoning 2024 (res-8 polyfill)","Honolulu DPP LUO zoning districts, downloaded 2026-02-22; per-cell aggregation AG12 P2"
"8846482811fffff","F-1","F-1","2026.02","City and County of Honolulu Zoning 2024 (res-8 polyfill)","Honolulu DPP LUO zoning districts, downloaded 2026-02-22; per-cell aggregation AG12 P2"
"8846482813fffff","F-1","F-1","2026.02","City and County of Honolulu Zoning 2024 (res-8 polyfill)","Honolulu DPP LUO zoning districts, downloaded 2026-02-22; per-cell aggregation AG12 P2"
"8846482815fffff","F-1","F-1","2026.02","City and County of Honolulu Zoning 2024 (res-8 polyfill)","Honolulu DPP LUO zoning districts, downloaded 2026-02-22; per-cell aggregation AG12 P2"
"8846482817fffff","F-1","F-1","2026.02","City and County of Honolulu Zoning 2024 (res-8 polyfill)","Honolulu DPP LUO zoning districts, downloaded 2026-02-22; per-cell aggregation AG12 P2"
"8846482819fffff","F-1","F-1","2026.02","City and County of Honolulu Zoning 2024 (res-8 polyfill)","Honolulu DPP LUO zoning districts, downloaded 2026-02-22; per-cell aggregation AG12 P2"
"884648281bfffff","F-1","F-1","2026.02","City and County of Honolulu Zoning 2024 (res-8 polyfill)","Honolulu DPP LUO zoning districts, downloaded 2026-02-22; per-cell aggregation AG12 P2"
"884648281dfffff","F-1","F-1","2026.02","City and County of Honolulu Zoning 2024 (res-8 polyfill)","Honolulu DPP LUO zoning districts, downloaded 2026-02-22; per-cell aggregation AG12 P2"
"8846482821fffff","P-1","P-1","2026.02","City and County of Honolulu Zoning 2024 (res-8 polyfill)","Honolulu DPP LUO zoning districts, downloaded 2026-02-22; per-cell aggregation AG12 P2"
"8846482823fffff","P-1","P-1","2026.02","City and County of Honolulu Zoning 2024 (res-8 polyfill)","Honolulu DPP LUO zoning districts, downloaded 2026-02-22; per-cell aggregation AG12 P2"
"8846482825fffff","P-1","P-1","2026.02","City and County of Honolulu Zoning 2024 (res-8 polyfill)","Honolulu DPP LUO zoning districts, downloaded 2026-02-22; per-cell aggregation AG12 P2"
"8846482827fffff","P-1","P-1","2026.02","City and County of Honolulu Zoning 2024 (res-8 polyfill)","Honolulu DPP LUO zoning districts, downloaded 2026-02-22; per-cell aggregation AG12 P2"
"8846482829fffff","P-1","P-1","2026.02","City and County of Honolulu Zoning 2024 (res-8 polyfill)","Honolulu DPP LUO zoning districts, downloaded 2026-02-22; per-cell aggregation AG12 P2"
"884648282bfffff","P-1","P-1","2026.02","City and County of Honolulu Zoning 2024 (res-8 polyfill)","Honolulu DPP LUO zoning districts, downloaded 2026-02-22; per-cell aggregation AG12 P2"
"884648282dfffff","P-1","P-1","2026.02","City and County of Honolulu Zoning 2024 (res-8 polyfill)","Honolulu DPP LUO zoning districts, downloaded 2026-02-22; per-cell aggregation AG12 P2"
"8846482831fffff","P-1","P-1","2026.02","City and County of Honolulu Zoning 2024 (res-8 polyfill)","Honolulu DPP LUO zoning districts, downloaded 2026-02-22; per-cell aggregation AG12 P2"
"8846482833fffff","P-1","P-1","2026.02","City and County of Honolulu Zoning 2024 (res-8 polyfill)","Honolulu DPP LUO zoning districts, downloaded 2026-02-22; per-cell aggregation AG12 P2"
"8846482835fffff","P-1","P-1","2026.02","City and County of Honolulu Zoning 2024 (res-8 polyfill)","Honolulu DPP LUO zoning districts, downloaded 2026-02-22; per-cell aggregation AG12 P2"
"8846482837fffff","F-1","F-1","2026.02","City and County of Honolulu Zoning 2024 (res-8 polyfill)","Honolulu DPP LUO zoning districts, downloaded 2026-02-22; per-cell aggregation AG12 P2"
"8846482839fffff","P-1","P-1","2026.02","City and County of Honolulu Zoning 2024 (res-8 polyfill)","Honolulu DPP LUO zoning districts, downloaded 2026-02-22; per-cell aggregation AG12 P2"
"884648283bfffff","P-1","P-1","2026.02","City and County of Honolulu Zoning 2024 (res-8 polyfill)","Honolulu DPP LUO zoning districts, downloaded 2026-02-22; per-cell aggregation AG12 P2"
"884648283dfffff","P-1","P-1","2026.02","City and County of Honolulu Zoning 2024 (res-8 polyfill)","Honolulu DPP LUO zoning districts, downloaded 2026-02-22; per-cell aggregation AG12 P2"
"8846482841fffff","P-1","P-1","2026.02","City and County of Honolulu Zoning 2024 (res-8 polyfill)","Honolulu DPP LUO zoning districts, downloaded 2026-02-22; per-cell aggregation AG12 P2"
"8846482843fffff","P-1","P-1","2026.02","City and County of Honolulu Zoning 2024 (res-8 polyfill)","Honolulu DPP LUO zoning districts, downloaded 2026-02-22; per-cell aggregation AG12 P2"
"8846482845fffff","P-1","P-1","2026.02","City and County of Honolulu Zoning 2024 (res-8 polyfill)","Honolulu DPP LUO zoning districts, downloaded 2026-02-22; per-cell aggregation AG12 P2"
"8846482847fffff","P-1","P-1","2026.02","City and County of Honolulu Zoning 2024 (res-8 polyfill)","Honolulu DPP LUO zoning districts, downloaded 2026-02-22; per-cell aggregation AG12 P2"
"8846482849fffff","P-1","P-1","2026.02","City and County of Honolulu Zoning 2024 (res-8 polyfill)","Honolulu DPP LUO zoning districts, downloaded 2026-02-22; per-cell aggregation AG12 P2"
"884648284bfffff","AG-2","AG-2","2026.02","City and County of Honolulu Zoning 2024 (res-8 polyfill)","Honolulu DPP LUO zoning districts, downloaded 2026-02-22; per-cell aggregation AG12 P2"
"884648284dfffff","P-1","P-1","2026.02","City and County of Honolulu Zoning 2024 (res-8 polyfill)","Honolulu DPP LUO zoning districts, downloaded 2026-02-22; per-cell aggregation AG12 P2"
"8846482851fffff","F-1","F-1","2026.02","City and County of Honolulu Zoning 2024 (res-8 polyfill)","Honolulu DPP LUO zoning districts, downloaded 2026-02-22; per-cell aggregation AG12 P2"
"8846482853fffff","F-1","F-1","2026.02","City and County of Honolulu Zoning 2024 (res-8 polyfill)","Honolulu DPP LUO zoning districts, downloaded 2026-02-22; per-cell aggregation AG12 P2"
"8846482855fffff","F-1","F-1","2026.02","City and County of Honolulu Zoning 2024 (res-8 polyfill)","Honolulu DPP LUO zoning districts, downloaded 2026-02-22; per-cell aggregation AG12 P2"
"8846482857fffff","F-1","F-1","2026.02","City and County of Honolulu Zoning 2024 (res-8 polyfill)","Honolulu DPP LUO zoning districts, downloaded 2026-02-22; per-cell aggregation AG12 P2"
"8846482859fffff","AG-2","AG-2","2026.02","City and County of Honolulu Zoning 2024 (res-8 polyfill)","Honolulu DPP LUO zoning districts, downloaded 2026-02-22; per-cell aggregation AG12 P2"
"884648285bfffff","F-1","F-1","2026.02","City and County of Honolulu Zoning 2024 (res-8 polyfill)","Honolulu DPP LUO zoning districts, downloaded 2026-02-22; per-cell aggregation AG12 P2"
"884648285dfffff","F-1","F-1","2026.02","City and County of Honolulu Zoning 2024 (res-8 polyfill)","Honolulu DPP LUO zoning districts, downloaded 2026-02-22; per-cell aggregation AG12 P2"
"8846482861fffff","P-1","P-1","2026.02","City and County of Honolulu Zoning 2024 (res-8 polyfill)","Honolulu DPP LUO zoning districts, downloaded 2026-02-22; per-cell aggregation AG12 P2"
"8846482863fffff","P-1","P-1","2026.02","City and County of Honolulu Zoning 2024 (res-8 polyfill)","Honolulu DPP LUO zoning districts, downloaded 2026-02-22; per-cell aggregation AG12 P2"
"8846482865fffff","P-1","P-1","2026.02","City and County of Honolulu Zoning 2024 (res-8 polyfill)","Honolulu DPP LUO zoning districts, downloaded 2026-02-22; per-cell aggregation AG12 P2"
"8846482867fffff","P-1","P-1","2026.02","City and County of Honolulu Zoning 2024 (res-8 polyfill)","Honolulu DPP LUO zoning districts, downloaded 2026-02-22; per-cell aggregation AG12 P2"
"8846482869fffff","P-1","P-1","2026.02","City and County of Honolulu Zoning 2024 (res-8 polyfill)","Honolulu DPP LUO zoning districts, downloaded 2026-02-22; per-cell aggregation AG12 P2"
"884648286bfffff","P-1","P-1","2026.02","City and County of Honolulu Zoning 2024 (res-8 polyfill)","Honolulu DPP LUO zoning districts, downloaded 2026-02-22; per-cell aggregation AG12 P2"
"884648286dfffff","P-1","P-1","2026.02","City and County of Honolulu Zoning 2024 (res-8 polyfill)","Honolulu DPP LUO zoning districts, downloaded 2026-02-22; per-cell aggregation AG12 P2"
"8846482881fffff","AG-1","AG-1","2026.02","City and County of Honolulu Zoning 2024 (res-8 polyfill)","Honolulu DPP LUO zoning districts, downloaded 2026-02-22; per-cell aggregation AG12 P2"
"8846482883fffff","AG-1","AG-1","2026.02","City and County of Honolulu Zoning 2024 (res-8 polyfill)","Honolulu DPP LUO zoning districts, downloaded 2026-02-22; per-cell aggregation AG12 P2"
"8846482885fffff","AG-1","AG-1","2026.02","City and County of Honolulu Zoning 2024 (res-8 polyfill)","Honolulu DPP LUO zoning districts, downloaded 2026-02-22; per-cell aggregation AG12 P2"
"8846482887fffff","AG-1","AG-1","2026.02","City and County of Honolulu Zoning 2024 (res-8 polyfill)","Honolulu DPP LUO zoning districts, downloaded 2026-02-22; per-cell aggregation AG12 P2"
"8846482889fffff","AG-1","AG-1","2026.02","City and County of Honolulu Zoning 2024 (res-8 polyfill)","Honolulu DPP LUO zoning districts, downloaded 2026-02-22; per-cell aggregation AG12 P2"
"884648288bfffff","AG-1","AG-1","2026.02","City and County of Honolulu Zoning 2024 (res-8 polyfill)","Honolulu DPP LUO zoning districts, downloaded 2026-02-22; per-cell aggregation AG12 P2"
"884648288dfffff","AG-1","AG-1","2026.02","City and County of Honolulu Zoning 2024 (res-8 polyfill)","Honolulu DPP LUO zoning districts, downloaded 2026-02-22; per-cell aggregation AG12 P2"
"8846482891fffff","AG-1","AG-1","2026.02","City and County of Honolulu Zoning 2024 (res-8 polyfill)","Honolulu DPP LUO zoning districts, downloaded 2026-02-22; per-cell aggregation AG12 P2"
"8846482893fffff","AG-1","AG-1","2026.02","City and County of Honolulu Zoning 2024 (res-8 polyfill)","Honolulu DPP LUO zoning districts, downloaded 2026-02-22; per-cell aggregation AG12 P2"
"8846482895fffff","AG-1","AG-1","2026.02","City and County of Honolulu Zoning 2024 (res-8 polyfill)","Honolulu DPP LUO zoning districts, downloaded 2026-02-22; per-cell aggregation AG12 P2"
"8846482897fffff","AG-1","AG-1","2026.02","City and County of Honolulu Zoning 2024 (res-8 polyfill)","Honolulu DPP LUO zoning districts, downloaded 2026-02-22; per-cell aggregation AG12 P2"
"8846482899fffff","AG-1","AG-1","2026.02","City and County of Honolulu Zoning 2024 (res-8 polyfill)","Honolulu DPP LUO zoning districts, downloaded 2026-02-22; per-cell aggregation AG12 P2"
"884648289bfffff","F-1","F-1","2026.02","City and County of Honolulu Zoning 2024 (res-8 polyfill)","Honolulu DPP LUO zoning districts, downloaded 2026-02-22; per-cell aggregation AG12 P2"
"884648289dfffff","AG-1","AG-1","2026.02","City and County of Honolulu Zoning 2024 (res-8 polyfill)","Honolulu DPP LUO zoning districts, downloaded 2026-02-22; per-cell aggregation AG12 P2"
"88464828a1fffff","P-1","P-1","2026.02","City and County of Honolulu Zoning 2024 (res-8 polyfill)","Honolulu DPP LUO zoning districts, downloaded 2026-02-22; per-cell aggregation AG12 P2"
"88464828a3fffff","AG-1","AG-1","2026.02","City and County of Honolulu Zoning 2024 (res-8 polyfill)","Honolulu DPP LUO zoning districts, downloaded 2026-02-22; per-cell aggregation AG12 P2"
"88464828a5fffff","P-1","P-1","2026.02","City and County of Honolulu Zoning 2024 (res-8 polyfill)","Honolulu DPP LUO zoning districts, downloaded 2026-02-22; per-cell aggregation AG12 P2"
"88464828a7fffff","P-1","P-1","2026.02","City and County of Honolulu Zoning 2024 (res-8 polyfill)","Honolulu DPP LUO zoning districts, downloaded 2026-02-22; per-cell aggregation AG12 P2"
"88464828a9fffff","P-1","P-1","2026.02","City and County of Honolulu Zoning 2024 (res-8 polyfill)","Honolulu DPP LUO zoning districts, downloaded 2026-02-22; per-cell aggregation AG12 P2"
"88464828abfffff","AG-1","AG-1","2026.02","City and County of Honolulu Zoning 2024 (res-8 polyfill)","Honolulu DPP LUO zoning districts, downloaded 2026-02-22; per-cell aggregation AG12 P2"
"88464828adfffff","P-1","P-1","2026.02","City and County of Honolulu Zoning 2024 (res-8 polyfill)","Honolulu DPP LUO zoning districts, downloaded 2026-02-22; per-cell aggregation AG12 P2"
"88464828b1fffff","P-2","P-2","2026.02","City and County of Honolulu Zoning 2024 (res-8 polyfill)","Honolulu DPP LUO zoning districts, downloaded 2026-02-22; per-cell aggregation AG12 P2"
"88464828b3fffff","P-2","P-2","2026.02","City and County of Honolulu Zoning 2024 (res-8 polyfill)","Honolulu DPP LUO zoning districts, downloaded 2026-02-22; per-cell aggregation AG12 P2"
"88464828b5fffff","AG-1","AG-1","2026.02","City and County of Honolulu Zoning 2024 (res-8 polyfill)","Honolulu DPP LUO zoning districts, downloaded 2026-02-22; per-cell aggregation AG12 P2"
"88464828b7fffff","AG-1","AG-1","2026.02","City and County of Honolulu Zoning 2024 (res-8 polyfill)","Honolulu DPP LUO zoning districts, downloaded 2026-02-22; per-cell aggregation AG12 P2"
"88464828b9fffff","AG-1","AG-1","2026.02","City and County of Honolulu Zoning 2024 (res-8 polyfill)","Honolulu DPP LUO zoning districts, downloaded 2026-02-22; per-cell aggregation AG12 P2"
"88464828bbfffff","AG-1","AG-1","2026.02","City and County of Honolulu Zoning 2024 (res-8 polyfill)","Honolulu DPP LUO zoning districts, downloaded 2026-02-22; per-cell aggregation AG12 P2"
"88464828bdfffff","AG-1","AG-1","2026.02","City and County of Honolulu Zoning 2024 (res-8 polyfill)","Honolulu DPP LUO zoning districts, downloaded 2026-02-22; per-cell aggregation AG12 P2"
"88464828c1fffff","AG-1","AG-1","2026.02","City and County of Honolulu Zoning 2024 (res-8 polyfill)","Honolulu DPP LUO zoning districts, downloaded 2026-02-22; per-cell aggregation AG12 P2"
"88464828c3fffff","AG-1","AG-1","2026.02","City and County of Honolulu Zoning 2024 (res-8 polyfill)","Honolulu DPP LUO zoning districts, downloaded 2026-02-22; per-cell aggregation AG12 P2"
"88464828c5fffff","AG-1","AG-1","2026.02","City and County of Honolulu Zoning 2024 (res-8 polyfill)","Honolulu DPP LUO zoning districts, downloaded 2026-02-22; per-cell aggregation AG12 P2"
"88464828c7fffff","AG-1","AG-1","2026.02","City and County of Honolulu Zoning 2024 (res-8 polyfill)","Honolulu DPP LUO zoning districts, downloaded 2026-02-22; per-cell aggregation AG12 P2"
"88464828c9fffff","F-1","F-1","2026.02","City and County of Honolulu Zoning 2024 (res-8 polyfill)","Honolulu DPP LUO zoning districts, downloaded 2026-02-22; per-cell aggregation AG12 P2"
"88464828cbfffff","F-1","F-1","2026.02","City and County of Honolulu Zoning 2024 (res-8 polyfill)","Honolulu DPP LUO zoning districts, downloaded 2026-02-22; per-cell aggregation AG12 P2"
"88464828cdfffff","AG-1","AG-1","2026.02","City and County of Honolulu Zoning 2024 (res-8 polyfill)","Honolulu DPP LUO zoning districts, downloaded 2026-02-22; per-cell aggregation AG12 P2"
"88464828d1fffff","F-1","F-1","2026.02","City and County of Honolulu Zoning 2024 (res-8 polyfill)","Honolulu DPP LUO zoning districts, downloaded 2026-02-22; per-cell aggregation AG12 P2"
"88464828d3fffff","F-1","F-1","2026.02","City and County of Honolulu Zoning 2024 (res-8 polyfill)","Honolulu DPP LUO zoning districts, downloaded 2026-02-22; per-cell aggregation AG12 P2"
"88464828d5fffff","AG-1","AG-1","2026.02","City and County of Honolulu Zoning 2024 (res-8 polyfill)","Honolulu DPP LUO zoning districts, downloaded 2026-02-22; per-cell aggregation AG12 P2"
"88464828d7fffff","AG-1","AG-1","2026.02","City and County of Honolulu Zoning 2024 (res-8 polyfill)","Honolulu DPP LUO zoning districts, downloaded 2026-02-22; per-cell aggregation AG12 P2"
"88464828d9fffff","F-1","F-1","2026.02","City and County of Honolulu Zoning 2024 (res-8 polyfill)","Honolulu DPP LUO zoning districts, downloaded 2026-02-22; per-cell aggregation AG12 P2"
"88464828dbfffff","F-1","F-1","2026.02","City and County of Honolulu Zoning 2024 (res-8 polyfill)","Honolulu DPP LUO zoning districts, downloaded 2026-02-22; per-cell aggregation AG12 P2"
"88464828ddfffff","F-1","F-1","2026.02","City and County of Honolulu Zoning 2024 (res-8 polyfill)","Honolulu DPP LUO zoning districts, downloaded 2026-02-22; per-cell aggregation AG12 P2"
"88464828e1fffff","P-1","P-1","2026.02","City and County of Honolulu Zoning 2024 (res-8 polyfill)","Honolulu DPP LUO zoning districts, downloaded 2026-02-22; per-cell aggregation AG12 P2"
"88464828e3fffff","P-1","P-1","2026.02","City and County of Honolulu Zoning 2024 (res-8 polyfill)","Honolulu DPP LUO zoning districts, downloaded 2026-02-22; per-cell aggregation AG12 P2"
"88464828e5fffff","P-1","P-1","2026.02","City and County of Honolulu Zoning 2024 (res-8 polyfill)","Honolulu DPP LUO zoning districts, downloaded 2026-02-22; per-cell aggregation AG12 P2"
"88464828e7fffff","P-1","P-1","2026.02","City and County of Honolulu Zoning 2024 (res-8 polyfill)","Honolulu DPP LUO zoning districts, downloaded 2026-02-22; per-cell aggregation AG12 P2"
"88464828e9fffff","AG-1","AG-1","2026.02","City and County of Honolulu Zoning 2024 (res-8 polyfill)","Honolulu DPP LUO zoning districts, downloaded 2026-02-22; per-cell aggregation AG12 P2"
"88464828ebfffff","P-1","P-1","2026.02","City and County of Honolulu Zoning 2024 (res-8 polyfill)","Honolulu DPP LUO zoning districts, downloaded 2026-02-22; per-cell aggregation AG12 P2"
"88464828edfffff","P-1","P-1","2026.02","City and County of Honolulu Zoning 2024 (res-8 polyfill)","Honolulu DPP LUO zoning districts, downloaded 2026-02-22; per-cell aggregation AG12 P2"
"8846482901fffff","AG-2","AG-2","2026.02","City and County of Honolulu Zoning 2024 (res-8 polyfill)","Honolulu DPP LUO zoning districts, downloaded 2026-02-22; per-cell aggregation AG12 P2"
"8846482903fffff","AG-2","AG-2","2026.02","City and County of Honolulu Zoning 2024 (res-8 polyfill)","Honolulu DPP LUO zoning districts, downloaded 2026-02-22; per-cell aggregation AG12 P2"
"8846482905fffff","P-1","P-1","2026.02","City and County of Honolulu Zoning 2024 (res-8 polyfill)","Honolulu DPP LUO zoning districts, downloaded 2026-02-22; per-cell aggregation AG12 P2"
"8846482907fffff","AG-2","AG-2","2026.02","City and County of Honolulu Zoning 2024 (res-8 polyfill)","Honolulu DPP LUO zoning districts, downloaded 2026-02-22; per-cell aggregation AG12 P2"
"8846482909fffff","P-1","P-1","2026.02","City and County of Honolulu Zoning 2024 (res-8 polyfill)","Honolulu DPP LUO zoning districts, downloaded 2026-02-22; per-cell aggregation AG12 P2"
"884648290bfffff","AG-2","AG-2","2026.02","City and County of Honolulu Zoning 2024 (res-8 polyfill)","Honolulu DPP LUO zoning districts, downloaded 2026-02-22; per-cell aggregation AG12 P2"
"884648290dfffff","P-1","P-1","2026.02","City and County of Honolulu Zoning 2024 (res-8 polyfill)","Honolulu DPP LUO zoning districts, downloaded 2026-02-22; per-cell aggregation AG12 P2"
"8846482911fffff","AG-2","AG-2","2026.02","City and County of Honolulu Zoning 2024 (res-8 polyfill)","Honolulu DPP LUO zoning districts, downloaded 2026-02-22; per-cell aggregation AG12 P2"
"8846482913fffff","C|F-1","F-1","2026.02","City and County of Honolulu Zoning 2024 (res-8 polyfill)","Honolulu DPP LUO zoning districts, downloaded 2026-02-22; per-cell aggregation AG12 P2"
"8846482915fffff","AG-2","AG-2","2026.02","City and County of Honolulu Zoning 2024 (res-8 polyfill)","Honolulu DPP LUO zoning districts, downloaded 2026-02-22; per-cell aggregation AG12 P2"
"8846482917fffff","AG-1|C","AG-1","2026.02","City and County of Honolulu Zoning 2024 (res-8 polyfill)","Honolulu DPP LUO zoning districts, downloaded 2026-02-22; per-cell aggregation AG12 P2"
"8846482919fffff","AG-2","AG-2","2026.02","City and County of Honolulu Zoning 2024 (res-8 polyfill)","Honolulu DPP LUO zoning districts, downloaded 2026-02-22; per-cell aggregation AG12 P2"
"884648291bfffff","F-1","F-1","2026.02","City and County of Honolulu Zoning 2024 (res-8 polyfill)","Honolulu DPP LUO zoning districts, downloaded 2026-02-22; per-cell aggregation AG12 P2"
"884648291dfffff","AG-2","AG-2","2026.02","City and County of Honolulu Zoning 2024 (res-8 polyfill)","Honolulu DPP LUO zoning districts, downloaded 2026-02-22; per-cell aggregation AG12 P2"
"8846482921fffff","P-1|P-2|R-5","P-2","2026.02","City and County of Honolulu Zoning 2024 (res-8 polyfill)","Honolulu DPP LUO zoning districts, downloaded 2026-02-22; per-cell aggregation AG12 P2"
"8846482923fffff","A-2|B-2|F-1|P-2|R-5","B-2","2026.02","City and County of Honolulu Zoning 2024 (res-8 polyfill)","Honolulu DPP LUO zoning districts, downloaded 2026-02-22; per-cell aggregation AG12 P2"
"8846482929fffff","P-1","P-1","2026.02","City and County of Honolulu Zoning 2024 (res-8 polyfill)","Honolulu DPP LUO zoning districts, downloaded 2026-02-22; per-cell aggregation AG12 P2"
"884648292bfffff","AG-2","AG-2","2026.02","City and County of Honolulu Zoning 2024 (res-8 polyfill)","Honolulu DPP LUO zoning districts, downloaded 2026-02-22; per-cell aggregation AG12 P2"
"884648292dfffff","A-1|B-2|R-5","B-2","2026.02","City and County of Honolulu Zoning 2024 (res-8 polyfill)","Honolulu DPP LUO zoning districts, downloaded 2026-02-22; per-cell aggregation AG12 P2"
"8846482931fffff","AG-2","AG-2","2026.02","City and County of Honolulu Zoning 2024 (res-8 polyfill)","Honolulu DPP LUO zoning districts, downloaded 2026-02-22; per-cell aggregation AG12 P2"
"8846482933fffff","AG-2|C","C","2026.02","City and County of Honolulu Zoning 2024 (res-8 polyfill)","Honolulu DPP LUO zoning districts, downloaded 2026-02-22; per-cell aggregation AG12 P2"
"8846482935fffff","A-2|C|P-1|P-2","P-1","2026.02","City and County of Honolulu Zoning 2024 (res-8 polyfill)","Honolulu DPP LUO zoning districts, downloaded 2026-02-22; per-cell aggregation AG12 P2"
"8846482937fffff","AG-2|P-2|R-5","R-5","2026.02","City and County of Honolulu Zoning 2024 (res-8 polyfill)","Honolulu DPP LUO zoning districts, downloaded 2026-02-22; per-cell aggregation AG12 P2"
"8846482939fffff","AG-2|C","AG-2","2026.02","City and County of Honolulu Zoning 2024 (res-8 polyfill)","Honolulu DPP LUO zoning districts, downloaded 2026-02-22; per-cell aggregation AG12 P2"
"884648293bfffff","AG-1|AG-2|C","AG-1","2026.02","City and County of Honolulu Zoning 2024 (res-8 polyfill)","Honolulu DPP LUO zoning districts, downloaded 2026-02-22; per-cell aggregation AG12 P2"
"884648293dfffff","AG-2|C","AG-2","2026.02","City and County of Honolulu Zoning 2024 (res-8 polyfill)","Honolulu DPP LUO zoning districts, downloaded 2026-02-22; per-cell aggregation AG12 P2"
"8846482941fffff","P-2","P-2","2026.02","City and County of Honolulu Zoning 2024 (res-8 polyfill)","Honolulu DPP LUO zoning districts, downloaded 2026-02-22; per-cell aggregation AG12 P2"
"8846482943fffff","P-1","P-1","2026.02","City and County of Honolulu Zoning 2024 (res-8 polyfill)","Honolulu DPP LUO zoning districts, downloaded 2026-02-22; per-cell aggregation AG12 P2"
"8846482945fffff","AG-2","AG-2","2026.02","City and County of Honolulu Zoning 2024 (res-8 polyfill)","Honolulu DPP LUO zoning districts, downloaded 2026-02-22; per-cell aggregation AG12 P2"
"8846482947fffff","C","C","2026.02","City and County of Honolulu Zoning 2024 (res-8 polyfill)","Honolulu DPP LUO zoning districts, downloaded 2026-02-22; per-cell aggregation AG12 P2"
"8846482949fffff","P-1","P-1","2026.02","City and County of Honolulu Zoning 2024 (res-8 polyfill)","Honolulu DPP LUO zoning districts, downloaded 2026-02-22; per-cell aggregation AG12 P2"
"884648294bfffff","P-1","P-1","2026.02","City and County of Honolulu Zoning 2024 (res-8 polyfill)","Honolulu DPP LUO zoning districts, downloaded 2026-02-22; per-cell aggregation AG12 P2"
"884648294dfffff","P-1","P-1","2026.02","City and County of Honolulu Zoning 2024 (res-8 polyfill)","Honolulu DPP LUO zoning districts, downloaded 2026-02-22; per-cell aggregation AG12 P2"
"8846482951fffff","P-1","P-1","2026.02","City and County of Honolulu Zoning 2024 (res-8 polyfill)","Honolulu DPP LUO zoning districts, downloaded 2026-02-22; per-cell aggregation AG12 P2"
"8846482953fffff","P-1","P-1","2026.02","City and County of Honolulu Zoning 2024 (res-8 polyfill)","Honolulu DPP LUO zoning districts, downloaded 2026-02-22; per-cell aggregation AG12 P2"
"8846482955fffff","P-1","P-1","2026.02","City and County of Honolulu Zoning 2024 (res-8 polyfill)","Honolulu DPP LUO zoning districts, downloaded 2026-02-22; per-cell aggregation AG12 P2"
"8846482957fffff","AG-2","AG-2","2026.02","City and County of Honolulu Zoning 2024 (res-8 polyfill)","Honolulu DPP LUO zoning districts, downloaded 2026-02-22; per-cell aggregation AG12 P2"
"8846482959fffff","P-1","P-1","2026.02","City and County of Honolulu Zoning 2024 (res-8 polyfill)","Honolulu DPP LUO zoning districts, downloaded 2026-02-22; per-cell aggregation AG12 P2"
"884648295bfffff","P-1","P-1","2026.02","City and County of Honolulu Zoning 2024 (res-8 polyfill)","Honolulu DPP LUO zoning districts, downloaded 2026-02-22; per-cell aggregation AG12 P2"
"884648295dfffff","P-1","P-1","2026.02","City and County of Honolulu Zoning 2024 (res-8 polyfill)","Honolulu DPP LUO zoning districts, downloaded 2026-02-22; per-cell aggregation AG12 P2"
"8846482961fffff","P-2|Resort","P-2","2026.02","City and County of Honolulu Zoning 2024 (res-8 polyfill)","Honolulu DPP LUO zoning districts, downloaded 2026-02-22; per-cell aggregation AG12 P2"
"8846482963fffff","P-2|R-20","P-2","2026.02","City and County of Honolulu Zoning 2024 (res-8 polyfill)","Honolulu DPP LUO zoning districts, downloaded 2026-02-22; per-cell aggregation AG12 P2"
"8846482965fffff","AG-1|P-2|R-5","R-5","2026.02","City and County of Honolulu Zoning 2024 (res-8 polyfill)","Honolulu DPP LUO zoning districts, downloaded 2026-02-22; per-cell aggregation AG12 P2"
"8846482967fffff","AG-2|C","C","2026.02","City and County of Honolulu Zoning 2024 (res-8 polyfill)","Honolulu DPP LUO zoning districts, downloaded 2026-02-22; per-cell aggregation AG12 P2"
"8846482969fffff","A-2|C|P-1|R-10","P-1","2026.02","City and County of Honolulu Zoning 2024 (res-8 polyfill)","Honolulu DPP LUO zoning districts, downloaded 2026-02-22; per-cell aggregation AG12 P2"
"884648296bfffff","P-2|Resort","P-2","2026.02","City and County of Honolulu Zoning 2024 (res-8 polyfill)","Honolulu DPP LUO zoning districts, downloaded 2026-02-22; per-cell aggregation AG12 P2"
"884648296dfffff","C|P-1|P-2|R-10","P-1","2026.02","City and County of Honolulu Zoning 2024 (res-8 polyfill)","Honolulu DPP LUO zoning districts, downloaded 2026-02-22; per-cell aggregation AG12 P2"
"8846482981fffff","F-1","F-1","2026.02","City and County of Honolulu Zoning 2024 (res-8 polyfill)","Honolulu DPP LUO zoning districts, downloaded 2026-02-22; per-cell aggregation AG12 P2"
"8846482983fffff","F-1","F-1","2026.02","City and County of Honolulu Zoning 2024 (res-8 polyfill)","Honolulu DPP LUO zoning districts, downloaded 2026-02-22; per-cell aggregation AG12 P2"
"8846482985fffff","F-1","F-1","2026.02","City and County of Honolulu Zoning 2024 (res-8 polyfill)","Honolulu DPP LUO zoning districts, downloaded 2026-02-22; per-cell aggregation AG12 P2"
"8846482987fffff","F-1","F-1","2026.02","City and County of Honolulu Zoning 2024 (res-8 polyfill)","Honolulu DPP LUO zoning districts, downloaded 2026-02-22; per-cell aggregation AG12 P2"
"8846482989fffff","F-1","F-1","2026.02","City and County of Honolulu Zoning 2024 (res-8 polyfill)","Honolulu DPP LUO zoning districts, downloaded 2026-02-22; per-cell aggregation AG12 P2"
"884648298bfffff","F-1","F-1","2026.02","City and County of Honolulu Zoning 2024 (res-8 polyfill)","Honolulu DPP LUO zoning districts, downloaded 2026-02-22; per-cell aggregation AG12 P2"
"884648298dfffff","F-1","F-1","2026.02","City and County of Honolulu Zoning 2024 (res-8 polyfill)","Honolulu DPP LUO zoning districts, downloaded 2026-02-22; per-cell aggregation AG12 P2"
"8846482991fffff","F-1","F-1","2026.02","City and County of Honolulu Zoning 2024 (res-8 polyfill)","Honolulu DPP LUO zoning districts, downloaded 2026-02-22; per-cell aggregation AG12 P2"
"8846482993fffff","P-1","P-1","2026.02","City and County of Honolulu Zoning 2024 (res-8 polyfill)","Honolulu DPP LUO zoning districts, downloaded 2026-02-22; per-cell aggregation AG12 P2"
"8846482995fffff","F-1","F-1","2026.02","City and County of Honolulu Zoning 2024 (res-8 polyfill)","Honolulu DPP LUO zoning districts, downloaded 2026-02-22; per-cell aggregation AG12 P2"
"8846482997fffff","P-1","P-1","2026.02","City and County of Honolulu Zoning 2024 (res-8 polyfill)","Honolulu DPP LUO zoning districts, downloaded 2026-02-22; per-cell aggregation AG12 P2"
"8846482999fffff","P-1","P-1","2026.02","City and County of Honolulu Zoning 2024 (res-8 polyfill)","Honolulu DPP LUO zoning districts, downloaded 2026-02-22; per-cell aggregation AG12 P2"
"884648299bfffff","P-1","P-1","2026.02","City and County of Honolulu Zoning 2024 (res-8 polyfill)","Honolulu DPP LUO zoning districts, downloaded 2026-02-22; per-cell aggregation AG12 P2"
"884648299dfffff","F-1","F-1","2026.02","City and County of Honolulu Zoning 2024 (res-8 polyfill)","Honolulu DPP LUO zoning districts, downloaded 2026-02-22; per-cell aggregation AG12 P2"
"88464829a1fffff","AG-2|F-1","F-1","2026.02","City and County of Honolulu Zoning 2024 (res-8 polyfill)","Honolulu DPP LUO zoning districts, downloaded 2026-02-22; per-cell aggregation AG12 P2"
"88464829a3fffff","P-2","P-2","2026.02","City and County of Honolulu Zoning 2024 (res-8 polyfill)","Honolulu DPP LUO zoning districts, downloaded 2026-02-22; per-cell aggregation AG12 P2"
"88464829a5fffff","AG-1|AG-2|C","AG-1","2026.02","City and County of Honolulu Zoning 2024 (res-8 polyfill)","Honolulu DPP LUO zoning districts, downloaded 2026-02-22; per-cell aggregation AG12 P2"
"88464829a7fffff","AG-1|C|I-2","AG-1","2026.02","City and County of Honolulu Zoning 2024 (res-8 polyfill)","Honolulu DPP LUO zoning districts, downloaded 2026-02-22; per-cell aggregation AG12 P2"
"88464829a9fffff","F-1","F-1","2026.02","City and County of Honolulu Zoning 2024 (res-8 polyfill)","Honolulu DPP LUO zoning districts, downloaded 2026-02-22; per-cell aggregation AG12 P2"
"88464829abfffff","F-1","F-1","2026.02","City and County of Honolulu Zoning 2024 (res-8 polyfill)","Honolulu DPP LUO zoning districts, downloaded 2026-02-22; per-cell aggregation AG12 P2"
"88464829adfffff","F-1","F-1","2026.02","City and County of Honolulu Zoning 2024 (res-8 polyfill)","Honolulu DPP LUO zoning districts, downloaded 2026-02-22; per-cell aggregation AG12 P2"
"88464829b1fffff","P-1","P-1","2026.02","City and County of Honolulu Zoning 2024 (res-8 polyfill)","Honolulu DPP LUO zoning districts, downloaded 2026-02-22; per-cell aggregation AG12 P2"
"88464829b3fffff","AG-2","AG-2","2026.02","City and County of Honolulu Zoning 2024 (res-8 polyfill)","Honolulu DPP LUO zoning districts, downloaded 2026-02-22; per-cell aggregation AG12 P2"
"88464829b5fffff","P-1","P-1","2026.02","City and County of Honolulu Zoning 2024 (res-8 polyfill)","Honolulu DPP LUO zoning districts, downloaded 2026-02-22; per-cell aggregation AG12 P2"
"88464829b7fffff","AG-2","AG-2","2026.02","City and County of Honolulu Zoning 2024 (res-8 polyfill)","Honolulu DPP LUO zoning districts, downloaded 2026-02-22; per-cell aggregation AG12 P2"
"88464829b9fffff","F-1","F-1","2026.02","City and County of Honolulu Zoning 2024 (res-8 polyfill)","Honolulu DPP LUO zoning districts, downloaded 2026-02-22; per-cell aggregation AG12 P2"
"88464829bbfffff","P-1","P-1","2026.02","City and County of Honolulu Zoning 2024 (res-8 polyfill)","Honolulu DPP LUO zoning districts, downloaded 2026-02-22; per-cell aggregation AG12 P2"
"88464829bdfffff","F-1","F-1","2026.02","City and County of Honolulu Zoning 2024 (res-8 polyfill)","Honolulu DPP LUO zoning districts, downloaded 2026-02-22; per-cell aggregation AG12 P2"
"88464829c1fffff","F-1","F-1","2026.02","City and County of Honolulu Zoning 2024 (res-8 polyfill)","Honolulu DPP LUO zoning districts, downloaded 2026-02-22; per-cell aggregation AG12 P2"
"88464829c3fffff","F-1","F-1","2026.02","City and County of Honolulu Zoning 2024 (res-8 polyfill)","Honolulu DPP LUO zoning districts, downloaded 2026-02-22; per-cell aggregation AG12 P2"
"88464829c5fffff","F-1","F-1","2026.02","City and County of Honolulu Zoning 2024 (res-8 polyfill)","Honolulu DPP LUO zoning districts, downloaded 2026-02-22; per-cell aggregation AG12 P2"
"88464829c7fffff","F-1","F-1","2026.02","City and County of Honolulu Zoning 2024 (res-8 polyfill)","Honolulu DPP LUO zoning districts, downloaded 2026-02-22; per-cell aggregation AG12 P2"
"88464829c9fffff","F-1","F-1","2026.02","City and County of Honolulu Zoning 2024 (res-8 polyfill)","Honolulu DPP LUO zoning districts, downloaded 2026-02-22; per-cell aggregation AG12 P2"
"88464829cbfffff","F-1","F-1","2026.02","City and County of Honolulu Zoning 2024 (res-8 polyfill)","Honolulu DPP LUO zoning districts, downloaded 2026-02-22; per-cell aggregation AG12 P2"
"88464829cdfffff","F-1","F-1","2026.02","City and County of Honolulu Zoning 2024 (res-8 polyfill)","Honolulu DPP LUO zoning districts, downloaded 2026-02-22; per-cell aggregation AG12 P2"
"88464829d1fffff","P-1","P-1","2026.02","City and County of Honolulu Zoning 2024 (res-8 polyfill)","Honolulu DPP LUO zoning districts, downloaded 2026-02-22; per-cell aggregation AG12 P2"
"88464829d3fffff","P-1","P-1","2026.02","City and County of Honolulu Zoning 2024 (res-8 polyfill)","Honolulu DPP LUO zoning districts, downloaded 2026-02-22; per-cell aggregation AG12 P2"
"88464829d5fffff","F-1","F-1","2026.02","City and County of Honolulu Zoning 2024 (res-8 polyfill)","Honolulu DPP LUO zoning districts, downloaded 2026-02-22; per-cell aggregation AG12 P2"
"88464829d7fffff","P-1","P-1","2026.02","City and County of Honolulu Zoning 2024 (res-8 polyfill)","Honolulu DPP LUO zoning districts, downloaded 2026-02-22; per-cell aggregation AG12 P2"
"88464829d9fffff","P-1","P-1","2026.02","City and County of Honolulu Zoning 2024 (res-8 polyfill)","Honolulu DPP LUO zoning districts, downloaded 2026-02-22; per-cell aggregation AG12 P2"
"88464829dbfffff","P-1","P-1","2026.02","City and County of Honolulu Zoning 2024 (res-8 polyfill)","Honolulu DPP LUO zoning districts, downloaded 2026-02-22; per-cell aggregation AG12 P2"
"88464829ddfffff","F-1","F-1","2026.02","City and County of Honolulu Zoning 2024 (res-8 polyfill)","Honolulu DPP LUO zoning districts, downloaded 2026-02-22; per-cell aggregation AG12 P2"
"88464829e1fffff","C|F-1","F-1","2026.02","City and County of Honolulu Zoning 2024 (res-8 polyfill)","Honolulu DPP LUO zoning districts, downloaded 2026-02-22; per-cell aggregation AG12 P2"
"88464829e3fffff","F-1","F-1","2026.02","City and County of Honolulu Zoning 2024 (res-8 polyfill)","Honolulu DPP LUO zoning districts, downloaded 2026-02-22; per-cell aggregation AG12 P2"
"88464829e5fffff","F-1","F-1","2026.02","City and County of Honolulu Zoning 2024 (res-8 polyfill)","Honolulu DPP LUO zoning districts, downloaded 2026-02-22; per-cell aggregation AG12 P2"
"88464829e7fffff","F-1","F-1","2026.02","City and County of Honolulu Zoning 2024 (res-8 polyfill)","Honolulu DPP LUO zoning districts, downloaded 2026-02-22; per-cell aggregation AG12 P2"
"88464829e9fffff","AG-1|AG-2","AG-1","2026.02","City and County of Honolulu Zoning 2024 (res-8 polyfill)","Honolulu DPP LUO zoning districts, downloaded 2026-02-22; per-cell aggregation AG12 P2"
"88464829ebfffff","F-1","F-1","2026.02","City and County of Honolulu Zoning 2024 (res-8 polyfill)","Honolulu DPP LUO zoning districts, downloaded 2026-02-22; per-cell aggregation AG12 P2"
"88464829edfffff","AG-2|C","AG-2","2026.02","City and County of Honolulu Zoning 2024 (res-8 polyfill)","Honolulu DPP LUO zoning districts, downloaded 2026-02-22; per-cell aggregation AG12 P2"
"8846482a01fffff","AG-1","AG-1","2026.02","City and County of Honolulu Zoning 2024 (res-8 polyfill)","Honolulu DPP LUO zoning districts, downloaded 2026-02-22; per-cell aggregation AG12 P2"
"8846482a03fffff","AG-1","AG-1","2026.02","City and County of Honolulu Zoning 2024 (res-8 polyfill)","Honolulu DPP LUO zoning districts, downloaded 2026-02-22; per-cell aggregation AG12 P2"
"8846482a05fffff","AG-1","AG-1","2026.02","City and County of Honolulu Zoning 2024 (res-8 polyfill)","Honolulu DPP LUO zoning districts, downloaded 2026-02-22; per-cell aggregation AG12 P2"
"8846482a07fffff","AG-2","AG-2","2026.02","City and County of Honolulu Zoning 2024 (res-8 polyfill)","Honolulu DPP LUO zoning districts, downloaded 2026-02-22; per-cell aggregation AG12 P2"
"8846482a09fffff","AG-1|AG-2|B-1|R-5|R-7.5","AG-1","2026.02","City and County of Honolulu Zoning 2024 (res-8 polyfill)","Honolulu DPP LUO zoning districts, downloaded 2026-02-22; per-cell aggregation AG12 P2"
"8846482a0bfffff","AG-1","AG-1","2026.02","City and County of Honolulu Zoning 2024 (res-8 polyfill)","Honolulu DPP LUO zoning districts, downloaded 2026-02-22; per-cell aggregation AG12 P2"
"8846482a0dfffff","AG-1|P-2|R-5|R-7.5","AG-1","2026.02","City and County of Honolulu Zoning 2024 (res-8 polyfill)","Honolulu DPP LUO zoning districts, downloaded 2026-02-22; per-cell aggregation AG12 P2"
"8846482a11fffff","AG-1","AG-1","2026.02","City and County of Honolulu Zoning 2024 (res-8 polyfill)","Honolulu DPP LUO zoning districts, downloaded 2026-02-22; per-cell aggregation AG12 P2"
"8846482a13fffff","AG-1","AG-1","2026.02","City and County of Honolulu Zoning 2024 (res-8 polyfill)","Honolulu DPP LUO zoning districts, downloaded 2026-02-22; per-cell aggregation AG12 P2"
"8846482a15fffff","AG-1","AG-1","2026.02","City and County of Honolulu Zoning 2024 (res-8 polyfill)","Honolulu DPP LUO zoning districts, downloaded 2026-02-22; per-cell aggregation AG12 P2"
"8846482a17fffff","AG-1","AG-1","2026.02","City and County of Honolulu Zoning 2024 (res-8 polyfill)","Honolulu DPP LUO zoning districts, downloaded 2026-02-22; per-cell aggregation AG12 P2"
"8846482a19fffff","AG-1","AG-1","2026.02","City and County of Honolulu Zoning 2024 (res-8 polyfill)","Honolulu DPP LUO zoning districts, downloaded 2026-02-22; per-cell aggregation AG12 P2"
"8846482a1bfffff","AG-1","AG-1","2026.02","City and County of Honolulu Zoning 2024 (res-8 polyfill)","Honolulu DPP LUO zoning districts, downloaded 2026-02-22; per-cell aggregation AG12 P2"
"8846482a1dfffff","AG-1","AG-1","2026.02","City and County of Honolulu Zoning 2024 (res-8 polyfill)","Honolulu DPP LUO zoning districts, downloaded 2026-02-22; per-cell aggregation AG12 P2"
"8846482a21fffff","AG-1","AG-1","2026.02","City and County of Honolulu Zoning 2024 (res-8 polyfill)","Honolulu DPP LUO zoning districts, downloaded 2026-02-22; per-cell aggregation AG12 P2"
"8846482a23fffff","AG-2","AG-2","2026.02","City and County of Honolulu Zoning 2024 (res-8 polyfill)","Honolulu DPP LUO zoning districts, downloaded 2026-02-22; per-cell aggregation AG12 P2"
"8846482a25fffff","AG-2","AG-2","2026.02","City and County of Honolulu Zoning 2024 (res-8 polyfill)","Honolulu DPP LUO zoning districts, downloaded 2026-02-22; per-cell aggregation AG12 P2"
"8846482a27fffff","P-1","P-1","2026.02","City and County of Honolulu Zoning 2024 (res-8 polyfill)","Honolulu DPP LUO zoning districts, downloaded 2026-02-22; per-cell aggregation AG12 P2"
"8846482a29fffff","AG-1","AG-1","2026.02","City and County of Honolulu Zoning 2024 (res-8 polyfill)","Honolulu DPP LUO zoning districts, downloaded 2026-02-22; per-cell aggregation AG12 P2"
"8846482a2bfffff","AG-2","AG-2","2026.02","City and County of Honolulu Zoning 2024 (res-8 polyfill)","Honolulu DPP LUO zoning districts, downloaded 2026-02-22; per-cell aggregation AG12 P2"
"8846482a2dfffff","AG-1","AG-1","2026.02","City and County of Honolulu Zoning 2024 (res-8 polyfill)","Honolulu DPP LUO zoning districts, downloaded 2026-02-22; per-cell aggregation AG12 P2"
"8846482a31fffff","AG-2","AG-2","2026.02","City and County of Honolulu Zoning 2024 (res-8 polyfill)","Honolulu DPP LUO zoning districts, downloaded 2026-02-22; per-cell aggregation AG12 P2"
"8846482a33fffff","AG-2","AG-2","2026.02","City and County of Honolulu Zoning 2024 (res-8 polyfill)","Honolulu DPP LUO zoning districts, downloaded 2026-02-22; per-cell aggregation AG12 P2"
"8846482a35fffff","AG-2","AG-2","2026.02","City and County of Honolulu Zoning 2024 (res-8 polyfill)","Honolulu DPP LUO zoning districts, downloaded 2026-02-22; per-cell aggregation AG12 P2"
"8846482a37fffff","AG-2","AG-2","2026.02","City and County of Honolulu Zoning 2024 (res-8 polyfill)","Honolulu DPP LUO zoning districts, downloaded 2026-02-22; per-cell aggregation AG12 P2"
"8846482a39fffff","AG-1","AG-1","2026.02","City and County of Honolulu Zoning 2024 (res-8 polyfill)","Honolulu DPP LUO zoning districts, downloaded 2026-02-22; per-cell aggregation AG12 P2"
"8846482a3bfffff","AG-2","AG-2","2026.02","City and County of Honolulu Zoning 2024 (res-8 polyfill)","Honolulu DPP LUO zoning districts, downloaded 2026-02-22; per-cell aggregation AG12 P2"
"8846482a3dfffff","AG-2","AG-2","2026.02","City and County of Honolulu Zoning 2024 (res-8 polyfill)","Honolulu DPP LUO zoning districts, downloaded 2026-02-22; per-cell aggregation AG12 P2"
"8846482a41fffff","C","C","2026.02","City and County of Honolulu Zoning 2024 (res-8 polyfill)","Honolulu DPP LUO zoning districts, downloaded 2026-02-22; per-cell aggregation AG12 P2"
"8846482a43fffff","AG-2|B-1|C|R-5","R-5","2026.02","City and County of Honolulu Zoning 2024 (res-8 polyfill)","Honolulu DPP LUO zoning districts, downloaded 2026-02-22; per-cell aggregation AG12 P2"
"8846482a45fffff","AG-2|B-1|I-2|P-2","AG-2","2026.02","City and County of Honolulu Zoning 2024 (res-8 polyfill)","Honolulu DPP LUO zoning districts, downloaded 2026-02-22; per-cell aggregation AG12 P2"
"8846482a47fffff","AG-1|C|R-10|R-5","AG-1","2026.02","City and County of Honolulu Zoning 2024 (res-8 polyfill)","Honolulu DPP LUO zoning districts, downloaded 2026-02-22; per-cell aggregation AG12 P2"
"8846482a49fffff","B-2|P-2|R-5","R-5","2026.02","City and County of Honolulu Zoning 2024 (res-8 polyfill)","Honolulu DPP LUO zoning districts, downloaded 2026-02-22; per-cell aggregation AG12 P2"
"8846482a4bfffff","AG-1|B-1|R-5","AG-1","2026.02","City and County of Honolulu Zoning 2024 (res-8 polyfill)","Honolulu DPP LUO zoning districts, downloaded 2026-02-22; per-cell aggregation AG12 P2"
"8846482a4dfffff","AG-2|P-1|P-2","AG-2","2026.02","City and County of Honolulu Zoning 2024 (res-8 polyfill)","Honolulu DPP LUO zoning districts, downloaded 2026-02-22; per-cell aggregation AG12 P2"
"8846482a51fffff","AG-1","AG-1","2026.02","City and County of Honolulu Zoning 2024 (res-8 polyfill)","Honolulu DPP LUO zoning districts, downloaded 2026-02-22; per-cell aggregation AG12 P2"
"8846482a53fffff","AG-1","AG-1","2026.02","City and County of Honolulu Zoning 2024 (res-8 polyfill)","Honolulu DPP LUO zoning districts, downloaded 2026-02-22; per-cell aggregation AG12 P2"
"8846482a55fffff","AG-1","AG-1","2026.02","City and County of Honolulu Zoning 2024 (res-8 polyfill)","Honolulu DPP LUO zoning districts, downloaded 2026-02-22; per-cell aggregation AG12 P2"
"8846482a57fffff","AG-1","AG-1","2026.02","City and County of Honolulu Zoning 2024 (res-8 polyfill)","Honolulu DPP LUO zoning districts, downloaded 2026-02-22; per-cell aggregation AG12 P2"
"8846482a59fffff","AG-1","AG-1","2026.02","City and County of Honolulu Zoning 2024 (res-8 polyfill)","Honolulu DPP LUO zoning districts, downloaded 2026-02-22; per-cell aggregation AG12 P2"
"8846482a5bfffff","AG-1","AG-1","2026.02","City and County of Honolulu Zoning 2024 (res-8 polyfill)","Honolulu DPP LUO zoning districts, downloaded 2026-02-22; per-cell aggregation AG12 P2"
"8846482a5dfffff","AG-1","AG-1","2026.02","City and County of Honolulu Zoning 2024 (res-8 polyfill)","Honolulu DPP LUO zoning districts, downloaded 2026-02-22; per-cell aggregation AG12 P2"
"8846482a61fffff","AG-1","AG-1","2026.02","City and County of Honolulu Zoning 2024 (res-8 polyfill)","Honolulu DPP LUO zoning districts, downloaded 2026-02-22; per-cell aggregation AG12 P2"
"8846482a63fffff","AG-1|R-7.5","AG-1","2026.02","City and County of Honolulu Zoning 2024 (res-8 polyfill)","Honolulu DPP LUO zoning districts, downloaded 2026-02-22; per-cell aggregation AG12 P2"
"8846482a65fffff","AG-1","AG-1","2026.02","City and County of Honolulu Zoning 2024 (res-8 polyfill)","Honolulu DPP LUO zoning districts, downloaded 2026-02-22; per-cell aggregation AG12 P2"
"8846482a67fffff","AG-1","AG-1","2026.02","City and County of Honolulu Zoning 2024 (res-8 polyfill)","Honolulu DPP LUO zoning districts, downloaded 2026-02-22; per-cell aggregation AG12 P2"
"8846482a69fffff","AG-1","AG-1","2026.02","City and County of Honolulu Zoning 2024 (res-8 polyfill)","Honolulu DPP LUO zoning districts, downloaded 2026-02-22; per-cell aggregation AG12 P2"
"8846482a6bfffff","B-1|R-5","R-5","2026.02","City and County of Honolulu Zoning 2024 (res-8 polyfill)","Honolulu DPP LUO zoning districts, downloaded 2026-02-22; per-cell aggregation AG12 P2"
"8846482a6dfffff","AG-1","AG-1","2026.02","City and County of Honolulu Zoning 2024 (res-8 polyfill)","Honolulu DPP LUO zoning districts, downloaded 2026-02-22; per-cell aggregation AG12 P2"
"8846482a81fffff","AG-1","AG-1","2026.02","City and County of Honolulu Zoning 2024 (res-8 polyfill)","Honolulu DPP LUO zoning districts, downloaded 2026-02-22; per-cell aggregation AG12 P2"
"8846482a83fffff","AG-1","AG-1","2026.02","City and County of Honolulu Zoning 2024 (res-8 polyfill)","Honolulu DPP LUO zoning districts, downloaded 2026-02-22; per-cell aggregation AG12 P2"
"8846482a85fffff","AG-1","AG-1","2026.02","City and County of Honolulu Zoning 2024 (res-8 polyfill)","Honolulu DPP LUO zoning districts, downloaded 2026-02-22; per-cell aggregation AG12 P2"
"8846482a87fffff","AG-1","AG-1","2026.02","City and County of Honolulu Zoning 2024 (res-8 polyfill)","Honolulu DPP LUO zoning districts, downloaded 2026-02-22; per-cell aggregation AG12 P2"
"8846482a89fffff","AG-1","AG-1","2026.02","City and County of Honolulu Zoning 2024 (res-8 polyfill)","Honolulu DPP LUO zoning districts, downloaded 2026-02-22; per-cell aggregation AG12 P2"
"8846482a8bfffff","AG-1","AG-1","2026.02","City and County of Honolulu Zoning 2024 (res-8 polyfill)","Honolulu DPP LUO zoning districts, downloaded 2026-02-22; per-cell aggregation AG12 P2"
"8846482a8dfffff","AG-1","AG-1","2026.02","City and County of Honolulu Zoning 2024 (res-8 polyfill)","Honolulu DPP LUO zoning districts, downloaded 2026-02-22; per-cell aggregation AG12 P2"
"8846482a91fffff","AG-1","AG-1","2026.02","City and County of Honolulu Zoning 2024 (res-8 polyfill)","Honolulu DPP LUO zoning districts, downloaded 2026-02-22; per-cell aggregation AG12 P2"
"8846482a93fffff","A-2|R-5","R-5","2026.02","City and County of Honolulu Zoning 2024 (res-8 polyfill)","Honolulu DPP LUO zoning districts, downloaded 2026-02-22; per-cell aggregation AG12 P2"
"8846482a95fffff","AG-1","AG-1","2026.02","City and County of Honolulu Zoning 2024 (res-8 polyfill)","Honolulu DPP LUO zoning districts, downloaded 2026-02-22; per-cell aggregation AG12 P2"
"8846482a97fffff","AG-1","AG-1","2026.02","City and County of Honolulu Zoning 2024 (res-8 polyfill)","Honolulu DPP LUO zoning districts, downloaded 2026-02-22; per-cell aggregation AG12 P2"
"8846482a99fffff","AG-1","AG-1","2026.02","City and County of Honolulu Zoning 2024 (res-8 polyfill)","Honolulu DPP LUO zoning districts, downloaded 2026-02-22; per-cell aggregation AG12 P2"
"8846482a9bfffff","AG-1","AG-1","2026.02","City and County of Honolulu Zoning 2024 (res-8 polyfill)","Honolulu DPP LUO zoning districts, downloaded 2026-02-22; per-cell aggregation AG12 P2"
"8846482a9dfffff","AG-1","AG-1","2026.02","City and County of Honolulu Zoning 2024 (res-8 polyfill)","Honolulu DPP LUO zoning districts, downloaded 2026-02-22; per-cell aggregation AG12 P2"
"8846482aa1fffff","F-1","F-1","2026.02","City and County of Honolulu Zoning 2024 (res-8 polyfill)","Honolulu DPP LUO zoning districts, downloaded 2026-02-22; per-cell aggregation AG12 P2"
"8846482aa3fffff","F-1","F-1","2026.02","City and County of Honolulu Zoning 2024 (res-8 polyfill)","Honolulu DPP LUO zoning districts, downloaded 2026-02-22; per-cell aggregation AG12 P2"
"8846482aa5fffff","F-1","F-1","2026.02","City and County of Honolulu Zoning 2024 (res-8 polyfill)","Honolulu DPP LUO zoning districts, downloaded 2026-02-22; per-cell aggregation AG12 P2"
"8846482aa7fffff","F-1","F-1","2026.02","City and County of Honolulu Zoning 2024 (res-8 polyfill)","Honolulu DPP LUO zoning districts, downloaded 2026-02-22; per-cell aggregation AG12 P2"
"8846482aa9fffff","AG-1","AG-1","2026.02","City and County of Honolulu Zoning 2024 (res-8 polyfill)","Honolulu DPP LUO zoning districts, downloaded 2026-02-22; per-cell aggregation AG12 P2"
"8846482aabfffff","AG-1","AG-1","2026.02","City and County of Honolulu Zoning 2024 (res-8 polyfill)","Honolulu DPP LUO zoning districts, downloaded 2026-02-22; per-cell aggregation AG12 P2"
"8846482aadfffff","F-1","F-1","2026.02","City and County of Honolulu Zoning 2024 (res-8 polyfill)","Honolulu DPP LUO zoning districts, downloaded 2026-02-22; per-cell aggregation AG12 P2"
"8846482ab1fffff","A-2|B-1|R-5","R-5","2026.02","City and County of Honolulu Zoning 2024 (res-8 polyfill)","Honolulu DPP LUO zoning districts, downloaded 2026-02-22; per-cell aggregation AG12 P2"
"8846482ab3fffff","A-2|F-1|P-1","P-1","2026.02","City and County of Honolulu Zoning 2024 (res-8 polyfill)","Honolulu DPP LUO zoning districts, downloaded 2026-02-22; per-cell aggregation AG12 P2"
"8846482ab5fffff","F-1","F-1","2026.02","City and County of Honolulu Zoning 2024 (res-8 polyfill)","Honolulu DPP LUO zoning districts, downloaded 2026-02-22; per-cell aggregation AG12 P2"
"8846482ab7fffff","F-1","F-1","2026.02","City and County of Honolulu Zoning 2024 (res-8 polyfill)","Honolulu DPP LUO zoning districts, downloaded 2026-02-22; per-cell aggregation AG12 P2"
"8846482ab9fffff","AG-1","AG-1","2026.02","City and County of Honolulu Zoning 2024 (res-8 polyfill)","Honolulu DPP LUO zoning districts, downloaded 2026-02-22; per-cell aggregation AG12 P2"
"8846482abbfffff","AG-1","AG-1","2026.02","City and County of Honolulu Zoning 2024 (res-8 polyfill)","Honolulu DPP LUO zoning districts, downloaded 2026-02-22; per-cell aggregation AG12 P2"
"8846482abdfffff","AG-1","AG-1","2026.02","City and County of Honolulu Zoning 2024 (res-8 polyfill)","Honolulu DPP LUO zoning districts, downloaded 2026-02-22; per-cell aggregation AG12 P2"
"8846482ac1fffff","AG-1","AG-1","2026.02","City and County of Honolulu Zoning 2024 (res-8 polyfill)","Honolulu DPP LUO zoning districts, downloaded 2026-02-22; per-cell aggregation AG12 P2"
"8846482ac3fffff","AG-1","AG-1","2026.02","City and County of Honolulu Zoning 2024 (res-8 polyfill)","Honolulu DPP LUO zoning districts, downloaded 2026-02-22; per-cell aggregation AG12 P2"
"8846482ac5fffff","AG-1","AG-1","2026.02","City and County of Honolulu Zoning 2024 (res-8 polyfill)","Honolulu DPP LUO zoning districts, downloaded 2026-02-22; per-cell aggregation AG12 P2"
"8846482ac7fffff","AG-1","AG-1","2026.02","City and County of Honolulu Zoning 2024 (res-8 polyfill)","Honolulu DPP LUO zoning districts, downloaded 2026-02-22; per-cell aggregation AG12 P2"
"8846482ac9fffff","AG-1","AG-1","2026.02","City and County of Honolulu Zoning 2024 (res-8 polyfill)","Honolulu DPP LUO zoning districts, downloaded 2026-02-22; per-cell aggregation AG12 P2"
"8846482acbfffff","AG-1","AG-1","2026.02","City and County of Honolulu Zoning 2024 (res-8 polyfill)","Honolulu DPP LUO zoning districts, downloaded 2026-02-22; per-cell aggregation AG12 P2"
"8846482acdfffff","AG-1","AG-1","2026.02","City and County of Honolulu Zoning 2024 (res-8 polyfill)","Honolulu DPP LUO zoning districts, downloaded 2026-02-22; per-cell aggregation AG12 P2"
"8846482ad1fffff","AG-1","AG-1","2026.02","City and County of Honolulu Zoning 2024 (res-8 polyfill)","Honolulu DPP LUO zoning districts, downloaded 2026-02-22; per-cell aggregation AG12 P2"
"8846482ad3fffff","AG-1","AG-1","2026.02","City and County of Honolulu Zoning 2024 (res-8 polyfill)","Honolulu DPP LUO zoning districts, downloaded 2026-02-22; per-cell aggregation AG12 P2"
"8846482ad5fffff","AG-1","AG-1","2026.02","City and County of Honolulu Zoning 2024 (res-8 polyfill)","Honolulu DPP LUO zoning districts, downloaded 2026-02-22; per-cell aggregation AG12 P2"
"8846482ad7fffff","AG-1","AG-1","2026.02","City and County of Honolulu Zoning 2024 (res-8 polyfill)","Honolulu DPP LUO zoning districts, downloaded 2026-02-22; per-cell aggregation AG12 P2"
"8846482ad9fffff","AG-1","AG-1","2026.02","City and County of Honolulu Zoning 2024 (res-8 polyfill)","Honolulu DPP LUO zoning districts, downloaded 2026-02-22; per-cell aggregation AG12 P2"
"8846482adbfffff","AG-1","AG-1","2026.02","City and County of Honolulu Zoning 2024 (res-8 polyfill)","Honolulu DPP LUO zoning districts, downloaded 2026-02-22; per-cell aggregation AG12 P2"
"8846482addfffff","AG-1","AG-1","2026.02","City and County of Honolulu Zoning 2024 (res-8 polyfill)","Honolulu DPP LUO zoning districts, downloaded 2026-02-22; per-cell aggregation AG12 P2"
"8846482ae1fffff","AG-1","AG-1","2026.02","City and County of Honolulu Zoning 2024 (res-8 polyfill)","Honolulu DPP LUO zoning districts, downloaded 2026-02-22; per-cell aggregation AG12 P2"
"8846482ae3fffff","AG-1","AG-1","2026.02","City and County of Honolulu Zoning 2024 (res-8 polyfill)","Honolulu DPP LUO zoning districts, downloaded 2026-02-22; per-cell aggregation AG12 P2"
"8846482ae5fffff","AG-2","AG-2","2026.02","City and County of Honolulu Zoning 2024 (res-8 polyfill)","Honolulu DPP LUO zoning districts, downloaded 2026-02-22; per-cell aggregation AG12 P2"
"8846482ae7fffff","AG-2","AG-2","2026.02","City and County of Honolulu Zoning 2024 (res-8 polyfill)","Honolulu DPP LUO zoning districts, downloaded 2026-02-22; per-cell aggregation AG12 P2"
"8846482ae9fffff","AG-1","AG-1","2026.02","City and County of Honolulu Zoning 2024 (res-8 polyfill)","Honolulu DPP LUO zoning districts, downloaded 2026-02-22; per-cell aggregation AG12 P2"
"8846482aebfffff","AG-1","AG-1","2026.02","City and County of Honolulu Zoning 2024 (res-8 polyfill)","Honolulu DPP LUO zoning districts, downloaded 2026-02-22; per-cell aggregation AG12 P2"
"8846482aedfffff","AG-2","AG-2","2026.02","City and County of Honolulu Zoning 2024 (res-8 polyfill)","Honolulu DPP LUO zoning districts, downloaded 2026-02-22; per-cell aggregation AG12 P2"
"8846482b01fffff","P-1","P-1","2026.02","City and County of Honolulu Zoning 2024 (res-8 polyfill)","Honolulu DPP LUO zoning districts, downloaded 2026-02-22; per-cell aggregation AG12 P2"
"8846482b03fffff","P-1","P-1","2026.02","City and County of Honolulu Zoning 2024 (res-8 polyfill)","Honolulu DPP LUO zoning districts, downloaded 2026-02-22; per-cell aggregation AG12 P2"
"8846482b05fffff","P-1","P-1","2026.02","City and County of Honolulu Zoning 2024 (res-8 polyfill)","Honolulu DPP LUO zoning districts, downloaded 2026-02-22; per-cell aggregation AG12 P2"
"8846482b07fffff","P-1","P-1","2026.02","City and County of Honolulu Zoning 2024 (res-8 polyfill)","Honolulu DPP LUO zoning districts, downloaded 2026-02-22; per-cell aggregation AG12 P2"
"8846482b09fffff","P-1","P-1","2026.02","City and County of Honolulu Zoning 2024 (res-8 polyfill)","Honolulu DPP LUO zoning districts, downloaded 2026-02-22; per-cell aggregation AG12 P2"
"8846482b0bfffff","P-1","P-1","2026.02","City and County of Honolulu Zoning 2024 (res-8 polyfill)","Honolulu DPP LUO zoning districts, downloaded 2026-02-22; per-cell aggregation AG12 P2"
"8846482b0dfffff","P-1","P-1","2026.02","City and County of Honolulu Zoning 2024 (res-8 polyfill)","Honolulu DPP LUO zoning districts, downloaded 2026-02-22; per-cell aggregation AG12 P2"
"8846482b11fffff","P-1","P-1","2026.02","City and County of Honolulu Zoning 2024 (res-8 polyfill)","Honolulu DPP LUO zoning districts, downloaded 2026-02-22; per-cell aggregation AG12 P2"
"8846482b13fffff","P-1","P-1","2026.02","City and County of Honolulu Zoning 2024 (res-8 polyfill)","Honolulu DPP LUO zoning districts, downloaded 2026-02-22; per-cell aggregation AG12 P2"
"8846482b15fffff","P-1","P-1","2026.02","City and County of Honolulu Zoning 2024 (res-8 polyfill)","Honolulu DPP LUO zoning districts, downloaded 2026-02-22; per-cell aggregation AG12 P2"
"8846482b17fffff","P-1","P-1","2026.02","City and County of Honolulu Zoning 2024 (res-8 polyfill)","Honolulu DPP LUO zoning districts, downloaded 2026-02-22; per-cell aggregation AG12 P2"
"8846482b19fffff","P-1","P-1","2026.02","City and County of Honolulu Zoning 2024 (res-8 polyfill)","Honolulu DPP LUO zoning districts, downloaded 2026-02-22; per-cell aggregation AG12 P2"
"8846482b1bfffff","P-1","P-1","2026.02","City and County of Honolulu Zoning 2024 (res-8 polyfill)","Honolulu DPP LUO zoning districts, downloaded 2026-02-22; per-cell aggregation AG12 P2"
"8846482b1dfffff","P-1","P-1","2026.02","City and County of Honolulu Zoning 2024 (res-8 polyfill)","Honolulu DPP LUO zoning districts, downloaded 2026-02-22; per-cell aggregation AG12 P2"
"8846482b21fffff","P-1","P-1","2026.02","City and County of Honolulu Zoning 2024 (res-8 polyfill)","Honolulu DPP LUO zoning districts, downloaded 2026-02-22; per-cell aggregation AG12 P2"
"8846482b23fffff","P-1","P-1","2026.02","City and County of Honolulu Zoning 2024 (res-8 polyfill)","Honolulu DPP LUO zoning districts, downloaded 2026-02-22; per-cell aggregation AG12 P2"
"8846482b25fffff","P-1","P-1","2026.02","City and County of Honolulu Zoning 2024 (res-8 polyfill)","Honolulu DPP LUO zoning districts, downloaded 2026-02-22; per-cell aggregation AG12 P2"
"8846482b27fffff","P-1","P-1","2026.02","City and County of Honolulu Zoning 2024 (res-8 polyfill)","Honolulu DPP LUO zoning districts, downloaded 2026-02-22; per-cell aggregation AG12 P2"
"8846482b29fffff","P-1","P-1","2026.02","City and County of Honolulu Zoning 2024 (res-8 polyfill)","Honolulu DPP LUO zoning districts, downloaded 2026-02-22; per-cell aggregation AG12 P2"
"8846482b2bfffff","P-1","P-1","2026.02","City and County of Honolulu Zoning 2024 (res-8 polyfill)","Honolulu DPP LUO zoning districts, downloaded 2026-02-22; per-cell aggregation AG12 P2"
"8846482b2dfffff","P-1","P-1","2026.02","City and County of Honolulu Zoning 2024 (res-8 polyfill)","Honolulu DPP LUO zoning districts, downloaded 2026-02-22; per-cell aggregation AG12 P2"
"8846482b31fffff","P-1","P-1","2026.02","City and County of Honolulu Zoning 2024 (res-8 polyfill)","Honolulu DPP LUO zoning districts, downloaded 2026-02-22; per-cell aggregation AG12 P2"
"8846482b33fffff","P-1","P-1","2026.02","City and County of Honolulu Zoning 2024 (res-8 polyfill)","Honolulu DPP LUO zoning districts, downloaded 2026-02-22; per-cell aggregation AG12 P2"
"8846482b35fffff","P-1","P-1","2026.02","City and County of Honolulu Zoning 2024 (res-8 polyfill)","Honolulu DPP LUO zoning districts, downloaded 2026-02-22; per-cell aggregation AG12 P2"
"8846482b37fffff","P-1","P-1","2026.02","City and County of Honolulu Zoning 2024 (res-8 polyfill)","Honolulu DPP LUO zoning districts, downloaded 2026-02-22; per-cell aggregation AG12 P2"
"8846482b39fffff","P-1","P-1","2026.02","City and County of Honolulu Zoning 2024 (res-8 polyfill)","Honolulu DPP LUO zoning districts, downloaded 2026-02-22; per-cell aggregation AG12 P2"
"8846482b3bfffff","P-1","P-1","2026.02","City and County of Honolulu Zoning 2024 (res-8 polyfill)","Honolulu DPP LUO zoning districts, downloaded 2026-02-22; per-cell aggregation AG12 P2"
"8846482b3dfffff","P-1","P-1","2026.02","City and County of Honolulu Zoning 2024 (res-8 polyfill)","Honolulu DPP LUO zoning districts, downloaded 2026-02-22; per-cell aggregation AG12 P2"
"8846482b41fffff","AG-2","AG-2","2026.02","City and County of Honolulu Zoning 2024 (res-8 polyfill)","Honolulu DPP LUO zoning districts, downloaded 2026-02-22; per-cell aggregation AG12 P2"
"8846482b43fffff","AG-2","AG-2","2026.02","City and County of Honolulu Zoning 2024 (res-8 polyfill)","Honolulu DPP LUO zoning districts, downloaded 2026-02-22; per-cell aggregation AG12 P2"
"8846482b45fffff","AG-2","AG-2","2026.02","City and County of Honolulu Zoning 2024 (res-8 polyfill)","Honolulu DPP LUO zoning districts, downloaded 2026-02-22; per-cell aggregation AG12 P2"
"8846482b47fffff","P-1","P-1","2026.02","City and County of Honolulu Zoning 2024 (res-8 polyfill)","Honolulu DPP LUO zoning districts, downloaded 2026-02-22; per-cell aggregation AG12 P2"
"8846482b49fffff","AG-2","AG-2","2026.02","City and County of Honolulu Zoning 2024 (res-8 polyfill)","Honolulu DPP LUO zoning districts, downloaded 2026-02-22; per-cell aggregation AG12 P2"
"8846482b4bfffff","AG-2","AG-2","2026.02","City and County of Honolulu Zoning 2024 (res-8 polyfill)","Honolulu DPP LUO zoning districts, downloaded 2026-02-22; per-cell aggregation AG12 P2"
"8846482b4dfffff","AG-2","AG-2","2026.02","City and County of Honolulu Zoning 2024 (res-8 polyfill)","Honolulu DPP LUO zoning districts, downloaded 2026-02-22; per-cell aggregation AG12 P2"
"8846482b51fffff","AG-2","AG-2","2026.02","City and County of Honolulu Zoning 2024 (res-8 polyfill)","Honolulu DPP LUO zoning districts, downloaded 2026-02-22; per-cell aggregation AG12 P2"
"8846482b53fffff","AG-2","AG-2","2026.02","City and County of Honolulu Zoning 2024 (res-8 polyfill)","Honolulu DPP LUO zoning districts, downloaded 2026-02-22; per-cell aggregation AG12 P2"
"8846482b55fffff","AG-2","AG-2","2026.02","City and County of Honolulu Zoning 2024 (res-8 polyfill)","Honolulu DPP LUO zoning districts, downloaded 2026-02-22; per-cell aggregation AG12 P2"
"8846482b57fffff","AG-2","AG-2","2026.02","City and County of Honolulu Zoning 2024 (res-8 polyfill)","Honolulu DPP LUO zoning districts, downloaded 2026-02-22; per-cell aggregation AG12 P2"
"8846482b59fffff","AG-2","AG-2","2026.02","City and County of Honolulu Zoning 2024 (res-8 polyfill)","Honolulu DPP LUO zoning districts, downloaded 2026-02-22; per-cell aggregation AG12 P2"
"8846482b5bfffff","AG-2","AG-2","2026.02","City and County of Honolulu Zoning 2024 (res-8 polyfill)","Honolulu DPP LUO zoning districts, downloaded 2026-02-22; per-cell aggregation AG12 P2"
"8846482b5dfffff","AG-2","AG-2","2026.02","City and County of Honolulu Zoning 2024 (res-8 polyfill)","Honolulu DPP LUO zoning districts, downloaded 2026-02-22; per-cell aggregation AG12 P2"
"8846482b61fffff","P-1","P-1","2026.02","City and County of Honolulu Zoning 2024 (res-8 polyfill)","Honolulu DPP LUO zoning districts, downloaded 2026-02-22; per-cell aggregation AG12 P2"
"8846482b63fffff","P-1","P-1","2026.02","City and County of Honolulu Zoning 2024 (res-8 polyfill)","Honolulu DPP LUO zoning districts, downloaded 2026-02-22; per-cell aggregation AG12 P2"
"8846482b65fffff","P-1","P-1","2026.02","City and County of Honolulu Zoning 2024 (res-8 polyfill)","Honolulu DPP LUO zoning districts, downloaded 2026-02-22; per-cell aggregation AG12 P2"
"8846482b67fffff","P-1","P-1","2026.02","City and County of Honolulu Zoning 2024 (res-8 polyfill)","Honolulu DPP LUO zoning districts, downloaded 2026-02-22; per-cell aggregation AG12 P2"
"8846482b69fffff","P-1","P-1","2026.02","City and County of Honolulu Zoning 2024 (res-8 polyfill)","Honolulu DPP LUO zoning districts, downloaded 2026-02-22; per-cell aggregation AG12 P2"
"8846482b6bfffff","P-1","P-1","2026.02","City and County of Honolulu Zoning 2024 (res-8 polyfill)","Honolulu DPP LUO zoning districts, downloaded 2026-02-22; per-cell aggregation AG12 P2"
"8846482b6dfffff","P-1","P-1","2026.02","City and County of Honolulu Zoning 2024 (res-8 polyfill)","Honolulu DPP LUO zoning districts, downloaded 2026-02-22; per-cell aggregation AG12 P2"
"8846482c01fffff","AG-1","AG-1","2026.02","City and County of Honolulu Zoning 2024 (res-8 polyfill)","Honolulu DPP LUO zoning districts, downloaded 2026-02-22; per-cell aggregation AG12 P2"
"8846482c03fffff","AG-1","AG-1","2026.02","City and County of Honolulu Zoning 2024 (res-8 polyfill)","Honolulu DPP LUO zoning districts, downloaded 2026-02-22; per-cell aggregation AG12 P2"
"8846482c05fffff","AG-1","AG-1","2026.02","City and County of Honolulu Zoning 2024 (res-8 polyfill)","Honolulu DPP LUO zoning districts, downloaded 2026-02-22; per-cell aggregation AG12 P2"
"8846482c07fffff","AG-1","AG-1","2026.02","City and County of Honolulu Zoning 2024 (res-8 polyfill)","Honolulu DPP LUO zoning districts, downloaded 2026-02-22; per-cell aggregation AG12 P2"
"8846482c09fffff","P-1","P-1","2026.02","City and County of Honolulu Zoning 2024 (res-8 polyfill)","Honolulu DPP LUO zoning districts, downloaded 2026-02-22; per-cell aggregation AG12 P2"
"8846482c0bfffff","P-1","P-1","2026.02","City and County of Honolulu Zoning 2024 (res-8 polyfill)","Honolulu DPP LUO zoning districts, downloaded 2026-02-22; per-cell aggregation AG12 P2"
"8846482c0dfffff","AG-1","AG-1","2026.02","City and County of Honolulu Zoning 2024 (res-8 polyfill)","Honolulu DPP LUO zoning districts, downloaded 2026-02-22; per-cell aggregation AG12 P2"
"8846482c11fffff","P-1","P-1","2026.02","City and County of Honolulu Zoning 2024 (res-8 polyfill)","Honolulu DPP LUO zoning districts, downloaded 2026-02-22; per-cell aggregation AG12 P2"
"8846482c13fffff","P-1","P-1","2026.02","City and County of Honolulu Zoning 2024 (res-8 polyfill)","Honolulu DPP LUO zoning districts, downloaded 2026-02-22; per-cell aggregation AG12 P2"
"8846482c15fffff","P-1","P-1","2026.02","City and County of Honolulu Zoning 2024 (res-8 polyfill)","Honolulu DPP LUO zoning districts, downloaded 2026-02-22; per-cell aggregation AG12 P2"
"8846482c17fffff","P-1","P-1","2026.02","City and County of Honolulu Zoning 2024 (res-8 polyfill)","Honolulu DPP LUO zoning districts, downloaded 2026-02-22; per-cell aggregation AG12 P2"
"8846482c19fffff","P-1","P-1","2026.02","City and County of Honolulu Zoning 2024 (res-8 polyfill)","Honolulu DPP LUO zoning districts, downloaded 2026-02-22; per-cell aggregation AG12 P2"
"8846482c1bfffff","P-1","P-1","2026.02","City and County of Honolulu Zoning 2024 (res-8 polyfill)","Honolulu DPP LUO zoning districts, downloaded 2026-02-22; per-cell aggregation AG12 P2"
"8846482c1dfffff","P-1","P-1","2026.02","City and County of Honolulu Zoning 2024 (res-8 polyfill)","Honolulu DPP LUO zoning districts, downloaded 2026-02-22; per-cell aggregation AG12 P2"
"8846482c21fffff","AG-1","AG-1","2026.02","City and County of Honolulu Zoning 2024 (res-8 polyfill)","Honolulu DPP LUO zoning districts, downloaded 2026-02-22; per-cell aggregation AG12 P2"
"8846482c23fffff","AG-1","AG-1","2026.02","City and County of Honolulu Zoning 2024 (res-8 polyfill)","Honolulu DPP LUO zoning districts, downloaded 2026-02-22; per-cell aggregation AG12 P2"
"8846482c25fffff","R-5","R-5","2026.02","City and County of Honolulu Zoning 2024 (res-8 polyfill)","Honolulu DPP LUO zoning districts, downloaded 2026-02-22; per-cell aggregation AG12 P2"
"8846482c27fffff","AG-1","AG-1","2026.02","City and County of Honolulu Zoning 2024 (res-8 polyfill)","Honolulu DPP LUO zoning districts, downloaded 2026-02-22; per-cell aggregation AG12 P2"
"8846482c29fffff","AG-1","AG-1","2026.02","City and County of Honolulu Zoning 2024 (res-8 polyfill)","Honolulu DPP LUO zoning districts, downloaded 2026-02-22; per-cell aggregation AG12 P2"
"8846482c2bfffff","AG-1","AG-1","2026.02","City and County of Honolulu Zoning 2024 (res-8 polyfill)","Honolulu DPP LUO zoning districts, downloaded 2026-02-22; per-cell aggregation AG12 P2"
"8846482c2dfffff","AG-1|P-2","AG-1","2026.02","City and County of Honolulu Zoning 2024 (res-8 polyfill)","Honolulu DPP LUO zoning districts, downloaded 2026-02-22; per-cell aggregation AG12 P2"
"8846482c31fffff","P-1","P-1","2026.02","City and County of Honolulu Zoning 2024 (res-8 polyfill)","Honolulu DPP LUO zoning districts, downloaded 2026-02-22; per-cell aggregation AG12 P2"
"8846482c33fffff","P-1","P-1","2026.02","City and County of Honolulu Zoning 2024 (res-8 polyfill)","Honolulu DPP LUO zoning districts, downloaded 2026-02-22; per-cell aggregation AG12 P2"
"8846482c35fffff","B-1|P-2|R-5","R-5","2026.02","City and County of Honolulu Zoning 2024 (res-8 polyfill)","Honolulu DPP LUO zoning districts, downloaded 2026-02-22; per-cell aggregation AG12 P2"
"8846482c37fffff","P-2|R-5","R-5","2026.02","City and County of Honolulu Zoning 2024 (res-8 polyfill)","Honolulu DPP LUO zoning districts, downloaded 2026-02-22; per-cell aggregation AG12 P2"
"8846482c39fffff","AG-1","AG-1","2026.02","City and County of Honolulu Zoning 2024 (res-8 polyfill)","Honolulu DPP LUO zoning districts, downloaded 2026-02-22; per-cell aggregation AG12 P2"
"8846482c3bfffff","P-1","P-1","2026.02","City and County of Honolulu Zoning 2024 (res-8 polyfill)","Honolulu DPP LUO zoning districts, downloaded 2026-02-22; per-cell aggregation AG12 P2"
"8846482c3dfffff","AG-1|P-2","AG-1","2026.02","City and County of Honolulu Zoning 2024 (res-8 polyfill)","Honolulu DPP LUO zoning districts, downloaded 2026-02-22; per-cell aggregation AG12 P2"
"8846482c41fffff","P-1","P-1","2026.02","City and County of Honolulu Zoning 2024 (res-8 polyfill)","Honolulu DPP LUO zoning districts, downloaded 2026-02-22; per-cell aggregation AG12 P2"
"8846482c43fffff","P-1","P-1","2026.02","City and County of Honolulu Zoning 2024 (res-8 polyfill)","Honolulu DPP LUO zoning districts, downloaded 2026-02-22; per-cell aggregation AG12 P2"
"8846482c45fffff","AG-1","AG-1","2026.02","City and County of Honolulu Zoning 2024 (res-8 polyfill)","Honolulu DPP LUO zoning districts, downloaded 2026-02-22; per-cell aggregation AG12 P2"
"8846482c47fffff","P-1","P-1","2026.02","City and County of Honolulu Zoning 2024 (res-8 polyfill)","Honolulu DPP LUO zoning districts, downloaded 2026-02-22; per-cell aggregation AG12 P2"
"8846482c49fffff","P-1","P-1","2026.02","City and County of Honolulu Zoning 2024 (res-8 polyfill)","Honolulu DPP LUO zoning districts, downloaded 2026-02-22; per-cell aggregation AG12 P2"
"8846482c4bfffff","P-1","P-1","2026.02","City and County of Honolulu Zoning 2024 (res-8 polyfill)","Honolulu DPP LUO zoning districts, downloaded 2026-02-22; per-cell aggregation AG12 P2"
"8846482c4dfffff","AG-1","AG-1","2026.02","City and County of Honolulu Zoning 2024 (res-8 polyfill)","Honolulu DPP LUO zoning districts, downloaded 2026-02-22; per-cell aggregation AG12 P2"
"8846482c51fffff","P-1","P-1","2026.02","City and County of Honolulu Zoning 2024 (res-8 polyfill)","Honolulu DPP LUO zoning districts, downloaded 2026-02-22; per-cell aggregation AG12 P2"
"8846482c53fffff","P-1","P-1","2026.02","City and County of Honolulu Zoning 2024 (res-8 polyfill)","Honolulu DPP LUO zoning districts, downloaded 2026-02-22; per-cell aggregation AG12 P2"
"8846482c55fffff","P-1","P-1","2026.02","City and County of Honolulu Zoning 2024 (res-8 polyfill)","Honolulu DPP LUO zoning districts, downloaded 2026-02-22; per-cell aggregation AG12 P2"
"8846482c57fffff","P-1","P-1","2026.02","City and County of Honolulu Zoning 2024 (res-8 polyfill)","Honolulu DPP LUO zoning districts, downloaded 2026-02-22; per-cell aggregation AG12 P2"
"8846482c59fffff","P-1","P-1","2026.02","City and County of Honolulu Zoning 2024 (res-8 polyfill)","Honolulu DPP LUO zoning districts, downloaded 2026-02-22; per-cell aggregation AG12 P2"
"8846482c5bfffff","P-1","P-1","2026.02","City and County of Honolulu Zoning 2024 (res-8 polyfill)","Honolulu DPP LUO zoning districts, downloaded 2026-02-22; per-cell aggregation AG12 P2"
"8846482c5dfffff","P-1","P-1","2026.02","City and County of Honolulu Zoning 2024 (res-8 polyfill)","Honolulu DPP LUO zoning districts, downloaded 2026-02-22; per-cell aggregation AG12 P2"
"8846482c61fffff","AG-1","AG-1","2026.02","City and County of Honolulu Zoning 2024 (res-8 polyfill)","Honolulu DPP LUO zoning districts, downloaded 2026-02-22; per-cell aggregation AG12 P2"
"8846482c63fffff","AG-1|F-1","AG-1","2026.02","City and County of Honolulu Zoning 2024 (res-8 polyfill)","Honolulu DPP LUO zoning districts, downloaded 2026-02-22; per-cell aggregation AG12 P2"
"8846482c65fffff","AG-1","AG-1","2026.02","City and County of Honolulu Zoning 2024 (res-8 polyfill)","Honolulu DPP LUO zoning districts, downloaded 2026-02-22; per-cell aggregation AG12 P2"
"8846482c67fffff","AG-1","AG-1","2026.02","City and County of Honolulu Zoning 2024 (res-8 polyfill)","Honolulu DPP LUO zoning districts, downloaded 2026-02-22; per-cell aggregation AG12 P2"
"8846482c69fffff","AG-1","AG-1","2026.02","City and County of Honolulu Zoning 2024 (res-8 polyfill)","Honolulu DPP LUO zoning districts, downloaded 2026-02-22; per-cell aggregation AG12 P2"
"8846482c6bfffff","AG-1","AG-1","2026.02","City and County of Honolulu Zoning 2024 (res-8 polyfill)","Honolulu DPP LUO zoning districts, downloaded 2026-02-22; per-cell aggregation AG12 P2"
"8846482c6dfffff","AG-1","AG-1","2026.02","City and County of Honolulu Zoning 2024 (res-8 polyfill)","Honolulu DPP LUO zoning districts, downloaded 2026-02-22; per-cell aggregation AG12 P2"
"8846482c81fffff","P-1","P-1","2026.02","City and County of Honolulu Zoning 2024 (res-8 polyfill)","Honolulu DPP LUO zoning districts, downloaded 2026-02-22; per-cell aggregation AG12 P2"
"8846482c83fffff","P-1","P-1","2026.02","City and County of Honolulu Zoning 2024 (res-8 polyfill)","Honolulu DPP LUO zoning districts, downloaded 2026-02-22; per-cell aggregation AG12 P2"
"8846482c85fffff","P-1","P-1","2026.02","City and County of Honolulu Zoning 2024 (res-8 polyfill)","Honolulu DPP LUO zoning districts, downloaded 2026-02-22; per-cell aggregation AG12 P2"
"8846482c87fffff","P-1","P-1","2026.02","City and County of Honolulu Zoning 2024 (res-8 polyfill)","Honolulu DPP LUO zoning districts, downloaded 2026-02-22; per-cell aggregation AG12 P2"
"8846482c89fffff","P-1","P-1","2026.02","City and County of Honolulu Zoning 2024 (res-8 polyfill)","Honolulu DPP LUO zoning districts, downloaded 2026-02-22; per-cell aggregation AG12 P2"
"8846482c8bfffff","P-1","P-1","2026.02","City and County of Honolulu Zoning 2024 (res-8 polyfill)","Honolulu DPP LUO zoning districts, downloaded 2026-02-22; per-cell aggregation AG12 P2"
"8846482c8dfffff","P-1","P-1","2026.02","City and County of Honolulu Zoning 2024 (res-8 polyfill)","Honolulu DPP LUO zoning districts, downloaded 2026-02-22; per-cell aggregation AG12 P2"
"8846482c91fffff","P-1","P-1","2026.02","City and County of Honolulu Zoning 2024 (res-8 polyfill)","Honolulu DPP LUO zoning districts, downloaded 2026-02-22; per-cell aggregation AG12 P2"
"8846482c93fffff","P-1","P-1","2026.02","City and County of Honolulu Zoning 2024 (res-8 polyfill)","Honolulu DPP LUO zoning districts, downloaded 2026-02-22; per-cell aggregation AG12 P2"
"8846482c95fffff","P-1","P-1","2026.02","City and County of Honolulu Zoning 2024 (res-8 polyfill)","Honolulu DPP LUO zoning districts, downloaded 2026-02-22; per-cell aggregation AG12 P2"
"8846482c97fffff","P-1","P-1","2026.02","City and County of Honolulu Zoning 2024 (res-8 polyfill)","Honolulu DPP LUO zoning districts, downloaded 2026-02-22; per-cell aggregation AG12 P2"
"8846482c99fffff","P-1","P-1","2026.02","City and County of Honolulu Zoning 2024 (res-8 polyfill)","Honolulu DPP LUO zoning districts, downloaded 2026-02-22; per-cell aggregation AG12 P2"
"8846482c9bfffff","P-1","P-1","2026.02","City and County of Honolulu Zoning 2024 (res-8 polyfill)","Honolulu DPP LUO zoning districts, downloaded 2026-02-22; per-cell aggregation AG12 P2"
"8846482c9dfffff","P-1","P-1","2026.02","City and County of Honolulu Zoning 2024 (res-8 polyfill)","Honolulu DPP LUO zoning districts, downloaded 2026-02-22; per-cell aggregation AG12 P2"
"8846482ca1fffff","P-1|P-2","P-1","2026.02","City and County of Honolulu Zoning 2024 (res-8 polyfill)","Honolulu DPP LUO zoning districts, downloaded 2026-02-22; per-cell aggregation AG12 P2"
"8846482ca3fffff","P-2","P-2","2026.02","City and County of Honolulu Zoning 2024 (res-8 polyfill)","Honolulu DPP LUO zoning districts, downloaded 2026-02-22; per-cell aggregation AG12 P2"
"8846482ca5fffff","P-1|P-2|R-7.5","P-1","2026.02","City and County of Honolulu Zoning 2024 (res-8 polyfill)","Honolulu DPP LUO zoning districts, downloaded 2026-02-22; per-cell aggregation AG12 P2"
"8846482ca7fffff","P-2|R-10","R-10","2026.02","City and County of Honolulu Zoning 2024 (res-8 polyfill)","Honolulu DPP LUO zoning districts, downloaded 2026-02-22; per-cell aggregation AG12 P2"
"8846482ca9fffff","P-1","P-1","2026.02","City and County of Honolulu Zoning 2024 (res-8 polyfill)","Honolulu DPP LUO zoning districts, downloaded 2026-02-22; per-cell aggregation AG12 P2"
"8846482cabfffff","P-1","P-1","2026.02","City and County of Honolulu Zoning 2024 (res-8 polyfill)","Honolulu DPP LUO zoning districts, downloaded 2026-02-22; per-cell aggregation AG12 P2"
"8846482cadfffff","P-1","P-1","2026.02","City and County of Honolulu Zoning 2024 (res-8 polyfill)","Honolulu DPP LUO zoning districts, downloaded 2026-02-22; per-cell aggregation AG12 P2"
"8846482cb1fffff","P-1","P-1","2026.02","City and County of Honolulu Zoning 2024 (res-8 polyfill)","Honolulu DPP LUO zoning districts, downloaded 2026-02-22; per-cell aggregation AG12 P2"
"8846482cb3fffff","P-1","P-1","2026.02","City and County of Honolulu Zoning 2024 (res-8 polyfill)","Honolulu DPP LUO zoning districts, downloaded 2026-02-22; per-cell aggregation AG12 P2"
"8846482cb5fffff","P-1","P-1","2026.02","City and County of Honolulu Zoning 2024 (res-8 polyfill)","Honolulu DPP LUO zoning districts, downloaded 2026-02-22; per-cell aggregation AG12 P2"
"8846482cb7fffff","P-1","P-1","2026.02","City and County of Honolulu Zoning 2024 (res-8 polyfill)","Honolulu DPP LUO zoning districts, downloaded 2026-02-22; per-cell aggregation AG12 P2"
"8846482cb9fffff","P-1","P-1","2026.02","City and County of Honolulu Zoning 2024 (res-8 polyfill)","Honolulu DPP LUO zoning districts, downloaded 2026-02-22; per-cell aggregation AG12 P2"
"8846482cbbfffff","P-1","P-1","2026.02","City and County of Honolulu Zoning 2024 (res-8 polyfill)","Honolulu DPP LUO zoning districts, downloaded 2026-02-22; per-cell aggregation AG12 P2"
"8846482cbdfffff","P-1","P-1","2026.02","City and County of Honolulu Zoning 2024 (res-8 polyfill)","Honolulu DPP LUO zoning districts, downloaded 2026-02-22; per-cell aggregation AG12 P2"
"8846482cc1fffff","P-1","P-1","2026.02","City and County of Honolulu Zoning 2024 (res-8 polyfill)","Honolulu DPP LUO zoning districts, downloaded 2026-02-22; per-cell aggregation AG12 P2"
"8846482cc3fffff","P-1","P-1","2026.02","City and County of Honolulu Zoning 2024 (res-8 polyfill)","Honolulu DPP LUO zoning districts, downloaded 2026-02-22; per-cell aggregation AG12 P2"
"8846482cc5fffff","P-1","P-1","2026.02","City and County of Honolulu Zoning 2024 (res-8 polyfill)","Honolulu DPP LUO zoning districts, downloaded 2026-02-22; per-cell aggregation AG12 P2"
"8846482cc7fffff","P-1","P-1","2026.02","City and County of Honolulu Zoning 2024 (res-8 polyfill)","Honolulu DPP LUO zoning districts, downloaded 2026-02-22; per-cell aggregation AG12 P2"
"8846482cc9fffff","P-1","P-1","2026.02","City and County of Honolulu Zoning 2024 (res-8 polyfill)","Honolulu DPP LUO zoning districts, downloaded 2026-02-22; per-cell aggregation AG12 P2"
"8846482ccbfffff","P-1","P-1","2026.02","City and County of Honolulu Zoning 2024 (res-8 polyfill)","Honolulu DPP LUO zoning districts, downloaded 2026-02-22; per-cell aggregation AG12 P2"
"8846482ccdfffff","P-1","P-1","2026.02","City and County of Honolulu Zoning 2024 (res-8 polyfill)","Honolulu DPP LUO zoning districts, downloaded 2026-02-22; per-cell aggregation AG12 P2"
"8846482cd1fffff","P-1","P-1","2026.02","City and County of Honolulu Zoning 2024 (res-8 polyfill)","Honolulu DPP LUO zoning districts, downloaded 2026-02-22; per-cell aggregation AG12 P2"
"8846482cd3fffff","P-1","P-1","2026.02","City and County of Honolulu Zoning 2024 (res-8 polyfill)","Honolulu DPP LUO zoning districts, downloaded 2026-02-22; per-cell aggregation AG12 P2"
"8846482cd5fffff","P-1","P-1","2026.02","City and County of Honolulu Zoning 2024 (res-8 polyfill)","Honolulu DPP LUO zoning districts, downloaded 2026-02-22; per-cell aggregation AG12 P2"
"8846482cd7fffff","P-1","P-1","2026.02","City and County of Honolulu Zoning 2024 (res-8 polyfill)","Honolulu DPP LUO zoning districts, downloaded 2026-02-22; per-cell aggregation AG12 P2"
"8846482cd9fffff","P-1","P-1","2026.02","City and County of Honolulu Zoning 2024 (res-8 polyfill)","Honolulu DPP LUO zoning districts, downloaded 2026-02-22; per-cell aggregation AG12 P2"
"8846482cdbfffff","P-1","P-1","2026.02","City and County of Honolulu Zoning 2024 (res-8 polyfill)","Honolulu DPP LUO zoning districts, downloaded 2026-02-22; per-cell aggregation AG12 P2"
"8846482cddfffff","P-1","P-1","2026.02","City and County of Honolulu Zoning 2024 (res-8 polyfill)","Honolulu DPP LUO zoning districts, downloaded 2026-02-22; per-cell aggregation AG12 P2"
"8846482ce1fffff","P-1","P-1","2026.02","City and County of Honolulu Zoning 2024 (res-8 polyfill)","Honolulu DPP LUO zoning districts, downloaded 2026-02-22; per-cell aggregation AG12 P2"
"8846482ce3fffff","P-1","P-1","2026.02","City and County of Honolulu Zoning 2024 (res-8 polyfill)","Honolulu DPP LUO zoning districts, downloaded 2026-02-22; per-cell aggregation AG12 P2"
"8846482ce5fffff","P-1","P-1","2026.02","City and County of Honolulu Zoning 2024 (res-8 polyfill)","Honolulu DPP LUO zoning districts, downloaded 2026-02-22; per-cell aggregation AG12 P2"
"8846482ce7fffff","P-1","P-1","2026.02","City and County of Honolulu Zoning 2024 (res-8 polyfill)","Honolulu DPP LUO zoning districts, downloaded 2026-02-22; per-cell aggregation AG12 P2"
"8846482ce9fffff","P-1","P-1","2026.02","City and County of Honolulu Zoning 2024 (res-8 polyfill)","Honolulu DPP LUO zoning districts, downloaded 2026-02-22; per-cell aggregation AG12 P2"
"8846482cebfffff","P-1","P-1","2026.02","City and County of Honolulu Zoning 2024 (res-8 polyfill)","Honolulu DPP LUO zoning districts, downloaded 2026-02-22; per-cell aggregation AG12 P2"
"8846482cedfffff","P-1","P-1","2026.02","City and County of Honolulu Zoning 2024 (res-8 polyfill)","Honolulu DPP LUO zoning districts, downloaded 2026-02-22; per-cell aggregation AG12 P2"
"8846482d01fffff","F-1|IMX-1|P-2","F-1","2026.02","City and County of Honolulu Zoning 2024 (res-8 polyfill)","Honolulu DPP LUO zoning districts, downloaded 2026-02-22; per-cell aggregation AG12 P2"
"8846482d03fffff","A-1|A-2|B-1|IMX-1|R-5","R-5","2026.02","City and County of Honolulu Zoning 2024 (res-8 polyfill)","Honolulu DPP LUO zoning districts, downloaded 2026-02-22; per-cell aggregation AG12 P2"
"8846482d05fffff","AG-1","AG-1","2026.02","City and County of Honolulu Zoning 2024 (res-8 polyfill)","Honolulu DPP LUO zoning districts, downloaded 2026-02-22; per-cell aggregation AG12 P2"
"8846482d07fffff","F-1","F-1","2026.02","City and County of Honolulu Zoning 2024 (res-8 polyfill)","Honolulu DPP LUO zoning districts, downloaded 2026-02-22; per-cell aggregation AG12 P2"
"8846482d09fffff","AG-1|P-2","AG-1","2026.02","City and County of Honolulu Zoning 2024 (res-8 polyfill)","Honolulu DPP LUO zoning districts, downloaded 2026-02-22; per-cell aggregation AG12 P2"
"8846482d0bfffff","BMX-3|I-2|IMX-1","BMX-3","2026.02","City and County of Honolulu Zoning 2024 (res-8 polyfill)","Honolulu DPP LUO zoning districts, downloaded 2026-02-22; per-cell aggregation AG12 P2"
"8846482d0dfffff","B-1|P-2|R-5","R-5","2026.02","City and County of Honolulu Zoning 2024 (res-8 polyfill)","Honolulu DPP LUO zoning districts, downloaded 2026-02-22; per-cell aggregation AG12 P2"
"8846482d11fffff","P-2|R-5","P-2","2026.02","City and County of Honolulu Zoning 2024 (res-8 polyfill)","Honolulu DPP LUO zoning districts, downloaded 2026-02-22; per-cell aggregation AG12 P2"
"8846482d13fffff","AG-1|I-1","AG-1","2026.02","City and County of Honolulu Zoning 2024 (res-8 polyfill)","Honolulu DPP LUO zoning districts, downloaded 2026-02-22; per-cell aggregation AG12 P2"
"8846482d15fffff","A-1|A-2|P-2|R-5","R-5","2026.02","City and County of Honolulu Zoning 2024 (res-8 polyfill)","Honolulu DPP LUO zoning districts, downloaded 2026-02-22; per-cell aggregation AG12 P2"
"8846482d17fffff","A-1|A-2|AG-1","AG-1","2026.02","City and County of Honolulu Zoning 2024 (res-8 polyfill)","Honolulu DPP LUO zoning districts, downloaded 2026-02-22; per-cell aggregation AG12 P2"
"8846482d19fffff","A-1|B-2","A-1","2026.02","City and County of Honolulu Zoning 2024 (res-8 polyfill)","Honolulu DPP LUO zoning districts, downloaded 2026-02-22; per-cell aggregation AG12 P2"
"8846482d1bfffff","A-1|A-2|B-1|P-2|R-5","A-1","2026.02","City and County of Honolulu Zoning 2024 (res-8 polyfill)","Honolulu DPP LUO zoning districts, downloaded 2026-02-22; per-cell aggregation AG12 P2"
"8846482d1dfffff","AG-1|I-2|R-5","AG-1","2026.02","City and County of Honolulu Zoning 2024 (res-8 polyfill)","Honolulu DPP LUO zoning districts, downloaded 2026-02-22; per-cell aggregation AG12 P2"
"8846482d21fffff","P-2|R-5","P-2","2026.02","City and County of Honolulu Zoning 2024 (res-8 polyfill)","Honolulu DPP LUO zoning districts, downloaded 2026-02-22; per-cell aggregation AG12 P2"
"8846482d23fffff","P-2","P-2","2026.02","City and County of Honolulu Zoning 2024 (res-8 polyfill)","Honolulu DPP LUO zoning districts, downloaded 2026-02-22; per-cell aggregation AG12 P2"
"8846482d25fffff","A-1|B-1|I-1|P-2|R-5","I-1","2026.02","City and County of Honolulu Zoning 2024 (res-8 polyfill)","Honolulu DPP LUO zoning districts, downloaded 2026-02-22; per-cell aggregation AG12 P2"
"8846482d27fffff","R-5","R-5","2026.02","City and County of Honolulu Zoning 2024 (res-8 polyfill)","Honolulu DPP LUO zoning districts, downloaded 2026-02-22; per-cell aggregation AG12 P2"
"8846482d29fffff","AG-1","AG-1","2026.02","City and County of Honolulu Zoning 2024 (res-8 polyfill)","Honolulu DPP LUO zoning districts, downloaded 2026-02-22; per-cell aggregation AG12 P2"
"8846482d2bfffff","F-1","F-1","2026.02","City and County of Honolulu Zoning 2024 (res-8 polyfill)","Honolulu DPP LUO zoning districts, downloaded 2026-02-22; per-cell aggregation AG12 P2"
"8846482d2dfffff","A-1|AG-1","AG-1","2026.02","City and County of Honolulu Zoning 2024 (res-8 polyfill)","Honolulu DPP LUO zoning districts, downloaded 2026-02-22; per-cell aggregation AG12 P2"
"8846482d31fffff","A-1|B-2|P-2|R-5","P-2","2026.02","City and County of Honolulu Zoning 2024 (res-8 polyfill)","Honolulu DPP LUO zoning districts, downloaded 2026-02-22; per-cell aggregation AG12 P2"
"8846482d33fffff","R-5","R-5","2026.02","City and County of Honolulu Zoning 2024 (res-8 polyfill)","Honolulu DPP LUO zoning districts, downloaded 2026-02-22; per-cell aggregation AG12 P2"
"8846482d35fffff","A-1|P-2|R-5","R-5","2026.02","City and County of Honolulu Zoning 2024 (res-8 polyfill)","Honolulu DPP LUO zoning districts, downloaded 2026-02-22; per-cell aggregation AG12 P2"
"8846482d37fffff","A-1|P-2|R-5","R-5","2026.02","City and County of Honolulu Zoning 2024 (res-8 polyfill)","Honolulu DPP LUO zoning districts, downloaded 2026-02-22; per-cell aggregation AG12 P2"
"8846482d39fffff","A-1|AG-1|B-1|P-2","AG-1","2026.02","City and County of Honolulu Zoning 2024 (res-8 polyfill)","Honolulu DPP LUO zoning districts, downloaded 2026-02-22; per-cell aggregation AG12 P2"
"8846482d3bfffff","A-1|P-2|R-5","R-5","2026.02","City and County of Honolulu Zoning 2024 (res-8 polyfill)","Honolulu DPP LUO zoning districts, downloaded 2026-02-22; per-cell aggregation AG12 P2"
"8846482d3dfffff","F-1","F-1","2026.02","City and County of Honolulu Zoning 2024 (res-8 polyfill)","Honolulu DPP LUO zoning districts, downloaded 2026-02-22; per-cell aggregation AG12 P2"
"8846482d41fffff","A-1|A-2|P-2|R-5","R-5","2026.02","City and County of Honolulu Zoning 2024 (res-8 polyfill)","Honolulu DPP LUO zoning districts, downloaded 2026-02-22; per-cell aggregation AG12 P2"
"8846482d43fffff","A-1|A-2|AG-1|P-2","P-2","2026.02","City and County of Honolulu Zoning 2024 (res-8 polyfill)","Honolulu DPP LUO zoning districts, downloaded 2026-02-22; per-cell aggregation AG12 P2"
"8846482d45fffff","A-1|A-2|B-2|P-2","A-1","2026.02","City and County of Honolulu Zoning 2024 (res-8 polyfill)","Honolulu DPP LUO zoning districts, downloaded 2026-02-22; per-cell aggregation AG12 P2"
"8846482d47fffff","A-1|P-2|R-5","R-5","2026.02","City and County of Honolulu Zoning 2024 (res-8 polyfill)","Honolulu DPP LUO zoning districts, downloaded 2026-02-22; per-cell aggregation AG12 P2"
"8846482d49fffff","A-1|A-2|B-2|P-2|R-5","R-5","2026.02","City and County of Honolulu Zoning 2024 (res-8 polyfill)","Honolulu DPP LUO zoning districts, downloaded 2026-02-22; per-cell aggregation AG12 P2"
"8846482d4bfffff","A-2|B-2|P-2|R-5","A-2","2026.02","City and County of Honolulu Zoning 2024 (res-8 polyfill)","Honolulu DPP LUO zoning districts, downloaded 2026-02-22; per-cell aggregation AG12 P2"
"8846482d4dfffff","A-2|P-2|R-5","R-5","2026.02","City and County of Honolulu Zoning 2024 (res-8 polyfill)","Honolulu DPP LUO zoning districts, downloaded 2026-02-22; per-cell aggregation AG12 P2"
"8846482d51fffff","AG-1|P-2","AG-1","2026.02","City and County of Honolulu Zoning 2024 (res-8 polyfill)","Honolulu DPP LUO zoning districts, downloaded 2026-02-22; per-cell aggregation AG12 P2"
"8846482d53fffff","AG-1","AG-1","2026.02","City and County of Honolulu Zoning 2024 (res-8 polyfill)","Honolulu DPP LUO zoning districts, downloaded 2026-02-22; per-cell aggregation AG12 P2"
"8846482d55fffff","A-2|P-2","A-2","2026.02","City and County of Honolulu Zoning 2024 (res-8 polyfill)","Honolulu DPP LUO zoning districts, downloaded 2026-02-22; per-cell aggregation AG12 P2"
"8846482d57fffff","AG-1|IMX-1","AG-1","2026.02","City and County of Honolulu Zoning 2024 (res-8 polyfill)","Honolulu DPP LUO zoning districts, downloaded 2026-02-22; per-cell aggregation AG12 P2"
"8846482d59fffff","AG-1|B-1|P-2","AG-1","2026.02","City and County of Honolulu Zoning 2024 (res-8 polyfill)","Honolulu DPP LUO zoning districts, downloaded 2026-02-22; per-cell aggregation AG12 P2"
"8846482d5bfffff","P-2","P-2","2026.02","City and County of Honolulu Zoning 2024 (res-8 polyfill)","Honolulu DPP LUO zoning districts, downloaded 2026-02-22; per-cell aggregation AG12 P2"
"8846482d5dfffff","F-1","F-1","2026.02","City and County of Honolulu Zoning 2024 (res-8 polyfill)","Honolulu DPP LUO zoning districts, downloaded 2026-02-22; per-cell aggregation AG12 P2"
"8846482d61fffff","AG-1","AG-1","2026.02","City and County of Honolulu Zoning 2024 (res-8 polyfill)","Honolulu DPP LUO zoning districts, downloaded 2026-02-22; per-cell aggregation AG12 P2"
"8846482d63fffff","F-1","F-1","2026.02","City and County of Honolulu Zoning 2024 (res-8 polyfill)","Honolulu DPP LUO zoning districts, downloaded 2026-02-22; per-cell aggregation AG12 P2"
"8846482d65fffff","AG-1","AG-1","2026.02","City and County of Honolulu Zoning 2024 (res-8 polyfill)","Honolulu DPP LUO zoning districts, downloaded 2026-02-22; per-cell aggregation AG12 P2"
"8846482d67fffff","AG-1","AG-1","2026.02","City and County of Honolulu Zoning 2024 (res-8 polyfill)","Honolulu DPP LUO zoning districts, downloaded 2026-02-22; per-cell aggregation AG12 P2"
"8846482d69fffff","AG-1","AG-1","2026.02","City and County of Honolulu Zoning 2024 (res-8 polyfill)","Honolulu DPP LUO zoning districts, downloaded 2026-02-22; per-cell aggregation AG12 P2"
"8846482d6bfffff","A-1|R-5","R-5","2026.02","City and County of Honolulu Zoning 2024 (res-8 polyfill)","Honolulu DPP LUO zoning districts, downloaded 2026-02-22; per-cell aggregation AG12 P2"
"8846482d6dfffff","AG-1","AG-1","2026.02","City and County of Honolulu Zoning 2024 (res-8 polyfill)","Honolulu DPP LUO zoning districts, downloaded 2026-02-22; per-cell aggregation AG12 P2"
"8846482d81fffff","A-1|AG-2|B-2|I-2|P-2|R-5","R-5","2026.02","City and County of Honolulu Zoning 2024 (res-8 polyfill)","Honolulu DPP LUO zoning districts, downloaded 2026-02-22; per-cell aggregation AG12 P2"
"8846482d83fffff","A-2|AMX-2|AMX-3|BMX-3|I-2|IMX-1|P-2","BMX-3","2026.02","City and County of Honolulu Zoning 2024 (res-8 polyfill)","Honolulu DPP LUO zoning districts, downloaded 2026-02-22; per-cell aggregation AG12 P2"
"8846482d85fffff","I-2","I-2","2026.02","City and County of Honolulu Zoning 2024 (res-8 polyfill)","Honolulu DPP LUO zoning districts, downloaded 2026-02-22; per-cell aggregation AG12 P2"
"8846482d89fffff","A-1|P-2","A-1","2026.02","City and County of Honolulu Zoning 2024 (res-8 polyfill)","Honolulu DPP LUO zoning districts, downloaded 2026-02-22; per-cell aggregation AG12 P2"
"8846482d8bfffff","A-1|AMX-2|P-2|R-5","R-5","2026.02","City and County of Honolulu Zoning 2024 (res-8 polyfill)","Honolulu DPP LUO zoning districts, downloaded 2026-02-22; per-cell aggregation AG12 P2"
"8846482d8dfffff","B-2|I-2|P-2|R-5","R-5","2026.02","City and County of Honolulu Zoning 2024 (res-8 polyfill)","Honolulu DPP LUO zoning districts, downloaded 2026-02-22; per-cell aggregation AG12 P2"
"8846482d91fffff","B-2|I-2|P-2|R-3.5|R-5|R-7.5","R-5","2026.02","City and County of Honolulu Zoning 2024 (res-8 polyfill)","Honolulu DPP LUO zoning districts, downloaded 2026-02-22; per-cell aggregation AG12 P2"
"8846482d93fffff","F-1|R-3.5","F-1","2026.02","City and County of Honolulu Zoning 2024 (res-8 polyfill)","Honolulu DPP LUO zoning districts, downloaded 2026-02-22; per-cell aggregation AG12 P2"
"8846482d95fffff","A-2|B-2|F-1|P-1|P-2","F-1","2026.02","City and County of Honolulu Zoning 2024 (res-8 polyfill)","Honolulu DPP LUO zoning districts, downloaded 2026-02-22; per-cell aggregation AG12 P2"
"8846482d97fffff","P-2|R-5","R-5","2026.02","City and County of Honolulu Zoning 2024 (res-8 polyfill)","Honolulu DPP LUO zoning districts, downloaded 2026-02-22; per-cell aggregation AG12 P2"
"8846482d99fffff","A-1|A-2|P-2|R-7.5","R-7.5","2026.02","City and County of Honolulu Zoning 2024 (res-8 polyfill)","Honolulu DPP LUO zoning districts, downloaded 2026-02-22; per-cell aggregation AG12 P2"
"8846482d9bfffff","R-10|R-3.5","R-10","2026.02","City and County of Honolulu Zoning 2024 (res-8 polyfill)","Honolulu DPP LUO zoning districts, downloaded 2026-02-22; per-cell aggregation AG12 P2"
"8846482d9dfffff","A-2|AG-1|P-2","A-2","2026.02","City and County of Honolulu Zoning 2024 (res-8 polyfill)","Honolulu DPP LUO zoning districts, downloaded 2026-02-22; per-cell aggregation AG12 P2"
"8846482da7fffff","F-1","F-1","2026.02","City and County of Honolulu Zoning 2024 (res-8 polyfill)","Honolulu DPP LUO zoning districts, downloaded 2026-02-22; per-cell aggregation AG12 P2"
"8846482da9fffff","F-1","F-1","2026.02","City and County of Honolulu Zoning 2024 (res-8 polyfill)","Honolulu DPP LUO zoning districts, downloaded 2026-02-22; per-cell aggregation AG12 P2"
"8846482db3fffff","F-1","F-1","2026.02","City and County of Honolulu Zoning 2024 (res-8 polyfill)","Honolulu DPP LUO zoning districts, downloaded 2026-02-22; per-cell aggregation AG12 P2"
"8846482db5fffff","F-1","F-1","2026.02","City and County of Honolulu Zoning 2024 (res-8 polyfill)","Honolulu DPP LUO zoning districts, downloaded 2026-02-22; per-cell aggregation AG12 P2"
"8846482dbdfffff","F-1","F-1","2026.02","City and County of Honolulu Zoning 2024 (res-8 polyfill)","Honolulu DPP LUO zoning districts, downloaded 2026-02-22; per-cell aggregation AG12 P2"
"8846482dc1fffff","R-5","R-5","2026.02","City and County of Honolulu Zoning 2024 (res-8 polyfill)","Honolulu DPP LUO zoning districts, downloaded 2026-02-22; per-cell aggregation AG12 P2"
"8846482dc3fffff","P-2|R-5","R-5","2026.02","City and County of Honolulu Zoning 2024 (res-8 polyfill)","Honolulu DPP LUO zoning districts, downloaded 2026-02-22; per-cell aggregation AG12 P2"
"8846482dc5fffff","P-2|R-5","R-5","2026.02","City and County of Honolulu Zoning 2024 (res-8 polyfill)","Honolulu DPP LUO zoning districts, downloaded 2026-02-22; per-cell aggregation AG12 P2"
"8846482dc7fffff","P-2","P-2","2026.02","City and County of Honolulu Zoning 2024 (res-8 polyfill)","Honolulu DPP LUO zoning districts, downloaded 2026-02-22; per-cell aggregation AG12 P2"
"8846482dc9fffff","P-2|R-5","R-5","2026.02","City and County of Honolulu Zoning 2024 (res-8 polyfill)","Honolulu DPP LUO zoning districts, downloaded 2026-02-22; per-cell aggregation AG12 P2"
"8846482dcbfffff","R-5","R-5","2026.02","City and County of Honolulu Zoning 2024 (res-8 polyfill)","Honolulu DPP LUO zoning districts, downloaded 2026-02-22; per-cell aggregation AG12 P2"
"8846482dcdfffff","F-1|P-2","F-1","2026.02","City and County of Honolulu Zoning 2024 (res-8 polyfill)","Honolulu DPP LUO zoning districts, downloaded 2026-02-22; per-cell aggregation AG12 P2"
"8846482dd1fffff","P-1|P-2|R-5","P-1","2026.02","City and County of Honolulu Zoning 2024 (res-8 polyfill)","Honolulu DPP LUO zoning districts, downloaded 2026-02-22; per-cell aggregation AG12 P2"
"8846482dd3fffff","AG-1","AG-1","2026.02","City and County of Honolulu Zoning 2024 (res-8 polyfill)","Honolulu DPP LUO zoning districts, downloaded 2026-02-22; per-cell aggregation AG12 P2"
"8846482dd5fffff","P-2|R-5","R-5","2026.02","City and County of Honolulu Zoning 2024 (res-8 polyfill)","Honolulu DPP LUO zoning districts, downloaded 2026-02-22; per-cell aggregation AG12 P2"
"8846482dd7fffff","A-1|P-2","A-1","2026.02","City and County of Honolulu Zoning 2024 (res-8 polyfill)","Honolulu DPP LUO zoning districts, downloaded 2026-02-22; per-cell aggregation AG12 P2"
"8846482dd9fffff","A-1","A-1","2026.02","City and County of Honolulu Zoning 2024 (res-8 polyfill)","Honolulu DPP LUO zoning districts, downloaded 2026-02-22; per-cell aggregation AG12 P2"
"8846482ddbfffff","P-1","P-1","2026.02","City and County of Honolulu Zoning 2024 (res-8 polyfill)","Honolulu DPP LUO zoning districts, downloaded 2026-02-22; per-cell aggregation AG12 P2"
"8846482dddfffff","A-1|P-2","A-1","2026.02","City and County of Honolulu Zoning 2024 (res-8 polyfill)","Honolulu DPP LUO zoning districts, downloaded 2026-02-22; per-cell aggregation AG12 P2"
"8846482de1fffff","A-2|AG-1|AG-2|AMX-2|AMX-3|BMX-3|I-2|P-2","AG-2","2026.02","City and County of Honolulu Zoning 2024 (res-8 polyfill)","Honolulu DPP LUO zoning districts, downloaded 2026-02-22; per-cell aggregation AG12 P2"
"8846482de3fffff","A-2|AG-2|B-1|P-2|R-5","R-5","2026.02","City and County of Honolulu Zoning 2024 (res-8 polyfill)","Honolulu DPP LUO zoning districts, downloaded 2026-02-22; per-cell aggregation AG12 P2"
"8846482de5fffff","A-2|AG-2","AG-2","2026.02","City and County of Honolulu Zoning 2024 (res-8 polyfill)","Honolulu DPP LUO zoning districts, downloaded 2026-02-22; per-cell aggregation AG12 P2"
"8846482de7fffff","AG-2|F-1|P-1","F-1","2026.02","City and County of Honolulu Zoning 2024 (res-8 polyfill)","Honolulu DPP LUO zoning districts, downloaded 2026-02-22; per-cell aggregation AG12 P2"
"8846482de9fffff","AMX-2|F-1|R-5","F-1","2026.02","City and County of Honolulu Zoning 2024 (res-8 polyfill)","Honolulu DPP LUO zoning districts, downloaded 2026-02-22; per-cell aggregation AG12 P2"
"8846482debfffff","A-1|BMX-3|F-1|IMX-1|P-2","BMX-3","2026.02","City and County of Honolulu Zoning 2024 (res-8 polyfill)","Honolulu DPP LUO zoning districts, downloaded 2026-02-22; per-cell aggregation AG12 P2"
"8846482dedfffff","AG-2","AG-2","2026.02","City and County of Honolulu Zoning 2024 (res-8 polyfill)","Honolulu DPP LUO zoning districts, downloaded 2026-02-22; per-cell aggregation AG12 P2"
"8846482e01fffff","P-1","P-1","2026.02","City and County of Honolulu Zoning 2024 (res-8 polyfill)","Honolulu DPP LUO zoning districts, downloaded 2026-02-22; per-cell aggregation AG12 P2"
"8846482e03fffff","P-1","P-1","2026.02","City and County of Honolulu Zoning 2024 (res-8 polyfill)","Honolulu DPP LUO zoning districts, downloaded 2026-02-22; per-cell aggregation AG12 P2"
"8846482e05fffff","P-1","P-1","2026.02","City and County of Honolulu Zoning 2024 (res-8 polyfill)","Honolulu DPP LUO zoning districts, downloaded 2026-02-22; per-cell aggregation AG12 P2"
"8846482e07fffff","P-1","P-1","2026.02","City and County of Honolulu Zoning 2024 (res-8 polyfill)","Honolulu DPP LUO zoning districts, downloaded 2026-02-22; per-cell aggregation AG12 P2"
"8846482e09fffff","P-1","P-1","2026.02","City and County of Honolulu Zoning 2024 (res-8 polyfill)","Honolulu DPP LUO zoning districts, downloaded 2026-02-22; per-cell aggregation AG12 P2"
"8846482e0bfffff","P-1","P-1","2026.02","City and County of Honolulu Zoning 2024 (res-8 polyfill)","Honolulu DPP LUO zoning districts, downloaded 2026-02-22; per-cell aggregation AG12 P2"
"8846482e0dfffff","P-1","P-1","2026.02","City and County of Honolulu Zoning 2024 (res-8 polyfill)","Honolulu DPP LUO zoning districts, downloaded 2026-02-22; per-cell aggregation AG12 P2"
"8846482e11fffff","P-1","P-1","2026.02","City and County of Honolulu Zoning 2024 (res-8 polyfill)","Honolulu DPP LUO zoning districts, downloaded 2026-02-22; per-cell aggregation AG12 P2"
"8846482e13fffff","P-1","P-1","2026.02","City and County of Honolulu Zoning 2024 (res-8 polyfill)","Honolulu DPP LUO zoning districts, downloaded 2026-02-22; per-cell aggregation AG12 P2"
"8846482e15fffff","P-1","P-1","2026.02","City and County of Honolulu Zoning 2024 (res-8 polyfill)","Honolulu DPP LUO zoning districts, downloaded 2026-02-22; per-cell aggregation AG12 P2"
"8846482e17fffff","P-1","P-1","2026.02","City and County of Honolulu Zoning 2024 (res-8 polyfill)","Honolulu DPP LUO zoning districts, downloaded 2026-02-22; per-cell aggregation AG12 P2"
"8846482e19fffff","P-1","P-1","2026.02","City and County of Honolulu Zoning 2024 (res-8 polyfill)","Honolulu DPP LUO zoning districts, downloaded 2026-02-22; per-cell aggregation AG12 P2"
"8846482e1bfffff","P-1","P-1","2026.02","City and County of Honolulu Zoning 2024 (res-8 polyfill)","Honolulu DPP LUO zoning districts, downloaded 2026-02-22; per-cell aggregation AG12 P2"
"8846482e1dfffff","P-1","P-1","2026.02","City and County of Honolulu Zoning 2024 (res-8 polyfill)","Honolulu DPP LUO zoning districts, downloaded 2026-02-22; per-cell aggregation AG12 P2"
"8846482e21fffff","P-1","P-1","2026.02","City and County of Honolulu Zoning 2024 (res-8 polyfill)","Honolulu DPP LUO zoning districts, downloaded 2026-02-22; per-cell aggregation AG12 P2"
"8846482e23fffff","P-1","P-1","2026.02","City and County of Honolulu Zoning 2024 (res-8 polyfill)","Honolulu DPP LUO zoning districts, downloaded 2026-02-22; per-cell aggregation AG12 P2"
"8846482e25fffff","P-1","P-1","2026.02","City and County of Honolulu Zoning 2024 (res-8 polyfill)","Honolulu DPP LUO zoning districts, downloaded 2026-02-22; per-cell aggregation AG12 P2"
"8846482e27fffff","P-1","P-1","2026.02","City and County of Honolulu Zoning 2024 (res-8 polyfill)","Honolulu DPP LUO zoning districts, downloaded 2026-02-22; per-cell aggregation AG12 P2"
"8846482e29fffff","P-1","P-1","2026.02","City and County of Honolulu Zoning 2024 (res-8 polyfill)","Honolulu DPP LUO zoning districts, downloaded 2026-02-22; per-cell aggregation AG12 P2"
"8846482e2bfffff","P-1","P-1","2026.02","City and County of Honolulu Zoning 2024 (res-8 polyfill)","Honolulu DPP LUO zoning districts, downloaded 2026-02-22; per-cell aggregation AG12 P2"
"8846482e2dfffff","P-1","P-1","2026.02","City and County of Honolulu Zoning 2024 (res-8 polyfill)","Honolulu DPP LUO zoning districts, downloaded 2026-02-22; per-cell aggregation AG12 P2"
"8846482e31fffff","P-1","P-1","2026.02","City and County of Honolulu Zoning 2024 (res-8 polyfill)","Honolulu DPP LUO zoning districts, downloaded 2026-02-22; per-cell aggregation AG12 P2"
"8846482e33fffff","P-1","P-1","2026.02","City and County of Honolulu Zoning 2024 (res-8 polyfill)","Honolulu DPP LUO zoning districts, downloaded 2026-02-22; per-cell aggregation AG12 P2"
"8846482e35fffff","P-1","P-1","2026.02","City and County of Honolulu Zoning 2024 (res-8 polyfill)","Honolulu DPP LUO zoning districts, downloaded 2026-02-22; per-cell aggregation AG12 P2"
"8846482e37fffff","P-1","P-1","2026.02","City and County of Honolulu Zoning 2024 (res-8 polyfill)","Honolulu DPP LUO zoning districts, downloaded 2026-02-22; per-cell aggregation AG12 P2"
"8846482e39fffff","P-1","P-1","2026.02","City and County of Honolulu Zoning 2024 (res-8 polyfill)","Honolulu DPP LUO zoning districts, downloaded 2026-02-22; per-cell aggregation AG12 P2"
"8846482e3bfffff","P-1","P-1","2026.02","City and County of Honolulu Zoning 2024 (res-8 polyfill)","Honolulu DPP LUO zoning districts, downloaded 2026-02-22; per-cell aggregation AG12 P2"
"8846482e3dfffff","P-1","P-1","2026.02","City and County of Honolulu Zoning 2024 (res-8 polyfill)","Honolulu DPP LUO zoning districts, downloaded 2026-02-22; per-cell aggregation AG12 P2"
"8846482e41fffff","P-1","P-1","2026.02","City and County of Honolulu Zoning 2024 (res-8 polyfill)","Honolulu DPP LUO zoning districts, downloaded 2026-02-22; per-cell aggregation AG12 P2"
"8846482e43fffff","P-1","P-1","2026.02","City and County of Honolulu Zoning 2024 (res-8 polyfill)","Honolulu DPP LUO zoning districts, downloaded 2026-02-22; per-cell aggregation AG12 P2"
"8846482e45fffff","P-1","P-1","2026.02","City and County of Honolulu Zoning 2024 (res-8 polyfill)","Honolulu DPP LUO zoning districts, downloaded 2026-02-22; per-cell aggregation AG12 P2"
"8846482e47fffff","P-1","P-1","2026.02","City and County of Honolulu Zoning 2024 (res-8 polyfill)","Honolulu DPP LUO zoning districts, downloaded 2026-02-22; per-cell aggregation AG12 P2"
"8846482e49fffff","P-1","P-1","2026.02","City and County of Honolulu Zoning 2024 (res-8 polyfill)","Honolulu DPP LUO zoning districts, downloaded 2026-02-22; per-cell aggregation AG12 P2"
"8846482e4bfffff","P-1","P-1","2026.02","City and County of Honolulu Zoning 2024 (res-8 polyfill)","Honolulu DPP LUO zoning districts, downloaded 2026-02-22; per-cell aggregation AG12 P2"
"8846482e4dfffff","P-1","P-1","2026.02","City and County of Honolulu Zoning 2024 (res-8 polyfill)","Honolulu DPP LUO zoning districts, downloaded 2026-02-22; per-cell aggregation AG12 P2"
"8846482e51fffff","P-1","P-1","2026.02","City and County of Honolulu Zoning 2024 (res-8 polyfill)","Honolulu DPP LUO zoning districts, downloaded 2026-02-22; per-cell aggregation AG12 P2"
"8846482e53fffff","P-1","P-1","2026.02","City and County of Honolulu Zoning 2024 (res-8 polyfill)","Honolulu DPP LUO zoning districts, downloaded 2026-02-22; per-cell aggregation AG12 P2"
"8846482e55fffff","P-1","P-1","2026.02","City and County of Honolulu Zoning 2024 (res-8 polyfill)","Honolulu DPP LUO zoning districts, downloaded 2026-02-22; per-cell aggregation AG12 P2"
"8846482e57fffff","P-1","P-1","2026.02","City and County of Honolulu Zoning 2024 (res-8 polyfill)","Honolulu DPP LUO zoning districts, downloaded 2026-02-22; per-cell aggregation AG12 P2"
"8846482e59fffff","P-1","P-1","2026.02","City and County of Honolulu Zoning 2024 (res-8 polyfill)","Honolulu DPP LUO zoning districts, downloaded 2026-02-22; per-cell aggregation AG12 P2"
"8846482e5bfffff","P-1","P-1","2026.02","City and County of Honolulu Zoning 2024 (res-8 polyfill)","Honolulu DPP LUO zoning districts, downloaded 2026-02-22; per-cell aggregation AG12 P2"
"8846482e5dfffff","P-1","P-1","2026.02","City and County of Honolulu Zoning 2024 (res-8 polyfill)","Honolulu DPP LUO zoning districts, downloaded 2026-02-22; per-cell aggregation AG12 P2"
"8846482e61fffff","P-1","P-1","2026.02","City and County of Honolulu Zoning 2024 (res-8 polyfill)","Honolulu DPP LUO zoning districts, downloaded 2026-02-22; per-cell aggregation AG12 P2"
"8846482e63fffff","P-1","P-1","2026.02","City and County of Honolulu Zoning 2024 (res-8 polyfill)","Honolulu DPP LUO zoning districts, downloaded 2026-02-22; per-cell aggregation AG12 P2"
"8846482e65fffff","P-1","P-1","2026.02","City and County of Honolulu Zoning 2024 (res-8 polyfill)","Honolulu DPP LUO zoning districts, downloaded 2026-02-22; per-cell aggregation AG12 P2"
"8846482e67fffff","P-1","P-1","2026.02","City and County of Honolulu Zoning 2024 (res-8 polyfill)","Honolulu DPP LUO zoning districts, downloaded 2026-02-22; per-cell aggregation AG12 P2"
"8846482e69fffff","P-1","P-1","2026.02","City and County of Honolulu Zoning 2024 (res-8 polyfill)","Honolulu DPP LUO zoning districts, downloaded 2026-02-22; per-cell aggregation AG12 P2"
"8846482e6bfffff","P-1","P-1","2026.02","City and County of Honolulu Zoning 2024 (res-8 polyfill)","Honolulu DPP LUO zoning districts, downloaded 2026-02-22; per-cell aggregation AG12 P2"
"8846482e6dfffff","P-1","P-1","2026.02","City and County of Honolulu Zoning 2024 (res-8 polyfill)","Honolulu DPP LUO zoning districts, downloaded 2026-02-22; per-cell aggregation AG12 P2"
"8846482e81fffff","P-1","P-1","2026.02","City and County of Honolulu Zoning 2024 (res-8 polyfill)","Honolulu DPP LUO zoning districts, downloaded 2026-02-22; per-cell aggregation AG12 P2"
"8846482e83fffff","P-1","P-1","2026.02","City and County of Honolulu Zoning 2024 (res-8 polyfill)","Honolulu DPP LUO zoning districts, downloaded 2026-02-22; per-cell aggregation AG12 P2"
"8846482e85fffff","P-1","P-1","2026.02","City and County of Honolulu Zoning 2024 (res-8 polyfill)","Honolulu DPP LUO zoning districts, downloaded 2026-02-22; per-cell aggregation AG12 P2"
"8846482e87fffff","P-1","P-1","2026.02","City and County of Honolulu Zoning 2024 (res-8 polyfill)","Honolulu DPP LUO zoning districts, downloaded 2026-02-22; per-cell aggregation AG12 P2"
"8846482e89fffff","P-1","P-1","2026.02","City and County of Honolulu Zoning 2024 (res-8 polyfill)","Honolulu DPP LUO zoning districts, downloaded 2026-02-22; per-cell aggregation AG12 P2"
"8846482e8bfffff","P-1","P-1","2026.02","City and County of Honolulu Zoning 2024 (res-8 polyfill)","Honolulu DPP LUO zoning districts, downloaded 2026-02-22; per-cell aggregation AG12 P2"
"8846482e8dfffff","P-1","P-1","2026.02","City and County of Honolulu Zoning 2024 (res-8 polyfill)","Honolulu DPP LUO zoning districts, downloaded 2026-02-22; per-cell aggregation AG12 P2"
"8846482e91fffff","P-1","P-1","2026.02","City and County of Honolulu Zoning 2024 (res-8 polyfill)","Honolulu DPP LUO zoning districts, downloaded 2026-02-22; per-cell aggregation AG12 P2"
"8846482e93fffff","AG-2|C","C","2026.02","City and County of Honolulu Zoning 2024 (res-8 polyfill)","Honolulu DPP LUO zoning districts, downloaded 2026-02-22; per-cell aggregation AG12 P2"
"8846482e95fffff","P-1","P-1","2026.02","City and County of Honolulu Zoning 2024 (res-8 polyfill)","Honolulu DPP LUO zoning districts, downloaded 2026-02-22; per-cell aggregation AG12 P2"
"8846482e97fffff","AG-1|P-1","P-1","2026.02","City and County of Honolulu Zoning 2024 (res-8 polyfill)","Honolulu DPP LUO zoning districts, downloaded 2026-02-22; per-cell aggregation AG12 P2"
"8846482e99fffff","AG-2","AG-2","2026.02","City and County of Honolulu Zoning 2024 (res-8 polyfill)","Honolulu DPP LUO zoning districts, downloaded 2026-02-22; per-cell aggregation AG12 P2"
"8846482e9bfffff","P-1","P-1","2026.02","City and County of Honolulu Zoning 2024 (res-8 polyfill)","Honolulu DPP LUO zoning districts, downloaded 2026-02-22; per-cell aggregation AG12 P2"
"8846482e9dfffff","P-1","P-1","2026.02","City and County of Honolulu Zoning 2024 (res-8 polyfill)","Honolulu DPP LUO zoning districts, downloaded 2026-02-22; per-cell aggregation AG12 P2"
"8846482ea1fffff","P-1","P-1","2026.02","City and County of Honolulu Zoning 2024 (res-8 polyfill)","Honolulu DPP LUO zoning districts, downloaded 2026-02-22; per-cell aggregation AG12 P2"
"8846482ea3fffff","P-1","P-1","2026.02","City and County of Honolulu Zoning 2024 (res-8 polyfill)","Honolulu DPP LUO zoning districts, downloaded 2026-02-22; per-cell aggregation AG12 P2"
"8846482ea5fffff","P-1","P-1","2026.02","City and County of Honolulu Zoning 2024 (res-8 polyfill)","Honolulu DPP LUO zoning districts, downloaded 2026-02-22; per-cell aggregation AG12 P2"
"8846482ea7fffff","P-1","P-1","2026.02","City and County of Honolulu Zoning 2024 (res-8 polyfill)","Honolulu DPP LUO zoning districts, downloaded 2026-02-22; per-cell aggregation AG12 P2"
"8846482ea9fffff","P-1","P-1","2026.02","City and County of Honolulu Zoning 2024 (res-8 polyfill)","Honolulu DPP LUO zoning districts, downloaded 2026-02-22; per-cell aggregation AG12 P2"
"8846482eabfffff","P-1","P-1","2026.02","City and County of Honolulu Zoning 2024 (res-8 polyfill)","Honolulu DPP LUO zoning districts, downloaded 2026-02-22; per-cell aggregation AG12 P2"
"8846482eadfffff","P-1","P-1","2026.02","City and County of Honolulu Zoning 2024 (res-8 polyfill)","Honolulu DPP LUO zoning districts, downloaded 2026-02-22; per-cell aggregation AG12 P2"
"8846482eb1fffff","P-1","P-1","2026.02","City and County of Honolulu Zoning 2024 (res-8 polyfill)","Honolulu DPP LUO zoning districts, downloaded 2026-02-22; per-cell aggregation AG12 P2"
"8846482eb3fffff","P-1","P-1","2026.02","City and County of Honolulu Zoning 2024 (res-8 polyfill)","Honolulu DPP LUO zoning districts, downloaded 2026-02-22; per-cell aggregation AG12 P2"
"8846482eb5fffff","P-1","P-1","2026.02","City and County of Honolulu Zoning 2024 (res-8 polyfill)","Honolulu DPP LUO zoning districts, downloaded 2026-02-22; per-cell aggregation AG12 P2"
"8846482eb7fffff","P-1","P-1","2026.02","City and County of Honolulu Zoning 2024 (res-8 polyfill)","Honolulu DPP LUO zoning districts, downloaded 2026-02-22; per-cell aggregation AG12 P2"
"8846482eb9fffff","P-1","P-1","2026.02","City and County of Honolulu Zoning 2024 (res-8 polyfill)","Honolulu DPP LUO zoning districts, downloaded 2026-02-22; per-cell aggregation AG12 P2"
"8846482ebbfffff","P-1","P-1","2026.02","City and County of Honolulu Zoning 2024 (res-8 polyfill)","Honolulu DPP LUO zoning districts, downloaded 2026-02-22; per-cell aggregation AG12 P2"
"8846482ebdfffff","P-1","P-1","2026.02","City and County of Honolulu Zoning 2024 (res-8 polyfill)","Honolulu DPP LUO zoning districts, downloaded 2026-02-22; per-cell aggregation AG12 P2"
"8846482ec1fffff","P-1","P-1","2026.02","City and County of Honolulu Zoning 2024 (res-8 polyfill)","Honolulu DPP LUO zoning districts, downloaded 2026-02-22; per-cell aggregation AG12 P2"
"8846482ec3fffff","P-1","P-1","2026.02","City and County of Honolulu Zoning 2024 (res-8 polyfill)","Honolulu DPP LUO zoning districts, downloaded 2026-02-22; per-cell aggregation AG12 P2"
"8846482ec5fffff","P-1","P-1","2026.02","City and County of Honolulu Zoning 2024 (res-8 polyfill)","Honolulu DPP LUO zoning districts, downloaded 2026-02-22; per-cell aggregation AG12 P2"
"8846482ec7fffff","P-1","P-1","2026.02","City and County of Honolulu Zoning 2024 (res-8 polyfill)","Honolulu DPP LUO zoning districts, downloaded 2026-02-22; per-cell aggregation AG12 P2"
"8846482ec9fffff","P-1","P-1","2026.02","City and County of Honolulu Zoning 2024 (res-8 polyfill)","Honolulu DPP LUO zoning districts, downloaded 2026-02-22; per-cell aggregation AG12 P2"
"8846482ecbfffff","P-1","P-1","2026.02","City and County of Honolulu Zoning 2024 (res-8 polyfill)","Honolulu DPP LUO zoning districts, downloaded 2026-02-22; per-cell aggregation AG12 P2"
"8846482ecdfffff","P-1","P-1","2026.02","City and County of Honolulu Zoning 2024 (res-8 polyfill)","Honolulu DPP LUO zoning districts, downloaded 2026-02-22; per-cell aggregation AG12 P2"
"8846482ed1fffff","P-1","P-1","2026.02","City and County of Honolulu Zoning 2024 (res-8 polyfill)","Honolulu DPP LUO zoning districts, downloaded 2026-02-22; per-cell aggregation AG12 P2"
"8846482ed3fffff","AG-2","AG-2","2026.02","City and County of Honolulu Zoning 2024 (res-8 polyfill)","Honolulu DPP LUO zoning districts, downloaded 2026-02-22; per-cell aggregation AG12 P2"
"8846482ed5fffff","P-1","P-1","2026.02","City and County of Honolulu Zoning 2024 (res-8 polyfill)","Honolulu DPP LUO zoning districts, downloaded 2026-02-22; per-cell aggregation AG12 P2"
"8846482ed7fffff","AG-2","AG-2","2026.02","City and County of Honolulu Zoning 2024 (res-8 polyfill)","Honolulu DPP LUO zoning districts, downloaded 2026-02-22; per-cell aggregation AG12 P2"
"8846482ed9fffff","P-1","P-1","2026.02","City and County of Honolulu Zoning 2024 (res-8 polyfill)","Honolulu DPP LUO zoning districts, downloaded 2026-02-22; per-cell aggregation AG12 P2"
"8846482edbfffff","AG-2","AG-2","2026.02","City and County of Honolulu Zoning 2024 (res-8 polyfill)","Honolulu DPP LUO zoning districts, downloaded 2026-02-22; per-cell aggregation AG12 P2"
"8846482eddfffff","P-1","P-1","2026.02","City and County of Honolulu Zoning 2024 (res-8 polyfill)","Honolulu DPP LUO zoning districts, downloaded 2026-02-22; per-cell aggregation AG12 P2"
"8846482ee1fffff","P-1","P-1","2026.02","City and County of Honolulu Zoning 2024 (res-8 polyfill)","Honolulu DPP LUO zoning districts, downloaded 2026-02-22; per-cell aggregation AG12 P2"
"8846482ee3fffff","P-1","P-1","2026.02","City and County of Honolulu Zoning 2024 (res-8 polyfill)","Honolulu DPP LUO zoning districts, downloaded 2026-02-22; per-cell aggregation AG12 P2"
"8846482ee5fffff","P-1","P-1","2026.02","City and County of Honolulu Zoning 2024 (res-8 polyfill)","Honolulu DPP LUO zoning districts, downloaded 2026-02-22; per-cell aggregation AG12 P2"
"8846482ee7fffff","P-1","P-1","2026.02","City and County of Honolulu Zoning 2024 (res-8 polyfill)","Honolulu DPP LUO zoning districts, downloaded 2026-02-22; per-cell aggregation AG12 P2"
"8846482ee9fffff","P-1","P-1","2026.02","City and County of Honolulu Zoning 2024 (res-8 polyfill)","Honolulu DPP LUO zoning districts, downloaded 2026-02-22; per-cell aggregation AG12 P2"
"8846482eebfffff","P-1","P-1","2026.02","City and County of Honolulu Zoning 2024 (res-8 polyfill)","Honolulu DPP LUO zoning districts, downloaded 2026-02-22; per-cell aggregation AG12 P2"
"8846482eedfffff","P-1","P-1","2026.02","City and County of Honolulu Zoning 2024 (res-8 polyfill)","Honolulu DPP LUO zoning districts, downloaded 2026-02-22; per-cell aggregation AG12 P2"
"8846482f01fffff","AG-1","AG-1","2026.02","City and County of Honolulu Zoning 2024 (res-8 polyfill)","Honolulu DPP LUO zoning districts, downloaded 2026-02-22; per-cell aggregation AG12 P2"
"8846482f03fffff","A-1|B-2|R-5","R-5","2026.02","City and County of Honolulu Zoning 2024 (res-8 polyfill)","Honolulu DPP LUO zoning districts, downloaded 2026-02-22; per-cell aggregation AG12 P2"
"8846482f05fffff","IMX-1","IMX-1","2026.02","City and County of Honolulu Zoning 2024 (res-8 polyfill)","Honolulu DPP LUO zoning districts, downloaded 2026-02-22; per-cell aggregation AG12 P2"
"8846482f07fffff","A-1|AG-1|P-2|R-5","R-5","2026.02","City and County of Honolulu Zoning 2024 (res-8 polyfill)","Honolulu DPP LUO zoning districts, downloaded 2026-02-22; per-cell aggregation AG12 P2"
"8846482f09fffff","F-1","F-1","2026.02","City and County of Honolulu Zoning 2024 (res-8 polyfill)","Honolulu DPP LUO zoning districts, downloaded 2026-02-22; per-cell aggregation AG12 P2"
"8846482f0bfffff","F-1|P-1","P-1","2026.02","City and County of Honolulu Zoning 2024 (res-8 polyfill)","Honolulu DPP LUO zoning districts, downloaded 2026-02-22; per-cell aggregation AG12 P2"
"8846482f0dfffff","F-1","F-1","2026.02","City and County of Honolulu Zoning 2024 (res-8 polyfill)","Honolulu DPP LUO zoning districts, downloaded 2026-02-22; per-cell aggregation AG12 P2"
"8846482f11fffff","P-2|R-5","R-5","2026.02","City and County of Honolulu Zoning 2024 (res-8 polyfill)","Honolulu DPP LUO zoning districts, downloaded 2026-02-22; per-cell aggregation AG12 P2"
"8846482f13fffff","AG-1","AG-1","2026.02","City and County of Honolulu Zoning 2024 (res-8 polyfill)","Honolulu DPP LUO zoning districts, downloaded 2026-02-22; per-cell aggregation AG12 P2"
"8846482f15fffff","A-1|P-2","A-1","2026.02","City and County of Honolulu Zoning 2024 (res-8 polyfill)","Honolulu DPP LUO zoning districts, downloaded 2026-02-22; per-cell aggregation AG12 P2"
"8846482f17fffff","AG-1","AG-1","2026.02","City and County of Honolulu Zoning 2024 (res-8 polyfill)","Honolulu DPP LUO zoning districts, downloaded 2026-02-22; per-cell aggregation AG12 P2"
"8846482f19fffff","P-1","P-1","2026.02","City and County of Honolulu Zoning 2024 (res-8 polyfill)","Honolulu DPP LUO zoning districts, downloaded 2026-02-22; per-cell aggregation AG12 P2"
"8846482f1bfffff","P-1","P-1","2026.02","City and County of Honolulu Zoning 2024 (res-8 polyfill)","Honolulu DPP LUO zoning districts, downloaded 2026-02-22; per-cell aggregation AG12 P2"
"8846482f1dfffff","F-1","F-1","2026.02","City and County of Honolulu Zoning 2024 (res-8 polyfill)","Honolulu DPP LUO zoning districts, downloaded 2026-02-22; per-cell aggregation AG12 P2"
"8846482f21fffff","AG-1|R-5","AG-1","2026.02","City and County of Honolulu Zoning 2024 (res-8 polyfill)","Honolulu DPP LUO zoning districts, downloaded 2026-02-22; per-cell aggregation AG12 P2"
"8846482f23fffff","A-1|A-2|AG-2|P-2|R-7.5","R-7.5","2026.02","City and County of Honolulu Zoning 2024 (res-8 polyfill)","Honolulu DPP LUO zoning districts, downloaded 2026-02-22; per-cell aggregation AG12 P2"
"8846482f25fffff","F-1","F-1","2026.02","City and County of Honolulu Zoning 2024 (res-8 polyfill)","Honolulu DPP LUO zoning districts, downloaded 2026-02-22; per-cell aggregation AG12 P2"
"8846482f27fffff","A-1|A-2|B-1|R-5|R-7.5","R-5","2026.02","City and County of Honolulu Zoning 2024 (res-8 polyfill)","Honolulu DPP LUO zoning districts, downloaded 2026-02-22; per-cell aggregation AG12 P2"
"8846482f29fffff","IMX-1","IMX-1","2026.02","City and County of Honolulu Zoning 2024 (res-8 polyfill)","Honolulu DPP LUO zoning districts, downloaded 2026-02-22; per-cell aggregation AG12 P2"
"8846482f2bfffff","AG-1","AG-1","2026.02","City and County of Honolulu Zoning 2024 (res-8 polyfill)","Honolulu DPP LUO zoning districts, downloaded 2026-02-22; per-cell aggregation AG12 P2"
"8846482f2dfffff","F-1","F-1","2026.02","City and County of Honolulu Zoning 2024 (res-8 polyfill)","Honolulu DPP LUO zoning districts, downloaded 2026-02-22; per-cell aggregation AG12 P2"
"8846482f31fffff","P-2|R-5","R-5","2026.02","City and County of Honolulu Zoning 2024 (res-8 polyfill)","Honolulu DPP LUO zoning districts, downloaded 2026-02-22; per-cell aggregation AG12 P2"
"8846482f33fffff","AG-1","AG-1","2026.02","City and County of Honolulu Zoning 2024 (res-8 polyfill)","Honolulu DPP LUO zoning districts, downloaded 2026-02-22; per-cell aggregation AG12 P2"
"8846482f35fffff","A-1|A-2","A-2","2026.02","City and County of Honolulu Zoning 2024 (res-8 polyfill)","Honolulu DPP LUO zoning districts, downloaded 2026-02-22; per-cell aggregation AG12 P2"
"8846482f37fffff","P-2|R-5","R-5","2026.02","City and County of Honolulu Zoning 2024 (res-8 polyfill)","Honolulu DPP LUO zoning districts, downloaded 2026-02-22; per-cell aggregation AG12 P2"
"8846482f39fffff","A-1|P-2|R-5","R-5","2026.02","City and County of Honolulu Zoning 2024 (res-8 polyfill)","Honolulu DPP LUO zoning districts, downloaded 2026-02-22; per-cell aggregation AG12 P2"
"8846482f3bfffff","AG-1","AG-1","2026.02","City and County of Honolulu Zoning 2024 (res-8 polyfill)","Honolulu DPP LUO zoning districts, downloaded 2026-02-22; per-cell aggregation AG12 P2"
"8846482f3dfffff","A-2|AG-2|B-1|P-2|R-5","P-2","2026.02","City and County of Honolulu Zoning 2024 (res-8 polyfill)","Honolulu DPP LUO zoning districts, downloaded 2026-02-22; per-cell aggregation AG12 P2"
"8846482f41fffff","AG-2|R-20|R-5","R-20","2026.02","City and County of Honolulu Zoning 2024 (res-8 polyfill)","Honolulu DPP LUO zoning districts, downloaded 2026-02-22; per-cell aggregation AG12 P2"
"8846482f43fffff","P-2|R-5|R-7.5","R-7.5","2026.02","City and County of Honolulu Zoning 2024 (res-8 polyfill)","Honolulu DPP LUO zoning districts, downloaded 2026-02-22; per-cell aggregation AG12 P2"
"8846482f45fffff","R-10|R-5","R-5","2026.02","City and County of Honolulu Zoning 2024 (res-8 polyfill)","Honolulu DPP LUO zoning districts, downloaded 2026-02-22; per-cell aggregation AG12 P2"
"8846482f47fffff","R-10|R-7.5","R-7.5","2026.02","City and County of Honolulu Zoning 2024 (res-8 polyfill)","Honolulu DPP LUO zoning districts, downloaded 2026-02-22; per-cell aggregation AG12 P2"
"8846482f49fffff","AG-1","AG-1","2026.02","City and County of Honolulu Zoning 2024 (res-8 polyfill)","Honolulu DPP LUO zoning districts, downloaded 2026-02-22; per-cell aggregation AG12 P2"
"8846482f4bfffff","P-1|R-10","P-1","2026.02","City and County of Honolulu Zoning 2024 (res-8 polyfill)","Honolulu DPP LUO zoning districts, downloaded 2026-02-22; per-cell aggregation AG12 P2"
"8846482f4dfffff","A-1|AG-1|B-2|P-2","AG-1","2026.02","City and County of Honolulu Zoning 2024 (res-8 polyfill)","Honolulu DPP LUO zoning districts, downloaded 2026-02-22; per-cell aggregation AG12 P2"
"8846482f51fffff","F-1","F-1","2026.02","City and County of Honolulu Zoning 2024 (res-8 polyfill)","Honolulu DPP LUO zoning districts, downloaded 2026-02-22; per-cell aggregation AG12 P2"
"8846482f53fffff","P-1","P-1","2026.02","City and County of Honolulu Zoning 2024 (res-8 polyfill)","Honolulu DPP LUO zoning districts, downloaded 2026-02-22; per-cell aggregation AG12 P2"
"8846482f55fffff","F-1","F-1","2026.02","City and County of Honolulu Zoning 2024 (res-8 polyfill)","Honolulu DPP LUO zoning districts, downloaded 2026-02-22; per-cell aggregation AG12 P2"
"8846482f57fffff","P-1","P-1","2026.02","City and County of Honolulu Zoning 2024 (res-8 polyfill)","Honolulu DPP LUO zoning districts, downloaded 2026-02-22; per-cell aggregation AG12 P2"
"8846482f59fffff","P-1","P-1","2026.02","City and County of Honolulu Zoning 2024 (res-8 polyfill)","Honolulu DPP LUO zoning districts, downloaded 2026-02-22; per-cell aggregation AG12 P2"
"8846482f5bfffff","F-1","F-1","2026.02","City and County of Honolulu Zoning 2024 (res-8 polyfill)","Honolulu DPP LUO zoning districts, downloaded 2026-02-22; per-cell aggregation AG12 P2"
"8846482f5dfffff","R-5|R-7.5","R-7.5","2026.02","City and County of Honolulu Zoning 2024 (res-8 polyfill)","Honolulu DPP LUO zoning districts, downloaded 2026-02-22; per-cell aggregation AG12 P2"
"8846482f61fffff","A-2|B-2|P-2|R-5","B-2","2026.02","City and County of Honolulu Zoning 2024 (res-8 polyfill)","Honolulu DPP LUO zoning districts, downloaded 2026-02-22; per-cell aggregation AG12 P2"
"8846482f63fffff","F-1","F-1","2026.02","City and County of Honolulu Zoning 2024 (res-8 polyfill)","Honolulu DPP LUO zoning districts, downloaded 2026-02-22; per-cell aggregation AG12 P2"
"8846482f65fffff","A-2|F-1|I-2","F-1","2026.02","City and County of Honolulu Zoning 2024 (res-8 polyfill)","Honolulu DPP LUO zoning districts, downloaded 2026-02-22; per-cell aggregation AG12 P2"
"8846482f67fffff","F-1","F-1","2026.02","City and County of Honolulu Zoning 2024 (res-8 polyfill)","Honolulu DPP LUO zoning districts, downloaded 2026-02-22; per-cell aggregation AG12 P2"
"8846482f69fffff","A-1|A-2|B-1|I-2|R-5|R-7.5","I-2","2026.02","City and County of Honolulu Zoning 2024 (res-8 polyfill)","Honolulu DPP LUO zoning districts, downloaded 2026-02-22; per-cell aggregation AG12 P2"
"8846482f6bfffff","B-2|P-2|R-5|R-7.5","R-5","2026.02","City and County of Honolulu Zoning 2024 (res-8 polyfill)","Honolulu DPP LUO zoning districts, downloaded 2026-02-22; per-cell aggregation AG12 P2"
"8846482f6dfffff","B-1|P-2|R-5|R-7.5","R-5","2026.02","City and County of Honolulu Zoning 2024 (res-8 polyfill)","Honolulu DPP LUO zoning districts, downloaded 2026-02-22; per-cell aggregation AG12 P2"
"88464830a3fffff","AG-2","AG-2","2026.02","City and County of Honolulu Zoning 2024 (res-8 polyfill)","Honolulu DPP LUO zoning districts, downloaded 2026-02-22; per-cell aggregation AG12 P2"
"88464830b5fffff","AG-2|P-2|Resort","P-2","2026.02","City and County of Honolulu Zoning 2024 (res-8 polyfill)","Honolulu DPP LUO zoning districts, downloaded 2026-02-22; per-cell aggregation AG12 P2"
"88464830b7fffff","AG-2|P-2","AG-2","2026.02","City and County of Honolulu Zoning 2024 (res-8 polyfill)","Honolulu DPP LUO zoning districts, downloaded 2026-02-22; per-cell aggregation AG12 P2"
"8846483191fffff","R-5","R-5","2026.02","City and County of Honolulu Zoning 2024 (res-8 polyfill)","Honolulu DPP LUO zoning districts, downloaded 2026-02-22; per-cell aggregation AG12 P2"
"8846483193fffff","AG-1","AG-1","2026.02","City and County of Honolulu Zoning 2024 (res-8 polyfill)","Honolulu DPP LUO zoning districts, downloaded 2026-02-22; per-cell aggregation AG12 P2"
"8846483197fffff","AG-1|P-2","AG-1","2026.02","City and County of Honolulu Zoning 2024 (res-8 polyfill)","Honolulu DPP LUO zoning districts, downloaded 2026-02-22; per-cell aggregation AG12 P2"
"884648319bfffff","Resort","Resort","2026.02","City and County of Honolulu Zoning 2024 (res-8 polyfill)","Honolulu DPP LUO zoning districts, downloaded 2026-02-22; per-cell aggregation AG12 P2"
"88464831b1fffff","AG-2","AG-2","2026.02","City and County of Honolulu Zoning 2024 (res-8 polyfill)","Honolulu DPP LUO zoning districts, downloaded 2026-02-22; per-cell aggregation AG12 P2"
"88464831b3fffff","AG-2","AG-2","2026.02","City and County of Honolulu Zoning 2024 (res-8 polyfill)","Honolulu DPP LUO zoning districts, downloaded 2026-02-22; per-cell aggregation AG12 P2"
"88464831b5fffff","P-2|R-5","R-5","2026.02","City and County of Honolulu Zoning 2024 (res-8 polyfill)","Honolulu DPP LUO zoning districts, downloaded 2026-02-22; per-cell aggregation AG12 P2"
"88464831b7fffff","AG-2","AG-2","2026.02","City and County of Honolulu Zoning 2024 (res-8 polyfill)","Honolulu DPP LUO zoning districts, downloaded 2026-02-22; per-cell aggregation AG12 P2"
"88464831bbfffff","AG-2","AG-2","2026.02","City and County of Honolulu Zoning 2024 (res-8 polyfill)","Honolulu DPP LUO zoning districts, downloaded 2026-02-22; per-cell aggregation AG12 P2"
"8846483525fffff","B-1|R-5","R-5","2026.02","City and County of Honolulu Zoning 2024 (res-8 polyfill)","Honolulu DPP LUO zoning districts, downloaded 2026-02-22; per-cell aggregation AG12 P2"
"8846483527fffff","P-2|R-5","R-5","2026.02","City and County of Honolulu Zoning 2024 (res-8 polyfill)","Honolulu DPP LUO zoning districts, downloaded 2026-02-22; per-cell aggregation AG12 P2"
"884648352dfffff","P-1","P-1","2026.02","City and County of Honolulu Zoning 2024 (res-8 polyfill)","Honolulu DPP LUO zoning districts, downloaded 2026-02-22; per-cell aggregation AG12 P2"
"8846483883fffff","R-5","R-5","2026.02","City and County of Honolulu Zoning 2024 (res-8 polyfill)","Honolulu DPP LUO zoning districts, downloaded 2026-02-22; per-cell aggregation AG12 P2"
"8846483891fffff","AG-1","AG-1","2026.02","City and County of Honolulu Zoning 2024 (res-8 polyfill)","Honolulu DPP LUO zoning districts, downloaded 2026-02-22; per-cell aggregation AG12 P2"
"8846483893fffff","AG-1","AG-1","2026.02","City and County of Honolulu Zoning 2024 (res-8 polyfill)","Honolulu DPP LUO zoning districts, downloaded 2026-02-22; per-cell aggregation AG12 P2"
"8846483895fffff","AG-1","AG-1","2026.02","City and County of Honolulu Zoning 2024 (res-8 polyfill)","Honolulu DPP LUO zoning districts, downloaded 2026-02-22; per-cell aggregation AG12 P2"
"8846483897fffff","AG-1","AG-1","2026.02","City and County of Honolulu Zoning 2024 (res-8 polyfill)","Honolulu DPP LUO zoning districts, downloaded 2026-02-22; per-cell aggregation AG12 P2"
"8846483899fffff","AG-1|P-2","AG-1","2026.02","City and County of Honolulu Zoning 2024 (res-8 polyfill)","Honolulu DPP LUO zoning districts, downloaded 2026-02-22; per-cell aggregation AG12 P2"
"884648389bfffff","AG-1","AG-1","2026.02","City and County of Honolulu Zoning 2024 (res-8 polyfill)","Honolulu DPP LUO zoning districts, downloaded 2026-02-22; per-cell aggregation AG12 P2"
"884648389dfffff","R-5","R-5","2026.02","City and County of Honolulu Zoning 2024 (res-8 polyfill)","Honolulu DPP LUO zoning districts, downloaded 2026-02-22; per-cell aggregation AG12 P2"
"88464838b1fffff","AG-2","AG-2","2026.02","City and County of Honolulu Zoning 2024 (res-8 polyfill)","Honolulu DPP LUO zoning districts, downloaded 2026-02-22; per-cell aggregation AG12 P2"
"88464838b3fffff","AG-1","AG-1","2026.02","City and County of Honolulu Zoning 2024 (res-8 polyfill)","Honolulu DPP LUO zoning districts, downloaded 2026-02-22; per-cell aggregation AG12 P2"
"88464838b5fffff","AG-2|B-1|C|I-3|P-2","AG-2","2026.02","City and County of Honolulu Zoning 2024 (res-8 polyfill)","Honolulu DPP LUO zoning districts, downloaded 2026-02-22; per-cell aggregation AG12 P2"
"88464838b7fffff","AG-1|B-1|B-2|C|I-1|P-2","AG-1","2026.02","City and County of Honolulu Zoning 2024 (res-8 polyfill)","Honolulu DPP LUO zoning districts, downloaded 2026-02-22; per-cell aggregation AG12 P2"
"88464838b9fffff","AG-1|AG-2","AG-1","2026.02","City and County of Honolulu Zoning 2024 (res-8 polyfill)","Honolulu DPP LUO zoning districts, downloaded 2026-02-22; per-cell aggregation AG12 P2"
"88464838bbfffff","AG-1","AG-1","2026.02","City and County of Honolulu Zoning 2024 (res-8 polyfill)","Honolulu DPP LUO zoning districts, downloaded 2026-02-22; per-cell aggregation AG12 P2"
"88464838bdfffff","P-2","P-2","2026.02","City and County of Honolulu Zoning 2024 (res-8 polyfill)","Honolulu DPP LUO zoning districts, downloaded 2026-02-22; per-cell aggregation AG12 P2"
"88464838d3fffff","R-5","R-5","2026.02","City and County of Honolulu Zoning 2024 (res-8 polyfill)","Honolulu DPP LUO zoning districts, downloaded 2026-02-22; per-cell aggregation AG12 P2"
"8846483991fffff","A-1|A-2|P-2","A-1","2026.02","City and County of Honolulu Zoning 2024 (res-8 polyfill)","Honolulu DPP LUO zoning districts, downloaded 2026-02-22; per-cell aggregation AG12 P2"
"8846483993fffff","A-2|P-2|R-5","R-5","2026.02","City and County of Honolulu Zoning 2024 (res-8 polyfill)","Honolulu DPP LUO zoning districts, downloaded 2026-02-22; per-cell aggregation AG12 P2"
"8846483995fffff","P-1|R-7.5","R-7.5","2026.02","City and County of Honolulu Zoning 2024 (res-8 polyfill)","Honolulu DPP LUO zoning districts, downloaded 2026-02-22; per-cell aggregation AG12 P2"
"8846483997fffff","AG-2","AG-2","2026.02","City and County of Honolulu Zoning 2024 (res-8 polyfill)","Honolulu DPP LUO zoning districts, downloaded 2026-02-22; per-cell aggregation AG12 P2"
"88464839a1fffff","AG-2|P-2","AG-2","2026.02","City and County of Honolulu Zoning 2024 (res-8 polyfill)","Honolulu DPP LUO zoning districts, downloaded 2026-02-22; per-cell aggregation AG12 P2"
"88464839a3fffff","AG-2","AG-2","2026.02","City and County of Honolulu Zoning 2024 (res-8 polyfill)","Honolulu DPP LUO zoning districts, downloaded 2026-02-22; per-cell aggregation AG12 P2"
"88464839a5fffff","AG-1","AG-1","2026.02","City and County of Honolulu Zoning 2024 (res-8 polyfill)","Honolulu DPP LUO zoning districts, downloaded 2026-02-22; per-cell aggregation AG12 P2"
"88464839a7fffff","AG-2","AG-2","2026.02","City and County of Honolulu Zoning 2024 (res-8 polyfill)","Honolulu DPP LUO zoning districts, downloaded 2026-02-22; per-cell aggregation AG12 P2"
"88464839abfffff","R-5","R-5","2026.02","City and County of Honolulu Zoning 2024 (res-8 polyfill)","Honolulu DPP LUO zoning districts, downloaded 2026-02-22; per-cell aggregation AG12 P2"
"88464839adfffff","P-1|P-2","P-2","2026.02","City and County of Honolulu Zoning 2024 (res-8 polyfill)","Honolulu DPP LUO zoning districts, downloaded 2026-02-22; per-cell aggregation AG12 P2"
"88464839b1fffff","AG-1","AG-1","2026.02","City and County of Honolulu Zoning 2024 (res-8 polyfill)","Honolulu DPP LUO zoning districts, downloaded 2026-02-22; per-cell aggregation AG12 P2"
"88464839b3fffff","AG-1","AG-1","2026.02","City and County of Honolulu Zoning 2024 (res-8 polyfill)","Honolulu DPP LUO zoning districts, downloaded 2026-02-22; per-cell aggregation AG12 P2"
"88464839b5fffff","AG-2","AG-2","2026.02","City and County of Honolulu Zoning 2024 (res-8 polyfill)","Honolulu DPP LUO zoning districts, downloaded 2026-02-22; per-cell aggregation AG12 P2"
"88464839b7fffff","AG-1","AG-1","2026.02","City and County of Honolulu Zoning 2024 (res-8 polyfill)","Honolulu DPP LUO zoning districts, downloaded 2026-02-22; per-cell aggregation AG12 P2"
"88464839b9fffff","AG-2","AG-2","2026.02","City and County of Honolulu Zoning 2024 (res-8 polyfill)","Honolulu DPP LUO zoning districts, downloaded 2026-02-22; per-cell aggregation AG12 P2"
"88464839bbfffff","AG-2","AG-2","2026.02","City and County of Honolulu Zoning 2024 (res-8 polyfill)","Honolulu DPP LUO zoning districts, downloaded 2026-02-22; per-cell aggregation AG12 P2"
"88464839bdfffff","AG-1","AG-1","2026.02","City and County of Honolulu Zoning 2024 (res-8 polyfill)","Honolulu DPP LUO zoning districts, downloaded 2026-02-22; per-cell aggregation AG12 P2"
"884648665bfffff","A-2|P-1|P-2|R-10","R-10","2026.02","City and County of Honolulu Zoning 2024 (res-8 polyfill)","Honolulu DPP LUO zoning districts, downloaded 2026-02-22; per-cell aggregation AG12 P2"
"8846486683fffff","B-1","B-1","2026.02","City and County of Honolulu Zoning 2024 (res-8 polyfill)","Honolulu DPP LUO zoning districts, downloaded 2026-02-22; per-cell aggregation AG12 P2"
"884648668bfffff","B-2|P-2","B-2","2026.02","City and County of Honolulu Zoning 2024 (res-8 polyfill)","Honolulu DPP LUO zoning districts, downloaded 2026-02-22; per-cell aggregation AG12 P2"
"8846486691fffff","P-1","P-1","2026.02","City and County of Honolulu Zoning 2024 (res-8 polyfill)","Honolulu DPP LUO zoning districts, downloaded 2026-02-22; per-cell aggregation AG12 P2"
"8846486693fffff","B-1|P-2|R-5","R-5","2026.02","City and County of Honolulu Zoning 2024 (res-8 polyfill)","Honolulu DPP LUO zoning districts, downloaded 2026-02-22; per-cell aggregation AG12 P2"
"8846486697fffff","B-1|P-2","P-2","2026.02","City and County of Honolulu Zoning 2024 (res-8 polyfill)","Honolulu DPP LUO zoning districts, downloaded 2026-02-22; per-cell aggregation AG12 P2"
"8846486699fffff","AG-1|AG-2|B-1|C","AG-2","2026.02","City and County of Honolulu Zoning 2024 (res-8 polyfill)","Honolulu DPP LUO zoning districts, downloaded 2026-02-22; per-cell aggregation AG12 P2"
"884648669bfffff","C|P-1","P-1","2026.02","City and County of Honolulu Zoning 2024 (res-8 polyfill)","Honolulu DPP LUO zoning districts, downloaded 2026-02-22; per-cell aggregation AG12 P2"
"884648669dfffff","AG-2|P-2|R-20|R-5","R-5","2026.02","City and County of Honolulu Zoning 2024 (res-8 polyfill)","Honolulu DPP LUO zoning districts, downloaded 2026-02-22; per-cell aggregation AG12 P2"
"88464866c3fffff","P-2","P-2","2026.02","City and County of Honolulu Zoning 2024 (res-8 polyfill)","Honolulu DPP LUO zoning districts, downloaded 2026-02-22; per-cell aggregation AG12 P2"
"88464866c9fffff","A-2|P-2","P-2","2026.02","City and County of Honolulu Zoning 2024 (res-8 polyfill)","Honolulu DPP LUO zoning districts, downloaded 2026-02-22; per-cell aggregation AG12 P2"
"88464866cbfffff","B-2|I-2","I-2","2026.02","City and County of Honolulu Zoning 2024 (res-8 polyfill)","Honolulu DPP LUO zoning districts, downloaded 2026-02-22; per-cell aggregation AG12 P2"
"88464866d1fffff","AG-2","AG-2","2026.02","City and County of Honolulu Zoning 2024 (res-8 polyfill)","Honolulu DPP LUO zoning districts, downloaded 2026-02-22; per-cell aggregation AG12 P2"
"88464866d3fffff","AG-2|C","AG-2","2026.02","City and County of Honolulu Zoning 2024 (res-8 polyfill)","Honolulu DPP LUO zoning districts, downloaded 2026-02-22; per-cell aggregation AG12 P2"
"88464866d5fffff","B-1|C|P-2|R-5","R-5","2026.02","City and County of Honolulu Zoning 2024 (res-8 polyfill)","Honolulu DPP LUO zoning districts, downloaded 2026-02-22; per-cell aggregation AG12 P2"
"88464866d7fffff","AG-2|B-1|C","AG-2","2026.02","City and County of Honolulu Zoning 2024 (res-8 polyfill)","Honolulu DPP LUO zoning districts, downloaded 2026-02-22; per-cell aggregation AG12 P2"
"88464866d9fffff","AG-1|C","AG-1","2026.02","City and County of Honolulu Zoning 2024 (res-8 polyfill)","Honolulu DPP LUO zoning districts, downloaded 2026-02-22; per-cell aggregation AG12 P2"
"88464866dbfffff","F-1","F-1","2026.02","City and County of Honolulu Zoning 2024 (res-8 polyfill)","Honolulu DPP LUO zoning districts, downloaded 2026-02-22; per-cell aggregation AG12 P2"
"88464866ddfffff","B-1|B-2|C|P-1","P-1","2026.02","City and County of Honolulu Zoning 2024 (res-8 polyfill)","Honolulu DPP LUO zoning districts, downloaded 2026-02-22; per-cell aggregation AG12 P2"
"8846487483fffff","AG-2","AG-2","2026.02","City and County of Honolulu Zoning 2024 (res-8 polyfill)","Honolulu DPP LUO zoning districts, downloaded 2026-02-22; per-cell aggregation AG12 P2"
"884648748bfffff","AG-2","AG-2","2026.02","City and County of Honolulu Zoning 2024 (res-8 polyfill)","Honolulu DPP LUO zoning districts, downloaded 2026-02-22; per-cell aggregation AG12 P2"
"8846487491fffff","AG-2","AG-2","2026.02","City and County of Honolulu Zoning 2024 (res-8 polyfill)","Honolulu DPP LUO zoning districts, downloaded 2026-02-22; per-cell aggregation AG12 P2"
"8846487493fffff","P-1","P-1","2026.02","City and County of Honolulu Zoning 2024 (res-8 polyfill)","Honolulu DPP LUO zoning districts, downloaded 2026-02-22; per-cell aggregation AG12 P2"
"8846487495fffff","P-1","P-1","2026.02","City and County of Honolulu Zoning 2024 (res-8 polyfill)","Honolulu DPP LUO zoning districts, downloaded 2026-02-22; per-cell aggregation AG12 P2"
"8846487497fffff","P-1","P-1","2026.02","City and County of Honolulu Zoning 2024 (res-8 polyfill)","Honolulu DPP LUO zoning districts, downloaded 2026-02-22; per-cell aggregation AG12 P2"
"8846487499fffff","AG-2","AG-2","2026.02","City and County of Honolulu Zoning 2024 (res-8 polyfill)","Honolulu DPP LUO zoning districts, downloaded 2026-02-22; per-cell aggregation AG12 P2"
"884648749bfffff","P-1","P-1","2026.02","City and County of Honolulu Zoning 2024 (res-8 polyfill)","Honolulu DPP LUO zoning districts, downloaded 2026-02-22; per-cell aggregation AG12 P2"
"884648749dfffff","AG-2","AG-2","2026.02","City and County of Honolulu Zoning 2024 (res-8 polyfill)","Honolulu DPP LUO zoning districts, downloaded 2026-02-22; per-cell aggregation AG12 P2"
"88464874b1fffff","P-1|R-10","P-1","2026.02","City and County of Honolulu Zoning 2024 (res-8 polyfill)","Honolulu DPP LUO zoning districts, downloaded 2026-02-22; per-cell aggregation AG12 P2"
"88464874b3fffff","A-2|AG-1|C|P-2","P-2","2026.02","City and County of Honolulu Zoning 2024 (res-8 polyfill)","Honolulu DPP LUO zoning districts, downloaded 2026-02-22; per-cell aggregation AG12 P2"
"88464874b9fffff","AG-2|P-1","AG-2","2026.02","City and County of Honolulu Zoning 2024 (res-8 polyfill)","Honolulu DPP LUO zoning districts, downloaded 2026-02-22; per-cell aggregation AG12 P2"
"88464874bbfffff","P-1","P-1","2026.02","City and County of Honolulu Zoning 2024 (res-8 polyfill)","Honolulu DPP LUO zoning districts, downloaded 2026-02-22; per-cell aggregation AG12 P2"
"88464874d1fffff","P-1","P-1","2026.02","City and County of Honolulu Zoning 2024 (res-8 polyfill)","Honolulu DPP LUO zoning districts, downloaded 2026-02-22; per-cell aggregation AG12 P2"
"88464874d3fffff","P-1","P-1","2026.02","City and County of Honolulu Zoning 2024 (res-8 polyfill)","Honolulu DPP LUO zoning districts, downloaded 2026-02-22; per-cell aggregation AG12 P2"
"88464874d5fffff","P-1","P-1","2026.02","City and County of Honolulu Zoning 2024 (res-8 polyfill)","Honolulu DPP LUO zoning districts, downloaded 2026-02-22; per-cell aggregation AG12 P2"
"88464874d7fffff","P-1","P-1","2026.02","City and County of Honolulu Zoning 2024 (res-8 polyfill)","Honolulu DPP LUO zoning districts, downloaded 2026-02-22; per-cell aggregation AG12 P2"
"88464874d9fffff","P-1","P-1","2026.02","City and County of Honolulu Zoning 2024 (res-8 polyfill)","Honolulu DPP LUO zoning districts, downloaded 2026-02-22; per-cell aggregation AG12 P2"
"88464874dbfffff","P-1","P-1","2026.02","City and County of Honolulu Zoning 2024 (res-8 polyfill)","Honolulu DPP LUO zoning districts, downloaded 2026-02-22; per-cell aggregation AG12 P2"
"88464874ddfffff","P-1","P-1","2026.02","City and County of Honolulu Zoning 2024 (res-8 polyfill)","Honolulu DPP LUO zoning districts, downloaded 2026-02-22; per-cell aggregation AG12 P2"
"8846487633fffff","P-2","P-2","2026.02","City and County of Honolulu Zoning 2024 (res-8 polyfill)","Honolulu DPP LUO zoning districts, downloaded 2026-02-22; per-cell aggregation AG12 P2"
"8846487681fffff","P-2","P-2","2026.02","City and County of Honolulu Zoning 2024 (res-8 polyfill)","Honolulu DPP LUO zoning districts, downloaded 2026-02-22; per-cell aggregation AG12 P2"
"8846487683fffff","P-2","P-2","2026.02","City and County of Honolulu Zoning 2024 (res-8 polyfill)","Honolulu DPP LUO zoning districts, downloaded 2026-02-22; per-cell aggregation AG12 P2"
"8846487685fffff","P-2","P-2","2026.02","City and County of Honolulu Zoning 2024 (res-8 polyfill)","Honolulu DPP LUO zoning districts, downloaded 2026-02-22; per-cell aggregation AG12 P2"
"8846487687fffff","P-1","P-1","2026.02","City and County of Honolulu Zoning 2024 (res-8 polyfill)","Honolulu DPP LUO zoning districts, downloaded 2026-02-22; per-cell aggregation AG12 P2"
"8846487689fffff","P-1|P-2","P-2","2026.02","City and County of Honolulu Zoning 2024 (res-8 polyfill)","Honolulu DPP LUO zoning districts, downloaded 2026-02-22; per-cell aggregation AG12 P2"
"884648768bfffff","P-2","P-2","2026.02","City and County of Honolulu Zoning 2024 (res-8 polyfill)","Honolulu DPP LUO zoning districts, downloaded 2026-02-22; per-cell aggregation AG12 P2"
"884648768dfffff","P-2","P-2","2026.02","City and County of Honolulu Zoning 2024 (res-8 polyfill)","Honolulu DPP LUO zoning districts, downloaded 2026-02-22; per-cell aggregation AG12 P2"
"8846487691fffff","AG-2","AG-2","2026.02","City and County of Honolulu Zoning 2024 (res-8 polyfill)","Honolulu DPP LUO zoning districts, downloaded 2026-02-22; per-cell aggregation AG12 P2"
"8846487693fffff","AG-2","AG-2","2026.02","City and County of Honolulu Zoning 2024 (res-8 polyfill)","Honolulu DPP LUO zoning districts, downloaded 2026-02-22; per-cell aggregation AG12 P2"
"8846487695fffff","AG-2","AG-2","2026.02","City and County of Honolulu Zoning 2024 (res-8 polyfill)","Honolulu DPP LUO zoning districts, downloaded 2026-02-22; per-cell aggregation AG12 P2"
"8846487697fffff","AG-2","AG-2","2026.02","City and County of Honolulu Zoning 2024 (res-8 polyfill)","Honolulu DPP LUO zoning districts, downloaded 2026-02-22; per-cell aggregation AG12 P2"
"8846487699fffff","AG-2","AG-2","2026.02","City and County of Honolulu Zoning 2024 (res-8 polyfill)","Honolulu DPP LUO zoning districts, downloaded 2026-02-22; per-cell aggregation AG12 P2"
"884648769bfffff","AG-2","AG-2","2026.02","City and County of Honolulu Zoning 2024 (res-8 polyfill)","Honolulu DPP LUO zoning districts, downloaded 2026-02-22; per-cell aggregation AG12 P2"
"884648769dfffff","AG-2","AG-2","2026.02","City and County of Honolulu Zoning 2024 (res-8 polyfill)","Honolulu DPP LUO zoning districts, downloaded 2026-02-22; per-cell aggregation AG12 P2"
"88464876a1fffff","P-1","P-1","2026.02","City and County of Honolulu Zoning 2024 (res-8 polyfill)","Honolulu DPP LUO zoning districts, downloaded 2026-02-22; per-cell aggregation AG12 P2"
"88464876a3fffff","P-1","P-1","2026.02","City and County of Honolulu Zoning 2024 (res-8 polyfill)","Honolulu DPP LUO zoning districts, downloaded 2026-02-22; per-cell aggregation AG12 P2"
"88464876a9fffff","P-1","P-1","2026.02","City and County of Honolulu Zoning 2024 (res-8 polyfill)","Honolulu DPP LUO zoning districts, downloaded 2026-02-22; per-cell aggregation AG12 P2"
"88464876abfffff","P-1","P-1","2026.02","City and County of Honolulu Zoning 2024 (res-8 polyfill)","Honolulu DPP LUO zoning districts, downloaded 2026-02-22; per-cell aggregation AG12 P2"
"88464876b1fffff","P-1","P-1","2026.02","City and County of Honolulu Zoning 2024 (res-8 polyfill)","Honolulu DPP LUO zoning districts, downloaded 2026-02-22; per-cell aggregation AG12 P2"
"88464876b3fffff","P-1","P-1","2026.02","City and County of Honolulu Zoning 2024 (res-8 polyfill)","Honolulu DPP LUO zoning districts, downloaded 2026-02-22; per-cell aggregation AG12 P2"
"88464876b5fffff","P-1","P-1","2026.02","City and County of Honolulu Zoning 2024 (res-8 polyfill)","Honolulu DPP LUO zoning districts, downloaded 2026-02-22; per-cell aggregation AG12 P2"
"88464876b7fffff","P-1","P-1","2026.02","City and County of Honolulu Zoning 2024 (res-8 polyfill)","Honolulu DPP LUO zoning districts, downloaded 2026-02-22; per-cell aggregation AG12 P2"
"88464876b9fffff","P-1","P-1","2026.02","City and County of Honolulu Zoning 2024 (res-8 polyfill)","Honolulu DPP LUO zoning districts, downloaded 2026-02-22; per-cell aggregation AG12 P2"
"88464876bbfffff","P-1","P-1","2026.02","City and County of Honolulu Zoning 2024 (res-8 polyfill)","Honolulu DPP LUO zoning districts, downloaded 2026-02-22; per-cell aggregation AG12 P2"
"88464876bdfffff","P-1","P-1","2026.02","City and County of Honolulu Zoning 2024 (res-8 polyfill)","Honolulu DPP LUO zoning districts, downloaded 2026-02-22; per-cell aggregation AG12 P2"
"88464876d1fffff","F-1","F-1","2026.02","City and County of Honolulu Zoning 2024 (res-8 polyfill)","Honolulu DPP LUO zoning districts, downloaded 2026-02-22; per-cell aggregation AG12 P2"
"88464876d3fffff","AG-2","AG-2","2026.02","City and County of Honolulu Zoning 2024 (res-8 polyfill)","Honolulu DPP LUO zoning districts, downloaded 2026-02-22; per-cell aggregation AG12 P2"
"88464876d5fffff","P-1","P-1","2026.02","City and County of Honolulu Zoning 2024 (res-8 polyfill)","Honolulu DPP LUO zoning districts, downloaded 2026-02-22; per-cell aggregation AG12 P2"
"88464876d7fffff","AG-2","AG-2","2026.02","City and County of Honolulu Zoning 2024 (res-8 polyfill)","Honolulu DPP LUO zoning districts, downloaded 2026-02-22; per-cell aggregation AG12 P2"
"88464876e1fffff","P-2","P-2","2026.02","City and County of Honolulu Zoning 2024 (res-8 polyfill)","Honolulu DPP LUO zoning districts, downloaded 2026-02-22; per-cell aggregation AG12 P2"
"88464876e3fffff","P-2","P-2","2026.02","City and County of Honolulu Zoning 2024 (res-8 polyfill)","Honolulu DPP LUO zoning districts, downloaded 2026-02-22; per-cell aggregation AG12 P2"
"88464876e5fffff","P-2","P-2","2026.02","City and County of Honolulu Zoning 2024 (res-8 polyfill)","Honolulu DPP LUO zoning districts, downloaded 2026-02-22; per-cell aggregation AG12 P2"
"88464876e7fffff","P-2","P-2","2026.02","City and County of Honolulu Zoning 2024 (res-8 polyfill)","Honolulu DPP LUO zoning districts, downloaded 2026-02-22; per-cell aggregation AG12 P2"
"88464876ebfffff","P-2","P-2","2026.02","City and County of Honolulu Zoning 2024 (res-8 polyfill)","Honolulu DPP LUO zoning districts, downloaded 2026-02-22; per-cell aggregation AG12 P2"
"8846494105fffff","R-10","R-10","2026.02","City and County of Honolulu Zoning 2024 (res-8 polyfill)","Honolulu DPP LUO zoning districts, downloaded 2026-02-22; per-cell aggregation AG12 P2"
"8846494115fffff","P-1","P-1","2026.02","City and County of Honolulu Zoning 2024 (res-8 polyfill)","Honolulu DPP LUO zoning districts, downloaded 2026-02-22; per-cell aggregation AG12 P2"
"884649411dfffff","P-1","P-1","2026.02","City and County of Honolulu Zoning 2024 (res-8 polyfill)","Honolulu DPP LUO zoning districts, downloaded 2026-02-22; per-cell aggregation AG12 P2"
"8846494121fffff","P-1","P-1","2026.02","City and County of Honolulu Zoning 2024 (res-8 polyfill)","Honolulu DPP LUO zoning districts, downloaded 2026-02-22; per-cell aggregation AG12 P2"
"8846494123fffff","R-5","R-5","2026.02","City and County of Honolulu Zoning 2024 (res-8 polyfill)","Honolulu DPP LUO zoning districts, downloaded 2026-02-22; per-cell aggregation AG12 P2"
"8846494125fffff","P-1","P-1","2026.02","City and County of Honolulu Zoning 2024 (res-8 polyfill)","Honolulu DPP LUO zoning districts, downloaded 2026-02-22; per-cell aggregation AG12 P2"
"8846494127fffff","AG-2|P-1|P-2","P-1","2026.02","City and County of Honolulu Zoning 2024 (res-8 polyfill)","Honolulu DPP LUO zoning districts, downloaded 2026-02-22; per-cell aggregation AG12 P2"
"8846494129fffff","P-1|R-7.5","P-1","2026.02","City and County of Honolulu Zoning 2024 (res-8 polyfill)","Honolulu DPP LUO zoning districts, downloaded 2026-02-22; per-cell aggregation AG12 P2"
"884649412bfffff","P-1","P-1","2026.02","City and County of Honolulu Zoning 2024 (res-8 polyfill)","Honolulu DPP LUO zoning districts, downloaded 2026-02-22; per-cell aggregation AG12 P2"
"884649412dfffff","P-1","P-1","2026.02","City and County of Honolulu Zoning 2024 (res-8 polyfill)","Honolulu DPP LUO zoning districts, downloaded 2026-02-22; per-cell aggregation AG12 P2"
"8846494131fffff","P-2","P-2","2026.02","City and County of Honolulu Zoning 2024 (res-8 polyfill)","Honolulu DPP LUO zoning districts, downloaded 2026-02-22; per-cell aggregation AG12 P2"
"8846494133fffff","P-2","P-2","2026.02","City and County of Honolulu Zoning 2024 (res-8 polyfill)","Honolulu DPP LUO zoning districts, downloaded 2026-02-22; per-cell aggregation AG12 P2"
"8846494135fffff","P-1","P-1","2026.02","City and County of Honolulu Zoning 2024 (res-8 polyfill)","Honolulu DPP LUO zoning districts, downloaded 2026-02-22; per-cell aggregation AG12 P2"
"8846494137fffff","P-1|P-2","P-1","2026.02","City and County of Honolulu Zoning 2024 (res-8 polyfill)","Honolulu DPP LUO zoning districts, downloaded 2026-02-22; per-cell aggregation AG12 P2"
"884649413dfffff","P-1","P-1","2026.02","City and County of Honolulu Zoning 2024 (res-8 polyfill)","Honolulu DPP LUO zoning districts, downloaded 2026-02-22; per-cell aggregation AG12 P2"
"8846494165fffff","AG-2","AG-2","2026.02","City and County of Honolulu Zoning 2024 (res-8 polyfill)","Honolulu DPP LUO zoning districts, downloaded 2026-02-22; per-cell aggregation AG12 P2"
"8846494167fffff","AG-2|B-1|R-10|R-5","R-10","2026.02","City and County of Honolulu Zoning 2024 (res-8 polyfill)","Honolulu DPP LUO zoning districts, downloaded 2026-02-22; per-cell aggregation AG12 P2"
"884649416dfffff","B-1|P-2","P-2","2026.02","City and County of Honolulu Zoning 2024 (res-8 polyfill)","Honolulu DPP LUO zoning districts, downloaded 2026-02-22; per-cell aggregation AG12 P2"
"88464941edfffff","P-1","P-1","2026.02","City and County of Honolulu Zoning 2024 (res-8 polyfill)","Honolulu DPP LUO zoning districts, downloaded 2026-02-22; per-cell aggregation AG12 P2"
"8846494849fffff","P-2","P-2","2026.02","City and County of Honolulu Zoning 2024 (res-8 polyfill)","Honolulu DPP LUO zoning districts, downloaded 2026-02-22; per-cell aggregation AG12 P2"
"884649485bfffff","P-1|P-2","P-2","2026.02","City and County of Honolulu Zoning 2024 (res-8 polyfill)","Honolulu DPP LUO zoning districts, downloaded 2026-02-22; per-cell aggregation AG12 P2"
"8846494a01fffff","P-1","P-1","2026.02","City and County of Honolulu Zoning 2024 (res-8 polyfill)","Honolulu DPP LUO zoning districts, downloaded 2026-02-22; per-cell aggregation AG12 P2"
"8846494a03fffff","R-7.5","R-7.5","2026.02","City and County of Honolulu Zoning 2024 (res-8 polyfill)","Honolulu DPP LUO zoning districts, downloaded 2026-02-22; per-cell aggregation AG12 P2"
"8846494a05fffff","P-1","P-1","2026.02","City and County of Honolulu Zoning 2024 (res-8 polyfill)","Honolulu DPP LUO zoning districts, downloaded 2026-02-22; per-cell aggregation AG12 P2"
"8846494a07fffff","P-1","P-1","2026.02","City and County of Honolulu Zoning 2024 (res-8 polyfill)","Honolulu DPP LUO zoning districts, downloaded 2026-02-22; per-cell aggregation AG12 P2"
"8846494a09fffff","P-1","P-1","2026.02","City and County of Honolulu Zoning 2024 (res-8 polyfill)","Honolulu DPP LUO zoning districts, downloaded 2026-02-22; per-cell aggregation AG12 P2"
"8846494a0bfffff","P-1","P-1","2026.02","City and County of Honolulu Zoning 2024 (res-8 polyfill)","Honolulu DPP LUO zoning districts, downloaded 2026-02-22; per-cell aggregation AG12 P2"
"8846494a0dfffff","P-1","P-1","2026.02","City and County of Honolulu Zoning 2024 (res-8 polyfill)","Honolulu DPP LUO zoning districts, downloaded 2026-02-22; per-cell aggregation AG12 P2"
"8846494a11fffff","A-2|P-2|R-5","R-5","2026.02","City and County of Honolulu Zoning 2024 (res-8 polyfill)","Honolulu DPP LUO zoning districts, downloaded 2026-02-22; per-cell aggregation AG12 P2"
"8846494a13fffff","A-2|AG-1|P-1|P-2|R-5","P-1","2026.02","City and County of Honolulu Zoning 2024 (res-8 polyfill)","Honolulu DPP LUO zoning districts, downloaded 2026-02-22; per-cell aggregation AG12 P2"
"8846494a15fffff","P-1|P-2","P-1","2026.02","City and County of Honolulu Zoning 2024 (res-8 polyfill)","Honolulu DPP LUO zoning districts, downloaded 2026-02-22; per-cell aggregation AG12 P2"
"8846494a17fffff","A-1|B-2|P-1|P-2|R-5","R-5","2026.02","City and County of Honolulu Zoning 2024 (res-8 polyfill)","Honolulu DPP LUO zoning districts, downloaded 2026-02-22; per-cell aggregation AG12 P2"
"8846494a19fffff","R-5","R-5","2026.02","City and County of Honolulu Zoning 2024 (res-8 polyfill)","Honolulu DPP LUO zoning districts, downloaded 2026-02-22; per-cell aggregation AG12 P2"
"8846494a1bfffff","AG-2|P-1|P-2","P-1","2026.02","City and County of Honolulu Zoning 2024 (res-8 polyfill)","Honolulu DPP LUO zoning districts, downloaded 2026-02-22; per-cell aggregation AG12 P2"
"8846494a1dfffff","P-1|P-2","P-1","2026.02","City and County of Honolulu Zoning 2024 (res-8 polyfill)","Honolulu DPP LUO zoning districts, downloaded 2026-02-22; per-cell aggregation AG12 P2"
"8846494a21fffff","P-2|R-7.5","R-7.5","2026.02","City and County of Honolulu Zoning 2024 (res-8 polyfill)","Honolulu DPP LUO zoning districts, downloaded 2026-02-22; per-cell aggregation AG12 P2"
"8846494a23fffff","P-2|R-20|R-7.5","R-7.5","2026.02","City and County of Honolulu Zoning 2024 (res-8 polyfill)","Honolulu DPP LUO zoning districts, downloaded 2026-02-22; per-cell aggregation AG12 P2"
"8846494a25fffff","P-2|R-7.5","R-7.5","2026.02","City and County of Honolulu Zoning 2024 (res-8 polyfill)","Honolulu DPP LUO zoning districts, downloaded 2026-02-22; per-cell aggregation AG12 P2"
"8846494a27fffff","B-1|P-2|R-10|R-5","R-10","2026.02","City and County of Honolulu Zoning 2024 (res-8 polyfill)","Honolulu DPP LUO zoning districts, downloaded 2026-02-22; per-cell aggregation AG12 P2"
"8846494a29fffff","P-1","P-1","2026.02","City and County of Honolulu Zoning 2024 (res-8 polyfill)","Honolulu DPP LUO zoning districts, downloaded 2026-02-22; per-cell aggregation AG12 P2"
"8846494a2bfffff","P-1","P-1","2026.02","City and County of Honolulu Zoning 2024 (res-8 polyfill)","Honolulu DPP LUO zoning districts, downloaded 2026-02-22; per-cell aggregation AG12 P2"
"8846494a2dfffff","P-1","P-1","2026.02","City and County of Honolulu Zoning 2024 (res-8 polyfill)","Honolulu DPP LUO zoning districts, downloaded 2026-02-22; per-cell aggregation AG12 P2"
"8846494a31fffff","P-1|P-2|R-10|R-5|R-7.5","R-10","2026.02","City and County of Honolulu Zoning 2024 (res-8 polyfill)","Honolulu DPP LUO zoning districts, downloaded 2026-02-22; per-cell aggregation AG12 P2"
"8846494a35fffff","B-1|P-1","B-1","2026.02","City and County of Honolulu Zoning 2024 (res-8 polyfill)","Honolulu DPP LUO zoning districts, downloaded 2026-02-22; per-cell aggregation AG12 P2"
"8846494a39fffff","P-1|P-2|R-5|R-7.5","P-1","2026.02","City and County of Honolulu Zoning 2024 (res-8 polyfill)","Honolulu DPP LUO zoning districts, downloaded 2026-02-22; per-cell aggregation AG12 P2"
"8846494a3bfffff","A-1|A-2|P-2|R-5","A-1","2026.02","City and County of Honolulu Zoning 2024 (res-8 polyfill)","Honolulu DPP LUO zoning districts, downloaded 2026-02-22; per-cell aggregation AG12 P2"
"8846494a3dfffff","R-7.5","R-7.5","2026.02","City and County of Honolulu Zoning 2024 (res-8 polyfill)","Honolulu DPP LUO zoning districts, downloaded 2026-02-22; per-cell aggregation AG12 P2"
"8846494a41fffff","P-1","P-1","2026.02","City and County of Honolulu Zoning 2024 (res-8 polyfill)","Honolulu DPP LUO zoning districts, downloaded 2026-02-22; per-cell aggregation AG12 P2"
"8846494a43fffff","P-1","P-1","2026.02","City and County of Honolulu Zoning 2024 (res-8 polyfill)","Honolulu DPP LUO zoning districts, downloaded 2026-02-22; per-cell aggregation AG12 P2"
"8846494a45fffff","P-1","P-1","2026.02","City and County of Honolulu Zoning 2024 (res-8 polyfill)","Honolulu DPP LUO zoning districts, downloaded 2026-02-22; per-cell aggregation AG12 P2"
"8846494a47fffff","P-1","P-1","2026.02","City and County of Honolulu Zoning 2024 (res-8 polyfill)","Honolulu DPP LUO zoning districts, downloaded 2026-02-22; per-cell aggregation AG12 P2"
"8846494a49fffff","C","C","2026.02","City and County of Honolulu Zoning 2024 (res-8 polyfill)","Honolulu DPP LUO zoning districts, downloaded 2026-02-22; per-cell aggregation AG12 P2"
"8846494a4bfffff","AG-1","AG-1","2026.02","City and County of Honolulu Zoning 2024 (res-8 polyfill)","Honolulu DPP LUO zoning districts, downloaded 2026-02-22; per-cell aggregation AG12 P2"
"8846494a4dfffff","P-1","P-1","2026.02","City and County of Honolulu Zoning 2024 (res-8 polyfill)","Honolulu DPP LUO zoning districts, downloaded 2026-02-22; per-cell aggregation AG12 P2"
"8846494a51fffff","AG-2","AG-2","2026.02","City and County of Honolulu Zoning 2024 (res-8 polyfill)","Honolulu DPP LUO zoning districts, downloaded 2026-02-22; per-cell aggregation AG12 P2"
"8846494a53fffff","P-1","P-1","2026.02","City and County of Honolulu Zoning 2024 (res-8 polyfill)","Honolulu DPP LUO zoning districts, downloaded 2026-02-22; per-cell aggregation AG12 P2"
"8846494a55fffff","P-1","P-1","2026.02","City and County of Honolulu Zoning 2024 (res-8 polyfill)","Honolulu DPP LUO zoning districts, downloaded 2026-02-22; per-cell aggregation AG12 P2"
"8846494a57fffff","P-1|P-2","P-1","2026.02","City and County of Honolulu Zoning 2024 (res-8 polyfill)","Honolulu DPP LUO zoning districts, downloaded 2026-02-22; per-cell aggregation AG12 P2"
"8846494a59fffff","AG-1","AG-1","2026.02","City and County of Honolulu Zoning 2024 (res-8 polyfill)","Honolulu DPP LUO zoning districts, downloaded 2026-02-22; per-cell aggregation AG12 P2"
"8846494a5bfffff","AG-1","AG-1","2026.02","City and County of Honolulu Zoning 2024 (res-8 polyfill)","Honolulu DPP LUO zoning districts, downloaded 2026-02-22; per-cell aggregation AG12 P2"
"8846494a5dfffff","P-1","P-1","2026.02","City and County of Honolulu Zoning 2024 (res-8 polyfill)","Honolulu DPP LUO zoning districts, downloaded 2026-02-22; per-cell aggregation AG12 P2"
"8846494a61fffff","P-1","P-1","2026.02","City and County of Honolulu Zoning 2024 (res-8 polyfill)","Honolulu DPP LUO zoning districts, downloaded 2026-02-22; per-cell aggregation AG12 P2"
"8846494a63fffff","P-1","P-1","2026.02","City and County of Honolulu Zoning 2024 (res-8 polyfill)","Honolulu DPP LUO zoning districts, downloaded 2026-02-22; per-cell aggregation AG12 P2"
"8846494a65fffff","P-1","P-1","2026.02","City and County of Honolulu Zoning 2024 (res-8 polyfill)","Honolulu DPP LUO zoning districts, downloaded 2026-02-22; per-cell aggregation AG12 P2"
"8846494a67fffff","P-1|P-2","P-1","2026.02","City and County of Honolulu Zoning 2024 (res-8 polyfill)","Honolulu DPP LUO zoning districts, downloaded 2026-02-22; per-cell aggregation AG12 P2"
"8846494a69fffff","P-1","P-1","2026.02","City and County of Honolulu Zoning 2024 (res-8 polyfill)","Honolulu DPP LUO zoning districts, downloaded 2026-02-22; per-cell aggregation AG12 P2"
"8846494a6bfffff","P-1","P-1","2026.02","City and County of Honolulu Zoning 2024 (res-8 polyfill)","Honolulu DPP LUO zoning districts, downloaded 2026-02-22; per-cell aggregation AG12 P2"
"8846494a6dfffff","P-1","P-1","2026.02","City and County of Honolulu Zoning 2024 (res-8 polyfill)","Honolulu DPP LUO zoning districts, downloaded 2026-02-22; per-cell aggregation AG12 P2"
"8846494a8dfffff","P-1","P-1","2026.02","City and County of Honolulu Zoning 2024 (res-8 polyfill)","Honolulu DPP LUO zoning districts, downloaded 2026-02-22; per-cell aggregation AG12 P2"
"8846494aa9fffff","P-1","P-1","2026.02","City and County of Honolulu Zoning 2024 (res-8 polyfill)","Honolulu DPP LUO zoning districts, downloaded 2026-02-22; per-cell aggregation AG12 P2"
"8846494ac1fffff","R-5","R-5","2026.02","City and County of Honolulu Zoning 2024 (res-8 polyfill)","Honolulu DPP LUO zoning districts, downloaded 2026-02-22; per-cell aggregation AG12 P2"
"8846494ac3fffff","P-1","P-1","2026.02","City and County of Honolulu Zoning 2024 (res-8 polyfill)","Honolulu DPP LUO zoning districts, downloaded 2026-02-22; per-cell aggregation AG12 P2"
"8846494ac5fffff","A-1|AG-2|P-2|R-7.5","P-2","2026.02","City and County of Honolulu Zoning 2024 (res-8 polyfill)","Honolulu DPP LUO zoning districts, downloaded 2026-02-22; per-cell aggregation AG12 P2"
"8846494ac7fffff","P-1","P-1","2026.02","City and County of Honolulu Zoning 2024 (res-8 polyfill)","Honolulu DPP LUO zoning districts, downloaded 2026-02-22; per-cell aggregation AG12 P2"
"8846494ac9fffff","P-2|R-10|R-5","R-5","2026.02","City and County of Honolulu Zoning 2024 (res-8 polyfill)","Honolulu DPP LUO zoning districts, downloaded 2026-02-22; per-cell aggregation AG12 P2"
"8846494acbfffff","B-1|R-5","R-5","2026.02","City and County of Honolulu Zoning 2024 (res-8 polyfill)","Honolulu DPP LUO zoning districts, downloaded 2026-02-22; per-cell aggregation AG12 P2"
"8846494acdfffff","A-1|P-2|R-7.5","R-7.5","2026.02","City and County of Honolulu Zoning 2024 (res-8 polyfill)","Honolulu DPP LUO zoning districts, downloaded 2026-02-22; per-cell aggregation AG12 P2"
"8846494ad9fffff","P-1","P-1","2026.02","City and County of Honolulu Zoning 2024 (res-8 polyfill)","Honolulu DPP LUO zoning districts, downloaded 2026-02-22; per-cell aggregation AG12 P2"
"8846494addfffff","R-5","R-5","2026.02","City and County of Honolulu Zoning 2024 (res-8 polyfill)","Honolulu DPP LUO zoning districts, downloaded 2026-02-22; per-cell aggregation AG12 P2"
"8846494ae1fffff","B-2|P-2|R-5","R-5","2026.02","City and County of Honolulu Zoning 2024 (res-8 polyfill)","Honolulu DPP LUO zoning districts, downloaded 2026-02-22; per-cell aggregation AG12 P2"
"8846494ae7fffff","P-1|R-10","P-1","2026.02","City and County of Honolulu Zoning 2024 (res-8 polyfill)","Honolulu DPP LUO zoning districts, downloaded 2026-02-22; per-cell aggregation AG12 P2"
"8846494ae9fffff","A-1|A-2|AG-1|P-2","A-1","2026.02","City and County of Honolulu Zoning 2024 (res-8 polyfill)","Honolulu DPP LUO zoning districts, downloaded 2026-02-22; per-cell aggregation AG12 P2"
"8846494aebfffff","P-1","P-1","2026.02","City and County of Honolulu Zoning 2024 (res-8 polyfill)","Honolulu DPP LUO zoning districts, downloaded 2026-02-22; per-cell aggregation AG12 P2"
"8846494aedfffff","B-2|P-1|P-2","P-1","2026.02","City and County of Honolulu Zoning 2024 (res-8 polyfill)","Honolulu DPP LUO zoning districts, downloaded 2026-02-22; per-cell aggregation AG12 P2"
"8846494b01fffff","B-2|R-5","R-5","2026.02","City and County of Honolulu Zoning 2024 (res-8 polyfill)","Honolulu DPP LUO zoning districts, downloaded 2026-02-22; per-cell aggregation AG12 P2"
"8846494b03fffff","A-1|B-2|P-2","B-2","2026.02","City and County of Honolulu Zoning 2024 (res-8 polyfill)","Honolulu DPP LUO zoning districts, downloaded 2026-02-22; per-cell aggregation AG12 P2"
"8846494b05fffff","P-2","P-2","2026.02","City and County of Honolulu Zoning 2024 (res-8 polyfill)","Honolulu DPP LUO zoning districts, downloaded 2026-02-22; per-cell aggregation AG12 P2"
"8846494b07fffff","P-2|R-5","R-5","2026.02","City and County of Honolulu Zoning 2024 (res-8 polyfill)","Honolulu DPP LUO zoning districts, downloaded 2026-02-22; per-cell aggregation AG12 P2"
"8846494b09fffff","P-2|R-5","R-5","2026.02","City and County of Honolulu Zoning 2024 (res-8 polyfill)","Honolulu DPP LUO zoning districts, downloaded 2026-02-22; per-cell aggregation AG12 P2"
"8846494b0bfffff","A-1|P-2|R-7.5","R-7.5","2026.02","City and County of Honolulu Zoning 2024 (res-8 polyfill)","Honolulu DPP LUO zoning districts, downloaded 2026-02-22; per-cell aggregation AG12 P2"
"8846494b0dfffff","A-1|A-2|B-1|B-2|P-2|R-5","R-5","2026.02","City and County of Honolulu Zoning 2024 (res-8 polyfill)","Honolulu DPP LUO zoning districts, downloaded 2026-02-22; per-cell aggregation AG12 P2"
"8846494b11fffff","P-2|Resort","P-2","2026.02","City and County of Honolulu Zoning 2024 (res-8 polyfill)","Honolulu DPP LUO zoning districts, downloaded 2026-02-22; per-cell aggregation AG12 P2"
"8846494b15fffff","A-2|R-5","R-5","2026.02","City and County of Honolulu Zoning 2024 (res-8 polyfill)","Honolulu DPP LUO zoning districts, downloaded 2026-02-22; per-cell aggregation AG12 P2"
"8846494b19fffff","P-2|R-7.5","R-7.5","2026.02","City and County of Honolulu Zoning 2024 (res-8 polyfill)","Honolulu DPP LUO zoning districts, downloaded 2026-02-22; per-cell aggregation AG12 P2"
"8846494b1bfffff","F-1|P-2|R-7.5","R-7.5","2026.02","City and County of Honolulu Zoning 2024 (res-8 polyfill)","Honolulu DPP LUO zoning districts, downloaded 2026-02-22; per-cell aggregation AG12 P2"
"8846494b1dfffff","A-2|P-1|P-2|R-5|R-7.5","P-1","2026.02","City and County of Honolulu Zoning 2024 (res-8 polyfill)","Honolulu DPP LUO zoning districts, downloaded 2026-02-22; per-cell aggregation AG12 P2"
"8846494b21fffff","A-2|P-1|R-10|R-20|R-5","P-1","2026.02","City and County of Honolulu Zoning 2024 (res-8 polyfill)","Honolulu DPP LUO zoning districts, downloaded 2026-02-22; per-cell aggregation AG12 P2"
"8846494b23fffff","P-1","P-1","2026.02","City and County of Honolulu Zoning 2024 (res-8 polyfill)","Honolulu DPP LUO zoning districts, downloaded 2026-02-22; per-cell aggregation AG12 P2"
"8846494b25fffff","A-2|R-5","R-5","2026.02","City and County of Honolulu Zoning 2024 (res-8 polyfill)","Honolulu DPP LUO zoning districts, downloaded 2026-02-22; per-cell aggregation AG12 P2"
"8846494b27fffff","P-2|R-10|R-5","R-10","2026.02","City and County of Honolulu Zoning 2024 (res-8 polyfill)","Honolulu DPP LUO zoning districts, downloaded 2026-02-22; per-cell aggregation AG12 P2"
"8846494b29fffff","B-1|R-3.5|R-5","R-3.5","2026.02","City and County of Honolulu Zoning 2024 (res-8 polyfill)","Honolulu DPP LUO zoning districts, downloaded 2026-02-22; per-cell aggregation AG12 P2"
"8846494b2bfffff","F-1|P-1|P-2","P-1","2026.02","City and County of Honolulu Zoning 2024 (res-8 polyfill)","Honolulu DPP LUO zoning districts, downloaded 2026-02-22; per-cell aggregation AG12 P2"
"8846494b2dfffff","P-2","P-2","2026.02","City and County of Honolulu Zoning 2024 (res-8 polyfill)","Honolulu DPP LUO zoning districts, downloaded 2026-02-22; per-cell aggregation AG12 P2"
"8846494b31fffff","P-1|P-2","P-2","2026.02","City and County of Honolulu Zoning 2024 (res-8 polyfill)","Honolulu DPP LUO zoning districts, downloaded 2026-02-22; per-cell aggregation AG12 P2"
"8846494b35fffff","P-1|R-7.5","R-7.5","2026.02","City and County of Honolulu Zoning 2024 (res-8 polyfill)","Honolulu DPP LUO zoning districts, downloaded 2026-02-22; per-cell aggregation AG12 P2"
"8846494b39fffff","P-2|R-7.5","R-7.5","2026.02","City and County of Honolulu Zoning 2024 (res-8 polyfill)","Honolulu DPP LUO zoning districts, downloaded 2026-02-22; per-cell aggregation AG12 P2"
"8846494b3dfffff","P-2|R-10|R-5","R-10","2026.02","City and County of Honolulu Zoning 2024 (res-8 polyfill)","Honolulu DPP LUO zoning districts, downloaded 2026-02-22; per-cell aggregation AG12 P2"
"8846494b41fffff","A-1|P-2|R-5","R-5","2026.02","City and County of Honolulu Zoning 2024 (res-8 polyfill)","Honolulu DPP LUO zoning districts, downloaded 2026-02-22; per-cell aggregation AG12 P2"
"8846494b43fffff","A-1|P-2|R-5","R-5","2026.02","City and County of Honolulu Zoning 2024 (res-8 polyfill)","Honolulu DPP LUO zoning districts, downloaded 2026-02-22; per-cell aggregation AG12 P2"
"8846494b45fffff","P-2","P-2","2026.02","City and County of Honolulu Zoning 2024 (res-8 polyfill)","Honolulu DPP LUO zoning districts, downloaded 2026-02-22; per-cell aggregation AG12 P2"
"8846494b47fffff","R-5","R-5","2026.02","City and County of Honolulu Zoning 2024 (res-8 polyfill)","Honolulu DPP LUO zoning districts, downloaded 2026-02-22; per-cell aggregation AG12 P2"
"8846494b49fffff","R-10","R-10","2026.02","City and County of Honolulu Zoning 2024 (res-8 polyfill)","Honolulu DPP LUO zoning districts, downloaded 2026-02-22; per-cell aggregation AG12 P2"
"8846494b4bfffff","P-2|R-5","R-5","2026.02","City and County of Honolulu Zoning 2024 (res-8 polyfill)","Honolulu DPP LUO zoning districts, downloaded 2026-02-22; per-cell aggregation AG12 P2"
"8846494b4dfffff","A-1|B-1|R-7.5","R-7.5","2026.02","City and County of Honolulu Zoning 2024 (res-8 polyfill)","Honolulu DPP LUO zoning districts, downloaded 2026-02-22; per-cell aggregation AG12 P2"
"8846494b51fffff","P-2|R-20|R-7.5","R-7.5","2026.02","City and County of Honolulu Zoning 2024 (res-8 polyfill)","Honolulu DPP LUO zoning districts, downloaded 2026-02-22; per-cell aggregation AG12 P2"
"8846494b53fffff","P-1|P-2","P-1","2026.02","City and County of Honolulu Zoning 2024 (res-8 polyfill)","Honolulu DPP LUO zoning districts, downloaded 2026-02-22; per-cell aggregation AG12 P2"
"8846494b55fffff","P-1|R-10","P-1","2026.02","City and County of Honolulu Zoning 2024 (res-8 polyfill)","Honolulu DPP LUO zoning districts, downloaded 2026-02-22; per-cell aggregation AG12 P2"
"8846494b57fffff","P-1|R-7.5","P-1","2026.02","City and County of Honolulu Zoning 2024 (res-8 polyfill)","Honolulu DPP LUO zoning districts, downloaded 2026-02-22; per-cell aggregation AG12 P2"
"8846494b59fffff","P-1|P-2","P-1","2026.02","City and County of Honolulu Zoning 2024 (res-8 polyfill)","Honolulu DPP LUO zoning districts, downloaded 2026-02-22; per-cell aggregation AG12 P2"
"8846494b5bfffff","P-1","P-1","2026.02","City and County of Honolulu Zoning 2024 (res-8 polyfill)","Honolulu DPP LUO zoning districts, downloaded 2026-02-22; per-cell aggregation AG12 P2"
"8846494b5dfffff","P-1","P-1","2026.02","City and County of Honolulu Zoning 2024 (res-8 polyfill)","Honolulu DPP LUO zoning districts, downloaded 2026-02-22; per-cell aggregation AG12 P2"
"8846494b61fffff","A-1|A-2|P-2","A-2","2026.02","City and County of Honolulu Zoning 2024 (res-8 polyfill)","Honolulu DPP LUO zoning districts, downloaded 2026-02-22; per-cell aggregation AG12 P2"
"8846494b63fffff","B-1|B-2|R-3.5","R-3.5","2026.02","City and County of Honolulu Zoning 2024 (res-8 polyfill)","Honolulu DPP LUO zoning districts, downloaded 2026-02-22; per-cell aggregation AG12 P2"
"8846494b65fffff","A-3|Apart|ApartMix|Pub","Apart","2026.02","City and County of Honolulu Zoning 2024 (res-8 polyfill)","Honolulu DPP LUO zoning districts, downloaded 2026-02-22; per-cell aggregation AG12 P2"
"8846494b67fffff","P-2|Pub|R-5","P-2","2026.02","City and County of Honolulu Zoning 2024 (res-8 polyfill)","Honolulu DPP LUO zoning districts, downloaded 2026-02-22; per-cell aggregation AG12 P2"
"8846494b69fffff","A-1|A-2|B-1|B-2|R-5","R-5","2026.02","City and County of Honolulu Zoning 2024 (res-8 polyfill)","Honolulu DPP LUO zoning districts, downloaded 2026-02-22; per-cell aggregation AG12 P2"
"8846494b6bfffff","A-1|P-2","P-2","2026.02","City and County of Honolulu Zoning 2024 (res-8 polyfill)","Honolulu DPP LUO zoning districts, downloaded 2026-02-22; per-cell aggregation AG12 P2"
"8846494b6dfffff","A-2|B-2|P-2","P-2","2026.02","City and County of Honolulu Zoning 2024 (res-8 polyfill)","Honolulu DPP LUO zoning districts, downloaded 2026-02-22; per-cell aggregation AG12 P2"
"8846495801fffff","P-1|R-10|R-5|R-7.5","P-1","2026.02","City and County of Honolulu Zoning 2024 (res-8 polyfill)","Honolulu DPP LUO zoning districts, downloaded 2026-02-22; per-cell aggregation AG12 P2"
"8846495803fffff","I-1|I-2|P-2","P-2","2026.02","City and County of Honolulu Zoning 2024 (res-8 polyfill)","Honolulu DPP LUO zoning districts, downloaded 2026-02-22; per-cell aggregation AG12 P2"
"8846495805fffff","A-2|P-2|R-7.5","R-7.5","2026.02","City and County of Honolulu Zoning 2024 (res-8 polyfill)","Honolulu DPP LUO zoning districts, downloaded 2026-02-22; per-cell aggregation AG12 P2"
"8846495807fffff","P-1","P-1","2026.02","City and County of Honolulu Zoning 2024 (res-8 polyfill)","Honolulu DPP LUO zoning districts, downloaded 2026-02-22; per-cell aggregation AG12 P2"
"8846495809fffff","P-1|P-2|R-10","P-1","2026.02","City and County of Honolulu Zoning 2024 (res-8 polyfill)","Honolulu DPP LUO zoning districts, downloaded 2026-02-22; per-cell aggregation AG12 P2"
"884649580bfffff","B-1|P-2|R-5|R-7.5","R-5","2026.02","City and County of Honolulu Zoning 2024 (res-8 polyfill)","Honolulu DPP LUO zoning districts, downloaded 2026-02-22; per-cell aggregation AG12 P2"
"884649580dfffff","I-2|P-1|P-2|R-5","P-2","2026.02","City and County of Honolulu Zoning 2024 (res-8 polyfill)","Honolulu DPP LUO zoning districts, downloaded 2026-02-22; per-cell aggregation AG12 P2"
"8846495811fffff","P-1","P-1","2026.02","City and County of Honolulu Zoning 2024 (res-8 polyfill)","Honolulu DPP LUO zoning districts, downloaded 2026-02-22; per-cell aggregation AG12 P2"
"8846495813fffff","A-2|B-2|C|P-2|R-5","C","2026.02","City and County of Honolulu Zoning 2024 (res-8 polyfill)","Honolulu DPP LUO zoning districts, downloaded 2026-02-22; per-cell aggregation AG12 P2"
"8846495815fffff","P-1","P-1","2026.02","City and County of Honolulu Zoning 2024 (res-8 polyfill)","Honolulu DPP LUO zoning districts, downloaded 2026-02-22; per-cell aggregation AG12 P2"
"8846495817fffff","P-1|P-2","P-1","2026.02","City and County of Honolulu Zoning 2024 (res-8 polyfill)","Honolulu DPP LUO zoning districts, downloaded 2026-02-22; per-cell aggregation AG12 P2"
"8846495819fffff","P-2|R-5","R-5","2026.02","City and County of Honolulu Zoning 2024 (res-8 polyfill)","Honolulu DPP LUO zoning districts, downloaded 2026-02-22; per-cell aggregation AG12 P2"
"884649581bfffff","R-5","R-5","2026.02","City and County of Honolulu Zoning 2024 (res-8 polyfill)","Honolulu DPP LUO zoning districts, downloaded 2026-02-22; per-cell aggregation AG12 P2"
"884649581dfffff","I-1|P-1","P-1","2026.02","City and County of Honolulu Zoning 2024 (res-8 polyfill)","Honolulu DPP LUO zoning districts, downloaded 2026-02-22; per-cell aggregation AG12 P2"
"8846495821fffff","P-2|R-5","R-5","2026.02","City and County of Honolulu Zoning 2024 (res-8 polyfill)","Honolulu DPP LUO zoning districts, downloaded 2026-02-22; per-cell aggregation AG12 P2"
"8846495823fffff","P-1","P-1","2026.02","City and County of Honolulu Zoning 2024 (res-8 polyfill)","Honolulu DPP LUO zoning districts, downloaded 2026-02-22; per-cell aggregation AG12 P2"
"8846495825fffff","P-1","P-1","2026.02","City and County of Honolulu Zoning 2024 (res-8 polyfill)","Honolulu DPP LUO zoning districts, downloaded 2026-02-22; per-cell aggregation AG12 P2"
"8846495827fffff","P-1","P-1","2026.02","City and County of Honolulu Zoning 2024 (res-8 polyfill)","Honolulu DPP LUO zoning districts, downloaded 2026-02-22; per-cell aggregation AG12 P2"
"8846495829fffff","B-2|I-2|P-2|R-10","R-10","2026.02","City and County of Honolulu Zoning 2024 (res-8 polyfill)","Honolulu DPP LUO zoning districts, downloaded 2026-02-22; per-cell aggregation AG12 P2"
"884649582bfffff","AG-1|P-2","AG-1","2026.02","City and County of Honolulu Zoning 2024 (res-8 polyfill)","Honolulu DPP LUO zoning districts, downloaded 2026-02-22; per-cell aggregation AG12 P2"
"884649582dfffff","P-1","P-1","2026.02","City and County of Honolulu Zoning 2024 (res-8 polyfill)","Honolulu DPP LUO zoning districts, downloaded 2026-02-22; per-cell aggregation AG12 P2"
"8846495831fffff","P-1","P-1","2026.02","City and County of Honolulu Zoning 2024 (res-8 polyfill)","Honolulu DPP LUO zoning districts, downloaded 2026-02-22; per-cell aggregation AG12 P2"
"8846495833fffff","AG-2|C|P-2","AG-2","2026.02","City and County of Honolulu Zoning 2024 (res-8 polyfill)","Honolulu DPP LUO zoning districts, downloaded 2026-02-22; per-cell aggregation AG12 P2"
"8846495835fffff","P-1","P-1","2026.02","City and County of Honolulu Zoning 2024 (res-8 polyfill)","Honolulu DPP LUO zoning districts, downloaded 2026-02-22; per-cell aggregation AG12 P2"
"8846495837fffff","C|P-1","P-1","2026.02","City and County of Honolulu Zoning 2024 (res-8 polyfill)","Honolulu DPP LUO zoning districts, downloaded 2026-02-22; per-cell aggregation AG12 P2"
"8846495839fffff","P-1","P-1","2026.02","City and County of Honolulu Zoning 2024 (res-8 polyfill)","Honolulu DPP LUO zoning districts, downloaded 2026-02-22; per-cell aggregation AG12 P2"
"884649583bfffff","P-1|P-2","P-1","2026.02","City and County of Honolulu Zoning 2024 (res-8 polyfill)","Honolulu DPP LUO zoning districts, downloaded 2026-02-22; per-cell aggregation AG12 P2"
"884649583dfffff","P-1","P-1","2026.02","City and County of Honolulu Zoning 2024 (res-8 polyfill)","Honolulu DPP LUO zoning districts, downloaded 2026-02-22; per-cell aggregation AG12 P2"
"8846495845fffff","P-2|R-10|R-5","R-10","2026.02","City and County of Honolulu Zoning 2024 (res-8 polyfill)","Honolulu DPP LUO zoning districts, downloaded 2026-02-22; per-cell aggregation AG12 P2"
"8846495847fffff","P-1|P-2|R-5","R-5","2026.02","City and County of Honolulu Zoning 2024 (res-8 polyfill)","Honolulu DPP LUO zoning districts, downloaded 2026-02-22; per-cell aggregation AG12 P2"
"884649584dfffff","P-1","P-1","2026.02","City and County of Honolulu Zoning 2024 (res-8 polyfill)","Honolulu DPP LUO zoning districts, downloaded 2026-02-22; per-cell aggregation AG12 P2"
"8846495851fffff","P-1|P-2|R-10","P-1","2026.02","City and County of Honolulu Zoning 2024 (res-8 polyfill)","Honolulu DPP LUO zoning districts, downloaded 2026-02-22; per-cell aggregation AG12 P2"
"8846495853fffff","P-2|R-7.5","R-7.5","2026.02","City and County of Honolulu Zoning 2024 (res-8 polyfill)","Honolulu DPP LUO zoning districts, downloaded 2026-02-22; per-cell aggregation AG12 P2"
"8846495855fffff","P-1|R-5","R-5","2026.02","City and County of Honolulu Zoning 2024 (res-8 polyfill)","Honolulu DPP LUO zoning districts, downloaded 2026-02-22; per-cell aggregation AG12 P2"
"8846495857fffff","P-1|P-2","P-1","2026.02","City and County of Honolulu Zoning 2024 (res-8 polyfill)","Honolulu DPP LUO zoning districts, downloaded 2026-02-22; per-cell aggregation AG12 P2"
"8846495859fffff","P-1|P-2","P-1","2026.02","City and County of Honolulu Zoning 2024 (res-8 polyfill)","Honolulu DPP LUO zoning districts, downloaded 2026-02-22; per-cell aggregation AG12 P2"
"884649585bfffff","B-1|P-2","P-2","2026.02","City and County of Honolulu Zoning 2024 (res-8 polyfill)","Honolulu DPP LUO zoning districts, downloaded 2026-02-22; per-cell aggregation AG12 P2"
"8846495861fffff","P-2|R-5|R-7.5","R-5","2026.02","City and County of Honolulu Zoning 2024 (res-8 polyfill)","Honolulu DPP LUO zoning districts, downloaded 2026-02-22; per-cell aggregation AG12 P2"
"8846495863fffff","B-2|P-2|R-7.5","R-7.5","2026.02","City and County of Honolulu Zoning 2024 (res-8 polyfill)","Honolulu DPP LUO zoning districts, downloaded 2026-02-22; per-cell aggregation AG12 P2"
"8846495865fffff","AG-2|P-2","AG-2","2026.02","City and County of Honolulu Zoning 2024 (res-8 polyfill)","Honolulu DPP LUO zoning districts, downloaded 2026-02-22; per-cell aggregation AG12 P2"
"8846495867fffff","AG-1|B-2|C|R-5|R-7.5","R-5","2026.02","City and County of Honolulu Zoning 2024 (res-8 polyfill)","Honolulu DPP LUO zoning districts, downloaded 2026-02-22; per-cell aggregation AG12 P2"
"8846495869fffff","A-2|B-1|B-2|I-2|P-2|R-5|R-7.5","B-2","2026.02","City and County of Honolulu Zoning 2024 (res-8 polyfill)","Honolulu DPP LUO zoning districts, downloaded 2026-02-22; per-cell aggregation AG12 P2"
"884649586bfffff","B-2|P-2|R-7.5","R-7.5","2026.02","City and County of Honolulu Zoning 2024 (res-8 polyfill)","Honolulu DPP LUO zoning districts, downloaded 2026-02-22; per-cell aggregation AG12 P2"
"884649586dfffff","A-2|P-2|R-10|R-5|R-7.5","A-2","2026.02","City and County of Honolulu Zoning 2024 (res-8 polyfill)","Honolulu DPP LUO zoning districts, downloaded 2026-02-22; per-cell aggregation AG12 P2"
"8846495881fffff","P-1|P-2","P-1","2026.02","City and County of Honolulu Zoning 2024 (res-8 polyfill)","Honolulu DPP LUO zoning districts, downloaded 2026-02-22; per-cell aggregation AG12 P2"
"8846495883fffff","F-1","F-1","2026.02","City and County of Honolulu Zoning 2024 (res-8 polyfill)","Honolulu DPP LUO zoning districts, downloaded 2026-02-22; per-cell aggregation AG12 P2"
"8846495885fffff","P-1|P-2","P-1","2026.02","City and County of Honolulu Zoning 2024 (res-8 polyfill)","Honolulu DPP LUO zoning districts, downloaded 2026-02-22; per-cell aggregation AG12 P2"
"8846495887fffff","C|P-2","P-2","2026.02","City and County of Honolulu Zoning 2024 (res-8 polyfill)","Honolulu DPP LUO zoning districts, downloaded 2026-02-22; per-cell aggregation AG12 P2"
"8846495889fffff","B-1|P-2|R-7.5","R-7.5","2026.02","City and County of Honolulu Zoning 2024 (res-8 polyfill)","Honolulu DPP LUO zoning districts, downloaded 2026-02-22; per-cell aggregation AG12 P2"
"884649588bfffff","F-1|P-2","F-1","2026.02","City and County of Honolulu Zoning 2024 (res-8 polyfill)","Honolulu DPP LUO zoning districts, downloaded 2026-02-22; per-cell aggregation AG12 P2"
"884649588dfffff","P-2|R-5","R-5","2026.02","City and County of Honolulu Zoning 2024 (res-8 polyfill)","Honolulu DPP LUO zoning districts, downloaded 2026-02-22; per-cell aggregation AG12 P2"
"8846495895fffff","F-1","F-1","2026.02","City and County of Honolulu Zoning 2024 (res-8 polyfill)","Honolulu DPP LUO zoning districts, downloaded 2026-02-22; per-cell aggregation AG12 P2"
"88464958a1fffff","AG-2","AG-2","2026.02","City and County of Honolulu Zoning 2024 (res-8 polyfill)","Honolulu DPP LUO zoning districts, downloaded 2026-02-22; per-cell aggregation AG12 P2"
"88464958a3fffff","AG-2|C","AG-2","2026.02","City and County of Honolulu Zoning 2024 (res-8 polyfill)","Honolulu DPP LUO zoning districts, downloaded 2026-02-22; per-cell aggregation AG12 P2"
"88464958a5fffff","P-1","P-1","2026.02","City and County of Honolulu Zoning 2024 (res-8 polyfill)","Honolulu DPP LUO zoning districts, downloaded 2026-02-22; per-cell aggregation AG12 P2"
"88464958a7fffff","AG-2|C","AG-2","2026.02","City and County of Honolulu Zoning 2024 (res-8 polyfill)","Honolulu DPP LUO zoning districts, downloaded 2026-02-22; per-cell aggregation AG12 P2"
"88464958a9fffff","P-1","P-1","2026.02","City and County of Honolulu Zoning 2024 (res-8 polyfill)","Honolulu DPP LUO zoning districts, downloaded 2026-02-22; per-cell aggregation AG12 P2"
"88464958abfffff","AG-2","AG-2","2026.02","City and County of Honolulu Zoning 2024 (res-8 polyfill)","Honolulu DPP LUO zoning districts, downloaded 2026-02-22; per-cell aggregation AG12 P2"
"88464958adfffff","P-1","P-1","2026.02","City and County of Honolulu Zoning 2024 (res-8 polyfill)","Honolulu DPP LUO zoning districts, downloaded 2026-02-22; per-cell aggregation AG12 P2"
"88464958b1fffff","AG-2|B-1|P-2|R-5","R-5","2026.02","City and County of Honolulu Zoning 2024 (res-8 polyfill)","Honolulu DPP LUO zoning districts, downloaded 2026-02-22; per-cell aggregation AG12 P2"
"88464958b3fffff","AG-1|AG-2|P-2","AG-1","2026.02","City and County of Honolulu Zoning 2024 (res-8 polyfill)","Honolulu DPP LUO zoning districts, downloaded 2026-02-22; per-cell aggregation AG12 P2"
"88464958b5fffff","AG-1|AG-2","AG-1","2026.02","City and County of Honolulu Zoning 2024 (res-8 polyfill)","Honolulu DPP LUO zoning districts, downloaded 2026-02-22; per-cell aggregation AG12 P2"
"88464958b7fffff","AG-2","AG-2","2026.02","City and County of Honolulu Zoning 2024 (res-8 polyfill)","Honolulu DPP LUO zoning districts, downloaded 2026-02-22; per-cell aggregation AG12 P2"
"88464958b9fffff","C|F-1","F-1","2026.02","City and County of Honolulu Zoning 2024 (res-8 polyfill)","Honolulu DPP LUO zoning districts, downloaded 2026-02-22; per-cell aggregation AG12 P2"
"88464958bbfffff","F-1|P-2","F-1","2026.02","City and County of Honolulu Zoning 2024 (res-8 polyfill)","Honolulu DPP LUO zoning districts, downloaded 2026-02-22; per-cell aggregation AG12 P2"
"88464958bdfffff","AG-1|AG-2|C","AG-2","2026.02","City and County of Honolulu Zoning 2024 (res-8 polyfill)","Honolulu DPP LUO zoning districts, downloaded 2026-02-22; per-cell aggregation AG12 P2"
"88464958c1fffff","P-2|R-10","R-10","2026.02","City and County of Honolulu Zoning 2024 (res-8 polyfill)","Honolulu DPP LUO zoning districts, downloaded 2026-02-22; per-cell aggregation AG12 P2"
"88464958c3fffff","P-2","P-2","2026.02","City and County of Honolulu Zoning 2024 (res-8 polyfill)","Honolulu DPP LUO zoning districts, downloaded 2026-02-22; per-cell aggregation AG12 P2"
"88464958c5fffff","A-2|I-2|IMX-1|P-1|P-2","P-1","2026.02","City and County of Honolulu Zoning 2024 (res-8 polyfill)","Honolulu DPP LUO zoning districts, downloaded 2026-02-22; per-cell aggregation AG12 P2"
"88464958c7fffff","P-1|P-2|R-5|R-7.5","R-5","2026.02","City and County of Honolulu Zoning 2024 (res-8 polyfill)","Honolulu DPP LUO zoning districts, downloaded 2026-02-22; per-cell aggregation AG12 P2"
"88464958c9fffff","B-1|P-1|P-2","B-1","2026.02","City and County of Honolulu Zoning 2024 (res-8 polyfill)","Honolulu DPP LUO zoning districts, downloaded 2026-02-22; per-cell aggregation AG12 P2"
"88464958cbfffff","R-5|R-7.5","R-7.5","2026.02","City and County of Honolulu Zoning 2024 (res-8 polyfill)","Honolulu DPP LUO zoning districts, downloaded 2026-02-22; per-cell aggregation AG12 P2"
"88464958cdfffff","B-1|B-2|BMX-3|P-2|R-5","B-2","2026.02","City and County of Honolulu Zoning 2024 (res-8 polyfill)","Honolulu DPP LUO zoning districts, downloaded 2026-02-22; per-cell aggregation AG12 P2"
"88464958d1fffff","P-2","P-2","2026.02","City and County of Honolulu Zoning 2024 (res-8 polyfill)","Honolulu DPP LUO zoning districts, downloaded 2026-02-22; per-cell aggregation AG12 P2"
"88464958d5fffff","P-1","P-1","2026.02","City and County of Honolulu Zoning 2024 (res-8 polyfill)","Honolulu DPP LUO zoning districts, downloaded 2026-02-22; per-cell aggregation AG12 P2"
"88464958d7fffff","F-1","F-1","2026.02","City and County of Honolulu Zoning 2024 (res-8 polyfill)","Honolulu DPP LUO zoning districts, downloaded 2026-02-22; per-cell aggregation AG12 P2"
"88464958ddfffff","P-1|P-2|R-10","R-10","2026.02","City and County of Honolulu Zoning 2024 (res-8 polyfill)","Honolulu DPP LUO zoning districts, downloaded 2026-02-22; per-cell aggregation AG12 P2"
"88464958e1fffff","AG-2|P-2|R-5","AG-2","2026.02","City and County of Honolulu Zoning 2024 (res-8 polyfill)","Honolulu DPP LUO zoning districts, downloaded 2026-02-22; per-cell aggregation AG12 P2"
"88464958e3fffff","AG-2","AG-2","2026.02","City and County of Honolulu Zoning 2024 (res-8 polyfill)","Honolulu DPP LUO zoning districts, downloaded 2026-02-22; per-cell aggregation AG12 P2"
"88464958e5fffff","AG-2|C","AG-2","2026.02","City and County of Honolulu Zoning 2024 (res-8 polyfill)","Honolulu DPP LUO zoning districts, downloaded 2026-02-22; per-cell aggregation AG12 P2"
"88464958e7fffff","P-1","P-1","2026.02","City and County of Honolulu Zoning 2024 (res-8 polyfill)","Honolulu DPP LUO zoning districts, downloaded 2026-02-22; per-cell aggregation AG12 P2"
"88464958e9fffff","B-1|R-5","R-5","2026.02","City and County of Honolulu Zoning 2024 (res-8 polyfill)","Honolulu DPP LUO zoning districts, downloaded 2026-02-22; per-cell aggregation AG12 P2"
"88464958ebfffff","P-2|R-5","R-5","2026.02","City and County of Honolulu Zoning 2024 (res-8 polyfill)","Honolulu DPP LUO zoning districts, downloaded 2026-02-22; per-cell aggregation AG12 P2"
"88464958edfffff","P-2|R-5|R-7.5","R-7.5","2026.02","City and County of Honolulu Zoning 2024 (res-8 polyfill)","Honolulu DPP LUO zoning districts, downloaded 2026-02-22; per-cell aggregation AG12 P2"
"8846495901fffff","P-1","P-1","2026.02","City and County of Honolulu Zoning 2024 (res-8 polyfill)","Honolulu DPP LUO zoning districts, downloaded 2026-02-22; per-cell aggregation AG12 P2"
"8846495903fffff","P-1","P-1","2026.02","City and County of Honolulu Zoning 2024 (res-8 polyfill)","Honolulu DPP LUO zoning districts, downloaded 2026-02-22; per-cell aggregation AG12 P2"
"8846495905fffff","P-1","P-1","2026.02","City and County of Honolulu Zoning 2024 (res-8 polyfill)","Honolulu DPP LUO zoning districts, downloaded 2026-02-22; per-cell aggregation AG12 P2"
"8846495907fffff","P-1","P-1","2026.02","City and County of Honolulu Zoning 2024 (res-8 polyfill)","Honolulu DPP LUO zoning districts, downloaded 2026-02-22; per-cell aggregation AG12 P2"
"8846495909fffff","P-1","P-1","2026.02","City and County of Honolulu Zoning 2024 (res-8 polyfill)","Honolulu DPP LUO zoning districts, downloaded 2026-02-22; per-cell aggregation AG12 P2"
"884649590bfffff","P-1","P-1","2026.02","City and County of Honolulu Zoning 2024 (res-8 polyfill)","Honolulu DPP LUO zoning districts, downloaded 2026-02-22; per-cell aggregation AG12 P2"
"884649590dfffff","P-1","P-1","2026.02","City and County of Honolulu Zoning 2024 (res-8 polyfill)","Honolulu DPP LUO zoning districts, downloaded 2026-02-22; per-cell aggregation AG12 P2"
"8846495911fffff","P-1","P-1","2026.02","City and County of Honolulu Zoning 2024 (res-8 polyfill)","Honolulu DPP LUO zoning districts, downloaded 2026-02-22; per-cell aggregation AG12 P2"
"8846495913fffff","P-1","P-1","2026.02","City and County of Honolulu Zoning 2024 (res-8 polyfill)","Honolulu DPP LUO zoning districts, downloaded 2026-02-22; per-cell aggregation AG12 P2"
"8846495915fffff","P-1","P-1","2026.02","City and County of Honolulu Zoning 2024 (res-8 polyfill)","Honolulu DPP LUO zoning districts, downloaded 2026-02-22; per-cell aggregation AG12 P2"
"8846495917fffff","P-1","P-1","2026.02","City and County of Honolulu Zoning 2024 (res-8 polyfill)","Honolulu DPP LUO zoning districts, downloaded 2026-02-22; per-cell aggregation AG12 P2"
"8846495919fffff","P-1","P-1","2026.02","City and County of Honolulu Zoning 2024 (res-8 polyfill)","Honolulu DPP LUO zoning districts, downloaded 2026-02-22; per-cell aggregation AG12 P2"
"884649591bfffff","P-1","P-1","2026.02","City and County of Honolulu Zoning 2024 (res-8 polyfill)","Honolulu DPP LUO zoning districts, downloaded 2026-02-22; per-cell aggregation AG12 P2"
"884649591dfffff","P-1","P-1","2026.02","City and County of Honolulu Zoning 2024 (res-8 polyfill)","Honolulu DPP LUO zoning districts, downloaded 2026-02-22; per-cell aggregation AG12 P2"
"8846495921fffff","P-1|P-2","P-1","2026.02","City and County of Honolulu Zoning 2024 (res-8 polyfill)","Honolulu DPP LUO zoning districts, downloaded 2026-02-22; per-cell aggregation AG12 P2"
"8846495923fffff","B-1|P-2|R-5|R-7.5","P-2","2026.02","City and County of Honolulu Zoning 2024 (res-8 polyfill)","Honolulu DPP LUO zoning districts, downloaded 2026-02-22; per-cell aggregation AG12 P2"
"8846495925fffff","P-1","P-1","2026.02","City and County of Honolulu Zoning 2024 (res-8 polyfill)","Honolulu DPP LUO zoning districts, downloaded 2026-02-22; per-cell aggregation AG12 P2"
"8846495927fffff","B-1|P-2|R-5","R-5","2026.02","City and County of Honolulu Zoning 2024 (res-8 polyfill)","Honolulu DPP LUO zoning districts, downloaded 2026-02-22; per-cell aggregation AG12 P2"
"8846495929fffff","P-1","P-1","2026.02","City and County of Honolulu Zoning 2024 (res-8 polyfill)","Honolulu DPP LUO zoning districts, downloaded 2026-02-22; per-cell aggregation AG12 P2"
"884649592bfffff","P-1|P-2|R-10","P-1","2026.02","City and County of Honolulu Zoning 2024 (res-8 polyfill)","Honolulu DPP LUO zoning districts, downloaded 2026-02-22; per-cell aggregation AG12 P2"
"884649592dfffff","P-1","P-1","2026.02","City and County of Honolulu Zoning 2024 (res-8 polyfill)","Honolulu DPP LUO zoning districts, downloaded 2026-02-22; per-cell aggregation AG12 P2"
"8846495931fffff","P-1","P-1","2026.02","City and County of Honolulu Zoning 2024 (res-8 polyfill)","Honolulu DPP LUO zoning districts, downloaded 2026-02-22; per-cell aggregation AG12 P2"
"8846495933fffff","P-2|R-10","R-10","2026.02","City and County of Honolulu Zoning 2024 (res-8 polyfill)","Honolulu DPP LUO zoning districts, downloaded 2026-02-22; per-cell aggregation AG12 P2"
"8846495935fffff","P-1","P-1","2026.02","City and County of Honolulu Zoning 2024 (res-8 polyfill)","Honolulu DPP LUO zoning districts, downloaded 2026-02-22; per-cell aggregation AG12 P2"
"8846495937fffff","P-1|P-2","P-1","2026.02","City and County of Honolulu Zoning 2024 (res-8 polyfill)","Honolulu DPP LUO zoning districts, downloaded 2026-02-22; per-cell aggregation AG12 P2"
"8846495939fffff","P-1","P-1","2026.02","City and County of Honolulu Zoning 2024 (res-8 polyfill)","Honolulu DPP LUO zoning districts, downloaded 2026-02-22; per-cell aggregation AG12 P2"
"884649593bfffff","P-1","P-1","2026.02","City and County of Honolulu Zoning 2024 (res-8 polyfill)","Honolulu DPP LUO zoning districts, downloaded 2026-02-22; per-cell aggregation AG12 P2"
"884649593dfffff","P-1","P-1","2026.02","City and County of Honolulu Zoning 2024 (res-8 polyfill)","Honolulu DPP LUO zoning districts, downloaded 2026-02-22; per-cell aggregation AG12 P2"
"8846495941fffff","P-1","P-1","2026.02","City and County of Honolulu Zoning 2024 (res-8 polyfill)","Honolulu DPP LUO zoning districts, downloaded 2026-02-22; per-cell aggregation AG12 P2"
"8846495943fffff","P-1","P-1","2026.02","City and County of Honolulu Zoning 2024 (res-8 polyfill)","Honolulu DPP LUO zoning districts, downloaded 2026-02-22; per-cell aggregation AG12 P2"
"8846495945fffff","P-1","P-1","2026.02","City and County of Honolulu Zoning 2024 (res-8 polyfill)","Honolulu DPP LUO zoning districts, downloaded 2026-02-22; per-cell aggregation AG12 P2"
"8846495947fffff","P-1","P-1","2026.02","City and County of Honolulu Zoning 2024 (res-8 polyfill)","Honolulu DPP LUO zoning districts, downloaded 2026-02-22; per-cell aggregation AG12 P2"
"8846495949fffff","P-1","P-1","2026.02","City and County of Honolulu Zoning 2024 (res-8 polyfill)","Honolulu DPP LUO zoning districts, downloaded 2026-02-22; per-cell aggregation AG12 P2"
"884649594bfffff","P-1","P-1","2026.02","City and County of Honolulu Zoning 2024 (res-8 polyfill)","Honolulu DPP LUO zoning districts, downloaded 2026-02-22; per-cell aggregation AG12 P2"
"884649594dfffff","P-1","P-1","2026.02","City and County of Honolulu Zoning 2024 (res-8 polyfill)","Honolulu DPP LUO zoning districts, downloaded 2026-02-22; per-cell aggregation AG12 P2"
"8846495951fffff","P-1","P-1","2026.02","City and County of Honolulu Zoning 2024 (res-8 polyfill)","Honolulu DPP LUO zoning districts, downloaded 2026-02-22; per-cell aggregation AG12 P2"
"8846495953fffff","P-1","P-1","2026.02","City and County of Honolulu Zoning 2024 (res-8 polyfill)","Honolulu DPP LUO zoning districts, downloaded 2026-02-22; per-cell aggregation AG12 P2"
"8846495955fffff","P-1","P-1","2026.02","City and County of Honolulu Zoning 2024 (res-8 polyfill)","Honolulu DPP LUO zoning districts, downloaded 2026-02-22; per-cell aggregation AG12 P2"
"8846495957fffff","P-1","P-1","2026.02","City and County of Honolulu Zoning 2024 (res-8 polyfill)","Honolulu DPP LUO zoning districts, downloaded 2026-02-22; per-cell aggregation AG12 P2"
"8846495959fffff","P-1","P-1","2026.02","City and County of Honolulu Zoning 2024 (res-8 polyfill)","Honolulu DPP LUO zoning districts, downloaded 2026-02-22; per-cell aggregation AG12 P2"
"884649595bfffff","AG-2|P-1","P-1","2026.02","City and County of Honolulu Zoning 2024 (res-8 polyfill)","Honolulu DPP LUO zoning districts, downloaded 2026-02-22; per-cell aggregation AG12 P2"
"884649595dfffff","P-1","P-1","2026.02","City and County of Honolulu Zoning 2024 (res-8 polyfill)","Honolulu DPP LUO zoning districts, downloaded 2026-02-22; per-cell aggregation AG12 P2"
"8846495961fffff","P-1","P-1","2026.02","City and County of Honolulu Zoning 2024 (res-8 polyfill)","Honolulu DPP LUO zoning districts, downloaded 2026-02-22; per-cell aggregation AG12 P2"
"8846495963fffff","P-1","P-1","2026.02","City and County of Honolulu Zoning 2024 (res-8 polyfill)","Honolulu DPP LUO zoning districts, downloaded 2026-02-22; per-cell aggregation AG12 P2"
"8846495965fffff","P-1","P-1","2026.02","City and County of Honolulu Zoning 2024 (res-8 polyfill)","Honolulu DPP LUO zoning districts, downloaded 2026-02-22; per-cell aggregation AG12 P2"
"8846495967fffff","P-1","P-1","2026.02","City and County of Honolulu Zoning 2024 (res-8 polyfill)","Honolulu DPP LUO zoning districts, downloaded 2026-02-22; per-cell aggregation AG12 P2"
"8846495969fffff","P-1","P-1","2026.02","City and County of Honolulu Zoning 2024 (res-8 polyfill)","Honolulu DPP LUO zoning districts, downloaded 2026-02-22; per-cell aggregation AG12 P2"
"884649596bfffff","P-1","P-1","2026.02","City and County of Honolulu Zoning 2024 (res-8 polyfill)","Honolulu DPP LUO zoning districts, downloaded 2026-02-22; per-cell aggregation AG12 P2"
"884649596dfffff","P-1","P-1","2026.02","City and County of Honolulu Zoning 2024 (res-8 polyfill)","Honolulu DPP LUO zoning districts, downloaded 2026-02-22; per-cell aggregation AG12 P2"
"8846495981fffff","P-1","P-1","2026.02","City and County of Honolulu Zoning 2024 (res-8 polyfill)","Honolulu DPP LUO zoning districts, downloaded 2026-02-22; per-cell aggregation AG12 P2"
"8846495983fffff","P-1","P-1","2026.02","City and County of Honolulu Zoning 2024 (res-8 polyfill)","Honolulu DPP LUO zoning districts, downloaded 2026-02-22; per-cell aggregation AG12 P2"
"8846495985fffff","P-1","P-1","2026.02","City and County of Honolulu Zoning 2024 (res-8 polyfill)","Honolulu DPP LUO zoning districts, downloaded 2026-02-22; per-cell aggregation AG12 P2"
"8846495987fffff","P-1","P-1","2026.02","City and County of Honolulu Zoning 2024 (res-8 polyfill)","Honolulu DPP LUO zoning districts, downloaded 2026-02-22; per-cell aggregation AG12 P2"
"8846495989fffff","P-1","P-1","2026.02","City and County of Honolulu Zoning 2024 (res-8 polyfill)","Honolulu DPP LUO zoning districts, downloaded 2026-02-22; per-cell aggregation AG12 P2"
"884649598bfffff","P-1","P-1","2026.02","City and County of Honolulu Zoning 2024 (res-8 polyfill)","Honolulu DPP LUO zoning districts, downloaded 2026-02-22; per-cell aggregation AG12 P2"
"884649598dfffff","P-1","P-1","2026.02","City and County of Honolulu Zoning 2024 (res-8 polyfill)","Honolulu DPP LUO zoning districts, downloaded 2026-02-22; per-cell aggregation AG12 P2"
"8846495991fffff","P-1","P-1","2026.02","City and County of Honolulu Zoning 2024 (res-8 polyfill)","Honolulu DPP LUO zoning districts, downloaded 2026-02-22; per-cell aggregation AG12 P2"
"8846495993fffff","P-1","P-1","2026.02","City and County of Honolulu Zoning 2024 (res-8 polyfill)","Honolulu DPP LUO zoning districts, downloaded 2026-02-22; per-cell aggregation AG12 P2"
"8846495995fffff","P-1","P-1","2026.02","City and County of Honolulu Zoning 2024 (res-8 polyfill)","Honolulu DPP LUO zoning districts, downloaded 2026-02-22; per-cell aggregation AG12 P2"
"8846495997fffff","P-1","P-1","2026.02","City and County of Honolulu Zoning 2024 (res-8 polyfill)","Honolulu DPP LUO zoning districts, downloaded 2026-02-22; per-cell aggregation AG12 P2"
"8846495999fffff","P-1","P-1","2026.02","City and County of Honolulu Zoning 2024 (res-8 polyfill)","Honolulu DPP LUO zoning districts, downloaded 2026-02-22; per-cell aggregation AG12 P2"
"884649599bfffff","P-1","P-1","2026.02","City and County of Honolulu Zoning 2024 (res-8 polyfill)","Honolulu DPP LUO zoning districts, downloaded 2026-02-22; per-cell aggregation AG12 P2"
"884649599dfffff","P-1","P-1","2026.02","City and County of Honolulu Zoning 2024 (res-8 polyfill)","Honolulu DPP LUO zoning districts, downloaded 2026-02-22; per-cell aggregation AG12 P2"
"88464959a1fffff","R-7.5","R-7.5","2026.02","City and County of Honolulu Zoning 2024 (res-8 polyfill)","Honolulu DPP LUO zoning districts, downloaded 2026-02-22; per-cell aggregation AG12 P2"
"88464959a3fffff","P-2|R-10","R-10","2026.02","City and County of Honolulu Zoning 2024 (res-8 polyfill)","Honolulu DPP LUO zoning districts, downloaded 2026-02-22; per-cell aggregation AG12 P2"
"88464959a5fffff","P-1","P-1","2026.02","City and County of Honolulu Zoning 2024 (res-8 polyfill)","Honolulu DPP LUO zoning districts, downloaded 2026-02-22; per-cell aggregation AG12 P2"
"88464959a7fffff","P-2|R-7.5","R-7.5","2026.02","City and County of Honolulu Zoning 2024 (res-8 polyfill)","Honolulu DPP LUO zoning districts, downloaded 2026-02-22; per-cell aggregation AG12 P2"
"88464959a9fffff","P-1","P-1","2026.02","City and County of Honolulu Zoning 2024 (res-8 polyfill)","Honolulu DPP LUO zoning districts, downloaded 2026-02-22; per-cell aggregation AG12 P2"
"88464959abfffff","P-1","P-1","2026.02","City and County of Honolulu Zoning 2024 (res-8 polyfill)","Honolulu DPP LUO zoning districts, downloaded 2026-02-22; per-cell aggregation AG12 P2"
"88464959adfffff","P-1","P-1","2026.02","City and County of Honolulu Zoning 2024 (res-8 polyfill)","Honolulu DPP LUO zoning districts, downloaded 2026-02-22; per-cell aggregation AG12 P2"
"88464959b1fffff","P-1","P-1","2026.02","City and County of Honolulu Zoning 2024 (res-8 polyfill)","Honolulu DPP LUO zoning districts, downloaded 2026-02-22; per-cell aggregation AG12 P2"
"88464959b3fffff","P-1","P-1","2026.02","City and County of Honolulu Zoning 2024 (res-8 polyfill)","Honolulu DPP LUO zoning districts, downloaded 2026-02-22; per-cell aggregation AG12 P2"
"88464959b5fffff","P-1","P-1","2026.02","City and County of Honolulu Zoning 2024 (res-8 polyfill)","Honolulu DPP LUO zoning districts, downloaded 2026-02-22; per-cell aggregation AG12 P2"
"88464959b7fffff","AG-2|P-1","P-1","2026.02","City and County of Honolulu Zoning 2024 (res-8 polyfill)","Honolulu DPP LUO zoning districts, downloaded 2026-02-22; per-cell aggregation AG12 P2"
"88464959b9fffff","P-1","P-1","2026.02","City and County of Honolulu Zoning 2024 (res-8 polyfill)","Honolulu DPP LUO zoning districts, downloaded 2026-02-22; per-cell aggregation AG12 P2"
"88464959bbfffff","P-1","P-1","2026.02","City and County of Honolulu Zoning 2024 (res-8 polyfill)","Honolulu DPP LUO zoning districts, downloaded 2026-02-22; per-cell aggregation AG12 P2"
"88464959bdfffff","P-1","P-1","2026.02","City and County of Honolulu Zoning 2024 (res-8 polyfill)","Honolulu DPP LUO zoning districts, downloaded 2026-02-22; per-cell aggregation AG12 P2"
"88464959c1fffff","P-1","P-1","2026.02","City and County of Honolulu Zoning 2024 (res-8 polyfill)","Honolulu DPP LUO zoning districts, downloaded 2026-02-22; per-cell aggregation AG12 P2"
"88464959c3fffff","P-1","P-1","2026.02","City and County of Honolulu Zoning 2024 (res-8 polyfill)","Honolulu DPP LUO zoning districts, downloaded 2026-02-22; per-cell aggregation AG12 P2"
"88464959c5fffff","P-1","P-1","2026.02","City and County of Honolulu Zoning 2024 (res-8 polyfill)","Honolulu DPP LUO zoning districts, downloaded 2026-02-22; per-cell aggregation AG12 P2"
"88464959c7fffff","P-1","P-1","2026.02","City and County of Honolulu Zoning 2024 (res-8 polyfill)","Honolulu DPP LUO zoning districts, downloaded 2026-02-22; per-cell aggregation AG12 P2"
"88464959c9fffff","P-1","P-1","2026.02","City and County of Honolulu Zoning 2024 (res-8 polyfill)","Honolulu DPP LUO zoning districts, downloaded 2026-02-22; per-cell aggregation AG12 P2"
"88464959cbfffff","P-1","P-1","2026.02","City and County of Honolulu Zoning 2024 (res-8 polyfill)","Honolulu DPP LUO zoning districts, downloaded 2026-02-22; per-cell aggregation AG12 P2"
"88464959cdfffff","P-1","P-1","2026.02","City and County of Honolulu Zoning 2024 (res-8 polyfill)","Honolulu DPP LUO zoning districts, downloaded 2026-02-22; per-cell aggregation AG12 P2"
"88464959d1fffff","R-20|R-5","R-20","2026.02","City and County of Honolulu Zoning 2024 (res-8 polyfill)","Honolulu DPP LUO zoning districts, downloaded 2026-02-22; per-cell aggregation AG12 P2"
"88464959d3fffff","AG-2","AG-2","2026.02","City and County of Honolulu Zoning 2024 (res-8 polyfill)","Honolulu DPP LUO zoning districts, downloaded 2026-02-22; per-cell aggregation AG12 P2"
"88464959d5fffff","P-1","P-1","2026.02","City and County of Honolulu Zoning 2024 (res-8 polyfill)","Honolulu DPP LUO zoning districts, downloaded 2026-02-22; per-cell aggregation AG12 P2"
"88464959d7fffff","P-1","P-1","2026.02","City and County of Honolulu Zoning 2024 (res-8 polyfill)","Honolulu DPP LUO zoning districts, downloaded 2026-02-22; per-cell aggregation AG12 P2"
"88464959d9fffff","C|R-20|R-5|R-7.5","R-7.5","2026.02","City and County of Honolulu Zoning 2024 (res-8 polyfill)","Honolulu DPP LUO zoning districts, downloaded 2026-02-22; per-cell aggregation AG12 P2"
"88464959dbfffff","AG-2","AG-2","2026.02","City and County of Honolulu Zoning 2024 (res-8 polyfill)","Honolulu DPP LUO zoning districts, downloaded 2026-02-22; per-cell aggregation AG12 P2"
"88464959ddfffff","AG-2","AG-2","2026.02","City and County of Honolulu Zoning 2024 (res-8 polyfill)","Honolulu DPP LUO zoning districts, downloaded 2026-02-22; per-cell aggregation AG12 P2"
"88464959e1fffff","P-1","P-1","2026.02","City and County of Honolulu Zoning 2024 (res-8 polyfill)","Honolulu DPP LUO zoning districts, downloaded 2026-02-22; per-cell aggregation AG12 P2"
"88464959e3fffff","P-1","P-1","2026.02","City and County of Honolulu Zoning 2024 (res-8 polyfill)","Honolulu DPP LUO zoning districts, downloaded 2026-02-22; per-cell aggregation AG12 P2"
"88464959e5fffff","P-1|P-2","P-1","2026.02","City and County of Honolulu Zoning 2024 (res-8 polyfill)","Honolulu DPP LUO zoning districts, downloaded 2026-02-22; per-cell aggregation AG12 P2"
"88464959e7fffff","P-1","P-1","2026.02","City and County of Honolulu Zoning 2024 (res-8 polyfill)","Honolulu DPP LUO zoning districts, downloaded 2026-02-22; per-cell aggregation AG12 P2"
"88464959e9fffff","P-1","P-1","2026.02","City and County of Honolulu Zoning 2024 (res-8 polyfill)","Honolulu DPP LUO zoning districts, downloaded 2026-02-22; per-cell aggregation AG12 P2"
"88464959ebfffff","P-1","P-1","2026.02","City and County of Honolulu Zoning 2024 (res-8 polyfill)","Honolulu DPP LUO zoning districts, downloaded 2026-02-22; per-cell aggregation AG12 P2"
"88464959edfffff","P-1|R-20","P-1","2026.02","City and County of Honolulu Zoning 2024 (res-8 polyfill)","Honolulu DPP LUO zoning districts, downloaded 2026-02-22; per-cell aggregation AG12 P2"
"8846495a01fffff","P-1","P-1","2026.02","City and County of Honolulu Zoning 2024 (res-8 polyfill)","Honolulu DPP LUO zoning districts, downloaded 2026-02-22; per-cell aggregation AG12 P2"
"8846495a03fffff","F-1","F-1","2026.02","City and County of Honolulu Zoning 2024 (res-8 polyfill)","Honolulu DPP LUO zoning districts, downloaded 2026-02-22; per-cell aggregation AG12 P2"
"8846495a13fffff","F-1","F-1","2026.02","City and County of Honolulu Zoning 2024 (res-8 polyfill)","Honolulu DPP LUO zoning districts, downloaded 2026-02-22; per-cell aggregation AG12 P2"
"8846495a15fffff","F-1","F-1","2026.02","City and County of Honolulu Zoning 2024 (res-8 polyfill)","Honolulu DPP LUO zoning districts, downloaded 2026-02-22; per-cell aggregation AG12 P2"
"8846495a17fffff","F-1","F-1","2026.02","City and County of Honolulu Zoning 2024 (res-8 polyfill)","Honolulu DPP LUO zoning districts, downloaded 2026-02-22; per-cell aggregation AG12 P2"
"8846495a31fffff","F-1","F-1","2026.02","City and County of Honolulu Zoning 2024 (res-8 polyfill)","Honolulu DPP LUO zoning districts, downloaded 2026-02-22; per-cell aggregation AG12 P2"
"8846495a33fffff","F-1","F-1","2026.02","City and County of Honolulu Zoning 2024 (res-8 polyfill)","Honolulu DPP LUO zoning districts, downloaded 2026-02-22; per-cell aggregation AG12 P2"
"8846495a39fffff","F-1","F-1","2026.02","City and County of Honolulu Zoning 2024 (res-8 polyfill)","Honolulu DPP LUO zoning districts, downloaded 2026-02-22; per-cell aggregation AG12 P2"
"8846495a3bfffff","F-1","F-1","2026.02","City and County of Honolulu Zoning 2024 (res-8 polyfill)","Honolulu DPP LUO zoning districts, downloaded 2026-02-22; per-cell aggregation AG12 P2"
"8846495a3dfffff","F-1","F-1","2026.02","City and County of Honolulu Zoning 2024 (res-8 polyfill)","Honolulu DPP LUO zoning districts, downloaded 2026-02-22; per-cell aggregation AG12 P2"
"8846495a61fffff","P-1","P-1","2026.02","City and County of Honolulu Zoning 2024 (res-8 polyfill)","Honolulu DPP LUO zoning districts, downloaded 2026-02-22; per-cell aggregation AG12 P2"
"8846495aa5fffff","P-1|R-10|R-7.5","R-10","2026.02","City and County of Honolulu Zoning 2024 (res-8 polyfill)","Honolulu DPP LUO zoning districts, downloaded 2026-02-22; per-cell aggregation AG12 P2"
"8846495aa7fffff","P-1|P-2","P-2","2026.02","City and County of Honolulu Zoning 2024 (res-8 polyfill)","Honolulu DPP LUO zoning districts, downloaded 2026-02-22; per-cell aggregation AG12 P2"
"8846495aa9fffff","P-1","P-1","2026.02","City and County of Honolulu Zoning 2024 (res-8 polyfill)","Honolulu DPP LUO zoning districts, downloaded 2026-02-22; per-cell aggregation AG12 P2"
"8846495aadfffff","B-1|P-1|P-2|R-10","R-10","2026.02","City and County of Honolulu Zoning 2024 (res-8 polyfill)","Honolulu DPP LUO zoning districts, downloaded 2026-02-22; per-cell aggregation AG12 P2"
"8846495ac5fffff","F-1","F-1","2026.02","City and County of Honolulu Zoning 2024 (res-8 polyfill)","Honolulu DPP LUO zoning districts, downloaded 2026-02-22; per-cell aggregation AG12 P2"
"8846495acdfffff","P-1","P-1","2026.02","City and County of Honolulu Zoning 2024 (res-8 polyfill)","Honolulu DPP LUO zoning districts, downloaded 2026-02-22; per-cell aggregation AG12 P2"
"8846495ae1fffff","P-1","P-1","2026.02","City and County of Honolulu Zoning 2024 (res-8 polyfill)","Honolulu DPP LUO zoning districts, downloaded 2026-02-22; per-cell aggregation AG12 P2"
"8846495ae5fffff","P-1","P-1","2026.02","City and County of Honolulu Zoning 2024 (res-8 polyfill)","Honolulu DPP LUO zoning districts, downloaded 2026-02-22; per-cell aggregation AG12 P2"
"8846495ae7fffff","R-10|R-7.5","R-10","2026.02","City and County of Honolulu Zoning 2024 (res-8 polyfill)","Honolulu DPP LUO zoning districts, downloaded 2026-02-22; per-cell aggregation AG12 P2"
"8846495ae9fffff","F-1","F-1","2026.02","City and County of Honolulu Zoning 2024 (res-8 polyfill)","Honolulu DPP LUO zoning districts, downloaded 2026-02-22; per-cell aggregation AG12 P2"
"8846495aedfffff","F-1","F-1","2026.02","City and County of Honolulu Zoning 2024 (res-8 polyfill)","Honolulu DPP LUO zoning districts, downloaded 2026-02-22; per-cell aggregation AG12 P2"
"8846495b01fffff","P-2|R-5","R-5","2026.02","City and County of Honolulu Zoning 2024 (res-8 polyfill)","Honolulu DPP LUO zoning districts, downloaded 2026-02-22; per-cell aggregation AG12 P2"
"8846495b03fffff","A-1|B-1|P-2","P-2","2026.02","City and County of Honolulu Zoning 2024 (res-8 polyfill)","Honolulu DPP LUO zoning districts, downloaded 2026-02-22; per-cell aggregation AG12 P2"
"8846495b05fffff","AG-2|C|P-1|P-2|R-10|R-7.5","P-1","2026.02","City and County of Honolulu Zoning 2024 (res-8 polyfill)","Honolulu DPP LUO zoning districts, downloaded 2026-02-22; per-cell aggregation AG12 P2"
"8846495b07fffff","P-2|R-7.5","R-7.5","2026.02","City and County of Honolulu Zoning 2024 (res-8 polyfill)","Honolulu DPP LUO zoning districts, downloaded 2026-02-22; per-cell aggregation AG12 P2"
"8846495b09fffff","R-10|R-5","R-10","2026.02","City and County of Honolulu Zoning 2024 (res-8 polyfill)","Honolulu DPP LUO zoning districts, downloaded 2026-02-22; per-cell aggregation AG12 P2"
"8846495b0bfffff","C","C","2026.02","City and County of Honolulu Zoning 2024 (res-8 polyfill)","Honolulu DPP LUO zoning districts, downloaded 2026-02-22; per-cell aggregation AG12 P2"
"8846495b0dfffff","AG-2|C|R-10","AG-2","2026.02","City and County of Honolulu Zoning 2024 (res-8 polyfill)","Honolulu DPP LUO zoning districts, downloaded 2026-02-22; per-cell aggregation AG12 P2"
"8846495b11fffff","C|P-1|R-5","P-1","2026.02","City and County of Honolulu Zoning 2024 (res-8 polyfill)","Honolulu DPP LUO zoning districts, downloaded 2026-02-22; per-cell aggregation AG12 P2"
"8846495b15fffff","P-2","P-2","2026.02","City and County of Honolulu Zoning 2024 (res-8 polyfill)","Honolulu DPP LUO zoning districts, downloaded 2026-02-22; per-cell aggregation AG12 P2"
"8846495b17fffff","AG-2|C|P-2|R-5|R-7.5","P-2","2026.02","City and County of Honolulu Zoning 2024 (res-8 polyfill)","Honolulu DPP LUO zoning districts, downloaded 2026-02-22; per-cell aggregation AG12 P2"
"8846495b19fffff","P-2","P-2","2026.02","City and County of Honolulu Zoning 2024 (res-8 polyfill)","Honolulu DPP LUO zoning districts, downloaded 2026-02-22; per-cell aggregation AG12 P2"
"8846495b1dfffff","P-1","P-1","2026.02","City and County of Honolulu Zoning 2024 (res-8 polyfill)","Honolulu DPP LUO zoning districts, downloaded 2026-02-22; per-cell aggregation AG12 P2"
"8846495b21fffff","P-1","P-1","2026.02","City and County of Honolulu Zoning 2024 (res-8 polyfill)","Honolulu DPP LUO zoning districts, downloaded 2026-02-22; per-cell aggregation AG12 P2"
"8846495b23fffff","P-1","P-1","2026.02","City and County of Honolulu Zoning 2024 (res-8 polyfill)","Honolulu DPP LUO zoning districts, downloaded 2026-02-22; per-cell aggregation AG12 P2"
"8846495b25fffff","P-1","P-1","2026.02","City and County of Honolulu Zoning 2024 (res-8 polyfill)","Honolulu DPP LUO zoning districts, downloaded 2026-02-22; per-cell aggregation AG12 P2"
"8846495b27fffff","P-1","P-1","2026.02","City and County of Honolulu Zoning 2024 (res-8 polyfill)","Honolulu DPP LUO zoning districts, downloaded 2026-02-22; per-cell aggregation AG12 P2"
"8846495b29fffff","P-1","P-1","2026.02","City and County of Honolulu Zoning 2024 (res-8 polyfill)","Honolulu DPP LUO zoning districts, downloaded 2026-02-22; per-cell aggregation AG12 P2"
"8846495b2bfffff","P-1","P-1","2026.02","City and County of Honolulu Zoning 2024 (res-8 polyfill)","Honolulu DPP LUO zoning districts, downloaded 2026-02-22; per-cell aggregation AG12 P2"
"8846495b2dfffff","P-1","P-1","2026.02","City and County of Honolulu Zoning 2024 (res-8 polyfill)","Honolulu DPP LUO zoning districts, downloaded 2026-02-22; per-cell aggregation AG12 P2"
"8846495b31fffff","P-1","P-1","2026.02","City and County of Honolulu Zoning 2024 (res-8 polyfill)","Honolulu DPP LUO zoning districts, downloaded 2026-02-22; per-cell aggregation AG12 P2"
"8846495b33fffff","AG-2|P-2|R-7.5","AG-2","2026.02","City and County of Honolulu Zoning 2024 (res-8 polyfill)","Honolulu DPP LUO zoning districts, downloaded 2026-02-22; per-cell aggregation AG12 P2"
"8846495b35fffff","P-1","P-1","2026.02","City and County of Honolulu Zoning 2024 (res-8 polyfill)","Honolulu DPP LUO zoning districts, downloaded 2026-02-22; per-cell aggregation AG12 P2"
"8846495b37fffff","P-1","P-1","2026.02","City and County of Honolulu Zoning 2024 (res-8 polyfill)","Honolulu DPP LUO zoning districts, downloaded 2026-02-22; per-cell aggregation AG12 P2"
"8846495b39fffff","P-1","P-1","2026.02","City and County of Honolulu Zoning 2024 (res-8 polyfill)","Honolulu DPP LUO zoning districts, downloaded 2026-02-22; per-cell aggregation AG12 P2"
"8846495b3bfffff","C","C","2026.02","City and County of Honolulu Zoning 2024 (res-8 polyfill)","Honolulu DPP LUO zoning districts, downloaded 2026-02-22; per-cell aggregation AG12 P2"
"8846495b3dfffff","P-1","P-1","2026.02","City and County of Honolulu Zoning 2024 (res-8 polyfill)","Honolulu DPP LUO zoning districts, downloaded 2026-02-22; per-cell aggregation AG12 P2"
"8846495b41fffff","B-1|I-1|P-1|P-2|R-5","P-2","2026.02","City and County of Honolulu Zoning 2024 (res-8 polyfill)","Honolulu DPP LUO zoning districts, downloaded 2026-02-22; per-cell aggregation AG12 P2"
"8846495b43fffff","P-1|P-2|R-5","P-1","2026.02","City and County of Honolulu Zoning 2024 (res-8 polyfill)","Honolulu DPP LUO zoning districts, downloaded 2026-02-22; per-cell aggregation AG12 P2"
"8846495b45fffff","AG-2|C|R-10|R-5|R-7.5","C","2026.02","City and County of Honolulu Zoning 2024 (res-8 polyfill)","Honolulu DPP LUO zoning districts, downloaded 2026-02-22; per-cell aggregation AG12 P2"
"8846495b47fffff","AG-2|C|P-2","AG-2","2026.02","City and County of Honolulu Zoning 2024 (res-8 polyfill)","Honolulu DPP LUO zoning districts, downloaded 2026-02-22; per-cell aggregation AG12 P2"
"8846495b4dfffff","AG-2|B-1|C|R-10|R-7.5","C","2026.02","City and County of Honolulu Zoning 2024 (res-8 polyfill)","Honolulu DPP LUO zoning districts, downloaded 2026-02-22; per-cell aggregation AG12 P2"
"8846495b55fffff","R-10","R-10","2026.02","City and County of Honolulu Zoning 2024 (res-8 polyfill)","Honolulu DPP LUO zoning districts, downloaded 2026-02-22; per-cell aggregation AG12 P2"
"8846495b57fffff","P-2|R-10|R-5","R-10","2026.02","City and County of Honolulu Zoning 2024 (res-8 polyfill)","Honolulu DPP LUO zoning districts, downloaded 2026-02-22; per-cell aggregation AG12 P2"
"8846495b5bfffff","P-1","P-1","2026.02","City and County of Honolulu Zoning 2024 (res-8 polyfill)","Honolulu DPP LUO zoning districts, downloaded 2026-02-22; per-cell aggregation AG12 P2"
"8846495b61fffff","P-1","P-1","2026.02","City and County of Honolulu Zoning 2024 (res-8 polyfill)","Honolulu DPP LUO zoning districts, downloaded 2026-02-22; per-cell aggregation AG12 P2"
"8846495b63fffff","C|P-1|R-5","P-1","2026.02","City and County of Honolulu Zoning 2024 (res-8 polyfill)","Honolulu DPP LUO zoning districts, downloaded 2026-02-22; per-cell aggregation AG12 P2"
"8846495b65fffff","P-1","P-1","2026.02","City and County of Honolulu Zoning 2024 (res-8 polyfill)","Honolulu DPP LUO zoning districts, downloaded 2026-02-22; per-cell aggregation AG12 P2"
"8846495b67fffff","P-1","P-1","2026.02","City and County of Honolulu Zoning 2024 (res-8 polyfill)","Honolulu DPP LUO zoning districts, downloaded 2026-02-22; per-cell aggregation AG12 P2"
"8846495b69fffff","AG-2|P-1","P-1","2026.02","City and County of Honolulu Zoning 2024 (res-8 polyfill)","Honolulu DPP LUO zoning districts, downloaded 2026-02-22; per-cell aggregation AG12 P2"
"8846495b6bfffff","AG-2|C","AG-2","2026.02","City and County of Honolulu Zoning 2024 (res-8 polyfill)","Honolulu DPP LUO zoning districts, downloaded 2026-02-22; per-cell aggregation AG12 P2"
"8846495b6dfffff","P-1","P-1","2026.02","City and County of Honolulu Zoning 2024 (res-8 polyfill)","Honolulu DPP LUO zoning districts, downloaded 2026-02-22; per-cell aggregation AG12 P2"
"88464b9001fffff","AG-1|B-2|BMX-3|P-2","AG-1","2026.02","City and County of Honolulu Zoning 2024 (res-8 polyfill)","Honolulu DPP LUO zoning districts, downloaded 2026-02-22; per-cell aggregation AG12 P2"
"88464b9003fffff","A-1|A-2|P-2|R-5","R-5","2026.02","City and County of Honolulu Zoning 2024 (res-8 polyfill)","Honolulu DPP LUO zoning districts, downloaded 2026-02-22; per-cell aggregation AG12 P2"
"88464b9005fffff","AG-1|B-2","AG-1","2026.02","City and County of Honolulu Zoning 2024 (res-8 polyfill)","Honolulu DPP LUO zoning districts, downloaded 2026-02-22; per-cell aggregation AG12 P2"
"88464b9007fffff","A-1|AMX-2|BMX-3|P-2|R-5","BMX-3","2026.02","City and County of Honolulu Zoning 2024 (res-8 polyfill)","Honolulu DPP LUO zoning districts, downloaded 2026-02-22; per-cell aggregation AG12 P2"
"88464b9009fffff","AG-1|AG-2|B-1|R-5","R-5","2026.02","City and County of Honolulu Zoning 2024 (res-8 polyfill)","Honolulu DPP LUO zoning districts, downloaded 2026-02-22; per-cell aggregation AG12 P2"
"88464b900bfffff","A-1|B-2|BMX-3|P-2|R-3.5","R-3.5","2026.02","City and County of Honolulu Zoning 2024 (res-8 polyfill)","Honolulu DPP LUO zoning districts, downloaded 2026-02-22; per-cell aggregation AG12 P2"
"88464b900dfffff","AG-2|P-2","AG-2","2026.02","City and County of Honolulu Zoning 2024 (res-8 polyfill)","Honolulu DPP LUO zoning districts, downloaded 2026-02-22; per-cell aggregation AG12 P2"
"88464b9011fffff","AG-1|P-2","AG-1","2026.02","City and County of Honolulu Zoning 2024 (res-8 polyfill)","Honolulu DPP LUO zoning districts, downloaded 2026-02-22; per-cell aggregation AG12 P2"
"88464b9013fffff","F-1","F-1","2026.02","City and County of Honolulu Zoning 2024 (res-8 polyfill)","Honolulu DPP LUO zoning districts, downloaded 2026-02-22; per-cell aggregation AG12 P2"
"88464b9015fffff","A-1|F-1|P-2","F-1","2026.02","City and County of Honolulu Zoning 2024 (res-8 polyfill)","Honolulu DPP LUO zoning districts, downloaded 2026-02-22; per-cell aggregation AG12 P2"
"88464b9017fffff","F-1","F-1","2026.02","City and County of Honolulu Zoning 2024 (res-8 polyfill)","Honolulu DPP LUO zoning districts, downloaded 2026-02-22; per-cell aggregation AG12 P2"
"88464b9019fffff","AG-1","AG-1","2026.02","City and County of Honolulu Zoning 2024 (res-8 polyfill)","Honolulu DPP LUO zoning districts, downloaded 2026-02-22; per-cell aggregation AG12 P2"
"88464b901bfffff","AG-1|R-5","AG-1","2026.02","City and County of Honolulu Zoning 2024 (res-8 polyfill)","Honolulu DPP LUO zoning districts, downloaded 2026-02-22; per-cell aggregation AG12 P2"
"88464b901dfffff","A-1|AMX-1|B-1|P-2|R-5","R-5","2026.02","City and County of Honolulu Zoning 2024 (res-8 polyfill)","Honolulu DPP LUO zoning districts, downloaded 2026-02-22; per-cell aggregation AG12 P2"
"88464b9021fffff","I-2","I-2","2026.02","City and County of Honolulu Zoning 2024 (res-8 polyfill)","Honolulu DPP LUO zoning districts, downloaded 2026-02-22; per-cell aggregation AG12 P2"
"88464b9023fffff","F-1","F-1","2026.02","City and County of Honolulu Zoning 2024 (res-8 polyfill)","Honolulu DPP LUO zoning districts, downloaded 2026-02-22; per-cell aggregation AG12 P2"
"88464b9025fffff","AG-2|I-2|P-2","I-2","2026.02","City and County of Honolulu Zoning 2024 (res-8 polyfill)","Honolulu DPP LUO zoning districts, downloaded 2026-02-22; per-cell aggregation AG12 P2"
"88464b9027fffff","I-2","I-2","2026.02","City and County of Honolulu Zoning 2024 (res-8 polyfill)","Honolulu DPP LUO zoning districts, downloaded 2026-02-22; per-cell aggregation AG12 P2"
"88464b9029fffff","AMX-2|BMX-3|IMX-1","IMX-1","2026.02","City and County of Honolulu Zoning 2024 (res-8 polyfill)","Honolulu DPP LUO zoning districts, downloaded 2026-02-22; per-cell aggregation AG12 P2"
"88464b902bfffff","AG-2|I-2","I-2","2026.02","City and County of Honolulu Zoning 2024 (res-8 polyfill)","Honolulu DPP LUO zoning districts, downloaded 2026-02-22; per-cell aggregation AG12 P2"
"88464b902dfffff","I-2|P-2","I-2","2026.02","City and County of Honolulu Zoning 2024 (res-8 polyfill)","Honolulu DPP LUO zoning districts, downloaded 2026-02-22; per-cell aggregation AG12 P2"
"88464b9031fffff","F-1","F-1","2026.02","City and County of Honolulu Zoning 2024 (res-8 polyfill)","Honolulu DPP LUO zoning districts, downloaded 2026-02-22; per-cell aggregation AG12 P2"
"88464b9033fffff","F-1","F-1","2026.02","City and County of Honolulu Zoning 2024 (res-8 polyfill)","Honolulu DPP LUO zoning districts, downloaded 2026-02-22; per-cell aggregation AG12 P2"
"88464b9035fffff","F-1","F-1","2026.02","City and County of Honolulu Zoning 2024 (res-8 polyfill)","Honolulu DPP LUO zoning districts, downloaded 2026-02-22; per-cell aggregation AG12 P2"
"88464b9037fffff","F-1","F-1","2026.02","City and County of Honolulu Zoning 2024 (res-8 polyfill)","Honolulu DPP LUO zoning districts, downloaded 2026-02-22; per-cell aggregation AG12 P2"
"88464b9039fffff","AMX-2|F-1|P-2|R-5","F-1","2026.02","City and County of Honolulu Zoning 2024 (res-8 polyfill)","Honolulu DPP LUO zoning districts, downloaded 2026-02-22; per-cell aggregation AG12 P2"
"88464b903bfffff","F-1","F-1","2026.02","City and County of Honolulu Zoning 2024 (res-8 polyfill)","Honolulu DPP LUO zoning districts, downloaded 2026-02-22; per-cell aggregation AG12 P2"
"88464b903dfffff","F-1","F-1","2026.02","City and County of Honolulu Zoning 2024 (res-8 polyfill)","Honolulu DPP LUO zoning districts, downloaded 2026-02-22; per-cell aggregation AG12 P2"
"88464b9041fffff","A-1|B-1|P-2|R-5","R-5","2026.02","City and County of Honolulu Zoning 2024 (res-8 polyfill)","Honolulu DPP LUO zoning districts, downloaded 2026-02-22; per-cell aggregation AG12 P2"
"88464b9043fffff","AG-2|P-2","AG-2","2026.02","City and County of Honolulu Zoning 2024 (res-8 polyfill)","Honolulu DPP LUO zoning districts, downloaded 2026-02-22; per-cell aggregation AG12 P2"
"88464b9045fffff","A-1|AG-2|P-2|R-7.5","P-2","2026.02","City and County of Honolulu Zoning 2024 (res-8 polyfill)","Honolulu DPP LUO zoning districts, downloaded 2026-02-22; per-cell aggregation AG12 P2"
"88464b9047fffff","A-1|A-2|P-2","P-2","2026.02","City and County of Honolulu Zoning 2024 (res-8 polyfill)","Honolulu DPP LUO zoning districts, downloaded 2026-02-22; per-cell aggregation AG12 P2"
"88464b9049fffff","A-1|P-2|R-5","R-5","2026.02","City and County of Honolulu Zoning 2024 (res-8 polyfill)","Honolulu DPP LUO zoning districts, downloaded 2026-02-22; per-cell aggregation AG12 P2"
"88464b904bfffff","A-1|AG-2","AG-2","2026.02","City and County of Honolulu Zoning 2024 (res-8 polyfill)","Honolulu DPP LUO zoning districts, downloaded 2026-02-22; per-cell aggregation AG12 P2"
"88464b904dfffff","A-1|P-2|R-20|R-5","R-5","2026.02","City and County of Honolulu Zoning 2024 (res-8 polyfill)","Honolulu DPP LUO zoning districts, downloaded 2026-02-22; per-cell aggregation AG12 P2"
"88464b9051fffff","A-2","A-2","2026.02","City and County of Honolulu Zoning 2024 (res-8 polyfill)","Honolulu DPP LUO zoning districts, downloaded 2026-02-22; per-cell aggregation AG12 P2"
"88464b9053fffff","A-2|BMX-3|P-2|R-3.5|R-5","BMX-3","2026.02","City and County of Honolulu Zoning 2024 (res-8 polyfill)","Honolulu DPP LUO zoning districts, downloaded 2026-02-22; per-cell aggregation AG12 P2"
"88464b9055fffff","A-1|R-3.5|R-5","R-5","2026.02","City and County of Honolulu Zoning 2024 (res-8 polyfill)","Honolulu DPP LUO zoning districts, downloaded 2026-02-22; per-cell aggregation AG12 P2"
"88464b9057fffff","P-2","P-2","2026.02","City and County of Honolulu Zoning 2024 (res-8 polyfill)","Honolulu DPP LUO zoning districts, downloaded 2026-02-22; per-cell aggregation AG12 P2"
"88464b9059fffff","AG-1|B-2","AG-1","2026.02","City and County of Honolulu Zoning 2024 (res-8 polyfill)","Honolulu DPP LUO zoning districts, downloaded 2026-02-22; per-cell aggregation AG12 P2"
"88464b905bfffff","AMX-2|BMX-3","BMX-3","2026.02","City and County of Honolulu Zoning 2024 (res-8 polyfill)","Honolulu DPP LUO zoning districts, downloaded 2026-02-22; per-cell aggregation AG12 P2"
"88464b905dfffff","AG-2","AG-2","2026.02","City and County of Honolulu Zoning 2024 (res-8 polyfill)","Honolulu DPP LUO zoning districts, downloaded 2026-02-22; per-cell aggregation AG12 P2"
"88464b9061fffff","A-1|AG-2|AMX-2|P-2","AMX-2","2026.02","City and County of Honolulu Zoning 2024 (res-8 polyfill)","Honolulu DPP LUO zoning districts, downloaded 2026-02-22; per-cell aggregation AG12 P2"
"88464b9063fffff","AG-2|AMX-2|BMX-3|P-2","P-2","2026.02","City and County of Honolulu Zoning 2024 (res-8 polyfill)","Honolulu DPP LUO zoning districts, downloaded 2026-02-22; per-cell aggregation AG12 P2"
"88464b9065fffff","A-1|AG-1|B-1|R-5","R-5","2026.02","City and County of Honolulu Zoning 2024 (res-8 polyfill)","Honolulu DPP LUO zoning districts, downloaded 2026-02-22; per-cell aggregation AG12 P2"
"88464b9067fffff","A-1|B-2|P-2","P-2","2026.02","City and County of Honolulu Zoning 2024 (res-8 polyfill)","Honolulu DPP LUO zoning districts, downloaded 2026-02-22; per-cell aggregation AG12 P2"
"88464b9069fffff","P-2","P-2","2026.02","City and County of Honolulu Zoning 2024 (res-8 polyfill)","Honolulu DPP LUO zoning districts, downloaded 2026-02-22; per-cell aggregation AG12 P2"
"88464b906bfffff","A-1|AG-2|P-2","AG-2","2026.02","City and County of Honolulu Zoning 2024 (res-8 polyfill)","Honolulu DPP LUO zoning districts, downloaded 2026-02-22; per-cell aggregation AG12 P2"
"88464b906dfffff","A-1|P-2|R-5","R-5","2026.02","City and County of Honolulu Zoning 2024 (res-8 polyfill)","Honolulu DPP LUO zoning districts, downloaded 2026-02-22; per-cell aggregation AG12 P2"
"88464b9089fffff","A-1","A-1","2026.02","City and County of Honolulu Zoning 2024 (res-8 polyfill)","Honolulu DPP LUO zoning districts, downloaded 2026-02-22; per-cell aggregation AG12 P2"
"88464b908dfffff","A-2|B-1|BMX-3|P-2","P-2","2026.02","City and County of Honolulu Zoning 2024 (res-8 polyfill)","Honolulu DPP LUO zoning districts, downloaded 2026-02-22; per-cell aggregation AG12 P2"
"88464b90c1fffff","A-1|P-2","P-2","2026.02","City and County of Honolulu Zoning 2024 (res-8 polyfill)","Honolulu DPP LUO zoning districts, downloaded 2026-02-22; per-cell aggregation AG12 P2"
"88464b90c3fffff","A-1|B-1|P-2","A-1","2026.02","City and County of Honolulu Zoning 2024 (res-8 polyfill)","Honolulu DPP LUO zoning districts, downloaded 2026-02-22; per-cell aggregation AG12 P2"
"88464b90c5fffff","F-1","F-1","2026.02","City and County of Honolulu Zoning 2024 (res-8 polyfill)","Honolulu DPP LUO zoning districts, downloaded 2026-02-22; per-cell aggregation AG12 P2"
"88464b90c7fffff","A-2|R-5","R-5","2026.02","City and County of Honolulu Zoning 2024 (res-8 polyfill)","Honolulu DPP LUO zoning districts, downloaded 2026-02-22; per-cell aggregation AG12 P2"
"88464b90c9fffff","P-2|R-5","R-5","2026.02","City and County of Honolulu Zoning 2024 (res-8 polyfill)","Honolulu DPP LUO zoning districts, downloaded 2026-02-22; per-cell aggregation AG12 P2"
"88464b90cbfffff","A-2|AG-1|B-2","A-2","2026.02","City and County of Honolulu Zoning 2024 (res-8 polyfill)","Honolulu DPP LUO zoning districts, downloaded 2026-02-22; per-cell aggregation AG12 P2"
"88464b90cdfffff","AG-1|I-2|IMX-1|R-5","I-2","2026.02","City and County of Honolulu Zoning 2024 (res-8 polyfill)","Honolulu DPP LUO zoning districts, downloaded 2026-02-22; per-cell aggregation AG12 P2"
"88464b90d1fffff","A-1|A-2|P-2|R-5","R-5","2026.02","City and County of Honolulu Zoning 2024 (res-8 polyfill)","Honolulu DPP LUO zoning districts, downloaded 2026-02-22; per-cell aggregation AG12 P2"
"88464b90d3fffff","P-1","P-1","2026.02","City and County of Honolulu Zoning 2024 (res-8 polyfill)","Honolulu DPP LUO zoning districts, downloaded 2026-02-22; per-cell aggregation AG12 P2"
"88464b90d5fffff","A-1|B-2|R-5","R-5","2026.02","City and County of Honolulu Zoning 2024 (res-8 polyfill)","Honolulu DPP LUO zoning districts, downloaded 2026-02-22; per-cell aggregation AG12 P2"
"88464b90d9fffff","AG-1|AG-2|C|P-2","AG-2","2026.02","City and County of Honolulu Zoning 2024 (res-8 polyfill)","Honolulu DPP LUO zoning districts, downloaded 2026-02-22; per-cell aggregation AG12 P2"
"88464b90dbfffff","AG-2|F-1","AG-2","2026.02","City and County of Honolulu Zoning 2024 (res-8 polyfill)","Honolulu DPP LUO zoning districts, downloaded 2026-02-22; per-cell aggregation AG12 P2"
"88464b90ddfffff","B-1|B-2|P-2|R-5","R-5","2026.02","City and County of Honolulu Zoning 2024 (res-8 polyfill)","Honolulu DPP LUO zoning districts, downloaded 2026-02-22; per-cell aggregation AG12 P2"
"88464b90e1fffff","F-1","F-1","2026.02","City and County of Honolulu Zoning 2024 (res-8 polyfill)","Honolulu DPP LUO zoning districts, downloaded 2026-02-22; per-cell aggregation AG12 P2"
"88464b90e3fffff","B-1","B-1","2026.02","City and County of Honolulu Zoning 2024 (res-8 polyfill)","Honolulu DPP LUO zoning districts, downloaded 2026-02-22; per-cell aggregation AG12 P2"
"88464b90e5fffff","F-1","F-1","2026.02","City and County of Honolulu Zoning 2024 (res-8 polyfill)","Honolulu DPP LUO zoning districts, downloaded 2026-02-22; per-cell aggregation AG12 P2"
"88464b90e9fffff","F-1","F-1","2026.02","City and County of Honolulu Zoning 2024 (res-8 polyfill)","Honolulu DPP LUO zoning districts, downloaded 2026-02-22; per-cell aggregation AG12 P2"
"88464b90ebfffff","BMX-3|IMX-1|P-2|Resort","Resort","2026.02","City and County of Honolulu Zoning 2024 (res-8 polyfill)","Honolulu DPP LUO zoning districts, downloaded 2026-02-22; per-cell aggregation AG12 P2"
"88464b90edfffff","F-1","F-1","2026.02","City and County of Honolulu Zoning 2024 (res-8 polyfill)","Honolulu DPP LUO zoning districts, downloaded 2026-02-22; per-cell aggregation AG12 P2"
"88464b9113fffff","F-1|I-2|P-2","I-2","2026.02","City and County of Honolulu Zoning 2024 (res-8 polyfill)","Honolulu DPP LUO zoning districts, downloaded 2026-02-22; per-cell aggregation AG12 P2"
"88464b9119fffff","I-2","I-2","2026.02","City and County of Honolulu Zoning 2024 (res-8 polyfill)","Honolulu DPP LUO zoning districts, downloaded 2026-02-22; per-cell aggregation AG12 P2"
"88464b911bfffff","I-2","I-2","2026.02","City and County of Honolulu Zoning 2024 (res-8 polyfill)","Honolulu DPP LUO zoning districts, downloaded 2026-02-22; per-cell aggregation AG12 P2"
"88464b9151fffff","A-2|B-2","B-2","2026.02","City and County of Honolulu Zoning 2024 (res-8 polyfill)","Honolulu DPP LUO zoning districts, downloaded 2026-02-22; per-cell aggregation AG12 P2"
"88464b9153fffff","I-3","I-3","2026.02","City and County of Honolulu Zoning 2024 (res-8 polyfill)","Honolulu DPP LUO zoning districts, downloaded 2026-02-22; per-cell aggregation AG12 P2"
"88464b9157fffff","F-1","F-1","2026.02","City and County of Honolulu Zoning 2024 (res-8 polyfill)","Honolulu DPP LUO zoning districts, downloaded 2026-02-22; per-cell aggregation AG12 P2"
"88464b9159fffff","A-2|P-2|Resort","P-2","2026.02","City and County of Honolulu Zoning 2024 (res-8 polyfill)","Honolulu DPP LUO zoning districts, downloaded 2026-02-22; per-cell aggregation AG12 P2"
"88464b915bfffff","A-2|B-2|I-3","I-3","2026.02","City and County of Honolulu Zoning 2024 (res-8 polyfill)","Honolulu DPP LUO zoning districts, downloaded 2026-02-22; per-cell aggregation AG12 P2"
"88464b91c1fffff","I-2","I-2","2026.02","City and County of Honolulu Zoning 2024 (res-8 polyfill)","Honolulu DPP LUO zoning districts, downloaded 2026-02-22; per-cell aggregation AG12 P2"
"88464b91c9fffff","I-2","I-2","2026.02","City and County of Honolulu Zoning 2024 (res-8 polyfill)","Honolulu DPP LUO zoning districts, downloaded 2026-02-22; per-cell aggregation AG12 P2"
"88464b91cbfffff","F-1","F-1","2026.02","City and County of Honolulu Zoning 2024 (res-8 polyfill)","Honolulu DPP LUO zoning districts, downloaded 2026-02-22; per-cell aggregation AG12 P2"
"88464b91cdfffff","I-2","I-2","2026.02","City and County of Honolulu Zoning 2024 (res-8 polyfill)","Honolulu DPP LUO zoning districts, downloaded 2026-02-22; per-cell aggregation AG12 P2"
"88464b9201fffff","AG-1","AG-1","2026.02","City and County of Honolulu Zoning 2024 (res-8 polyfill)","Honolulu DPP LUO zoning districts, downloaded 2026-02-22; per-cell aggregation AG12 P2"
"88464b9203fffff","AG-1","AG-1","2026.02","City and County of Honolulu Zoning 2024 (res-8 polyfill)","Honolulu DPP LUO zoning districts, downloaded 2026-02-22; per-cell aggregation AG12 P2"
"88464b9205fffff","AG-1","AG-1","2026.02","City and County of Honolulu Zoning 2024 (res-8 polyfill)","Honolulu DPP LUO zoning districts, downloaded 2026-02-22; per-cell aggregation AG12 P2"
"88464b9207fffff","AG-1","AG-1","2026.02","City and County of Honolulu Zoning 2024 (res-8 polyfill)","Honolulu DPP LUO zoning districts, downloaded 2026-02-22; per-cell aggregation AG12 P2"
"88464b9209fffff","AG-1","AG-1","2026.02","City and County of Honolulu Zoning 2024 (res-8 polyfill)","Honolulu DPP LUO zoning districts, downloaded 2026-02-22; per-cell aggregation AG12 P2"
"88464b920bfffff","AG-1","AG-1","2026.02","City and County of Honolulu Zoning 2024 (res-8 polyfill)","Honolulu DPP LUO zoning districts, downloaded 2026-02-22; per-cell aggregation AG12 P2"
"88464b920dfffff","AG-1","AG-1","2026.02","City and County of Honolulu Zoning 2024 (res-8 polyfill)","Honolulu DPP LUO zoning districts, downloaded 2026-02-22; per-cell aggregation AG12 P2"
"88464b9211fffff","AG-1","AG-1","2026.02","City and County of Honolulu Zoning 2024 (res-8 polyfill)","Honolulu DPP LUO zoning districts, downloaded 2026-02-22; per-cell aggregation AG12 P2"
"88464b9213fffff","AG-1","AG-1","2026.02","City and County of Honolulu Zoning 2024 (res-8 polyfill)","Honolulu DPP LUO zoning districts, downloaded 2026-02-22; per-cell aggregation AG12 P2"
"88464b9215fffff","AG-1","AG-1","2026.02","City and County of Honolulu Zoning 2024 (res-8 polyfill)","Honolulu DPP LUO zoning districts, downloaded 2026-02-22; per-cell aggregation AG12 P2"
"88464b9217fffff","AG-1","AG-1","2026.02","City and County of Honolulu Zoning 2024 (res-8 polyfill)","Honolulu DPP LUO zoning districts, downloaded 2026-02-22; per-cell aggregation AG12 P2"
"88464b9219fffff","AG-1","AG-1","2026.02","City and County of Honolulu Zoning 2024 (res-8 polyfill)","Honolulu DPP LUO zoning districts, downloaded 2026-02-22; per-cell aggregation AG12 P2"
"88464b921bfffff","AG-1","AG-1","2026.02","City and County of Honolulu Zoning 2024 (res-8 polyfill)","Honolulu DPP LUO zoning districts, downloaded 2026-02-22; per-cell aggregation AG12 P2"
"88464b921dfffff","AG-1","AG-1","2026.02","City and County of Honolulu Zoning 2024 (res-8 polyfill)","Honolulu DPP LUO zoning districts, downloaded 2026-02-22; per-cell aggregation AG12 P2"
"88464b9221fffff","AG-2","AG-2","2026.02","City and County of Honolulu Zoning 2024 (res-8 polyfill)","Honolulu DPP LUO zoning districts, downloaded 2026-02-22; per-cell aggregation AG12 P2"
"88464b9223fffff","AG-1","AG-1","2026.02","City and County of Honolulu Zoning 2024 (res-8 polyfill)","Honolulu DPP LUO zoning districts, downloaded 2026-02-22; per-cell aggregation AG12 P2"
"88464b9225fffff","AG-2","AG-2","2026.02","City and County of Honolulu Zoning 2024 (res-8 polyfill)","Honolulu DPP LUO zoning districts, downloaded 2026-02-22; per-cell aggregation AG12 P2"
"88464b9227fffff","P-2","P-2","2026.02","City and County of Honolulu Zoning 2024 (res-8 polyfill)","Honolulu DPP LUO zoning districts, downloaded 2026-02-22; per-cell aggregation AG12 P2"
"88464b9229fffff","P-1","P-1","2026.02","City and County of Honolulu Zoning 2024 (res-8 polyfill)","Honolulu DPP LUO zoning districts, downloaded 2026-02-22; per-cell aggregation AG12 P2"
"88464b922bfffff","AG-1","AG-1","2026.02","City and County of Honolulu Zoning 2024 (res-8 polyfill)","Honolulu DPP LUO zoning districts, downloaded 2026-02-22; per-cell aggregation AG12 P2"
"88464b922dfffff","P-1","P-1","2026.02","City and County of Honolulu Zoning 2024 (res-8 polyfill)","Honolulu DPP LUO zoning districts, downloaded 2026-02-22; per-cell aggregation AG12 P2"
"88464b9231fffff","AG-1","AG-1","2026.02","City and County of Honolulu Zoning 2024 (res-8 polyfill)","Honolulu DPP LUO zoning districts, downloaded 2026-02-22; per-cell aggregation AG12 P2"
"88464b9233fffff","AG-1","AG-1","2026.02","City and County of Honolulu Zoning 2024 (res-8 polyfill)","Honolulu DPP LUO zoning districts, downloaded 2026-02-22; per-cell aggregation AG12 P2"
"88464b9235fffff","AG-1","AG-1","2026.02","City and County of Honolulu Zoning 2024 (res-8 polyfill)","Honolulu DPP LUO zoning districts, downloaded 2026-02-22; per-cell aggregation AG12 P2"
"88464b9237fffff","AG-2","AG-2","2026.02","City and County of Honolulu Zoning 2024 (res-8 polyfill)","Honolulu DPP LUO zoning districts, downloaded 2026-02-22; per-cell aggregation AG12 P2"
"88464b9239fffff","AG-1","AG-1","2026.02","City and County of Honolulu Zoning 2024 (res-8 polyfill)","Honolulu DPP LUO zoning districts, downloaded 2026-02-22; per-cell aggregation AG12 P2"
"88464b923bfffff","AG-1","AG-1","2026.02","City and County of Honolulu Zoning 2024 (res-8 polyfill)","Honolulu DPP LUO zoning districts, downloaded 2026-02-22; per-cell aggregation AG12 P2"
"88464b923dfffff","AG-1","AG-1","2026.02","City and County of Honolulu Zoning 2024 (res-8 polyfill)","Honolulu DPP LUO zoning districts, downloaded 2026-02-22; per-cell aggregation AG12 P2"
"88464b9241fffff","AG-1","AG-1","2026.02","City and County of Honolulu Zoning 2024 (res-8 polyfill)","Honolulu DPP LUO zoning districts, downloaded 2026-02-22; per-cell aggregation AG12 P2"
"88464b9243fffff","AG-1","AG-1","2026.02","City and County of Honolulu Zoning 2024 (res-8 polyfill)","Honolulu DPP LUO zoning districts, downloaded 2026-02-22; per-cell aggregation AG12 P2"
"88464b9245fffff","P-1","P-1","2026.02","City and County of Honolulu Zoning 2024 (res-8 polyfill)","Honolulu DPP LUO zoning districts, downloaded 2026-02-22; per-cell aggregation AG12 P2"
"88464b9247fffff","AG-1","AG-1","2026.02","City and County of Honolulu Zoning 2024 (res-8 polyfill)","Honolulu DPP LUO zoning districts, downloaded 2026-02-22; per-cell aggregation AG12 P2"
"88464b9249fffff","AG-1","AG-1","2026.02","City and County of Honolulu Zoning 2024 (res-8 polyfill)","Honolulu DPP LUO zoning districts, downloaded 2026-02-22; per-cell aggregation AG12 P2"
"88464b924bfffff","AG-1","AG-1","2026.02","City and County of Honolulu Zoning 2024 (res-8 polyfill)","Honolulu DPP LUO zoning districts, downloaded 2026-02-22; per-cell aggregation AG12 P2"
"88464b924dfffff","P-1","P-1","2026.02","City and County of Honolulu Zoning 2024 (res-8 polyfill)","Honolulu DPP LUO zoning districts, downloaded 2026-02-22; per-cell aggregation AG12 P2"
"88464b9251fffff","AG-1","AG-1","2026.02","City and County of Honolulu Zoning 2024 (res-8 polyfill)","Honolulu DPP LUO zoning districts, downloaded 2026-02-22; per-cell aggregation AG12 P2"
"88464b9253fffff","AG-1","AG-1","2026.02","City and County of Honolulu Zoning 2024 (res-8 polyfill)","Honolulu DPP LUO zoning districts, downloaded 2026-02-22; per-cell aggregation AG12 P2"
"88464b9255fffff","AG-1","AG-1","2026.02","City and County of Honolulu Zoning 2024 (res-8 polyfill)","Honolulu DPP LUO zoning districts, downloaded 2026-02-22; per-cell aggregation AG12 P2"
"88464b9257fffff","AG-1","AG-1","2026.02","City and County of Honolulu Zoning 2024 (res-8 polyfill)","Honolulu DPP LUO zoning districts, downloaded 2026-02-22; per-cell aggregation AG12 P2"
"88464b9259fffff","AG-1","AG-1","2026.02","City and County of Honolulu Zoning 2024 (res-8 polyfill)","Honolulu DPP LUO zoning districts, downloaded 2026-02-22; per-cell aggregation AG12 P2"
"88464b925bfffff","AG-1","AG-1","2026.02","City and County of Honolulu Zoning 2024 (res-8 polyfill)","Honolulu DPP LUO zoning districts, downloaded 2026-02-22; per-cell aggregation AG12 P2"
"88464b925dfffff","AG-1","AG-1","2026.02","City and County of Honolulu Zoning 2024 (res-8 polyfill)","Honolulu DPP LUO zoning districts, downloaded 2026-02-22; per-cell aggregation AG12 P2"
"88464b9261fffff","P-1","P-1","2026.02","City and County of Honolulu Zoning 2024 (res-8 polyfill)","Honolulu DPP LUO zoning districts, downloaded 2026-02-22; per-cell aggregation AG12 P2"
"88464b9263fffff","P-1","P-1","2026.02","City and County of Honolulu Zoning 2024 (res-8 polyfill)","Honolulu DPP LUO zoning districts, downloaded 2026-02-22; per-cell aggregation AG12 P2"
"88464b9265fffff","P-1","P-1","2026.02","City and County of Honolulu Zoning 2024 (res-8 polyfill)","Honolulu DPP LUO zoning districts, downloaded 2026-02-22; per-cell aggregation AG12 P2"
"88464b9267fffff","P-1","P-1","2026.02","City and County of Honolulu Zoning 2024 (res-8 polyfill)","Honolulu DPP LUO zoning districts, downloaded 2026-02-22; per-cell aggregation AG12 P2"
"88464b9269fffff","P-1","P-1","2026.02","City and County of Honolulu Zoning 2024 (res-8 polyfill)","Honolulu DPP LUO zoning districts, downloaded 2026-02-22; per-cell aggregation AG12 P2"
"88464b926bfffff","P-1","P-1","2026.02","City and County of Honolulu Zoning 2024 (res-8 polyfill)","Honolulu DPP LUO zoning districts, downloaded 2026-02-22; per-cell aggregation AG12 P2"
"88464b926dfffff","P-1","P-1","2026.02","City and County of Honolulu Zoning 2024 (res-8 polyfill)","Honolulu DPP LUO zoning districts, downloaded 2026-02-22; per-cell aggregation AG12 P2"
"88464b9285fffff","AG-1|B-1|P-2","AG-1","2026.02","City and County of Honolulu Zoning 2024 (res-8 polyfill)","Honolulu DPP LUO zoning districts, downloaded 2026-02-22; per-cell aggregation AG12 P2"
"88464b9287fffff","F-1","F-1","2026.02","City and County of Honolulu Zoning 2024 (res-8 polyfill)","Honolulu DPP LUO zoning districts, downloaded 2026-02-22; per-cell aggregation AG12 P2"
"88464b9289fffff","R-5","R-5","2026.02","City and County of Honolulu Zoning 2024 (res-8 polyfill)","Honolulu DPP LUO zoning districts, downloaded 2026-02-22; per-cell aggregation AG12 P2"
"88464b928dfffff","AG-1|P-2","P-2","2026.02","City and County of Honolulu Zoning 2024 (res-8 polyfill)","Honolulu DPP LUO zoning districts, downloaded 2026-02-22; per-cell aggregation AG12 P2"
"88464b9295fffff","F-1","F-1","2026.02","City and County of Honolulu Zoning 2024 (res-8 polyfill)","Honolulu DPP LUO zoning districts, downloaded 2026-02-22; per-cell aggregation AG12 P2"
"88464b9297fffff","F-1","F-1","2026.02","City and County of Honolulu Zoning 2024 (res-8 polyfill)","Honolulu DPP LUO zoning districts, downloaded 2026-02-22; per-cell aggregation AG12 P2"
"88464b9299fffff","F-1","F-1","2026.02","City and County of Honolulu Zoning 2024 (res-8 polyfill)","Honolulu DPP LUO zoning districts, downloaded 2026-02-22; per-cell aggregation AG12 P2"
"88464b929bfffff","F-1","F-1","2026.02","City and County of Honolulu Zoning 2024 (res-8 polyfill)","Honolulu DPP LUO zoning districts, downloaded 2026-02-22; per-cell aggregation AG12 P2"
"88464b92a1fffff","A-1|AG-1|B-1|R-5","AG-1","2026.02","City and County of Honolulu Zoning 2024 (res-8 polyfill)","Honolulu DPP LUO zoning districts, downloaded 2026-02-22; per-cell aggregation AG12 P2"
"88464b92a3fffff","A-1|R-5","R-5","2026.02","City and County of Honolulu Zoning 2024 (res-8 polyfill)","Honolulu DPP LUO zoning districts, downloaded 2026-02-22; per-cell aggregation AG12 P2"
"88464b92a5fffff","A-2|AG-1","AG-1","2026.02","City and County of Honolulu Zoning 2024 (res-8 polyfill)","Honolulu DPP LUO zoning districts, downloaded 2026-02-22; per-cell aggregation AG12 P2"
"88464b92a7fffff","AG-1|R-5","AG-1","2026.02","City and County of Honolulu Zoning 2024 (res-8 polyfill)","Honolulu DPP LUO zoning districts, downloaded 2026-02-22; per-cell aggregation AG12 P2"
"88464b92a9fffff","A-2|AMX-2|B-1|R-3.5","R-3.5","2026.02","City and County of Honolulu Zoning 2024 (res-8 polyfill)","Honolulu DPP LUO zoning districts, downloaded 2026-02-22; per-cell aggregation AG12 P2"
"88464b92abfffff","A-1|AG-1|R-5","AG-1","2026.02","City and County of Honolulu Zoning 2024 (res-8 polyfill)","Honolulu DPP LUO zoning districts, downloaded 2026-02-22; per-cell aggregation AG12 P2"
"88464b92adfffff","AG-1","AG-1","2026.02","City and County of Honolulu Zoning 2024 (res-8 polyfill)","Honolulu DPP LUO zoning districts, downloaded 2026-02-22; per-cell aggregation AG12 P2"
"88464b92b1fffff","F-1","F-1","2026.02","City and County of Honolulu Zoning 2024 (res-8 polyfill)","Honolulu DPP LUO zoning districts, downloaded 2026-02-22; per-cell aggregation AG12 P2"
"88464b92b3fffff","F-1","F-1","2026.02","City and County of Honolulu Zoning 2024 (res-8 polyfill)","Honolulu DPP LUO zoning districts, downloaded 2026-02-22; per-cell aggregation AG12 P2"
"88464b92b5fffff","A-1|B-1|P-2|R-5","R-5","2026.02","City and County of Honolulu Zoning 2024 (res-8 polyfill)","Honolulu DPP LUO zoning districts, downloaded 2026-02-22; per-cell aggregation AG12 P2"
"88464b92b7fffff","A-1|R-5","R-5","2026.02","City and County of Honolulu Zoning 2024 (res-8 polyfill)","Honolulu DPP LUO zoning districts, downloaded 2026-02-22; per-cell aggregation AG12 P2"
"88464b92b9fffff","F-1","F-1","2026.02","City and County of Honolulu Zoning 2024 (res-8 polyfill)","Honolulu DPP LUO zoning districts, downloaded 2026-02-22; per-cell aggregation AG12 P2"
"88464b92bbfffff","F-1","F-1","2026.02","City and County of Honolulu Zoning 2024 (res-8 polyfill)","Honolulu DPP LUO zoning districts, downloaded 2026-02-22; per-cell aggregation AG12 P2"
"88464b92bdfffff","A-1|F-1|P-2","F-1","2026.02","City and County of Honolulu Zoning 2024 (res-8 polyfill)","Honolulu DPP LUO zoning districts, downloaded 2026-02-22; per-cell aggregation AG12 P2"
"88464b92c1fffff","A-2|I-2|R-5","R-5","2026.02","City and County of Honolulu Zoning 2024 (res-8 polyfill)","Honolulu DPP LUO zoning districts, downloaded 2026-02-22; per-cell aggregation AG12 P2"
"88464b92c3fffff","A-2|AMX-2|B-2|BMX-3|I-2|IMX-1|P-1","BMX-3","2026.02","City and County of Honolulu Zoning 2024 (res-8 polyfill)","Honolulu DPP LUO zoning districts, downloaded 2026-02-22; per-cell aggregation AG12 P2"
"88464b92c5fffff","AMX-2|B-2|P-2","B-2","2026.02","City and County of Honolulu Zoning 2024 (res-8 polyfill)","Honolulu DPP LUO zoning districts, downloaded 2026-02-22; per-cell aggregation AG12 P2"
"88464b92c7fffff","AMX-2|BMX-3|I-2|IMX-1|P-1","BMX-3","2026.02","City and County of Honolulu Zoning 2024 (res-8 polyfill)","Honolulu DPP LUO zoning districts, downloaded 2026-02-22; per-cell aggregation AG12 P2"
"88464b92c9fffff","AG-1|R-5","R-5","2026.02","City and County of Honolulu Zoning 2024 (res-8 polyfill)","Honolulu DPP LUO zoning districts, downloaded 2026-02-22; per-cell aggregation AG12 P2"
"88464b92cbfffff","I-1|P-2|R-5|R-7.5","P-2","2026.02","City and County of Honolulu Zoning 2024 (res-8 polyfill)","Honolulu DPP LUO zoning districts, downloaded 2026-02-22; per-cell aggregation AG12 P2"
"88464b92cdfffff","A-1|B-1|B-2|P-2","A-1","2026.02","City and County of Honolulu Zoning 2024 (res-8 polyfill)","Honolulu DPP LUO zoning districts, downloaded 2026-02-22; per-cell aggregation AG12 P2"
"88464b92d1fffff","P-2|R-5","P-2","2026.02","City and County of Honolulu Zoning 2024 (res-8 polyfill)","Honolulu DPP LUO zoning districts, downloaded 2026-02-22; per-cell aggregation AG12 P2"
"88464b92d3fffff","AG-2|F-1","F-1","2026.02","City and County of Honolulu Zoning 2024 (res-8 polyfill)","Honolulu DPP LUO zoning districts, downloaded 2026-02-22; per-cell aggregation AG12 P2"
"88464b92d5fffff","P-1","P-1","2026.02","City and County of Honolulu Zoning 2024 (res-8 polyfill)","Honolulu DPP LUO zoning districts, downloaded 2026-02-22; per-cell aggregation AG12 P2"
"88464b92d7fffff","F-1","F-1","2026.02","City and County of Honolulu Zoning 2024 (res-8 polyfill)","Honolulu DPP LUO zoning districts, downloaded 2026-02-22; per-cell aggregation AG12 P2"
"88464b92d9fffff","AMX-2|R-5","R-5","2026.02","City and County of Honolulu Zoning 2024 (res-8 polyfill)","Honolulu DPP LUO zoning districts, downloaded 2026-02-22; per-cell aggregation AG12 P2"
"88464b92ddfffff","BMX-3|I-2|R-5|R-7.5","BMX-3","2026.02","City and County of Honolulu Zoning 2024 (res-8 polyfill)","Honolulu DPP LUO zoning districts, downloaded 2026-02-22; per-cell aggregation AG12 P2"
"88464b92e1fffff","A-2|AG-1|AMX-2|BMX-3|R-3.5","BMX-3","2026.02","City and County of Honolulu Zoning 2024 (res-8 polyfill)","Honolulu DPP LUO zoning districts, downloaded 2026-02-22; per-cell aggregation AG12 P2"
"88464b92e3fffff","A-2|AG-1|AG-2|R-5","AG-1","2026.02","City and County of Honolulu Zoning 2024 (res-8 polyfill)","Honolulu DPP LUO zoning districts, downloaded 2026-02-22; per-cell aggregation AG12 P2"
"88464b92e5fffff","A-2|AMX-2|B-1|R-3.5","AMX-2","2026.02","City and County of Honolulu Zoning 2024 (res-8 polyfill)","Honolulu DPP LUO zoning districts, downloaded 2026-02-22; per-cell aggregation AG12 P2"
"88464b92e7fffff","A-2|P-2|R-3.5","A-2","2026.02","City and County of Honolulu Zoning 2024 (res-8 polyfill)","Honolulu DPP LUO zoning districts, downloaded 2026-02-22; per-cell aggregation AG12 P2"
"88464b92e9fffff","A-2|IMX-1|R-3.5","IMX-1","2026.02","City and County of Honolulu Zoning 2024 (res-8 polyfill)","Honolulu DPP LUO zoning districts, downloaded 2026-02-22; per-cell aggregation AG12 P2"
"88464b92ebfffff","AG-1|R-3.5","AG-1","2026.02","City and County of Honolulu Zoning 2024 (res-8 polyfill)","Honolulu DPP LUO zoning districts, downloaded 2026-02-22; per-cell aggregation AG12 P2"
"88464b92edfffff","A-2|AG-1|B-1|P-2","A-2","2026.02","City and County of Honolulu Zoning 2024 (res-8 polyfill)","Honolulu DPP LUO zoning districts, downloaded 2026-02-22; per-cell aggregation AG12 P2"
"88464b9301fffff","AG-2","AG-2","2026.02","City and County of Honolulu Zoning 2024 (res-8 polyfill)","Honolulu DPP LUO zoning districts, downloaded 2026-02-22; per-cell aggregation AG12 P2"
"88464b9303fffff","I-2","I-2","2026.02","City and County of Honolulu Zoning 2024 (res-8 polyfill)","Honolulu DPP LUO zoning districts, downloaded 2026-02-22; per-cell aggregation AG12 P2"
"88464b9309fffff","AG-2","AG-2","2026.02","City and County of Honolulu Zoning 2024 (res-8 polyfill)","Honolulu DPP LUO zoning districts, downloaded 2026-02-22; per-cell aggregation AG12 P2"
"88464b930bfffff","AG-2","AG-2","2026.02","City and County of Honolulu Zoning 2024 (res-8 polyfill)","Honolulu DPP LUO zoning districts, downloaded 2026-02-22; per-cell aggregation AG12 P2"
"88464b930dfffff","C","C","2026.02","City and County of Honolulu Zoning 2024 (res-8 polyfill)","Honolulu DPP LUO zoning districts, downloaded 2026-02-22; per-cell aggregation AG12 P2"
"88464b9311fffff","P-2|R-20","P-2","2026.02","City and County of Honolulu Zoning 2024 (res-8 polyfill)","Honolulu DPP LUO zoning districts, downloaded 2026-02-22; per-cell aggregation AG12 P2"
"88464b9313fffff","R-10|R-20","R-20","2026.02","City and County of Honolulu Zoning 2024 (res-8 polyfill)","Honolulu DPP LUO zoning districts, downloaded 2026-02-22; per-cell aggregation AG12 P2"
"88464b9315fffff","AG-2","AG-2","2026.02","City and County of Honolulu Zoning 2024 (res-8 polyfill)","Honolulu DPP LUO zoning districts, downloaded 2026-02-22; per-cell aggregation AG12 P2"
"88464b9317fffff","P-2|R-7.5","P-2","2026.02","City and County of Honolulu Zoning 2024 (res-8 polyfill)","Honolulu DPP LUO zoning districts, downloaded 2026-02-22; per-cell aggregation AG12 P2"
"88464b9319fffff","AG-2","AG-2","2026.02","City and County of Honolulu Zoning 2024 (res-8 polyfill)","Honolulu DPP LUO zoning districts, downloaded 2026-02-22; per-cell aggregation AG12 P2"
"88464b931bfffff","AG-2","AG-2","2026.02","City and County of Honolulu Zoning 2024 (res-8 polyfill)","Honolulu DPP LUO zoning districts, downloaded 2026-02-22; per-cell aggregation AG12 P2"
"88464b931dfffff","AG-2","AG-2","2026.02","City and County of Honolulu Zoning 2024 (res-8 polyfill)","Honolulu DPP LUO zoning districts, downloaded 2026-02-22; per-cell aggregation AG12 P2"
"88464b9331fffff","A-1|AG-2|C","AG-2","2026.02","City and County of Honolulu Zoning 2024 (res-8 polyfill)","Honolulu DPP LUO zoning districts, downloaded 2026-02-22; per-cell aggregation AG12 P2"
"88464b9333fffff","A-1|AG-1|AG-2|AMX-1|B-1|B-2","AG-2","2026.02","City and County of Honolulu Zoning 2024 (res-8 polyfill)","Honolulu DPP LUO zoning districts, downloaded 2026-02-22; per-cell aggregation AG12 P2"
"88464b9337fffff","AG-2|B-1|P-2","AG-2","2026.02","City and County of Honolulu Zoning 2024 (res-8 polyfill)","Honolulu DPP LUO zoning districts, downloaded 2026-02-22; per-cell aggregation AG12 P2"
"88464b9339fffff","I-2","I-2","2026.02","City and County of Honolulu Zoning 2024 (res-8 polyfill)","Honolulu DPP LUO zoning districts, downloaded 2026-02-22; per-cell aggregation AG12 P2"
"88464b933bfffff","P-2","P-2","2026.02","City and County of Honolulu Zoning 2024 (res-8 polyfill)","Honolulu DPP LUO zoning districts, downloaded 2026-02-22; per-cell aggregation AG12 P2"
"88464b9341fffff","P-1","P-1","2026.02","City and County of Honolulu Zoning 2024 (res-8 polyfill)","Honolulu DPP LUO zoning districts, downloaded 2026-02-22; per-cell aggregation AG12 P2"
"88464b9343fffff","R-5","R-5","2026.02","City and County of Honolulu Zoning 2024 (res-8 polyfill)","Honolulu DPP LUO zoning districts, downloaded 2026-02-22; per-cell aggregation AG12 P2"
"88464b9345fffff","AG-2|C|P-2","AG-2","2026.02","City and County of Honolulu Zoning 2024 (res-8 polyfill)","Honolulu DPP LUO zoning districts, downloaded 2026-02-22; per-cell aggregation AG12 P2"
"88464b9347fffff","R-5","R-5","2026.02","City and County of Honolulu Zoning 2024 (res-8 polyfill)","Honolulu DPP LUO zoning districts, downloaded 2026-02-22; per-cell aggregation AG12 P2"
"88464b9349fffff","P-1","P-1","2026.02","City and County of Honolulu Zoning 2024 (res-8 polyfill)","Honolulu DPP LUO zoning districts, downloaded 2026-02-22; per-cell aggregation AG12 P2"
"88464b934bfffff","P-1","P-1","2026.02","City and County of Honolulu Zoning 2024 (res-8 polyfill)","Honolulu DPP LUO zoning districts, downloaded 2026-02-22; per-cell aggregation AG12 P2"
"88464b934dfffff","AG-1|AG-2","AG-2","2026.02","City and County of Honolulu Zoning 2024 (res-8 polyfill)","Honolulu DPP LUO zoning districts, downloaded 2026-02-22; per-cell aggregation AG12 P2"
"88464b9351fffff","AG-2","AG-2","2026.02","City and County of Honolulu Zoning 2024 (res-8 polyfill)","Honolulu DPP LUO zoning districts, downloaded 2026-02-22; per-cell aggregation AG12 P2"
"88464b9353fffff","P-1","P-1","2026.02","City and County of Honolulu Zoning 2024 (res-8 polyfill)","Honolulu DPP LUO zoning districts, downloaded 2026-02-22; per-cell aggregation AG12 P2"
"88464b9355fffff","AG-2","AG-2","2026.02","City and County of Honolulu Zoning 2024 (res-8 polyfill)","Honolulu DPP LUO zoning districts, downloaded 2026-02-22; per-cell aggregation AG12 P2"
"88464b9357fffff","AG-2","AG-2","2026.02","City and County of Honolulu Zoning 2024 (res-8 polyfill)","Honolulu DPP LUO zoning districts, downloaded 2026-02-22; per-cell aggregation AG12 P2"
"88464b9359fffff","P-1","P-1","2026.02","City and County of Honolulu Zoning 2024 (res-8 polyfill)","Honolulu DPP LUO zoning districts, downloaded 2026-02-22; per-cell aggregation AG12 P2"
"88464b935bfffff","P-1","P-1","2026.02","City and County of Honolulu Zoning 2024 (res-8 polyfill)","Honolulu DPP LUO zoning districts, downloaded 2026-02-22; per-cell aggregation AG12 P2"
"88464b935dfffff","AG-2","AG-2","2026.02","City and County of Honolulu Zoning 2024 (res-8 polyfill)","Honolulu DPP LUO zoning districts, downloaded 2026-02-22; per-cell aggregation AG12 P2"
"88464b9369fffff","B-1","B-1","2026.02","City and County of Honolulu Zoning 2024 (res-8 polyfill)","Honolulu DPP LUO zoning districts, downloaded 2026-02-22; per-cell aggregation AG12 P2"
"88464b936bfffff","B-2","B-2","2026.02","City and County of Honolulu Zoning 2024 (res-8 polyfill)","Honolulu DPP LUO zoning districts, downloaded 2026-02-22; per-cell aggregation AG12 P2"
"88464b9443fffff","I-2","I-2","2026.02","City and County of Honolulu Zoning 2024 (res-8 polyfill)","Honolulu DPP LUO zoning districts, downloaded 2026-02-22; per-cell aggregation AG12 P2"
"88464b9445fffff","I-2","I-2","2026.02","City and County of Honolulu Zoning 2024 (res-8 polyfill)","Honolulu DPP LUO zoning districts, downloaded 2026-02-22; per-cell aggregation AG12 P2"
"88464b9447fffff","I-2","I-2","2026.02","City and County of Honolulu Zoning 2024 (res-8 polyfill)","Honolulu DPP LUO zoning districts, downloaded 2026-02-22; per-cell aggregation AG12 P2"
"88464b9449fffff","I-2","I-2","2026.02","City and County of Honolulu Zoning 2024 (res-8 polyfill)","Honolulu DPP LUO zoning districts, downloaded 2026-02-22; per-cell aggregation AG12 P2"
"88464b944dfffff","I-2","I-2","2026.02","City and County of Honolulu Zoning 2024 (res-8 polyfill)","Honolulu DPP LUO zoning districts, downloaded 2026-02-22; per-cell aggregation AG12 P2"
"88464b9453fffff","P-2","P-2","2026.02","City and County of Honolulu Zoning 2024 (res-8 polyfill)","Honolulu DPP LUO zoning districts, downloaded 2026-02-22; per-cell aggregation AG12 P2"
"88464b9459fffff","I-3","I-3","2026.02","City and County of Honolulu Zoning 2024 (res-8 polyfill)","Honolulu DPP LUO zoning districts, downloaded 2026-02-22; per-cell aggregation AG12 P2"
"88464b945bfffff","I-3|P-1","I-3","2026.02","City and County of Honolulu Zoning 2024 (res-8 polyfill)","Honolulu DPP LUO zoning districts, downloaded 2026-02-22; per-cell aggregation AG12 P2"
"88464b9469fffff","I-2","I-2","2026.02","City and County of Honolulu Zoning 2024 (res-8 polyfill)","Honolulu DPP LUO zoning districts, downloaded 2026-02-22; per-cell aggregation AG12 P2"
"88464b94d9fffff","Pub|ResMix","Pub","2026.02","City and County of Honolulu Zoning 2024 (res-8 polyfill)","Honolulu DPP LUO zoning districts, downloaded 2026-02-22; per-cell aggregation AG12 P2"
"88464b94dbfffff","ResMix","ResMix","2026.02","City and County of Honolulu Zoning 2024 (res-8 polyfill)","Honolulu DPP LUO zoning districts, downloaded 2026-02-22; per-cell aggregation AG12 P2"
"88464b9601fffff","A-3|P-1|R-7.5","P-1","2026.02","City and County of Honolulu Zoning 2024 (res-8 polyfill)","Honolulu DPP LUO zoning districts, downloaded 2026-02-22; per-cell aggregation AG12 P2"
"88464b9603fffff","B-2|I-2|P-1|P-2|R-5|R-7.5","R-5","2026.02","City and County of Honolulu Zoning 2024 (res-8 polyfill)","Honolulu DPP LUO zoning districts, downloaded 2026-02-22; per-cell aggregation AG12 P2"
"88464b9605fffff","A-1|B-1|P-2|R-5","P-2","2026.02","City and County of Honolulu Zoning 2024 (res-8 polyfill)","Honolulu DPP LUO zoning districts, downloaded 2026-02-22; per-cell aggregation AG12 P2"
"88464b9607fffff","A-2|F-1|R-5","F-1","2026.02","City and County of Honolulu Zoning 2024 (res-8 polyfill)","Honolulu DPP LUO zoning districts, downloaded 2026-02-22; per-cell aggregation AG12 P2"
"88464b9609fffff","F-1|P-2|R-7.5","F-1","2026.02","City and County of Honolulu Zoning 2024 (res-8 polyfill)","Honolulu DPP LUO zoning districts, downloaded 2026-02-22; per-cell aggregation AG12 P2"
"88464b960bfffff","R-5|R-7.5","R-5","2026.02","City and County of Honolulu Zoning 2024 (res-8 polyfill)","Honolulu DPP LUO zoning districts, downloaded 2026-02-22; per-cell aggregation AG12 P2"
"88464b960dfffff","F-1","F-1","2026.02","City and County of Honolulu Zoning 2024 (res-8 polyfill)","Honolulu DPP LUO zoning districts, downloaded 2026-02-22; per-cell aggregation AG12 P2"
"88464b9611fffff","B-1|F-1","F-1","2026.02","City and County of Honolulu Zoning 2024 (res-8 polyfill)","Honolulu DPP LUO zoning districts, downloaded 2026-02-22; per-cell aggregation AG12 P2"
"88464b9613fffff","A-1|B-1|B-2|P-2|R-5","R-5","2026.02","City and County of Honolulu Zoning 2024 (res-8 polyfill)","Honolulu DPP LUO zoning districts, downloaded 2026-02-22; per-cell aggregation AG12 P2"
"88464b9615fffff","F-1|R-5","R-5","2026.02","City and County of Honolulu Zoning 2024 (res-8 polyfill)","Honolulu DPP LUO zoning districts, downloaded 2026-02-22; per-cell aggregation AG12 P2"
"88464b9617fffff","A-2|B-1|BMX-3|P-2|R-3.5","R-3.5","2026.02","City and County of Honolulu Zoning 2024 (res-8 polyfill)","Honolulu DPP LUO zoning districts, downloaded 2026-02-22; per-cell aggregation AG12 P2"
"88464b9619fffff","F-1","F-1","2026.02","City and County of Honolulu Zoning 2024 (res-8 polyfill)","Honolulu DPP LUO zoning districts, downloaded 2026-02-22; per-cell aggregation AG12 P2"
"88464b961bfffff","A-2|B-1|P-1|P-2","P-1","2026.02","City and County of Honolulu Zoning 2024 (res-8 polyfill)","Honolulu DPP LUO zoning districts, downloaded 2026-02-22; per-cell aggregation AG12 P2"
"88464b961dfffff","F-1|R-7.5","F-1","2026.02","City and County of Honolulu Zoning 2024 (res-8 polyfill)","Honolulu DPP LUO zoning districts, downloaded 2026-02-22; per-cell aggregation AG12 P2"
"88464b9621fffff","I-2","I-2","2026.02","City and County of Honolulu Zoning 2024 (res-8 polyfill)","Honolulu DPP LUO zoning districts, downloaded 2026-02-22; per-cell aggregation AG12 P2"
"88464b9623fffff","I-2|IMX-1","I-2","2026.02","City and County of Honolulu Zoning 2024 (res-8 polyfill)","Honolulu DPP LUO zoning districts, downloaded 2026-02-22; per-cell aggregation AG12 P2"
"88464b9625fffff","I-2","I-2","2026.02","City and County of Honolulu Zoning 2024 (res-8 polyfill)","Honolulu DPP LUO zoning districts, downloaded 2026-02-22; per-cell aggregation AG12 P2"
"88464b9627fffff","I-2","I-2","2026.02","City and County of Honolulu Zoning 2024 (res-8 polyfill)","Honolulu DPP LUO zoning districts, downloaded 2026-02-22; per-cell aggregation AG12 P2"
"88464b9629fffff","A-1|F-1","F-1","2026.02","City and County of Honolulu Zoning 2024 (res-8 polyfill)","Honolulu DPP LUO zoning districts, downloaded 2026-02-22; per-cell aggregation AG12 P2"
"88464b962bfffff","F-1|R-5","F-1","2026.02","City and County of Honolulu Zoning 2024 (res-8 polyfill)","Honolulu DPP LUO zoning districts, downloaded 2026-02-22; per-cell aggregation AG12 P2"
"88464b962dfffff","F-1|R-5","F-1","2026.02","City and County of Honolulu Zoning 2024 (res-8 polyfill)","Honolulu DPP LUO zoning districts, downloaded 2026-02-22; per-cell aggregation AG12 P2"
"88464b9631fffff","P-2","P-2","2026.02","City and County of Honolulu Zoning 2024 (res-8 polyfill)","Honolulu DPP LUO zoning districts, downloaded 2026-02-22; per-cell aggregation AG12 P2"
"88464b9633fffff","I-2|I-3|IMX-1","I-2","2026.02","City and County of Honolulu Zoning 2024 (res-8 polyfill)","Honolulu DPP LUO zoning districts, downloaded 2026-02-22; per-cell aggregation AG12 P2"
"88464b9635fffff","I-2","I-2","2026.02","City and County of Honolulu Zoning 2024 (res-8 polyfill)","Honolulu DPP LUO zoning districts, downloaded 2026-02-22; per-cell aggregation AG12 P2"
"88464b9639fffff","I-2","I-2","2026.02","City and County of Honolulu Zoning 2024 (res-8 polyfill)","Honolulu DPP LUO zoning districts, downloaded 2026-02-22; per-cell aggregation AG12 P2"
"88464b963bfffff","I-2|P-1|P-2","I-2","2026.02","City and County of Honolulu Zoning 2024 (res-8 polyfill)","Honolulu DPP LUO zoning districts, downloaded 2026-02-22; per-cell aggregation AG12 P2"
"88464b963dfffff","B-2|I-2|IMX-1","I-2","2026.02","City and County of Honolulu Zoning 2024 (res-8 polyfill)","Honolulu DPP LUO zoning districts, downloaded 2026-02-22; per-cell aggregation AG12 P2"
"88464b9641fffff","AG-2|I-2|P-2","I-2","2026.02","City and County of Honolulu Zoning 2024 (res-8 polyfill)","Honolulu DPP LUO zoning districts, downloaded 2026-02-22; per-cell aggregation AG12 P2"
"88464b9643fffff","A-2|B-1|F-1|R-5","F-1","2026.02","City and County of Honolulu Zoning 2024 (res-8 polyfill)","Honolulu DPP LUO zoning districts, downloaded 2026-02-22; per-cell aggregation AG12 P2"
"88464b9645fffff","I-2|P-2|R-5","R-5","2026.02","City and County of Honolulu Zoning 2024 (res-8 polyfill)","Honolulu DPP LUO zoning districts, downloaded 2026-02-22; per-cell aggregation AG12 P2"
"88464b9647fffff","F-1","F-1","2026.02","City and County of Honolulu Zoning 2024 (res-8 polyfill)","Honolulu DPP LUO zoning districts, downloaded 2026-02-22; per-cell aggregation AG12 P2"
"88464b9649fffff","F-1","F-1","2026.02","City and County of Honolulu Zoning 2024 (res-8 polyfill)","Honolulu DPP LUO zoning districts, downloaded 2026-02-22; per-cell aggregation AG12 P2"
"88464b964bfffff","P-1","P-1","2026.02","City and County of Honolulu Zoning 2024 (res-8 polyfill)","Honolulu DPP LUO zoning districts, downloaded 2026-02-22; per-cell aggregation AG12 P2"
"88464b964dfffff","B-1|R-10|R-7.5","R-7.5","2026.02","City and County of Honolulu Zoning 2024 (res-8 polyfill)","Honolulu DPP LUO zoning districts, downloaded 2026-02-22; per-cell aggregation AG12 P2"
"88464b9651fffff","P-1|R-7.5","P-1","2026.02","City and County of Honolulu Zoning 2024 (res-8 polyfill)","Honolulu DPP LUO zoning districts, downloaded 2026-02-22; per-cell aggregation AG12 P2"
"88464b9653fffff","P-1","P-1","2026.02","City and County of Honolulu Zoning 2024 (res-8 polyfill)","Honolulu DPP LUO zoning districts, downloaded 2026-02-22; per-cell aggregation AG12 P2"
"88464b9655fffff","F-1|P-1|P-2","P-1","2026.02","City and County of Honolulu Zoning 2024 (res-8 polyfill)","Honolulu DPP LUO zoning districts, downloaded 2026-02-22; per-cell aggregation AG12 P2"
"88464b9657fffff","P-1","P-1","2026.02","City and County of Honolulu Zoning 2024 (res-8 polyfill)","Honolulu DPP LUO zoning districts, downloaded 2026-02-22; per-cell aggregation AG12 P2"
"88464b9659fffff","P-1","P-1","2026.02","City and County of Honolulu Zoning 2024 (res-8 polyfill)","Honolulu DPP LUO zoning districts, downloaded 2026-02-22; per-cell aggregation AG12 P2"
"88464b965bfffff","P-1","P-1","2026.02","City and County of Honolulu Zoning 2024 (res-8 polyfill)","Honolulu DPP LUO zoning districts, downloaded 2026-02-22; per-cell aggregation AG12 P2"
"88464b965dfffff","F-1","F-1","2026.02","City and County of Honolulu Zoning 2024 (res-8 polyfill)","Honolulu DPP LUO zoning districts, downloaded 2026-02-22; per-cell aggregation AG12 P2"
"88464b9661fffff","A-1|IMX-1|P-2|R-5","R-5","2026.02","City and County of Honolulu Zoning 2024 (res-8 polyfill)","Honolulu DPP LUO zoning districts, downloaded 2026-02-22; per-cell aggregation AG12 P2"
"88464b9663fffff","P-1|R-5","P-1","2026.02","City and County of Honolulu Zoning 2024 (res-8 polyfill)","Honolulu DPP LUO zoning districts, downloaded 2026-02-22; per-cell aggregation AG12 P2"
"88464b9665fffff","F-1|P-1","F-1","2026.02","City and County of Honolulu Zoning 2024 (res-8 polyfill)","Honolulu DPP LUO zoning districts, downloaded 2026-02-22; per-cell aggregation AG12 P2"
"88464b9667fffff","F-1","F-1","2026.02","City and County of Honolulu Zoning 2024 (res-8 polyfill)","Honolulu DPP LUO zoning districts, downloaded 2026-02-22; per-cell aggregation AG12 P2"
"88464b9669fffff","A-1|B-2|R-5","R-5","2026.02","City and County of Honolulu Zoning 2024 (res-8 polyfill)","Honolulu DPP LUO zoning districts, downloaded 2026-02-22; per-cell aggregation AG12 P2"
"88464b966bfffff","F-1","F-1","2026.02","City and County of Honolulu Zoning 2024 (res-8 polyfill)","Honolulu DPP LUO zoning districts, downloaded 2026-02-22; per-cell aggregation AG12 P2"
"88464b966dfffff","A-2|B-1|P-2|R-5","R-5","2026.02","City and County of Honolulu Zoning 2024 (res-8 polyfill)","Honolulu DPP LUO zoning districts, downloaded 2026-02-22; per-cell aggregation AG12 P2"
"88464b9681fffff","A-1|A-2|B-1|P-1|P-2|R-3.5|R-5","R-5","2026.02","City and County of Honolulu Zoning 2024 (res-8 polyfill)","Honolulu DPP LUO zoning districts, downloaded 2026-02-22; per-cell aggregation AG12 P2"
"88464b9683fffff","P-2|R-5","R-5","2026.02","City and County of Honolulu Zoning 2024 (res-8 polyfill)","Honolulu DPP LUO zoning districts, downloaded 2026-02-22; per-cell aggregation AG12 P2"
"88464b9685fffff","A-2|B-1|B-2|BMX-4|P-2","BMX-4","2026.02","City and County of Honolulu Zoning 2024 (res-8 polyfill)","Honolulu DPP LUO zoning districts, downloaded 2026-02-22; per-cell aggregation AG12 P2"
"88464b9687fffff","A-1|A-2|BMX-3|P-2","A-2","2026.02","City and County of Honolulu Zoning 2024 (res-8 polyfill)","Honolulu DPP LUO zoning districts, downloaded 2026-02-22; per-cell aggregation AG12 P2"
"88464b9689fffff","A-2|A-3|P-2|R-10","P-2","2026.02","City and County of Honolulu Zoning 2024 (res-8 polyfill)","Honolulu DPP LUO zoning districts, downloaded 2026-02-22; per-cell aggregation AG12 P2"
"88464b968bfffff","P-2|R-5","R-5","2026.02","City and County of Honolulu Zoning 2024 (res-8 polyfill)","Honolulu DPP LUO zoning districts, downloaded 2026-02-22; per-cell aggregation AG12 P2"
"88464b968dfffff","A-1|A-2|B-1|B-2|P-2|R-3.5","A-1","2026.02","City and County of Honolulu Zoning 2024 (res-8 polyfill)","Honolulu DPP LUO zoning districts, downloaded 2026-02-22; per-cell aggregation AG12 P2"
"88464b9691fffff","P-1|P-2|R-10|R-7.5","P-1","2026.02","City and County of Honolulu Zoning 2024 (res-8 polyfill)","Honolulu DPP LUO zoning districts, downloaded 2026-02-22; per-cell aggregation AG12 P2"
"88464b9693fffff","P-2|R-7.5","R-7.5","2026.02","City and County of Honolulu Zoning 2024 (res-8 polyfill)","Honolulu DPP LUO zoning districts, downloaded 2026-02-22; per-cell aggregation AG12 P2"
"88464b9695fffff","A-1|A-2|P-2|R-10|R-5","A-2","2026.02","City and County of Honolulu Zoning 2024 (res-8 polyfill)","Honolulu DPP LUO zoning districts, downloaded 2026-02-22; per-cell aggregation AG12 P2"
"88464b9697fffff","A-1|B-1|R-5","R-5","2026.02","City and County of Honolulu Zoning 2024 (res-8 polyfill)","Honolulu DPP LUO zoning districts, downloaded 2026-02-22; per-cell aggregation AG12 P2"
"88464b9699fffff","P-1","P-1","2026.02","City and County of Honolulu Zoning 2024 (res-8 polyfill)","Honolulu DPP LUO zoning districts, downloaded 2026-02-22; per-cell aggregation AG12 P2"
"88464b969bfffff","R-7.5","R-7.5","2026.02","City and County of Honolulu Zoning 2024 (res-8 polyfill)","Honolulu DPP LUO zoning districts, downloaded 2026-02-22; per-cell aggregation AG12 P2"
"88464b969dfffff","P-2|R-10","R-10","2026.02","City and County of Honolulu Zoning 2024 (res-8 polyfill)","Honolulu DPP LUO zoning districts, downloaded 2026-02-22; per-cell aggregation AG12 P2"
"88464b96a1fffff","MU|PU|WI","WI","2026.02","City and County of Honolulu Zoning 2024 (res-8 polyfill)","Honolulu DPP LUO zoning districts, downloaded 2026-02-22; per-cell aggregation AG12 P2"
"88464b96a3fffff","Kak","Kak","2026.02","City and County of Honolulu Zoning 2024 (res-8 polyfill)","Honolulu DPP LUO zoning districts, downloaded 2026-02-22; per-cell aggregation AG12 P2"
"88464b96a9fffff","Aloha|B-2|I-3|Kak|P-2","Aloha","2026.02","City and County of Honolulu Zoning 2024 (res-8 polyfill)","Honolulu DPP LUO zoning districts, downloaded 2026-02-22; per-cell aggregation AG12 P2"
"88464b96abfffff","B-2|Kak|P-2","Kak","2026.02","City and County of Honolulu Zoning 2024 (res-8 polyfill)","Honolulu DPP LUO zoning districts, downloaded 2026-02-22; per-cell aggregation AG12 P2"
"88464b96adfffff","B-2|F-1|I-2|I-3|P-1","I-2","2026.02","City and County of Honolulu Zoning 2024 (res-8 polyfill)","Honolulu DPP LUO zoning districts, downloaded 2026-02-22; per-cell aggregation AG12 P2"
"88464b96b1fffff","A-2|AMX-3|BMX-3","BMX-3","2026.02","City and County of Honolulu Zoning 2024 (res-8 polyfill)","Honolulu DPP LUO zoning districts, downloaded 2026-02-22; per-cell aggregation AG12 P2"
"88464b96b3fffff","A-2|AMX-2|AMX-3|Apart|ApartMix|BMX-3|ResMix","Apart","2026.02","City and County of Honolulu Zoning 2024 (res-8 polyfill)","Honolulu DPP LUO zoning districts, downloaded 2026-02-22; per-cell aggregation AG12 P2"
"88464b96b7fffff","P-2","P-2","2026.02","City and County of Honolulu Zoning 2024 (res-8 polyfill)","Honolulu DPP LUO zoning districts, downloaded 2026-02-22; per-cell aggregation AG12 P2"
"88464b96b9fffff","A-2|B-1|P-2","A-2","2026.02","City and County of Honolulu Zoning 2024 (res-8 polyfill)","Honolulu DPP LUO zoning districts, downloaded 2026-02-22; per-cell aggregation AG12 P2"
"88464b96bbfffff","A-3|AMX-2|BMX-3|P-2","A-3","2026.02","City and County of Honolulu Zoning 2024 (res-8 polyfill)","Honolulu DPP LUO zoning districts, downloaded 2026-02-22; per-cell aggregation AG12 P2"
"88464b96bdfffff","Kak|P-2","Kak","2026.02","City and County of Honolulu Zoning 2024 (res-8 polyfill)","Honolulu DPP LUO zoning districts, downloaded 2026-02-22; per-cell aggregation AG12 P2"
"88464b96c1fffff","R-5","R-5","2026.02","City and County of Honolulu Zoning 2024 (res-8 polyfill)","Honolulu DPP LUO zoning districts, downloaded 2026-02-22; per-cell aggregation AG12 P2"
"88464b96c3fffff","P-2|R-5|R-7.5","R-5","2026.02","City and County of Honolulu Zoning 2024 (res-8 polyfill)","Honolulu DPP LUO zoning districts, downloaded 2026-02-22; per-cell aggregation AG12 P2"
"88464b96c5fffff","B-2|P-2|R-5","R-5","2026.02","City and County of Honolulu Zoning 2024 (res-8 polyfill)","Honolulu DPP LUO zoning districts, downloaded 2026-02-22; per-cell aggregation AG12 P2"
"88464b96c7fffff","A-2|P-2|R-3.5|R-5","R-5","2026.02","City and County of Honolulu Zoning 2024 (res-8 polyfill)","Honolulu DPP LUO zoning districts, downloaded 2026-02-22; per-cell aggregation AG12 P2"
"88464b96c9fffff","P-1|P-2|R-5|R-7.5","P-1","2026.02","City and County of Honolulu Zoning 2024 (res-8 polyfill)","Honolulu DPP LUO zoning districts, downloaded 2026-02-22; per-cell aggregation AG12 P2"
"88464b96cbfffff","P-1|P-2","P-1","2026.02","City and County of Honolulu Zoning 2024 (res-8 polyfill)","Honolulu DPP LUO zoning districts, downloaded 2026-02-22; per-cell aggregation AG12 P2"
"88464b96cdfffff","B-1|P-2|R-3.5","R-3.5","2026.02","City and County of Honolulu Zoning 2024 (res-8 polyfill)","Honolulu DPP LUO zoning districts, downloaded 2026-02-22; per-cell aggregation AG12 P2"
"88464b96d1fffff","P-1|P-2","P-1","2026.02","City and County of Honolulu Zoning 2024 (res-8 polyfill)","Honolulu DPP LUO zoning districts, downloaded 2026-02-22; per-cell aggregation AG12 P2"
"88464b96d3fffff","P-1","P-1","2026.02","City and County of Honolulu Zoning 2024 (res-8 polyfill)","Honolulu DPP LUO zoning districts, downloaded 2026-02-22; per-cell aggregation AG12 P2"
"88464b96d5fffff","P-2|R-10|R-5","R-10","2026.02","City and County of Honolulu Zoning 2024 (res-8 polyfill)","Honolulu DPP LUO zoning districts, downloaded 2026-02-22; per-cell aggregation AG12 P2"
"88464b96d7fffff","P-1","P-1","2026.02","City and County of Honolulu Zoning 2024 (res-8 polyfill)","Honolulu DPP LUO zoning districts, downloaded 2026-02-22; per-cell aggregation AG12 P2"
"88464b96d9fffff","P-2|R-10","R-10","2026.02","City and County of Honolulu Zoning 2024 (res-8 polyfill)","Honolulu DPP LUO zoning districts, downloaded 2026-02-22; per-cell aggregation AG12 P2"
"88464b96dbfffff","P-1","P-1","2026.02","City and County of Honolulu Zoning 2024 (res-8 polyfill)","Honolulu DPP LUO zoning districts, downloaded 2026-02-22; per-cell aggregation AG12 P2"
"88464b96ddfffff","P-2|R-10|R-7.5","R-10","2026.02","City and County of Honolulu Zoning 2024 (res-8 polyfill)","Honolulu DPP LUO zoning districts, downloaded 2026-02-22; per-cell aggregation AG12 P2"
"88464b96e1fffff","B-2|IMX-1","IMX-1","2026.02","City and County of Honolulu Zoning 2024 (res-8 polyfill)","Honolulu DPP LUO zoning districts, downloaded 2026-02-22; per-cell aggregation AG12 P2"
"88464b96e3fffff","A-1|A-2|B-2|BMX-3|P-2","A-2","2026.02","City and County of Honolulu Zoning 2024 (res-8 polyfill)","Honolulu DPP LUO zoning districts, downloaded 2026-02-22; per-cell aggregation AG12 P2"
"88464b96e5fffff","I-3|P-1","I-3","2026.02","City and County of Honolulu Zoning 2024 (res-8 polyfill)","Honolulu DPP LUO zoning districts, downloaded 2026-02-22; per-cell aggregation AG12 P2"
"88464b96e7fffff","I-3","I-3","2026.02","City and County of Honolulu Zoning 2024 (res-8 polyfill)","Honolulu DPP LUO zoning districts, downloaded 2026-02-22; per-cell aggregation AG12 P2"
"88464b96e9fffff","A-2|B-2|P-2|R-5","R-5","2026.02","City and County of Honolulu Zoning 2024 (res-8 polyfill)","Honolulu DPP LUO zoning districts, downloaded 2026-02-22; per-cell aggregation AG12 P2"
"88464b96ebfffff","A-1|A-2|B-2|P-2|R-5","R-5","2026.02","City and County of Honolulu Zoning 2024 (res-8 polyfill)","Honolulu DPP LUO zoning districts, downloaded 2026-02-22; per-cell aggregation AG12 P2"
"88464b96edfffff","A-1|B-1|BMX-3|P-2","A-1","2026.02","City and County of Honolulu Zoning 2024 (res-8 polyfill)","Honolulu DPP LUO zoning districts, downloaded 2026-02-22; per-cell aggregation AG12 P2"
"88464b9701fffff","F-1","F-1","2026.02","City and County of Honolulu Zoning 2024 (res-8 polyfill)","Honolulu DPP LUO zoning districts, downloaded 2026-02-22; per-cell aggregation AG12 P2"
"88464b9703fffff","F-1","F-1","2026.02","City and County of Honolulu Zoning 2024 (res-8 polyfill)","Honolulu DPP LUO zoning districts, downloaded 2026-02-22; per-cell aggregation AG12 P2"
"88464b9705fffff","F-1|P-1","F-1","2026.02","City and County of Honolulu Zoning 2024 (res-8 polyfill)","Honolulu DPP LUO zoning districts, downloaded 2026-02-22; per-cell aggregation AG12 P2"
"88464b9709fffff","F-1","F-1","2026.02","City and County of Honolulu Zoning 2024 (res-8 polyfill)","Honolulu DPP LUO zoning districts, downloaded 2026-02-22; per-cell aggregation AG12 P2"
"88464b970bfffff","F-1","F-1","2026.02","City and County of Honolulu Zoning 2024 (res-8 polyfill)","Honolulu DPP LUO zoning districts, downloaded 2026-02-22; per-cell aggregation AG12 P2"
"88464b9711fffff","F-1","F-1","2026.02","City and County of Honolulu Zoning 2024 (res-8 polyfill)","Honolulu DPP LUO zoning districts, downloaded 2026-02-22; per-cell aggregation AG12 P2"
"88464b9713fffff","F-1","F-1","2026.02","City and County of Honolulu Zoning 2024 (res-8 polyfill)","Honolulu DPP LUO zoning districts, downloaded 2026-02-22; per-cell aggregation AG12 P2"
"88464b9717fffff","F-1","F-1","2026.02","City and County of Honolulu Zoning 2024 (res-8 polyfill)","Honolulu DPP LUO zoning districts, downloaded 2026-02-22; per-cell aggregation AG12 P2"
"88464b9719fffff","F-1","F-1","2026.02","City and County of Honolulu Zoning 2024 (res-8 polyfill)","Honolulu DPP LUO zoning districts, downloaded 2026-02-22; per-cell aggregation AG12 P2"
"88464b971bfffff","F-1","F-1","2026.02","City and County of Honolulu Zoning 2024 (res-8 polyfill)","Honolulu DPP LUO zoning districts, downloaded 2026-02-22; per-cell aggregation AG12 P2"
"88464b971dfffff","F-1","F-1","2026.02","City and County of Honolulu Zoning 2024 (res-8 polyfill)","Honolulu DPP LUO zoning districts, downloaded 2026-02-22; per-cell aggregation AG12 P2"
"88464b9729fffff","F-1","F-1","2026.02","City and County of Honolulu Zoning 2024 (res-8 polyfill)","Honolulu DPP LUO zoning districts, downloaded 2026-02-22; per-cell aggregation AG12 P2"
"88464b972dfffff","C|F-1|P-1|P-2","F-1","2026.02","City and County of Honolulu Zoning 2024 (res-8 polyfill)","Honolulu DPP LUO zoning districts, downloaded 2026-02-22; per-cell aggregation AG12 P2"
"88464b973bfffff","I-2","I-2","2026.02","City and County of Honolulu Zoning 2024 (res-8 polyfill)","Honolulu DPP LUO zoning districts, downloaded 2026-02-22; per-cell aggregation AG12 P2"
"88464b9743fffff","F-1","F-1","2026.02","City and County of Honolulu Zoning 2024 (res-8 polyfill)","Honolulu DPP LUO zoning districts, downloaded 2026-02-22; per-cell aggregation AG12 P2"
"88464b974dfffff","F-1","F-1","2026.02","City and County of Honolulu Zoning 2024 (res-8 polyfill)","Honolulu DPP LUO zoning districts, downloaded 2026-02-22; per-cell aggregation AG12 P2"
"88464b9751fffff","F-1","F-1","2026.02","City and County of Honolulu Zoning 2024 (res-8 polyfill)","Honolulu DPP LUO zoning districts, downloaded 2026-02-22; per-cell aggregation AG12 P2"
"88464b9753fffff","F-1|R-5","F-1","2026.02","City and County of Honolulu Zoning 2024 (res-8 polyfill)","Honolulu DPP LUO zoning districts, downloaded 2026-02-22; per-cell aggregation AG12 P2"
"88464b9755fffff","F-1","F-1","2026.02","City and County of Honolulu Zoning 2024 (res-8 polyfill)","Honolulu DPP LUO zoning districts, downloaded 2026-02-22; per-cell aggregation AG12 P2"
"88464b9757fffff","F-1","F-1","2026.02","City and County of Honolulu Zoning 2024 (res-8 polyfill)","Honolulu DPP LUO zoning districts, downloaded 2026-02-22; per-cell aggregation AG12 P2"
"88464b975bfffff","F-1","F-1","2026.02","City and County of Honolulu Zoning 2024 (res-8 polyfill)","Honolulu DPP LUO zoning districts, downloaded 2026-02-22; per-cell aggregation AG12 P2"
"88464b975dfffff","F-1","F-1","2026.02","City and County of Honolulu Zoning 2024 (res-8 polyfill)","Honolulu DPP LUO zoning districts, downloaded 2026-02-22; per-cell aggregation AG12 P2"
"88464b9761fffff","F-1","F-1","2026.02","City and County of Honolulu Zoning 2024 (res-8 polyfill)","Honolulu DPP LUO zoning districts, downloaded 2026-02-22; per-cell aggregation AG12 P2"
"88464b9763fffff","F-1","F-1","2026.02","City and County of Honolulu Zoning 2024 (res-8 polyfill)","Honolulu DPP LUO zoning districts, downloaded 2026-02-22; per-cell aggregation AG12 P2"
"88464b9765fffff","AG-2|F-1|R-5","F-1","2026.02","City and County of Honolulu Zoning 2024 (res-8 polyfill)","Honolulu DPP LUO zoning districts, downloaded 2026-02-22; per-cell aggregation AG12 P2"
"88464b9767fffff","AG-2","AG-2","2026.02","City and County of Honolulu Zoning 2024 (res-8 polyfill)","Honolulu DPP LUO zoning districts, downloaded 2026-02-22; per-cell aggregation AG12 P2"
"88464b9769fffff","F-1","F-1","2026.02","City and County of Honolulu Zoning 2024 (res-8 polyfill)","Honolulu DPP LUO zoning districts, downloaded 2026-02-22; per-cell aggregation AG12 P2"
"88464b976bfffff","F-1|P-1","F-1","2026.02","City and County of Honolulu Zoning 2024 (res-8 polyfill)","Honolulu DPP LUO zoning districts, downloaded 2026-02-22; per-cell aggregation AG12 P2"
"88464b976dfffff","F-1","F-1","2026.02","City and County of Honolulu Zoning 2024 (res-8 polyfill)","Honolulu DPP LUO zoning districts, downloaded 2026-02-22; per-cell aggregation AG12 P2"
