objectid_1,shape_leng,objectid,type,name,managedby,island,gis_acre,type_defin,linktowebp,linktoadmi,linktoad_1,linktoad_2,linktoad_3,tlabel,xname,st_areashape,st_perimetershape
1,340.88762287,1,ws,MOKUPUKU ISLET SEABIRD SANCTUARY,(DOFAW),Hawaii,1.29068615,Wildlife Sanctuary,https://dlnr.hawaii.gov/wildlife/sanctuaries/hawaiioffshoreislets/#mokupuku,https://files.hawaii.gov/dlnr/dofaw/rules/Chap125a.pdf,https://files.hawaii.gov/dlnr/dofaw/rules/Chap126.pdf, , ,Mokupuku Islet Seabird Sanctuary,Mokupuku Islet Seabird Sanctuary,5223.22152113797,340.887622871587
2,600.81265719,2,ws,PAOKALANI ISLET SEABIRD SANCTUARY,(DOFAW),Hawaii,4.14153516,Wildlife Sanctuary,https://dlnr.hawaii.gov/wildlife/sanctuaries/hawaiioffshoreislets/#paokalani,https://files.hawaii.gov/dlnr/dofaw/rules/Chap125a.pdf,https://files.hawaii.gov/dlnr/dofaw/rules/Chap126.pdf, , ,Paokalani Islet Seabird Sanctuary,Paokalani Islet Seabird Sanctuary,16760.1981805757,600.812657194193
3,88694.1472101,3,fr,PUU WAAWAA FOREST RESERVE,DOFAW,Hawaii,37658.8751471,Forest Reserve,https://dlnr.hawaii.gov/forestry/frs/reserves/hawaii-island/puuwaawaa/,https://dlnr.hawaii.gov/dofaw/files/2013/09/HARChapter13-104.pdf, , , ,Pu‘u Wa‘awa‘a Forest Reserve,Puu Waawaa Forest Reserve,152400060.749339,88694.1472101275
4,331.25545193,4,prvt,FREEMAN SEABIRD PRESERVE,National Audubon Society,Oahu,0.96557453,Private Preserve, , , , , ,Freeman Seabird Preserve,Freeman Seabird Preserve,3907.54148864213,331.255451927246
7,14076.3940032,5,fr,KAU FOREST RESERVE (KAMILO SECTION),DOFAW,Hawaii,1325.60378831,Forest Reserve,https://dlnr.hawaii.gov/forestry/frs/reserves/hawaii-island/,https://dlnr.hawaii.gov/dofaw/files/2013/09/HARChapter13-104.pdf, , , ,Ka‘ū Forest Reserve (Kamilo Sec.),Kau Forest Reserve (Kamilo Section),5364528.20427888,14076.3940032431
8,1799.93718694,6,sra,MALAEKAHANA STATE RECREATION AREA (KAHUKU SEC.),DOSP,Oahu,36.32287468,State Recreation Area, , , , , ,Mālaekahana State Recreation Area (Kahuku Sec.),Malaekahana State Recreation Area (Kahuku Sec.),146993.458690379,1799.9371869448
9,248.61390078,7,ws,KIHEWAMOKU ISLET SEABIRD SANCTUARY,DOFAW,Oahu,0.66490038,Wildlife Sanctuary,https://dlnr.hawaii.gov/wildlife/sanctuaries/oahuoffshoreislets/#kihewamoku,https://files.hawaii.gov/dlnr/dofaw/rules/Chap125a.pdf,https://files.hawaii.gov/dlnr/dofaw/rules/Chap126.pdf, , ,Kihewamoku Islet Seabird Sanctuary,Kihewamoku Islet Seabird Sanctuary,2690.75636758275,248.613900776511
10,1393.12245613,8,ws,MOKUAUIA ISLET SEABIRD SANCTUARY,DOFAW,Oahu,12.41933037,Wildlife Sanctuary,https://dlnr.hawaii.gov/wildlife/sanctuaries/oahuoffshoreislets/#mokuauia,https://files.hawaii.gov/dlnr/dofaw/rules/Chap125a.pdf,https://files.hawaii.gov/dlnr/dofaw/rules/Chap126.pdf, , ,Moku‘auia Islet Seabird Sanctuary,Mokuauia Islet Seabird Sanctuary,50259.246872941,1393.12245612502
11,2884.08293324,9,sra,MALAEKAHANA STATE RECREATION AREA (LAIE SEC.),DOSP,Oahu,74.10311154,State Recreation Area, , , , , ,Mālaekahana State Recreation Area (Lā‘ie Sec.),Malaekahana State Recreation Area (Laie Sec.),299884.652874798,2884.08293324331
12,223.90514036,10,ws,PULEMOKU ISLET SEABRID SANCTUARY,DOFAW,Oahu,0.59244557,Wildlife Sanctuary,https://dlnr.hawaii.gov/wildlife/sanctuaries/oahuoffshoreislets/#pulemoku,https://files.hawaii.gov/dlnr/dofaw/rules/Chap125a.pdf,https://files.hawaii.gov/dlnr/dofaw/rules/Chap126.pdf, , ,Pulemoku Islet Seabird Sanctuary,Pulemoku Islet Seabrid Sanctuary,2397.54215058687,223.90514036434
13,394.90082805,11,ws,KUKUIHOOLUA ISLET SEABIRD SANCTUARY,DOFAW,Oahu,1.62285259,Wildlife Sanctuary,https://dlnr.hawaii.gov/wildlife/sanctuaries/oahuoffshoreislets/#kukuihoolua,https://files.hawaii.gov/dlnr/dofaw/rules/Chap125a.pdf,https://files.hawaii.gov/dlnr/dofaw/rules/Chap126.pdf, , ,Kukuiho‘olua Islet Seabird Sanctuary,Kukuihoolua Islet Seabird Sanctuary,6567.45142418701,394.900828053282
14,193.2899405,12,ws,MOKUALAI ISLET SEABIRD SANCTUARY,DOFAW,Oahu,0.50694204,Wildlife Sanctuary,https://dlnr.hawaii.gov/wildlife/sanctuaries/#oahu,https://files.hawaii.gov/dlnr/dofaw/rules/Chap125a.pdf,https://files.hawaii.gov/dlnr/dofaw/rules/Chap126.pdf, , ,Mokuālai Islet Seabird Sanctuary,Mokualai Islet Seabird Sanctuary,2051.52164329222,193.289940501216
15,553.86576445,13,shs,PUU O MAHUKA HEIAU STATE HISTORIC SITE,DOSP,Oahu,4.02177459,State Historic Site, , , , , ,Pu‘u O Mahuka Heiau State Historic Site,Puu O Mahuka Heiau State Historic Site,16275.544332001,553.865764451379
16,15601.9732939,14,fr,HAUULA FOREST RESERVE,DOFAW,Oahu,1415.72354901,Forest Reserve,https://dlnr.hawaii.gov/forestry/frs/reserves/oahu/,https://dlnr.hawaii.gov/dofaw/files/2013/09/HARChapter13-104.pdf, , , ,Hau‘ula Forest Reserve,Hauula Forest Reserve,5729229.9366595,15601.9732938642
17,9993.92961522,15,fr,KAIPAPAU FOREST RESERVE,DOFAW,Oahu,970.11038618,Forest Reserve,https://dlnr.hawaii.gov/forestry/frs/reserves/oahu/,https://dlnr.hawaii.gov/dofaw/files/2013/09/HARChapter13-104.pdf, , , ,Kaipapa‘u Forest Reserve,Kaipapau Forest Reserve,3925897.44674672,9993.92961521867
19,7520.21683457,16,fr,KUAOKALA FOREST RESERVE,DOFAW,Oahu,372.21386779,Forest Reserve,https://dlnr.hawaii.gov/forestry/frs/reserves/oahu/,https://dlnr.hawaii.gov/dofaw/files/2013/09/HARChapter13-104.pdf, , , ,Kuaokalā Forest Reserve,Kuaokala Forest Reserve,1506296.08135659,7520.21683456547
20,20847.699838,17,fr,MOKULEIA FOREST RESERVE,DOFAW,Oahu,563.83226087,Forest Reserve,https://dlnr.hawaii.gov/forestry/frs/reserves/oahu/,https://dlnr.hawaii.gov/dofaw/files/2013/09/HARChapter13-104.pdf, , , ,Mokulē‘ia Forest Reserve,Mokuleia Forest Reserve,2281748.20605435,20847.6998380045
21,9161.62265197,18,nar,PAHOLE NATURAL AREA RESERVE,DOFAW,Oahu,658.22716825,Natural Area Reserve,https://dlnr.hawaii.gov/ecosystems/nars/oahu/pahole/,https://files.hawaii.gov/dlnr/dofaw/rules/Chap208.pdf,https://dlnr.hawaii.gov/dofaw/files/2013/09/HAR-13-209-Activities-within-Natural-Area-Reserves-amended-September-18-2017.pdf,https://files.hawaii.gov/dlnr/dofaw/rules/Chap210.pdf, ,Pahole Natural Area Reserve,Pahole Natural Area Reserve,2663750.84323328,9161.62265197065
22,25220.5898336,19,fr,EWA FOREST RESERVE (POAMOHO SEC.),DOFAW,Oahu,4622.8949507,Forest Reserve,https://dlnr.hawaii.gov/forestry/frs/reserves/oahu/,https://dlnr.hawaii.gov/dofaw/files/2013/09/HARChapter13-104.pdf, , , ,‘Ewa Forest Reserve (Poamoho Sec.),Ewa Forest Reserve (Poamoho Sec.),18708192.1213311,25220.5898336125
23,12350.5379332,20,nar,KAALA NATURAL AREA RESERVE,DOFAW,Oahu,1086.48133628,Natural Area Reserve,https://dlnr.hawaii.gov/ecosystems/nars/oahu/kaala/,https://files.hawaii.gov/dlnr/dofaw/rules/Chap208.pdf,https://dlnr.hawaii.gov/dofaw/files/2013/09/HAR-13-209-Activities-within-Natural-Area-Reserves-amended-September-18-2017.pdf,https://files.hawaii.gov/dlnr/dofaw/rules/Chap210.pdf, ,Ka‘ala Natural Area Reserve,Kaala Natural Area Reserve,4396833.97354276,12350.5379331943
24,24367.8876692,21,fr,WAIANAE KAI FOREST RESERVE,DOFAW,Oahu,2324.63051257,Forest Reserve,https://dlnr.hawaii.gov/forestry/frs/reserves/oahu/,https://dlnr.hawaii.gov/dofaw/files/2013/09/HARChapter13-104.pdf,https://files.hawaii.gov/dlnr/dofaw/rules/Chap105.pdf, , ,Wai‘anae Kai Forest Reserve,Waianae Kai Forest Reserve,9407445.91949977,24367.8876691585
25,3117.69691839,22,sra,WAHIAWA FRESHWATER STATE RECREATION AREA,DOSP,Oahu,67.09825436,State Recreation Area, , , , , ,Wahiawa Freshwater State Recreation Area,Wahiawa Freshwater State Recreation Area,271537.001603834,3117.69691839439
26,1549.1389726,23,ws,MOKU MANU ISLETS SEABIRD SANCTUARY,DOFAW,Oahu,18.3859652,Wildlife Sanctuary,https://dlnr.hawaii.gov/wildlife/sanctuaries/oahuoffshoreislets/#mokumanu,https://files.hawaii.gov/dlnr/dofaw/rules/Chap125a.pdf,https://files.hawaii.gov/dlnr/dofaw/rules/Chap126.pdf, , ,Moku Manu Islets Seabird Sanctuary,Moku Manu Islets Seabird Sanctuary,74405.3613471623,1549.13897260458
27,203.25916521,24,ws,KEKEPA ISLET SEABIRD SANCTUARY,DOFAW,Oahu,0.69612535,Wildlife Sanctuary,https://dlnr.hawaii.gov/wildlife/sanctuaries/oahuoffshoreislets/#kekepa,https://files.hawaii.gov/dlnr/dofaw/rules/Chap125a.pdf,https://files.hawaii.gov/dlnr/dofaw/rules/Chap126.pdf, , ,Kekepa Islet Seabird Sanctuary,Kekepa Islet Seabird Sanctuary,2817.11936310688,203.259165213167
28,18453.2262755,25,fr,EWA FOREST RESERVE (WAIMANO SEC.),DOFAW,Oahu,2548.68406501,Forest Reserve,https://dlnr.hawaii.gov/forestry/frs/reserves/oahu/,https://dlnr.hawaii.gov/dofaw/files/2013/09/HARChapter13-104.pdf, , , ,‘Ewa Forest Reserve (Waimano Sec.),Ewa Forest Reserve (Waimano Sec.),10314158.4771643,18453.2262754566
29,179.39089703,26,ws,MOKULEA ROCK ISLET SEABIRD SANCTUARY,DOFAW,Oahu,0.48806166,Wildlife Sanctuary,https://dlnr.hawaii.gov/wildlife/sanctuaries/oahuoffshoreislets/#mokulea,https://files.hawaii.gov/dlnr/dofaw/rules/Chap125a.pdf,https://files.hawaii.gov/dlnr/dofaw/rules/Chap126.pdf, , ,Mōkulea Rock Islet Seabird Sanctuary,Mokulea Rock Islet Seabird Sanctuary,1975.11548048381,179.390897027023
30,496.27913524,27,ws,POPOIA SEABIRD SANCTUARY,DOFAW,Oahu,3.74114315,Wildlife Sanctuary,https://dlnr.hawaii.gov/wildlife/sanctuaries/oahuoffshoreislets/#popoia,https://files.hawaii.gov/dlnr/dofaw/rules/Chap125a.pdf,https://files.hawaii.gov/dlnr/dofaw/rules/Chap126.pdf, , ,Popoi‘a Seabird Sanctuary,Popoia Seabird Sanctuary,15139.8691837329,496.279135238456
31,1758.77402951,28,ws,MOKULUA ISLETS SEABIRD SANCTUARY,DOFAW,Oahu,21.3053728,Wildlife Sanctuary,https://dlnr.hawaii.gov/wildlife/sanctuaries/oahuoffshoreislets/#mokulua,https://files.hawaii.gov/dlnr/dofaw/rules/Chap125a.pdf,https://files.hawaii.gov/dlnr/dofaw/rules/Chap126.pdf, , ,Mokulua Islets Seabird Sanctuary,Mokulua Islets Seabird Sanctuary,86219.7847562735,1758.77402951042
32,1456.71277851,29,sra,AIEA BAY STATE RECREATION AREA,DOSP,Oahu,6.14384561,State Recreation Area, , , , , ,‘Aiea Bay State Recreation Area,Aiea Bay State Recreation Area,24863.2610641021,1456.71277850512
33,1974.51317062,30,ws,MANANA ISLAND SEABIRD SANCTUARY,DOFAW,Oahu,66.79660398,Wildlife Sanctuary,https://dlnr.hawaii.gov/wildlife/sanctuaries/oahuoffshoreislets/#manana,https://files.hawaii.gov/dlnr/dofaw/rules/Chap125a.pdf,https://files.hawaii.gov/dlnr/dofaw/rules/Chap126.pdf, , ,Mānana Island Seabird Sanctuary,Manana Island Seabird Sanctuary,270316.26583054,1974.51317061521
34,938.59690356,31,ws,KAOHIKAIPU ISLET SEABIRD SANCTUARY,DOFAW,Oahu,10.28631507,Wildlife Sanctuary,https://dlnr.hawaii.gov/wildlife/sanctuaries/oahuoffshoreislets/#kaohikaipu,https://files.hawaii.gov/dlnr/dofaw/rules/Chap125a.pdf,https://files.hawaii.gov/dlnr/dofaw/rules/Chap126.pdf, , ,Kāohikaipu Islet State Seabird Sanctuary,Kaohikaipu Islet Seabird Sanctuary,41627.2401864819,938.596903559494
35,2466.02276831,32,sra,WAAHILA RIDGE STATE RECREATION AREA,DOSP,Oahu,49.44509749,State Recreation Area, , , , , ,Wa‘ahila Ridge State Recreaton Area,Waahila Ridge State Recreation Area,200097.210319479,2466.02276831294
36,821.59880367,33,sm,IOLANI PALACE STATE MONUMENT,DOSP,Oahu,10.96962942,State Monument, , , , , ,‘Īolani Palace State Monument,Iolani Palace State Monument,44392.5152753958,821.59880366562
37,10260.6940503,34,fr,KAU FOREST RESERVE (KAPAPALA SEC.),DOFAW,Hawaii,1243.82324714,Forest Reserve,https://dlnr.hawaii.gov/forestry/frs/reserves/hawaii-island/,https://dlnr.hawaii.gov/dofaw/files/2013/09/HARChapter13-104.pdf, , , ,Ka‘ū Forest Reserve (Kapāpala Sec.),Kau Forest Reserve (Kapapala Sec.),5033574.09603432,10260.6940503382
38,1853.01857667,35,ws,PAIKO LAGOON WILDLIFE SANCTUARY,DOFAW,Oahu,39.40137683,Wildlife Sanctuary,https://dlnr.hawaii.gov/wildlife/sanctuaries/paiko/,https://files.hawaii.gov/dlnr/dofaw/rules/Chap125a.pdf,https://files.hawaii.gov/dlnr/dofaw/rules/Chap126.pdf, , ,Paikō Lagoon Wildlife Sanctuary,Paiko Lagoon Wildlife Sanctuary,159451.714869847,1853.01857666859
39,6965.49904181,36,sm,DIAMOND HEAD STATE MONUMENT,DOSP,Oahu,502.64614901,State Monument, , , , , ,Diamond Head State Monument,Diamond Head State Monument,2034136.79629711,6965.49904181207
43,940.412569,37,ws,MOKAPU ISLET SEABIRD SANCTUARY,(DOFAW),Molokai,11.25656161,Wildlife Sanctuary,https://dlnr.hawaii.gov/wildlife/sanctuaries/molokaioffshoreislets/#mokapu,https://files.hawaii.gov/dlnr/dofaw/rules/Chap125a.pdf,https://files.hawaii.gov/dlnr/dofaw/rules/Chap126.pdf, , ,Mokapu Islet Seabird Sanctuary,Mokapu Islet Seabird Sanctuary,45553.6886433411,940.412569001075
44,561.61397813,38,ws,OKALA ISLET SEABIRD SANCTUARY,(DOFAW),Molokai,5.30076833,Wildlife Sanctuary,https://dlnr.hawaii.gov/wildlife/sanctuaries/molokaioffshoreislets/#okala,https://files.hawaii.gov/dlnr/dofaw/rules/Chap125a.pdf,https://files.hawaii.gov/dlnr/dofaw/rules/Chap126.pdf, , ,‘ŌKala Islet Seabird Sanctuary,Okala Islet Seabird Sanctuary,21451.4483449508,561.6139781313
45,275.41368686,39,ws,HUELO ISLET SEABIRD SANCTUARY,(DOFAW),Molokai,1.31469893,Wildlife Sanctuary,https://dlnr.hawaii.gov/wildlife/sanctuaries/molokaioffshoreislets/#huelo,https://files.hawaii.gov/dlnr/dofaw/rules/Chap125a.pdf,https://files.hawaii.gov/dlnr/dofaw/rules/Chap126.pdf, , ,Huelo Islet Seabird Sanctuary,Huelo Islet Seabird Sanctuary,5320.39782480417,275.413686857492
46,43654.3105866,40,tnc,PELEKUNU PRESERVE (NATURE CONSERVANCY),TNC,Molokai,5400.39221178,The Nature Conservancy Preserve, , , , , ,Pelekunu Preserve,Pelekunu Preserve (Nature Conservancy),21854611.9057268,43654.310586575
47,316.05357949,41,ws,MOKUMANU ISLET SEABIRD SANCTUARY,(DOFAW),Molokai,0.92798089,Wildlife Sanctuary,https://dlnr.hawaii.gov/wildlife/sanctuaries/molokaioffshoreislets/#mokumanu,https://files.hawaii.gov/dlnr/dofaw/rules/Chap125a.pdf,https://files.hawaii.gov/dlnr/dofaw/rules/Chap126.pdf, , ,Mokumanu Islet Seabird Sanctuary,Mokumanu Islet Seabird Sanctuary,3755.40542467185,316.053579488345
48,16037.004556,42,nar,OLOKUI NATURAL AREA RESERVE,DOFAW,Molokai,1682.90184207,Natural Area Reserve,https://dlnr.hawaii.gov/ecosystems/nars/molokai/olokui/,https://files.hawaii.gov/dlnr/dofaw/rules/Chap208.pdf,https://dlnr.hawaii.gov/dofaw/files/2013/09/HAR-13-209-Activities-within-Natural-Area-Reserves-amended-September-18-2017.pdf,https://files.hawaii.gov/dlnr/dofaw/rules/Chap210.pdf, ,Oloku‘i Natural Area Reserve,Olokui Natural Area Reserve,6810462.12784389,16037.004555986
49,12737.6159105,43,nar,PUU ALII NATURAL AREA RESERVE,DOFAW,Molokai,1320.52734235,Natural Area Reserve,https://dlnr.hawaii.gov/ecosystems/nars/molokai/puu-alii/,https://files.hawaii.gov/dlnr/dofaw/rules/Chap208.pdf,https://dlnr.hawaii.gov/dofaw/files/2013/09/HAR-13-209-Activities-within-Natural-Area-Reserves-amended-September-18-2017.pdf,https://files.hawaii.gov/dlnr/dofaw/rules/Chap210.pdf, ,Pu‘u Ali‘i Natural Area Reserve,Puu Alii Natural Area Reserve,5343984.55636246,12737.6159105042
50,1253.48696774,44,ws,MOKUHOONIKI ISLET SEABIRD SANCTUARY,DOFAW,Molokai,9.53877172,Wildlife Sanctuary,https://dlnr.hawaii.gov/wildlife/sanctuaries/molokaioffshoreislets/#mokuhooniki,https://files.hawaii.gov/dlnr/dofaw/rules/Chap125a.pdf,https://files.hawaii.gov/dlnr/dofaw/rules/Chap126.pdf, , ,Mokuho‘oniki Islet Seabird Sanctuary,Mokuhooniki Islet Seabird Sanctuary,38602.0395929359,1253.48696773804
51,246.63852222,45,ws,KANAHA ROCK ISLET SEABIRD SANCTUARY,DOFAW,Molokai,0.87724558,Wildlife Sanctuary,https://dlnr.hawaii.gov/wildlife/sanctuaries/molokaioffshoreislets/#kanaha,https://files.hawaii.gov/dlnr/dofaw/rules/Chap125a.pdf,https://files.hawaii.gov/dlnr/dofaw/rules/Chap126.pdf, , ,Kanaha Rock Islet Seabird Sanctuary,Kanaha Rock Islet Seabird Sanctuary,3550.08691579629,246.638522223683
52,1043.6403658,46,xs,KOAIA (KAMILOLOA) PLANT SANCTUARY,MOPEPP,Molokai,16.62124078,Various Other Sanctuary, , , , , ,Koai‘a (Kamiloloa) Plant Sanctuary,Koaia (Kamiloloa) Plant Sanctuary,67263.7749937127,1043.64036580003
54,15480.8974722,47,tnc,KAMAKOU PRESERVE (NATURE CONSERVANCY),TNC,Molokai,2633.22935655,The Nature Conservancy Preserve, , , , , ,Kamakou Preserve,Kamakou Preserve (Nature Conservancy),10656301.1332226,15480.8974721905
55,15440.5675581,48,gma,KAHAKULOA GAME MANAGEMENT AREA,DOFAW,Maui,1231.58246193,Game Management Area,https://dlnr.hawaii.gov/recreation/hunting/gma/kahakuloa/,https://dlnr.hawaii.gov/dofaw/files/2013/09/HAR-122-Game-Birds.pdf,https://dlnr.hawaii.gov/dofaw/files/2013/09/HAR-123-Game-Mammals.pdf, , ,Kahakuloa Game Management Area,Kahakuloa Game Management Area,4984037.395791,15440.5675580557
56,2578.19576401,49,mlcd,HONOLUA-MOKULEIA MARINE LIFE CONSERVATION DISTRICT,DOAR,Maui,43.24908411,Marine Life Conservation District, , , , , ,Honolua-Mokulē‘ia Marine Life Conservation District,Honolua-Mokuleia Marine Life Conservation District,175022.833799326,2578.19576400977
57,15635.4944166,50,fr,WEST MAUI FOREST RESERVE,DOFAW,Maui,2136.11775838,Forest Reserve,https://dlnr.hawaii.gov/forestry/frs/reserves/maui-nui/,https://dlnr.hawaii.gov/dofaw/files/2013/09/HARChapter13-104.pdf, , , ,West Maui Forest Reserve,West Maui Forest Reserve,8644561.86952011,15635.4944165914
58,18572.1465218,51,nar,WEST MAUI NATURAL AREA RESERVE (KAHAKULOA SEC.),DOFAW,Maui,3492.82764657,Natural Area Reserve,https://dlnr.hawaii.gov/ecosystems/nars/maui/west-maui-2/,https://files.hawaii.gov/dlnr/dofaw/rules/Chap208.pdf,https://dlnr.hawaii.gov/dofaw/files/2013/09/HAR-13-209-Activities-within-Natural-Area-Reserves-amended-September-18-2017.pdf,https://files.hawaii.gov/dlnr/dofaw/rules/Chap210.pdf, ,West Maui Natural Area Reserve (Kahakuloa Sec.),West Maui Natural Area Reserve (Kahakuloa Sec.),14134971.9938442,18572.1465218394
59,5341.26204564,52,fr,WEST MAUI FOREST RESERVE,DOFAW,Maui,403.9221679,Forest Reserve,https://dlnr.hawaii.gov/forestry/frs/reserves/maui-nui/,https://dlnr.hawaii.gov/dofaw/files/2013/09/HARChapter13-104.pdf, , , ,West Maui Forest Reserve,West Maui Forest Reserve,1634615.01931049,5341.26204563878
60,606.24699515,53,r,KAPUNA SPRING WATER RESERVE,Maui County,Molokai,5.57192879,Reserve, , , , , ,Kapuna Spring Water Reserve,Kapuna Spring Water Reserve,22548.7958099356,606.246995146334
61,2595.39281924,54,fr,WEST MAUI FOREST RESERVE,DOFAW,Maui,33.99785159,Forest Reserve,https://dlnr.hawaii.gov/forestry/frs/reserves/maui-nui/,https://dlnr.hawaii.gov/dofaw/files/2013/09/HARChapter13-104.pdf, , , ,West Maui Forest Reserve,West Maui Forest Reserve,137584.424052799,2595.39281924177
62,4655.22361165,55,fr,WEST MAUI FOREST RESERVE,DOFAW,Maui,218.40398808,Forest Reserve,https://dlnr.hawaii.gov/forestry/frs/reserves/maui-nui/,https://dlnr.hawaii.gov/dofaw/files/2013/09/HARChapter13-104.pdf, , , ,West Maui Forest Reserve,West Maui Forest Reserve,883849.58181718,4655.22361164606
63,22187.0034,56,tnc,KAPUNAKEA PRESERVE (NATURE CONSERVANCY),TNC,Maui,1339.78738146,The Nature Conservancy Preserve, , , , , ,Kapunakea Preserve,Kapunakea Preserve (Nature Conservancy),5421927.16932642,22187.0034000496
64,3089.99787934,57,fr,WEST MAUI FOREST RESERVE,DOFAW,Maui,30.85503833,Forest Reserve,https://dlnr.hawaii.gov/forestry/frs/reserves/maui-nui/,https://dlnr.hawaii.gov/dofaw/files/2013/09/HARChapter13-104.pdf, , , ,West Maui Forest Reserve,West Maui Forest Reserve,124865.910046124,3089.99787934391
65,12765.3401035,58,nar,WEST MAUI NATURAL AREA RESERVE (HONOKOWAI SEC.),DOFAW,Maui,734.13339189,Natural Area Reserve,https://dlnr.hawaii.gov/ecosystems/nars/maui/west-maui-2/,https://files.hawaii.gov/dlnr/dofaw/rules/Chap208.pdf,https://dlnr.hawaii.gov/dofaw/files/2013/09/HAR-13-209-Activities-within-Natural-Area-Reserves-amended-September-18-2017.pdf,https://files.hawaii.gov/dlnr/dofaw/rules/Chap210.pdf, ,West Maui Natural Area Reserve (Honokōwai Sec.),West Maui Natural Area Reserve (Honokowai Sec.),2970932.43187889,12765.3401035354
66,3020.71893557,59,fr,WEST MAUI FOREST RESERVE,DOFAW,Maui,34.2715676,Forest Reserve,https://dlnr.hawaii.gov/forestry/frs/reserves/maui-nui/,https://dlnr.hawaii.gov/dofaw/files/2013/09/HARChapter13-104.pdf, , , ,West Maui Forest Reserve,West Maui Forest Reserve,138692.113465862,3020.71893557423
67,5406.91347596,60,fr,WEST MAUI FOREST RESERVE,DOFAW,Maui,269.54252583,Forest Reserve,https://dlnr.hawaii.gov/forestry/frs/reserves/maui-nui/,https://dlnr.hawaii.gov/dofaw/files/2013/09/HARChapter13-104.pdf, , , ,West Maui Forest Reserve,West Maui Forest Reserve,1090799.90176759,5406.91347596238
68,8875.77447792,61,fr,WEST MAUI FOREST RESERVE,DOFAW,Maui,416.54886113,Forest Reserve,https://dlnr.hawaii.gov/forestry/frs/reserves/maui-nui/,https://dlnr.hawaii.gov/dofaw/files/2013/09/HARChapter13-104.pdf, , , ,West Maui Forest Reserve,West Maui Forest Reserve,1685713.43391563,8875.77447791997
69,2696.94468261,62,fr,WEST MAUI FOREST RESERVE,DOFAW,Maui,41.67293453,Forest Reserve,https://dlnr.hawaii.gov/forestry/frs/reserves/maui-nui/,https://dlnr.hawaii.gov/dofaw/files/2013/09/HARChapter13-104.pdf, , , ,West Maui Forest Reserve,West Maui Forest Reserve,168644.382752383,2696.94468260669
70,1347.60558966,63,fr,KOOLAU FOREST RESERVE,DOFAW,Maui,17.83302039,Forest Reserve,https://dlnr.hawaii.gov/forestry/frs/reserves/maui-nui/,https://dlnr.hawaii.gov/dofaw/files/2013/09/HARChapter13-104.pdf, , , ,Ko‘olau Forest Reserve,Koolau Forest Reserve,72167.6730777998,1347.60558965931
71,117568.557945,64,fr,KOOLAU FOREST RESERVE,DOFAW,Maui,31058.5737348,Forest Reserve,https://dlnr.hawaii.gov/forestry/frs/reserves/maui-nui/,https://dlnr.hawaii.gov/dofaw/files/2013/09/HARChapter13-104.pdf, , , ,Ko‘olau Forest Reserve,Koolau Forest Reserve,125689588.589242,117568.557944969
72,5945.22120237,65,fr,WEST MAUI FOREST RESERVE,DOFAW,Maui,78.33061345,Forest Reserve,https://dlnr.hawaii.gov/forestry/frs/reserves/maui-nui/,https://dlnr.hawaii.gov/dofaw/files/2013/09/HARChapter13-104.pdf, , , ,West Maui Forest Reserve,West Maui Forest Reserve,316992.746111489,5945.22120236647
73,3965.58001426,66,ws,KANAHA POND WILDLIFE SANCTUARY,DOFAW,Maui,231.49639335,Wildlife Sanctuary,https://dlnr.hawaii.gov/wildlife/sanctuaries/kanaha/,https://files.hawaii.gov/dlnr/dofaw/rules/Chap125a.pdf,https://files.hawaii.gov/dlnr/dofaw/rules/Chap126.pdf, , ,Kanahā Pond Wildlife Sanctuary,Kanaha Pond Wildlife Sanctuary,936832.666207099,3965.58001425515
74,13918.4796533,67,nar,WEST MAUI NATURAL AREA RESERVE (PANAEWA SEC.),DOFAW,Maui,1677.89639035,Natural Area Reserve,https://dlnr.hawaii.gov/ecosystems/nars/maui/west-maui-2/,https://files.hawaii.gov/dlnr/dofaw/rules/Chap208.pdf,https://dlnr.hawaii.gov/dofaw/files/2013/09/HAR-13-209-Activities-within-Natural-Area-Reserves-amended-September-18-2017.pdf,https://files.hawaii.gov/dlnr/dofaw/rules/Chap210.pdf, ,West Maui Natural Area Reserve (Pana‘ewa Sec.),West Maui Natural Area Reserve (Panaewa Sec.),6790205.78339351,13918.4796533397
75,6737.45847906,68,fr,WEST MAUI FOREST RESERVE,DOFAW,Maui,383.41837285,Forest Reserve,https://dlnr.hawaii.gov/forestry/frs/reserves/maui-nui/,https://dlnr.hawaii.gov/dofaw/files/2013/09/HARChapter13-104.pdf, , , ,West Maui Forest Reserve,West Maui Forest Reserve,1551639.10461839,6737.45847906033
76,26782.4457151,69,fr,WEST MAUI FOREST RESERVE,DOFAW,Maui,7332.93128119,Forest Reserve,https://dlnr.hawaii.gov/forestry/frs/reserves/maui-nui/,https://dlnr.hawaii.gov/dofaw/files/2013/09/HARChapter13-104.pdf, , , ,West Maui Forest Reserve,West Maui Forest Reserve,29675320.0503018,26782.4457151025
77,323.1618795,70,ws,MOKU MANA ISLET SEABIRD SANCTUARY,(DOFAW),Maui,1.10602728,Wildlife Sanctuary,https://dlnr.hawaii.gov/wildlife/sanctuaries/mauioffshoreislets/#moku_mana,https://files.hawaii.gov/dlnr/dofaw/rules/Chap125a.pdf,https://files.hawaii.gov/dlnr/dofaw/rules/Chap126.pdf, , ,Moku Mana Islet Seabird Sanctuary,Moku Mana Islet Seabird Sanctuary,4475.93361308283,323.161879495968
78,1252.74092339,71,ws,PAUWALU POINT WILDLIFE SANCTUARY,DOFAW,Maui,11.10702761,Wildlife Sanctuary,https://dlnr.hawaii.gov/wildlife/sanctuaries/pauwalu/,https://files.hawaii.gov/dlnr/dofaw/rules/Chap125a.pdf,https://files.hawaii.gov/dlnr/dofaw/rules/Chap126.pdf, , ,Pauwalu Point Wildlife sanctuary,Pauwalu Point Wildlife Sanctuary,44948.5460034033,1252.74092339351
79,8294.96563113,72,nar,WEST MAUI NATURAL AREA RESERVE (LIHAU SEC.),DOFAW,Maui,923.067008,Natural Area Reserve,https://dlnr.hawaii.gov/ecosystems/nars/maui/west-maui-2/,https://files.hawaii.gov/dlnr/dofaw/rules/Chap208.pdf,https://dlnr.hawaii.gov/dofaw/files/2013/09/HAR-13-209-Activities-within-Natural-Area-Reserves-amended-September-18-2017.pdf,https://files.hawaii.gov/dlnr/dofaw/rules/Chap210.pdf, ,West Maui Natural Area Reserve (Līhau Sec.),West Maui Natural Area Reserve (Lihau Sec.),3735519.64963634,8294.96563113211
80,7702.54723959,73,prvt,WAIHEE COASTAL DUNES AND WETLANDS REFUGE,Hawaiian Islands Land Trust,Maui,288.6990456,Land Trust, , , , , ,Waihe‘e Coastal Dunes and Wetlands Refuge,Waihee Coastal Dunes And Wetlands Refuge,1168323.58682258,7702.54723958876
81,2032.24828658,74,fr,KOOLAU FOREST RESERVE,DOFAW,Maui,38.14601272,Forest Reserve,https://dlnr.hawaii.gov/forestry/frs/reserves/maui-nui/,https://dlnr.hawaii.gov/dofaw/files/2013/09/HARChapter13-104.pdf, , , ,Ko‘olau Forest Reserve (Makapipi Section),Koolau Forest Reserve,154371.436571584,2032.24828657785
82,28184.6176616,75,tnc,WAIKAMOI PRESERVE (NATURE CONSERVANCY),TNC,Maui,5141.01044367,The Nature Conservancy Preserve, , , , , ,Waikamoi Preserve,Waikamoi Preserve (Nature Conservancy),20804931.1316106,28184.6176616133
83,23280.9210106,76,nar,HANAWI NATURAL AREA RESERVE,DOFAW,Maui,7723.969645,Natural Area Reserve,https://dlnr.hawaii.gov/ecosystems/nars/maui/hanawi-2/,https://files.hawaii.gov/dlnr/dofaw/rules/Chap208.pdf,https://dlnr.hawaii.gov/dofaw/files/2013/09/HAR-13-209-Activities-within-Natural-Area-Reserves-amended-September-18-2017.pdf,https://files.hawaii.gov/dlnr/dofaw/rules/Chap210.pdf, ,Hanaī Natural Area Reserve,Hanawi Natural Area Reserve,31257796.1642863,23280.9210106463
84,45152.8591878,77,fr,HANA FOREST RESERVE,DOFAW,Maui,13124.2508003,Forest Reserve,https://dlnr.hawaii.gov/forestry/frs/reserves/maui-nui/,https://dlnr.hawaii.gov/dofaw/files/2013/09/HARChapter13-104.pdf, , , ,Hāna Forest Reserve,Hana Forest Reserve,53111958.6403514,45152.8591878247
85,96680.4651072,78,np,HALEAKALA NATIONAL PARK,USNPS,Maui,33891.8013351,National Park, , , , , ,Haleakalā National Park,Haleakala National Park,137155253.899811,96680.4651071738
86,12777.4490228,79,fr,KAHIKINUI FOREST RESERVE,DOFAW,Maui,2202.99835101,Forest Reserve,https://kahikinui-forest-reserve-histategis.hub.arcgis.com/,https://dlnr.hawaii.gov/dofaw/files/2013/09/HARChapter13-104.pdf, , , ,Kahikinui Forest Reserve,Kahikinui Forest Reserve,8915218.02532049,12777.4490228498
87,3008.89893196,80,fr,KIPAHULU FOREST RESERVE,DOFAW,Maui,94.14445899,Forest Reserve,https://dlnr.hawaii.gov/forestry/frs/reserves/maui-nui/,https://dlnr.hawaii.gov/dofaw/files/2013/09/HARChapter13-104.pdf, , , ,Kīpahulu Forest Reserve (Helemano Section),Kipahulu Forest Reserve,380989.108489523,3008.89893196146
88,16345.159459,81,nar,AHIHI-KINAU NATURAL AREA RESERVE,DOFAW,Maui,2064.44114948,Natural Area Reserve,https://dlnr.hawaii.gov/ecosystems/nars/maui/ahihi-kinau-2/,https://files.hawaii.gov/dlnr/dofaw/rules/Chap208.pdf,https://dlnr.hawaii.gov/dofaw/files/2013/09/HAR-13-209-Activities-within-Natural-Area-Reserves-amended-September-18-2017.pdf,https://files.hawaii.gov/dlnr/dofaw/rules/Chap210.pdf, ,‘Āhihi-Kīna‘u Natural Area Reserve,Ahihi-Kinau Natural Area Reserve,8354496.92445918,16345.1594589699
89,467.76035493,82,sm,KOHALA HIST. SITES STATE MONUMENT (MO'OKINI HEIAU),DOSP,Hawaii,3.29876412,State Monument, , , , , ,Kohala Historical Sites State Monument (Mo‘okini Heiau),Kohala Hist. Sites State Monument (Mookini Heiau),13349.6247518311,467.760354926863
90,188.66289442,83,sm,KOHALA HIST.SITES S. M. (KAMEHAMEHA I BIRTH PLACE),DOSP,Hawaii,0.54918763,State Monument, , , , , ,Kohala Historical Sites State Monument (Kamehameha I Birth Place),Kohala Hist.Sites S. M. (Kamehameha I Birth Place),2222.48349212792,188.662894417188
91,20527.6076158,84,fr,KOHALA FOREST RESERVE (POLOLU SEC.),DOFAW,Hawaii,1680.54472711,Forest Reserve,https://dlnr.hawaii.gov/forestry/frs/reserves/hawaii-island/,https://dlnr.hawaii.gov/dofaw/files/2013/09/HARChapter13-104.pdf, , , ,Kohala Forest Reserve (Pololū Sec.),Kohala Forest Reserve (Pololu Sec.),6800923.22204829,20527.6076157885
92,14460.4811386,85,fr,MALAMA KI FOREST RESERVE,DOFAW,Hawaii,1440.8722014,Forest Reserve,https://dlnr.hawaii.gov/forestry/frs/reserves/hawaii-island/,https://dlnr.hawaii.gov/dofaw/files/2013/09/HARChapter13-104.pdf, , , ,Malama Kī Forest Reserve,Malama Ki Forest Reserve,5831002.92209259,14460.4811386064
93,61093.485342,86,gma,KAPAPALA COOPERATIVE GAME MANAGEMENT AREA,DOFAW/Private,Hawaii,28427.6907076,Game Management Area,https://dlnr.hawaii.gov/recreation/hunting/gma/kapapala-ranch/,https://files.hawaii.gov/dlnr/dofaw/rules/Chap121a.pdf,https://dlnr.hawaii.gov/dofaw/files/2013/09/HAR-122-Game-Birds.pdf, , ,Kapāpala Cooperative Game Management Area,Kapapala Cooperative Game Management Area,115042782.713972,61093.4853419849
94,5874.02465904,87,fr,KEAUOHANA FOREST RESERVE,DOFAW,Hawaii,264.46302617,Forest Reserve,https://dlnr.hawaii.gov/forestry/frs/reserves/hawaii-island/,https://dlnr.hawaii.gov/dofaw/files/2013/09/HARChapter13-104.pdf, , , ,Keau‘ohana Forest Reserve,Keauohana Forest Reserve,1070243.89593051,5874.02465904254
96,18001.6739807,88,fr,SOUTH KONA FOREST RES. (OLELOMOANA OPIHIHALI SEC.),DOFAW,Hawaii,3888.37194028,Forest Reserve,https://dlnr.hawaii.gov/forestry/frs/reserves/hawaii-island/,https://dlnr.hawaii.gov/dofaw/files/2013/09/HARChapter13-104.pdf, , , ,South Kona Forest Reserve (‘Ōlelomoana ‘Opihihali Sec.),South Kona Forest Res. (Olelomoana Opihihali Sec.),15735682.95921,18001.6739807287
97,17576.8853003,89,fr,SOUTH KONA FOREST RESERVE (KAPUA-MANUKA SEC.),DOFAW,Hawaii,2695.345342,Forest Reserve,https://dlnr.hawaii.gov/forestry/frs/reserves/hawaii-island/,https://dlnr.hawaii.gov/dofaw/files/2013/09/HARChapter13-104.pdf, , , ,South Kona Forest Reserve (Kapua-Manukā Sec.),South Kona Forest Reserve (Kapua-Manuka Sec.),10907675.607867,17576.8853003357
99,55589.3497893,90,fr,KAPAPALA FOREST RESERVE,DOFAW,Hawaii,37275.4218744,Forest Reserve,https://dlnr.hawaii.gov/forestry/frs/reserves/hawaii-island/kapapala/,https://dlnr.hawaii.gov/dofaw/files/2013/09/HARChapter13-104.pdf, , , ,Kapāpala Forest Reserve,Kapapala Forest Reserve,150848280.410135,55589.3497892607
101,17956.2939054,91,fr,SOUTH KONA FOREST RESERVE (KUKUIOPAE SEC.),DOFAW,Hawaii,2836.60411434,Forest Reserve,https://dlnr.hawaii.gov/forestry/frs/reserves/hawaii-island/,https://dlnr.hawaii.gov/dofaw/files/2013/09/HARChapter13-104.pdf, , , ,South Kona Forest Reserve (Kukuiopa‘e Sec.),South Kona Forest Reserve (Kukuiopae Sec.),11479329.5779397,17956.2939054435
102,31732.5321354,92,nar,KIPAHOEHOE NATURAL AREA RESERVE,DOFAW,Hawaii,5894.21486514,Natural Area Reserve,https://dlnr.hawaii.gov/ecosystems/nars/hawaii-island/kipahoehoe-2/,https://files.hawaii.gov/dlnr/dofaw/rules/Chap208.pdf,https://dlnr.hawaii.gov/dofaw/files/2013/09/HAR-13-209-Activities-within-Natural-Area-Reserves-amended-September-18-2017.pdf,https://files.hawaii.gov/dlnr/dofaw/rules/Chap210.pdf, ,Kīpāhoehoe Natural Area Reserve,Kipahoehoe Natural Area Reserve,23853041.2820043,31732.5321353856
103,27820.8763367,93,tnc,KONA HEMA PRESERVE (NATURE CONSERVANCY),TNC,Hawaii,8107.02518292,The Nature Conservancy Preserve, , , , , ,Kona Hema Preserve,Kona Hema Preserve (Nature Conservancy),32807966.9280462,27820.8763366969
104,51334.2192958,94,nar,PUU O UMI NATURAL AREA RESERVE,DOFAW,Hawaii,10374.4924216,Natural Area Reserve,https://dlnr.hawaii.gov/ecosystems/nars/hawaii-island/puu-o-umi-3/,https://files.hawaii.gov/dlnr/dofaw/rules/Chap208.pdf,https://dlnr.hawaii.gov/dofaw/files/2013/09/HAR-13-209-Activities-within-Natural-Area-Reserves-amended-September-18-2017.pdf,https://files.hawaii.gov/dlnr/dofaw/rules/Chap210.pdf, ,Pu‘u O ‘Umi Natural Area Reserve,Puu O Umi Natural Area Reserve,41984081.2854555,51334.219295825
105,3817.21151732,95,tnc,KAU PRESERVE (NATURE CONSERVANCY),TNC,Hawaii,209.5860542,The Nature Conservancy Preserve, , , , , ,Ka‘ū Preserve,Kau Preserve (Nature Conservancy),848164.669496237,3817.21151732187
106,5018.72918432,96,tnc,KAU PRESERVE (NATURE CONSERVANCY),TNC,Hawaii,202.42924535,The Nature Conservancy Preserve, , , , , ,Ka‘ū Preserve,Kau Preserve (Nature Conservancy),819202.091615854,5018.72918431808
107,14896.5876428,97,tnc,KAU PRESERVE (NATURE CONSERVANCY),TNC,Hawaii,2581.52173036,The Nature Conservancy Preserve, , , , , ,Ka‘ū Preserve,Kau Preserve (Nature Conservancy),10447047.7940607,14896.5876428105
108,13167.192745,98,tnc,KAU PRESERVE (NATURE CONSERVANCY),TNC,Hawaii,567.50316867,The Nature Conservancy Preserve, , , , , ,Ka‘ū Preserve,Kau Preserve (Nature Conservancy),2296603.84286531,13167.1927450217
109,2357.29798516,99,tnc,KAMEHAME PRESERVE (NATURE CONSERVANCY),TNC,Hawaii,31.57701879,The Nature Conservancy Preserve, , , , , ,Kamehame Preserve,Kamehame Preserve (Nature Conservancy),127787.661280212,2357.29798515521
110,3306.1216097,100,fr,HAMAKUA FOREST RESERVE (HANAPAI SEC.),DOFAW,Hawaii,152.81198475,Forest Reserve,https://dlnr.hawaii.gov/forestry/frs/reserves/hawaii-island/,https://dlnr.hawaii.gov/dofaw/files/2013/09/HARChapter13-104.pdf, , , ,Hāmākua Forest Reserve (Hanapai Sec.),Hamakua Forest Reserve (Hanapai Sec.),618408.161890137,3306.12160970277
111,2285.93635842,101,fr,HAUOLA FOREST RESERVE,DOFAW,Hawaii,9.36589058,Forest Reserve,https://dlnr.hawaii.gov/forestry/frs/reserves/hawaii-island/,https://dlnr.hawaii.gov/dofaw/files/2013/09/HARChapter13-104.pdf, , , ,Hauloa Forest Reserve,Hauola Forest Reserve,37902.4144331702,2285.93635842402
112,5846.19565237,102,fr,HAMAKUA FOREST RESERVE (AHUALOA SEC.),DOFAW,Hawaii,316.43774218,Forest Reserve,https://dlnr.hawaii.gov/forestry/frs/reserves/hawaii-island/,https://dlnr.hawaii.gov/dofaw/files/2013/09/HARChapter13-104.pdf, , , ,Hāmākua Forest Reserve (Āhualoa Sec.),Hamakua Forest Reserve (Ahualoa Sec.),1280578.10922599,5846.19565236681
114,1764.90571691,103,fr-sr,HAMAKUA FR (KALOPA SEC.) / KALOPA STATE REC. AREA,DOFAW/DOSP,Hawaii,44.3807961,Forest Reserve/State Recreation Area,http://dlnr.hawaii.gov/forestry/frs/reserves/hawaii-island/,https://dlnr.hawaii.gov/dofaw/files/2013/09/HARChapter13-104.pdf, , , ,Hāmākua Forest Reserve (Kalōpā Sec.) / Kalōpā State Recreaton Area,Hamakua Fr (Kalopa Sec.) / Kalopa State Rec. Area,179602.709741276,1764.90571691114
116,9285.15214859,104,fr,MANOWAIALEE FOREST RESERVE,DOFAW,Hawaii,823.30125578,Forest Reserve,https://dlnr.hawaii.gov/forestry/frs/reserves/hawaii-island/,https://dlnr.hawaii.gov/dofaw/files/2013/09/HARChapter13-104.pdf, , , ,Manowaiale‘e Forest Reserve,Manowaialee Forest Reserve,3331781.97452004,9285.15214859068
117,11831.9344153,105,fr,MANOWAIALEE FOREST RESERVE,DOFAW,Hawaii,784.07027455,Forest Reserve,https://dlnr.hawaii.gov/forestry/frs/reserves/hawaii-island/,https://dlnr.hawaii.gov/dofaw/files/2013/09/HARChapter13-104.pdf, , , ,Manowaiale‘e Forest Reserve,Manowaialee Forest Reserve,3173019.82616178,11831.9344152742
118,21374.8274514,106,fr,HILO FOREST RESERVE (HUMUULA SEC.),DOFAW,Hawaii,3345.54536515,Forest Reserve,https://dlnr.hawaii.gov/forestry/frs/reserves/hawaii-island/hilo/,https://dlnr.hawaii.gov/dofaw/files/2013/09/HARChapter13-104.pdf, , , ,Hilo Forest Reserve (Humu‘ula Sec.),Hilo Forest Reserve (Humuula Sec.),13538941.7473887,21374.8274514378
119,370.05740222,107,sra,HAPUNA BEACH STATE RECREATION AREA (WAIALEA  SEC.),DOSP,Hawaii,1.84538538,State Recreation Area, , , , , ,Hāpuna Beach State Recreation Area (Waialea Sec.),Hapuna Beach State Recreation Area (Waialea  Sec.),7468.00966309832,370.057402223268
120,37040.5252899,108,fr,HILO FOREST RESERVE (PIHA SEC.),DOFAW,Hawaii,4574.06980542,Forest Reserve,https://dlnr.hawaii.gov/forestry/frs/reserves/hawaii-island/hilo/,https://dlnr.hawaii.gov/dofaw/files/2013/09/HARChapter13-104.pdf, , , ,Hilo Forest Reserve (Pīhā Sec.),Hilo Forest Reserve (Piha Sec.),18510603.768562,37040.5252899258
121,8682.17021737,109,fr,HILO FOREST RESERVE (OPEA SEC.),DOFAW,Hawaii,261.79308924,Forest Reserve,https://dlnr.hawaii.gov/forestry/frs/reserves/hawaii-island/hilo/,https://dlnr.hawaii.gov/dofaw/files/2013/09/HARChapter13-104.pdf, , , ,Hilo Forest Reserve (Opea Sec.),Hilo Forest Reserve (Opea Sec.),1059439.04454031,8682.17021736666
122,90458.117298,110,gma,PUU ANAHULU GAME MANAGEMENT AREA,DOFAW,Hawaii,62740.0463024,Game Management Area,https://dlnr.hawaii.gov/recreation/hunting/gma/puu-anahulu/,https://files.hawaii.gov/dlnr/dofaw/rules/Chap121a.pdf,https://dlnr.hawaii.gov/dofaw/files/2013/09/HAR-122-Game-Birds.pdf,https://dlnr.hawaii.gov/dofaw/files/2013/09/HAR-123-Game-Mammals.pdf, ,Pu‘u Anahulu Game Management Area,Puu Anahulu Game Management Area,253899959.320487,90458.1172979749
123,11123.9061683,111,fr,HILO FOREST RESERVE (KAMAEE SEC.),DOFAW,Hawaii,1545.47889001,Forest Reserve,https://dlnr.hawaii.gov/forestry/frs/reserves/hawaii-island/hilo/,https://dlnr.hawaii.gov/dofaw/files/2013/09/HARChapter13-104.pdf, , , ,Hilo Forest Reserve (Kamaee Sec.),Hilo Forest Reserve (Kamaee Sec.),6254331.17171734,11123.9061682912
124,27865.1475879,112,fr,HILO FOREST RESERVE (KAIWIKI SEC.),DOFAW,Hawaii,5157.80315549,Forest Reserve,https://dlnr.hawaii.gov/forestry/frs/reserves/hawaii-island/hilo/,https://dlnr.hawaii.gov/dofaw/files/2013/09/HARChapter13-104.pdf, , , ,Hilo Forest Reserve (Kaiwiki Sec.),Hilo Forest Reserve (Kaiwiki Sec.),20872888.8252667,27865.1475878886
125,2350.08263521,113,fr,HILO FOREST RESERVE (KAUKU SEC.),DOFAW,Hawaii,67.86453915,Forest Reserve,https://dlnr.hawaii.gov/forestry/frs/reserves/hawaii-island/hilo/,https://dlnr.hawaii.gov/dofaw/files/2013/09/HARChapter13-104.pdf, , , ,Hilo Forest Reserve (Kauku Sec.),Hilo Forest Reserve (Kauku Sec.),274638.046102869,2350.08263521023
126,20905.4572185,114,gma,KAOHE GAME MANAGEMENT AREA,DOFAW,Hawaii,6883.393955,Game Management Area,https://dlnr.hawaii.gov/recreation/hunting/gma/kaohe/,https://files.hawaii.gov/dlnr/dofaw/rules/Chap121a.pdf,https://dlnr.hawaii.gov/dofaw/files/2013/09/HAR-122-Game-Birds.pdf,https://dlnr.hawaii.gov/dofaw/files/2013/09/HAR-123-Game-Mammals.pdf, ,Ka‘ohe Game Management Area,Kaohe Game Management Area,27856107.0346818,20905.4572184902
127,3059.63043289,115,nar,MAUNA KEA ICE AGE NATURAL AREA RESERVE,DOFAW,Hawaii,144.53145208,Natural Area Reserve,https://dlnr.hawaii.gov/ecosystems/nars/hawaii-island/mauna-kea-ice-age/,https://files.hawaii.gov/dlnr/dofaw/rules/Chap208.pdf,https://dlnr.hawaii.gov/dofaw/files/2013/09/HAR-13-209-Activities-within-Natural-Area-Reserves-amended-September-18-2017.pdf,https://files.hawaii.gov/dlnr/dofaw/rules/Chap210.pdf, ,Mauna Kea Ice Age Natural Area Reserve,Mauna Kea Ice Age Natural Area Reserve,584898.035070609,3059.6304328919
128,18903.7024246,116,nar,MAUNA KEA ICE AGE NATURAL AREA RESERVE,DOFAW,Hawaii,3788.67582367,Natural Area Reserve,https://dlnr.hawaii.gov/ecosystems/nars/hawaii-island/mauna-kea-ice-age/,https://files.hawaii.gov/dlnr/dofaw/rules/Chap208.pdf,https://dlnr.hawaii.gov/dofaw/files/2013/09/HAR-13-209-Activities-within-Natural-Area-Reserves-amended-September-18-2017.pdf,https://files.hawaii.gov/dlnr/dofaw/rules/Chap210.pdf, ,Mauna Kea Ice Age Natural Area Reserve,Mauna Kea Ice Age Natural Area Reserve,15332227.0894148,18903.7024246185
129,2856.48860364,117,fr,MAUNA KEA FR / WAILUKU SILVERSWORD SANCTUARY,DOFAW,Hawaii,122.29908602,Forest Reserve,https://dlnr.hawaii.gov/forestry/frs/reserves/hawaii-island/,https://dlnr.hawaii.gov/dofaw/files/2013/09/HARChapter13-104.pdf, , , ,Mauna Kea Forest Reserve / Wailuku Siliversword Sanctuary,Mauna Kea Fr / Wailuku Silversword Sanctuary,494926.841723413,2856.48860364055
131,72264.5200149,118,fr,HILO FOREST RESERVE (WATERSHED RESERVE SEC.),DOFAW,Hawaii,41971.5674819,Forest Reserve,https://dlnr.hawaii.gov/forestry/frs/reserves/hawaii-island/hilo/,https://dlnr.hawaii.gov/dofaw/files/2013/09/HARChapter13-104.pdf,https://files.hawaii.gov/dlnr/dofaw/rules/Chap105.pdf, , ,Hilo Forest Reserve (Watershed Reserve Section),Hilo Forest Reserve (Watershed Reserve Sec.),169852907.422358,72264.5200148948
132,20221.0147285,119,ws,PUU WAAWAA FOREST BIRD SANCTUARY,DOFAW,Hawaii,3827.71316043,Wildlife Sanctuary,https://dlnr.hawaii.gov/wildlife/sanctuaries/puuwaawaa/,https://files.hawaii.gov/dlnr/dofaw/rules/Chap125a.pdf,https://files.hawaii.gov/dlnr/dofaw/rules/Chap126.pdf, , ,Pu‘u Wa‘awa‘a Forest Bird Sanctuary,Puu Waawaa Forest Bird Sanctuary,15490205.5864098,20221.0147284743
134,23009.8172162,120,fr,HILO FOREST RESERVE (KUKUAU SEC.),DOFAW,Hawaii,1760.08856501,Forest Reserve,https://dlnr.hawaii.gov/forestry/frs/reserves/hawaii-island/hilo/,https://dlnr.hawaii.gov/dofaw/files/2013/09/HARChapter13-104.pdf, , , ,Hilo Forest Reserve (Kukuau Sec.),Hilo Forest Reserve (Kukuau Sec.),7122825.71331773,23009.8172161583
136,85209.1798353,121,fr,UPPER WAIAKEA FOREST RESERVE,DOFAW,Hawaii,52894.6380345,Forest Reserve,https://dlnr.hawaii.gov/forestry/frs/reserves/hawaii-island/upper-waiakea/,https://dlnr.hawaii.gov/dofaw/files/2013/09/HARChapter13-104.pdf, , , ,Upper Waiākea Forest Reserve,Upper Waiakea Forest Reserve,214057005.640632,85209.1798353022
137,34863.941837,122,fr,HONUAULA FOREST RESERVE,DOFAW,Hawaii,7254.78220262,Forest Reserve,https://dlnr.hawaii.gov/forestry/frs/reserves/hawaii-island/,https://dlnr.hawaii.gov/dofaw/files/2013/09/HARChapter13-104.pdf, , , ,Honua‘ula Forest Reserve,Honuaula Forest Reserve,29359061.9497795,34863.9418370357
138,48182.9285654,123,fr,WAIAKEA FOREST RESERVE,DOFAW,Hawaii,11060.6051876,Forest Reserve,https://dlnr.hawaii.gov/forestry/frs/reserves/hawaii-island/,https://dlnr.hawaii.gov/dofaw/files/2013/09/HARChapter13-104.pdf, , , ,Waiākea Forest Reserve,Waiakea Forest Reserve,44760681.1389995,48182.9285654371
139,1806.72981213,124,xs,UPPER WAIAKEA BOG SANCTUARY,DOFAW,Hawaii,50.31786649,Various Other Sanctuary, , , , , ,Upper Waiākea Bog Sanctuary,Upper Waiakea Forest Reserve,203629.181158655,1806.72981212899
140,6466.36947795,125,nar,WAIAKEA 1942 LAVA FLOW NATURAL AREA RESERVE,DOFAW,Hawaii,645.95381948,Natural Area Reserve,https://dlnr.hawaii.gov/ecosystems/nars/hawaii-island/waiakea-1942-lava-flow-2/,https://files.hawaii.gov/dlnr/dofaw/rules/Chap208.pdf,https://dlnr.hawaii.gov/dofaw/files/2013/09/HAR-13-209-Activities-within-Natural-Area-Reserves-amended-September-18-2017.pdf,https://files.hawaii.gov/dlnr/dofaw/rules/Chap210.pdf, ,Waiākea 1942 Lava Flow Natural Area Reserve,Waiakea 1942 Lava Flow Natural Area Reserve,2614082.36293731,6466.36947794964
141,2797.61460035,126,fr,WAIAHA SPRINGS FOREST RESERVE,DOFAW,Hawaii,89.28954952,Forest Reserve,https://dlnr.hawaii.gov/forestry/frs/reserves/hawaii-island/,https://dlnr.hawaii.gov/dofaw/files/2013/09/HARChapter13-104.pdf, , , ,Wai‘aha Springs Forest Reserve,Waiaha Springs Forest Reserve,361341.986916331,2797.61460034621
142,5896.93157826,127,fr,WAIAHA SPRINGS FOREST RESERVE,DOFAW,Hawaii,360.90717195,Forest Reserve,https://dlnr.hawaii.gov/forestry/frs/reserves/hawaii-island/,https://dlnr.hawaii.gov/dofaw/files/2013/09/HARChapter13-104.pdf, , , ,Wai‘aha Springs Forest Reserve,Waiaha Springs Forest Reserve,1460539.50670036,5896.93157825756
143,316.73169705,128,sxp,HULIHEE PALACE,DOSP,Hawaii,1.08188882,State Park - Other, , , , , ,Hulihe‘e Palace,Hulihee Palace,4378.24871016938,316.731697052315
145,1247.22317406,129,shp,KEOLONAHIHI STATE HISTORICAL PARK,DOSP,Hawaii,13.88643676,State Historical Park, , , , , ,Keolonāhihi State Historical Park,Keolonahihi State Historical Park,56196.4157889084,1247.22317406137
146,86433.2079015,130,nar,PUU MAKAALA NATURAL AREA RESERVE,DOFAW,Hawaii,18687.3362379,Natural Area Reserve,https://dlnr.hawaii.gov/ecosystems/nars/hawaii-island/puu-makaala-2/,https://files.hawaii.gov/dlnr/dofaw/rules/Chap208.pdf,https://dlnr.hawaii.gov/dofaw/files/2013/09/HAR-13-209-Activities-within-Natural-Area-Reserves-amended-September-18-2017.pdf,https://files.hawaii.gov/dlnr/dofaw/rules/Chap210.pdf, ,Pu‘u Maka‘ala Natural Area Reserve,Puu Makaala Natural Area Reserve,75624966.6720342,86433.2079014546
147,13203.5915085,131,fr,NANAWALE FOREST RESERVE,DOFAW,Hawaii,1211.25991136,Forest Reserve,https://dlnr.hawaii.gov/forestry/frs/reserves/hawaii-island/,https://dlnr.hawaii.gov/dofaw/files/2013/09/HARChapter13-104.pdf, , , ,Nānāwale Forest Reserve,Nanawale Forest Reserve,4901794.95146428,13203.5915085242
148,13764.190462,132,fr,MAKUA KEAAU FOREST RESERVE,DOFAW,Oahu,1429.17750645,Forest Reserve,https://dlnr.hawaii.gov/forestry/frs/reserves/oahu/,https://dlnr.hawaii.gov/dofaw/files/2013/09/HARChapter13-104.pdf, , , ,Mākua Kea‘au Forest Reserve,Makua Keaau Forest Reserve,5783676.17072988,13764.1904620428
149,13387.9025164,133,fr,NANAWALE FOREST RESERVE (HALEPUAA SEC.),DOFAW,Hawaii,701.06099326,Forest Reserve,https://dlnr.hawaii.gov/forestry/frs/reserves/hawaii-island/,https://dlnr.hawaii.gov/dofaw/files/2013/09/HARChapter13-104.pdf, , , ,Nānāwale Forest Reserve (Halepua‘a Sec.),Nanawale Forest Reserve (Halepuaa Sec.),2837093.18306469,13387.9025163888
150,27552.410712,134,np,HAWAII VOLCANOES NATIONAL PARK,USNPS,Hawaii,9706.17855944,National Park, , , , , ,Hawai‘i Volcanoes National Park,Hawaii Volcanoes National Park,39279511.0402496,27552.4107120392
151,13054.1067686,135,fr,NANAWALE FOREST RESERVE,DOFAW,Hawaii,643.86775061,Forest Reserve,https://dlnr.hawaii.gov/forestry/frs/reserves/hawaii-island/,https://dlnr.hawaii.gov/dofaw/files/2013/09/HARChapter13-104.pdf, , , ,Nānāwale Forest Reserve,Nanawale Forest Reserve,2605640.34171726,13054.1067685762
152,1098.52871007,136,sm,LAVA TREE STATE MONUMENT,DOSP,Hawaii,17.60623196,State Monument, , , , , ,Lava Tree State Monument,Lava Tree State Monument,71249.8928776698,1098.52871007377
154,117.86585708,137,ws,MOKU HALA SEABIRD SANCTUARY,(DOFAW),Maui,0.21933238,Wildlife Sanctuary,https://dlnr.hawaii.gov/wildlife/sanctuaries/mauioffshoreislets/#moku_hala,https://files.hawaii.gov/dlnr/dofaw/rules/Chap125a.pdf,https://files.hawaii.gov/dlnr/dofaw/rules/Chap126.pdf, , ,Moku Hala Seabird Sanctuary,Moku Hala Seabird Sanctuary,887.60666244831,117.865857080838
155,444.60844388,138,ws,KEOPUKA ISLET SEABIRD SANCTUARY,(DOFAW),Maui,2.00071287,Wildlife Sanctuary,https://dlnr.hawaii.gov/wildlife/sanctuaries/mauioffshoreislets/#keopuka,https://files.hawaii.gov/dlnr/dofaw/rules/Chap125a.pdf,https://files.hawaii.gov/dlnr/dofaw/rules/Chap126.pdf, , ,Keōpuka Islet Seabird Sanctuary,Keopuka Islet Seabird Sanctuary,8096.59774412321,444.608443876122
156,382.33727299,139,ws,PAPANUI O KANE ISLET SEABIRD SANCTUARY,(DOFAW),Maui,2.23588219,Wildlife Sanctuary,https://dlnr.hawaii.gov/wildlife/sanctuaries/mauioffshoreislets/#papanui_o_kane,https://files.hawaii.gov/dlnr/dofaw/rules/Chap125a.pdf,https://files.hawaii.gov/dlnr/dofaw/rules/Chap126.pdf, , ,Papanui O Kāne Islet Seabird Sanctuary,Papanui O Kane Islet Seabird Sanctuary,9048.29420716116,382.337272991494
157,294.74641552,140,ws,HULU ISLET SEABIRD SANCTUARY,Private,Maui,1.25049702,Wildlife Sanctuary, , , , , ,Hulu Islet Seabird Sanctuary,Hulu Islet Seabird Sanctuary,5060.58190864011,294.746415523081
158,974.05402268,141,ws,MOKEEHIA ISLET SEABIRD SANCTUARY,(DOFAW),Maui,6.7578642,Wildlife Sanctuary,https://dlnr.hawaii.gov/wildlife/sanctuaries/mauioffshoreislets/#mokeehia,https://files.hawaii.gov/dlnr/dofaw/rules/Chap125a.pdf,https://files.hawaii.gov/dlnr/dofaw/rules/Chap126.pdf, , ,Mōke‘ehia Islet Seabird Sanctuary,Mokeehia Islet Seabird Sanctuary,27348.1061263934,974.054022681167
159,710.60210493,142,ws,ALAU ISLAND SEABIRD SANCTUARY,(DOFAW),Maui,4.69139048,Wildlife Sanctuary,https://dlnr.hawaii.gov/wildlife/sanctuaries/mauioffshoreislets/#alau,https://files.hawaii.gov/dlnr/dofaw/rules/Chap125a.pdf,https://files.hawaii.gov/dlnr/dofaw/rules/Chap126.pdf, , ,‘Ālau Island Seabird Sanctuary,Alau Island Seabird Sanctuary,18985.3837125182,710.602104931527
160,360.70435068,143,ws,PUUKU ISLET SEABIRD SANCTUARY,DOFAW,Maui,1.29172705,Wildlife Sanctuary,https://dlnr.hawaii.gov/wildlife/sanctuaries/mauioffshoreislets/#puu_ku,https://files.hawaii.gov/dlnr/dofaw/rules/Chap125a.pdf,https://files.hawaii.gov/dlnr/dofaw/rules/Chap126.pdf, , ,Pu‘u Kū Islet Seabird Sanctuary,Puuku Islet Seabird Sanctuary,5227.43391823564,360.70435067827
161,1977.24780298,144,ws,MOLOKINI ISLET SEABIRD SANCTUARY,DOFAW,Maui,19.72704432,Wildlife Sanctuary,https://dlnr.hawaii.gov/wildlife/sanctuaries/mauioffshoreislets/#molokini,https://files.hawaii.gov/dlnr/dofaw/rules/Chap125a.pdf,https://files.hawaii.gov/dlnr/dofaw/rules/Chap126.pdf, , ,Molokini Islet Seabird Sanctuary,Molokini Islet Seabird Sanctuary,79832.5160068181,1977.24780297903
163,480.06722842,145,ws,NANAHOA ISLETS SEABIRD SANCTUARY,(DOFAW),Lanai,1.25844081,Wildlife Sanctuary,https://dlnr.hawaii.gov/wildlife/sanctuaries/lana%CA%BBi-offshore-islets-seabird-sanctuaries/#nanahoa_islets,https://files.hawaii.gov/dlnr/dofaw/rules/Chap125a.pdf,https://files.hawaii.gov/dlnr/dofaw/rules/Chap126.pdf, , ,Nānāhoa Islets Seabird Sanctuary,Nanahoa Islets Seabird Sanctuary,5092.72926775087,480.067228422797
164,77.73660026,146,ws,MOKU NAIO SEABIRD SANCTUARY,(DOFAW),Lanai,0.09851861,Wildlife Sanctuary,https://dlnr.hawaii.gov/wildlife/sanctuaries/lana%CA%BBi-offshore-islets-seabird-sanctuaries/#moku_naio_islet,https://files.hawaii.gov/dlnr/dofaw/rules/Chap125a.pdf,https://files.hawaii.gov/dlnr/dofaw/rules/Chap126.pdf, , ,Moku Naio Seabird Sanctuary,Moku Naio Seabird Sanctuary,398.690675570308,77.7366002590927
165,467.01231934,147,ws,POOPOO ISLET SEABIRD SANCTUARY,(DOFAW),Lanai,2.35514694,Wildlife Sanctuary,https://dlnr.hawaii.gov/wildlife/sanctuaries/lana%CA%BBi-offshore-islets-seabird-sanctuaries/#poopoo_islet,https://files.hawaii.gov/dlnr/dofaw/rules/Chap125a.pdf,https://files.hawaii.gov/dlnr/dofaw/rules/Chap126.pdf, , ,Po‘opo‘o Islet Seabird Sanctuary,Poopoo Islet Seabird Sanctuary,9530.94150017159,467.012319339526
166,297.51850704,148,ws,PUUPEHE ISLET SEABIRD SANCTUARY,(DOFAW),Lanai,1.18127958,Wildlife Sanctuary,https://dlnr.hawaii.gov/wildlife/sanctuaries/lana%CA%BBi-offshore-islets-seabird-sanctuaries/#puu_pehe,https://files.hawaii.gov/dlnr/dofaw/rules/Chap125a.pdf,https://files.hawaii.gov/dlnr/dofaw/rules/Chap126.pdf, , ,Pu‘u Pehe Islet Seabird Sanctuary,Puupehe Islet Seabird Sanctuary,4780.46885936205,297.51850704357
167,271.8433222,149,ws,KEAOI  ISLET SEABIRD SANCTUARY,(DOFAW),Hawaii,1.00939008,Wildlife Sanctuary,https://dlnr.hawaii.gov/wildlife/sanctuaries/hawaiioffshoreislets/#keaoi,https://files.hawaii.gov/dlnr/dofaw/rules/Chap125a.pdf,https://files.hawaii.gov/dlnr/dofaw/rules/Chap126.pdf, , ,Keaoi Islet Seabird Sanctuary,Keaoi  Islet Seabird Sanctuary,4084.85673646306,271.843322195661
168,41423.6870426,150,oha,WAO KELE O PUNA,OHA/DOFAW,Hawaii,25780.2837095,Office of Hawaiian Affairs,https://www.oha.org/waokeleopuna/,https://dlnr.hawaii.gov/dofaw/files/2013/09/HARChapter13-104.pdf, , , ,Wao Kele o Puna,Wao Kele O Puna,104329106.700949,41423.6870426287
169,12359.8132798,151,nar,NAKULA NATURAL AREA RESERVE,DOFAW,Maui,1517.55497198,Natural Area Reserve,https://dlnr.hawaii.gov/ecosystems/nars/maui/nakula-2/,https://files.hawaii.gov/dlnr/dofaw/rules/Chap208.pdf,https://dlnr.hawaii.gov/dofaw/files/2013/09/HAR-13-209-Activities-within-Natural-Area-Reserves-amended-September-18-2017.pdf,https://files.hawaii.gov/dlnr/dofaw/rules/Chap210.pdf, ,Nākula Natural Area Reserve,Nakula Natural Area Reserve,6141327.08471871,12359.8132798314
170,8478.41763881,152,fr,WAIHOU SPRING FOREST RESERVE,DOFAW,Maui,189.82768314,Forest Reserve,https://dlnr.hawaii.gov/forestry/frs/reserves/maui-nui/waihou-spring/,https://dlnr.hawaii.gov/dofaw/files/2013/09/HARChapter13-104.pdf, , , ,Waihou Spring Forest Reserve,Waihou Spring Forest Reserve,768205.378676053,8478.41763881305
171,16235.9104044,153,fr,MAKAWAO FOREST RESERVE,DOFAW,Maui,2076.09516963,Forest Reserve,https://dlnr.hawaii.gov/forestry/frs/reserves/maui-nui/,https://dlnr.hawaii.gov/dofaw/files/2013/09/HARChapter13-104.pdf, , , ,Makawao Forest Reserve,Makawao Forest Reserve,8401659.07071124,16235.9104043652
172,3196.39920708,154,nhp,KALAUPAPA NATIONAL HISTORICAL PARK,USNPS,Molokai,103.82280467,National Historical Park, , , , , ,Kalaupapa National Historical Park,Kalaupapa National Historical Park,420155.983854648,3196.39920707947
174,16192.4607448,155,fr,SOUTH KONA FOREST RESERVE (KAOHE SEC.),DOFAW,Hawaii,1531.7334154,Forest Reserve,https://dlnr.hawaii.gov/forestry/frs/reserves/hawaii-island/,https://dlnr.hawaii.gov/dofaw/files/2013/09/HARChapter13-104.pdf, , , ,South Kona Forest Reserve (Ka‘ohe Sec.),South Kona Forest Reserve (Kaohe Sec.),6198705.20952929,16192.4607447973
175,858.13009563,156,ws,KAPAPA ISLAND SEABIRD SANCTUARY,DOFAW,Oahu,9.02144309,Wildlife Sanctuary,https://dlnr.hawaii.gov/wildlife/sanctuaries/oahuoffshoreislets/#kapapa,https://files.hawaii.gov/dlnr/dofaw/rules/Chap125a.pdf,https://files.hawaii.gov/dlnr/dofaw/rules/Chap126.pdf, , ,Kapāpala Island seabird Sanctuary,Kapapa Island Seabird Sanctuary,36508.4848923326,858.130095633541
176,7458.32843735,157,nar,KALUANUI NATURAL AREA RESERVE,DOFAW,Oahu,376.78289054,Natural Area Reserve,https://dlnr.hawaii.gov/ecosystems/nars/oahu/kaluanui/,https://files.hawaii.gov/dlnr/dofaw/rules/Chap208.pdf,https://dlnr.hawaii.gov/dofaw/files/2013/09/HAR-13-209-Activities-within-Natural-Area-Reserves-amended-September-18-2017.pdf,https://files.hawaii.gov/dlnr/dofaw/rules/Chap210.pdf, ,Kaluanui Natural Area Reserve,Kaluanui Natural Area Reserve,1524786.26043779,7458.32843735054
177,29268.9277822,158,tnc,WAIKAMOI PRESERVE EMI  (NATURE CONSERVANCY),TNC,Maui,3519.78759416,The Nature Conservancy Preserve, , , , , ,Waikamoi Preserve EMI,Waikamoi Preserve Emi  (Nature Conservancy),14244075.0309125,29268.9277821999
178,33037.2951055,159,tnc,PUU KUKUI WATERSHED PRESERVE (ML&P),Maui Land and Pineapple Co.,Maui,7287.74146112,The Nature Conservancy Preserve, , , , , ,Pu‘u Kukui Watershed Preserve,Puu Kukui Watershed Preserve (MLP),29492443.3367113,33037.2951054765
179,16534.2267189,160,fr,HILO FOREST RESERVE (KUKUAU SEC.),DOFAW,Hawaii,1338.31917646,Forest Reserve,https://dlnr.hawaii.gov/forestry/frs/reserves/hawaii-island/hilo/,https://dlnr.hawaii.gov/dofaw/files/2013/09/HARChapter13-104.pdf, , , ,Hilo Forest Reserve (Kukuau Sec.),Hilo Forest Reserve (Kukuau Sec.),5415985.55448251,16534.2267188931
180,24873.0693455,161,nar,LAUPAHOEHOE NATURAL AREA RESERVE,DOFAW,Hawaii,7977.89607572,Natural Area Reserve,https://dlnr.hawaii.gov/ecosystems/nars/hawaii-island/laupahoehoe-2/,https://files.hawaii.gov/dlnr/dofaw/rules/Chap208.pdf,https://dlnr.hawaii.gov/dofaw/files/2013/09/HAR-13-209-Activities-within-Natural-Area-Reserves-amended-September-18-2017.pdf,https://files.hawaii.gov/dlnr/dofaw/rules/Chap210.pdf, ,Laupāhoehoe Natural Area Reserve,Laupahoehoe Natural Area Reserve,32285399.9712797,24873.0693455099
181,27087.8307999,162,fr,HILO FOREST RESERVE (LAUPAHOEHOE SEC.),DOFAW,Hawaii,4446.16753308,Forest Reserve,https://dlnr.hawaii.gov/forestry/frs/reserves/hawaii-island/hilo/,https://dlnr.hawaii.gov/dofaw/files/2013/09/HARChapter13-104.pdf, , , ,Hilo Forest Reserve (Laupahoehoe Sec.),Hilo Forest Reserve (Laupahoehoe Sec.),17993001.6363275,27087.8307999151
182,20137.3718435,163,fr,KEALIA FOREST RESERVE,DOFAW,Kauai,2403.11228086,Forest Reserve,https://dlnr.hawaii.gov/forestry/frs/reserves/kauai/kealia-moloaa/,https://dlnr.hawaii.gov/dofaw/files/2013/09/HARChapter13-104.pdf, , , ,Keālia Forest Reserve,Kealia Forest Reserve,9725050.36754172,20137.3718434877
183,28701.9321087,164,fr,KEALIA FOREST RESERVE,DOFAW,Kauai,4348.04511545,Forest Reserve,https://dlnr.hawaii.gov/forestry/frs/reserves/kauai/kealia-moloaa/,https://dlnr.hawaii.gov/dofaw/files/2013/09/HARChapter13-104.pdf, , , ,Keālia Forest Reserve,Kealia Forest Reserve,17595914.3003476,28701.9321086898
184,3977.38466139,165,fr-ml,PMRF MAKAHA RIDGE / PUU KA PELE FOREST RESERVE,DOFAW/US Military,Kauai,205.60419919,Forest Reserve/Military Facility,https://dlnr.hawaii.gov/forestry/frs/reserves/kauai/puu-ka-pele/, , , , ,PMRF Makaha Ridge / Pu‘u Ka Pele Forest Reserve,PMRF Makaha Ridge / Puu Ka Pele Forest Reserve,832050.673956639,3977.38466138502
185,35621.6758369,166,fr,LIHUE-KOLOA FOREST RESERVE,DOFAW,Kauai,10845.3380714,Forest Reserve,https://dlnr.hawaii.gov/forestry/frs/reserves/kauai/lihue-koloa/,https://dlnr.hawaii.gov/dofaw/files/2013/09/HARChapter13-104.pdf, , , ,Līhu‘e-Kōloa Forest Reserve,Lihue-Koloa Forest Reserve,43889526.0272388,35621.6758369247
187,2647.11478171,167,fr,LIHUE-KOLOA FOREST RESERVE,DOFAW,Kauai,75.54563887,Forest Reserve,https://dlnr.hawaii.gov/forestry/frs/reserves/kauai/lihue-koloa/,https://dlnr.hawaii.gov/dofaw/files/2013/09/HARChapter13-104.pdf, , , ,Līhu‘e-Kōloa Forest Reserve,Lihue-Koloa Forest Reserve,305722.35385669,2647.11478171255
188,26232.3561098,168,fr,MOLOAA FOREST RESERVE,DOFAW,Kauai,3746.62603218,Forest Reserve,https://dlnr.hawaii.gov/forestry/frs/reserves/kauai/kealia-moloaa/,https://dlnr.hawaii.gov/dofaw/files/2013/09/HARChapter13-104.pdf, , , ,Moloa‘a Forest Reserve,Moloaa Forest Reserve,15162057.6206445,26232.3561097525
189,46090.1373903,169,fr,HALELEA FOREST RESERVE,DOFAW,Kauai,14994.3657907,Forest Reserve,https://dlnr.hawaii.gov/forestry/frs/reserves/kauai/halelea/,https://dlnr.hawaii.gov/dofaw/files/2013/09/HARChapter13-104.pdf, , , ,Halele‘a Forest Reserve,Halelea Forest Reserve,60680045.4999293,46090.1373902505
190,9967.65648349,170,fr,KALEPA MOUNTAIN FOREST RESERVE,DOFAW,Kauai,672.86766083,Forest Reserve,https://dlnr.hawaii.gov/forestry/frs/reserves/kauai/nounou-and-kalepa-forest-reserves/,https://dlnr.hawaii.gov/dofaw/files/2013/09/HARChapter13-104.pdf, , , ,Kālepa Mountain Forest Reserve,Kalepa Mountain Forest Reserve,2722998.81465682,9967.6564834865
191,6195.11609319,171,ws,LEHUA ISLAND SEABIRD SANCTUARY,DOFAW,Kauai,271.66160388,Wildlife Sanctuary,https://dlnr.hawaii.gov/wildlife/lehua/,https://files.hawaii.gov/dlnr/dofaw/rules/Chap125a.pdf,https://files.hawaii.gov/dlnr/dofaw/rules/Chap126.pdf, , ,Lehua Island Seabird Sanctuary,Lehua Island Seabird Sanctuary,1099375.50636273,6195.11609319234
192,3866.23017537,172,ws,KAULA ISLAND SEABIRD SANCTUARY,DOFAW,Kauai,127.12393957,Wildlife Sanctuary,https://dlnr.hawaii.gov/wildlife/sanctuaries/kaua%CA%BBi-offshore-islets-seabird-sanctuaries/#kaula,https://files.hawaii.gov/dlnr/dofaw/rules/Chap125a.pdf,https://files.hawaii.gov/dlnr/dofaw/rules/Chap126.pdf, , ,Ka‘ula Island Seabird Sanctuary,Kaula Island Seabird Sanctuary,514452.33126801,3866.2301753709
193,2054.56629082,173,tnc,KANAELE PRESERVE (NATURE CONSERVANCY),TNC,Kauai,65.48412286,The Nature Conservancy Preserve,"https://www.nature.org/en-us/get-involved/how-to-help/places-we-protect/?s=Hawaii&fa=opentothepublic,limitedaccess,closedtothepublic", , , , ,Kanaele Preserve,Kanaele Preserve (Nature Conservancy),265004.843152174,2054.56629081918
195,1307.73824755,174,hp,HANAPEPE SALT PONDS HISTORIC PRESERVE,Historic Preservation Division,Kauai,12.96749274,Historic Preserve, , , , , ,Hanapēpē Salt Ponds Historic Preserve,Hanapepe Salt Ponds Historic Preserve,52477.5812625498,1307.73824755339
196,16311.0669251,175,gma,WAILUA GAME MANAGEMENT AREA,DOFAW,Kauai,1695.51868964,Game Management Area,https://dlnr.hawaii.gov/recreation/hunting/gma/wailua/,https://files.hawaii.gov/dlnr/dofaw/rules/Chap121a.pdf,https://dlnr.hawaii.gov/dofaw/files/2013/09/HAR-122-Game-Birds.pdf, , ,Wailua Game Management Area,Wailua Game Management Area,6861520.69848299,16311.0669250628
197,695.06874256,176,ws,MOKUAEAE ROCK ISLET SEABIRD SANCTUARY,(DOFAW),Kauai,4.31893858,Wildlife Sanctuary,https://dlnr.hawaii.gov/wildlife/sanctuaries/kaua%CA%BBi-offshore-islets-seabird-sanctuaries/#mokuaeae,https://files.hawaii.gov/dlnr/dofaw/rules/Chap125a.pdf,https://files.hawaii.gov/dlnr/dofaw/rules/Chap126.pdf, , ,Moku‘ae‘ae Rock Islet Seabird Sanctuary,Mokuaeae Rock Islet Seabird Sanctuary,17478.1243200001,695.068742560651
202,29974.2220598,177,tnc,WAINIHA PRESERVE (NATURE CONSERVANCY),TNC,Kauai,7045.56521062,The Nature Conservancy Preserve,"https://www.nature.org/en-us/get-involved/how-to-help/places-we-protect/?s=Hawaii&fa=opentothepublic,limitedaccess,closedtothepublic", , , , ,Wainiha Preserve,Wainiha Preserve (Nature Conservancy),28512390.8220455,29974.222059765
203,23020.9359546,178,nar,HONO O NA PALI NATURAL AREA RESERVE,DOFAW,Kauai,3569.87291658,Natural Area Reserve,https://dlnr.hawaii.gov/ecosystems/nars/kauai-2/hono-o-na-pali-2/,https://files.hawaii.gov/dlnr/dofaw/rules/Chap208.pdf,https://dlnr.hawaii.gov/dofaw/files/2013/09/HAR-13-209-Activities-within-Natural-Area-Reserves-amended-September-18-2017.pdf,https://files.hawaii.gov/dlnr/dofaw/rules/Chap210.pdf, ,Hono o Nā Pali Natural Area Reserve,Hono O Na Pali Natural Area Reserve,14446763.1396205,23020.9359545543
204,51400.3187586,179,swp,NA PALI COAST STATE WILDERNESS PARK,DOSP,Kauai,4883.48160462,State Wilderness Park, , , , , ,Nā Pali Coast State Wilderness Park,Na Pali Coast State Wilderness Park,19762748.8953129,51400.3187586159
205,10731.9442335,180,swp,NA PALI COAST STATE WILDERNESS PARK,DOSP,Kauai,1148.66957087,State Wilderness Park, , , , , ,Nā Pali Coast State Wilderness Park,Na Pali Coast State Wilderness Park,4648500.83009044,10731.9442335476
206,5317.78388958,181,sp,HAENA STATE PARK,DOSP,Kauai,183.63368668,State Park, , , , , ,Hā‘ena State Park,Haena State Park,743139.1643103,5317.78388957685
208,2295.81129471,182,sp,HAENA STATE PARK,DOSP,Kauai,51.88081599,State Park, , , , , ,Hā‘ena State Park,Haena State Park,209954.213399034,2295.81129471388
209,12218.5556287,183,nar,KUIA NATURAL AREA RESERVE,DOFAW,Kauai,1605.6920367,Natural Area Reserve,https://dlnr.hawaii.gov/ecosystems/nars/kauai-2/kuia-2/,https://files.hawaii.gov/dlnr/dofaw/rules/Chap208.pdf,https://dlnr.hawaii.gov/dofaw/files/2013/09/HAR-13-209-Activities-within-Natural-Area-Reserves-amended-September-18-2017.pdf,https://files.hawaii.gov/dlnr/dofaw/rules/Chap210.pdf, ,Ku‘ia Natural Area Reserve,Kuia Natural Area Reserve,6498005.13110614,12218.5556286967
210,27592.7800346,184,sp,KOKEE STATE PARK,DOSP,Kauai,4358.86963882,State Park, , , , , ,Kōke‘e State Park,Kokee State Park,17639719.5922584,27592.7800345616
211,51275.3882394,185,sp,WAIMEA CANYON STATE PARK,DOSP,Kauai,1807.22561225,State Park, , , , , ,Waimea Canyon State park,Waimea Canyon State Park,7313582.57565972,51275.3882393873
212,38989.8057326,186,gma,KEKAHA GAME MANAGEMENT AREA,DOFAW,Kauai,12976.8155955,Game Management Area,https://dlnr.hawaii.gov/recreation/hunting/gma/kehaha/,https://files.hawaii.gov/dlnr/dofaw/rules/Chap121a.pdf,https://dlnr.hawaii.gov/dofaw/files/2013/09/HAR-122-Game-Birds.pdf,https://dlnr.hawaii.gov/dofaw/files/2013/09/HAR-123-Game-Mammals.pdf, ,Kekaha Game Management Area,Kekaha Game Management Area,52515309.5348079,38989.8057326243
222,28875.0005511,187,nwr,HAKALAU FOREST NATIONAL WILDLIFE REFUGE,USFWS,Hawaii,7149.48681663,National Wildlife Refuge, , , , , ,Hakalau Forest National Wildlife Refuge,Hakalau Forest National Wildlife Refuge,28932946.6407629,28875.0005510907
223,47430.8446445,188,nwr,HAKALAU FOREST NATIONAL WILDLIFE REFUGE,USFWS,Hawaii,25333.5019473,National Wildlife Refuge, , , , , ,Hakalau Forest National Wildlife Refuge,Hakalau Forest National Wildlife Refuge,102521045.057378,47430.8446445114
225,1069.14640339,189,np,HALEAKALA NATIONAL PARK,USNPS,Maui,17.26592665,National Park, , , , , ,Haleakalā National Park,Haleakala National Park,69872.7261346061,1069.14640338698
226,871.0673159,190,np,HALEAKALA NATIONAL PARK,USNPS,Maui,6.48802323,National Park, , , , , ,Haleakalā National Park,Haleakala National Park,26256.0984754085,871.067315902637
227,452.57730019,191,np,HALEAKALA NATIONAL PARK,USNPS,Maui,0.98547121,National Park, , , , , ,Haleakalā National Park,Haleakala National Park,3988.06048222223,452.577300193266
229,12960.4155042,192,nar,KANAIO NATURAL AREA RESERVE,DOFAW,Maui,1518.90042152,Natural Area Reserve,https://dlnr.hawaii.gov/ecosystems/nars/maui/kanaio-2/,https://files.hawaii.gov/dlnr/dofaw/rules/Chap208.pdf,https://dlnr.hawaii.gov/dofaw/files/2013/09/HAR-13-209-Activities-within-Natural-Area-Reserves-amended-September-18-2017.pdf,https://files.hawaii.gov/dlnr/dofaw/rules/Chap210.pdf, ,Kanaio Natural Area Resserve,Kanaio Natural Area Reserve,6146771.92581566,12960.4155041681
230,310.79380666,193,tnc,KAPUNAKEA PRESERVE (NATURE CONSERVANCY),TNC,Maui,0.49737395,The Nature Conservancy Preserve, , , , , ,Kapunakea Preserve,Kapunakea Preserve (Nature Conservancy),2012.80098241289,310.793806664284
231,12882.3421906,194,tnc,KIPUKA PUNAHOA (NATURE CONSERVANCY),TNC,Hawaii,934.8930426,The Nature Conservancy Preserve, , , , , ,Kipuka Punahoa,Kipuka Punahoa (Nature Conservancy),3783377.91370462,12882.3421906239
232,1575.425125,195,tnc,KONA HEMA PRESERVE (NATURE CONSERVANCY),TNC,Hawaii,35.48031419,The Nature Conservancy Preserve, , , , , ,Kona Hema Preserve,Kona Hema Preserve (Nature Conservancy),143583.737365249,1575.4251249957
234,11581.952095,196,gma,KAHUA/PONOHOLO RANCH SPECIAL PERMIT AREA CO-OP GMA,DOFAW/Private,Hawaii,1647.38835047,Game Management Area,https://dlnr.hawaii.gov/recreation/hunting/gma/kahua-ponoholo-ranch/,https://files.hawaii.gov/dlnr/dofaw/rules/Chap121a.pdf,https://dlnr.hawaii.gov/dofaw/files/2013/09/HAR-122-Game-Birds.pdf, , ,Kahuā / Ponoholo Ranch Special Permit Area Co-op Game Management Area,Kahua/Ponoholo Ranch Special Permit Area Co-Op Gma,6666744.12627715,11581.9520950126
235,6366.38002911,197,fr,HAMAKUA FOREST RESERVE (KEAA SEC.),DOFAW,Hawaii,340.94493002,Forest Reserve,https://dlnr.hawaii.gov/forestry/frs/reserves/hawaii-island/,https://dlnr.hawaii.gov/dofaw/files/2013/09/HARChapter13-104.pdf, , , ,Hāmākua Forest Reserve (Kea‘ā Sec.),Hamakua Forest Reserve (Keaa Sec.),1379755.17974512,6366.38002911007
236,6365.95106665,198,fr,HAMAKUA FOREST RESERVE (HONOKAIA SEC.),DOFAW,Hawaii,257.13049237,Forest Reserve,https://dlnr.hawaii.gov/forestry/frs/reserves/hawaii-island/,https://dlnr.hawaii.gov/dofaw/files/2013/09/HARChapter13-104.pdf, , , ,Hāmākua Forest Reserve (Honokaia Sec.),Hamakua Forest Reserve (Honokaia Sec.),1040570.1844327,6365.95106665047
237,6603.13919164,199,fr,HAMAKUA FOREST RESERVE (KALOPA SEC.),DOFAW,Hawaii,481.6850404,Forest Reserve,https://dlnr.hawaii.gov/forestry/frs/reserves/hawaii-island/,https://dlnr.hawaii.gov/dofaw/files/2013/09/HARChapter13-104.pdf, , , ,Hāmākua Forest Reserve (Kalōpā Sec.),Hamakua Forest Reserve (Kalopa Sec.),1949310.19932588,6603.13919163969
238,2463.18153146,200,fr-gm,HAMAKUA FOREST RESERVE (KALOPA SEC.) / KALOPA GMA,DOFAW,Hawaii,77.18836385,Forest Reserve/Game Management Area,http://dlnr.hawaii.gov/forestry/frs/reserves/hawaii-island/,https://dlnr.hawaii.gov/dofaw/files/2013/09/HARChapter13-104.pdf,https://files.hawaii.gov/dlnr/dofaw/rules/Chap210.pdf,https://dlnr.hawaii.gov/dofaw/files/2013/09/HAR-122-Game-Birds.pdf,http://dlnr.hawaii.gov/dofaw/files/2013/09/HAR-123-Game-Mammals.pdf,Hāmākua Forest Reserve (Kalōpā Sec.) / Kalōpā Game Management Area,Hamakua Forest Reserve (Kalopa Sec.) / Kalopa GMA,312370.22597405,2463.18153145548
239,10294.1802344,201,fr,HONUAULA FOREST RESERVE,DOFAW,Hawaii,1252.97117092,Forest Reserve,https://dlnr.hawaii.gov/forestry/frs/reserves/hawaii-island/,https://dlnr.hawaii.gov/dofaw/files/2013/09/HARChapter13-104.pdf, , , ,Honua‘ula Forest Reserve,Honuaula Forest Reserve,5070594.43013595,10294.1802343698
240,1009.08606265,202,xxx,MAUI MOTOCROSS TRACK,MMA/DOFAW,Maui,12.07033421,Other Units Managed by DOFAW, , , , , ,Maui Motocross Track,Maui Motocross Track,48846.9095248051,1009.08606264969
241,23781.2381693,203,fr,HONOULIULI FOREST RESERVE,DOFAW,Oahu,3565.3226429,Forest Reserve,https://dlnr.hawaii.gov/forestry/frs/reserves/oahu/,https://dlnr.hawaii.gov/dofaw/files/2013/09/HARChapter13-104.pdf, , , ,Honouliuli Forest Reserve,Honouliuli Forest Reserve,14428348.835354,23781.2381692728
242,21010.5087461,204,fr,LUALUALEI FOREST RESERVE,DOFAW,Oahu,787.22656341,Forest Reserve,https://dlnr.hawaii.gov/forestry/frs/reserves/oahu/,https://dlnr.hawaii.gov/dofaw/files/2013/09/HARChapter13-104.pdf, , , ,Lualualei Forest Reserve,Lualualei Forest Reserve,3185792.87403017,21010.5087460601
243,155722.881336,205,fr,MAUNA KEA FOREST RESERVE,DOFAW,Hawaii,67385.2428471,Forest Reserve,https://dlnr.hawaii.gov/recreation/hunting/gma/maunakea/,https://dlnr.hawaii.gov/dofaw/files/2013/09/HARChapter13-104.pdf, , , ,Mauna Kea Forest Reserve,Mauna Kea Fr / Wailuku Silversword Sanctuary,272698402.790957,155722.881335713
244,52447.9407626,206,fr-ml,POHAKULOA TRAINING AREA RESERVATION / MAUNA KEA FR,DOFAW/US Army,Hawaii,7046.79448304,Forest Reserve/Military Facility, , , , , ,Pōhakuloa Training Area Reservation / Mauna Kea Forest Reserve,Pohakuloa Training Area Reservation / Mauna Kea Fr,28517365.511012,52447.9407626491
245,54972.1724436,207,nar,MANUKA NATURAL AREA RESERVE,DOFAW,Hawaii,25713.6298394,Natural Area Reserve,https://dlnr.hawaii.gov/ecosystems/nars/hawaii-island/manuka-2/,https://files.hawaii.gov/dlnr/dofaw/rules/Chap208.pdf,https://dlnr.hawaii.gov/dofaw/files/2013/09/HAR-13-209-Activities-within-Natural-Area-Reserves-amended-September-18-2017.pdf,https://files.hawaii.gov/dlnr/dofaw/rules/Chap210.pdf, ,Manukā Natural Area Reserve,Manuka Natural Area Reserve,104059368.058857,54972.1724436066
246,46451.5941006,208,nar,KAHAUALEA NATURAL AREA RESERVE,DOFAW,Hawaii,16913.6153336,Natural Area Reserve,https://dlnr.hawaii.gov/ecosystems/nars/hawaii-island/kahaualea-2/,https://files.hawaii.gov/dlnr/dofaw/rules/Chap208.pdf,https://dlnr.hawaii.gov/dofaw/files/2013/09/HAR-13-209-Activities-within-Natural-Area-Reserves-amended-September-18-2017.pdf,https://files.hawaii.gov/dlnr/dofaw/rules/Chap210.pdf, ,Kahauale‘a Natural Area Reserve,Kahaualea Natural Area Reserve,68446972.8387357,46451.5941005827
247,12550.197891,209,fr,HAMAKUA FOREST RESERVE (PAAUILO SEC.),DOFAW,Hawaii,1057.88706423,Forest Reserve,https://dlnr.hawaii.gov/forestry/frs/reserves/hawaii-island/,https://dlnr.hawaii.gov/dofaw/files/2013/09/HARChapter13-104.pdf, , , ,Hāmākua Forest Reserve (Pa‘auilo Sec.),Hamakua Forest Reserve (Paauilo Sec.),4281117.06007221,12550.1978910483
248,3315.91343356,210,fr,HAMAKUA FOREST RESERVE (KAINEHE SEC.),DOFAW,Hawaii,46.86269521,Forest Reserve,https://dlnr.hawaii.gov/forestry/frs/reserves/hawaii-island/,https://dlnr.hawaii.gov/dofaw/files/2013/09/HARChapter13-104.pdf, , , ,Hāmākua Forest Reserve (Kainehe Sec.),Hamakua Forest Reserve (Kainehe Sec.),189646.599096665,3315.91343356045
249,6279.76937354,211,fr,HAMAKUA FOREST RESERVE (HOEA KAAO SEC.),DOFAW,Hawaii,553.23964712,Forest Reserve,https://dlnr.hawaii.gov/forestry/frs/reserves/hawaii-island/,https://dlnr.hawaii.gov/dofaw/files/2013/09/HARChapter13-104.pdf, , , ,Hāmākua Forest Reserve (Hoea-Kaao Sec.),Hamakua Forest Reserve (Hoea Kaao Sec.),2238881.41905471,6279.76937353566
250,5240.10315249,212,fr,KULIOUOU FOREST RESERVE,DOFAW,Oahu,215.00958039,Forest Reserve,https://dlnr.hawaii.gov/forestry/frs/reserves/oahu/,https://dlnr.hawaii.gov/dofaw/files/2013/09/HARChapter13-104.pdf, , , ,Kuli‘ou‘ou Forest Reserve,Kuliouou Forest Reserve,870112.901284429,5240.10315249027
251,1536.67807364,213,fr-sr,GILBERT KAHELE RECREATION AREA,DOSP,Hawaii,32.40186808,Forest Reserve/State Recreation Area, , , , , ,Gilbert Kahele Recreation Area,Gilbert Kahele Recreation Area,131125.707951553,1536.67807364087
252,28772.6113352,214,xxx,KEAUHOU II (HUALALAI) COOPERATIVE NENE SANCTUARY,DOFAW,Hawaii,13163.8424161,Other Units Managed by DOFAW,https://dlnr.hawaii.gov/wildlife/sanctuaries/#hawaii, , , , ,Keauhou II (Hualalai) Cooperative Nene Sanctuary,Keauhou Ii (Hualalai) Cooperative Nene Sanctuary,53272180.2248542,28772.6113352022
253,19576.5434108,215,xxx,KEAUHOU COOPERATIVE NENE SANCTUARY,DOFAW,Hawaii,3908.65433064,Other Units Managed by DOFAW,https://dlnr.hawaii.gov/wildlife/sanctuaries/#hawaii, , , , ,Keauhou Cooperative Nene Sanctuary,Keauhou Cooperative Nene Sanctuary,15817762.8808834,19576.5434108481
255,65424.0409354,216,fr,MOLOKAI FOREST RESERVE,DOFAW,Molokai,6311.17798882,Forest Reserve,https://dlnr.hawaii.gov/forestry/frs/reserves/maui-nui/molokai/,https://dlnr.hawaii.gov/dofaw/files/2013/09/HARChapter13-104.pdf, , , ,Moloka‘i Forest Reserve,Molokai Forest Reserve,25540431.176972,65424.0409354197
256,6049.42807887,217,fr,MOLOKAI FOREST RESERVE,DOFAW,Molokai,109.4405906,Forest Reserve,https://dlnr.hawaii.gov/forestry/frs/reserves/maui-nui/molokai/,https://dlnr.hawaii.gov/dofaw/files/2013/09/HARChapter13-104.pdf, , , ,Moloka‘i Forest Reserve,Molokai Forest Reserve,442890.356925013,6049.42807887303
268,8203.27063323,218,fr,MOLOKAI FOREST RESERVE,DOFAW,Molokai,396.24641167,Forest Reserve,https://dlnr.hawaii.gov/forestry/frs/reserves/maui-nui/molokai/,https://dlnr.hawaii.gov/dofaw/files/2013/09/HARChapter13-104.pdf, , , ,Moloka‘i Forest Reserve,Molokai Forest Reserve,1603552.33591146,8203.27063322846
269,11715.8158103,219,fr,MOLOKAI FOREST RESERVE,DOFAW,Molokai,1563.55270197,Forest Reserve,https://dlnr.hawaii.gov/forestry/frs/reserves/maui-nui/molokai/,https://dlnr.hawaii.gov/dofaw/files/2013/09/HARChapter13-104.pdf, , , ,Moloka‘i Forest Reserve,Molokai Forest Reserve,6327473.29371492,11715.8158102612
270,7566.68001397,220,fr,MOLOKAI FOREST RESERVE,DOFAW,Molokai,171.71179456,Forest Reserve,https://dlnr.hawaii.gov/forestry/frs/reserves/maui-nui/molokai/,https://dlnr.hawaii.gov/dofaw/files/2013/09/HARChapter13-104.pdf, , , ,Moloka‘i Forest Reserve,Molokai Forest Reserve,694892.978634598,7566.6800139725
271,14540.0178516,221,fr,MOLOKAI FOREST RESERVE,DOFAW,Molokai,1626.51354879,Forest Reserve,https://dlnr.hawaii.gov/forestry/frs/reserves/maui-nui/molokai/,https://dlnr.hawaii.gov/dofaw/files/2013/09/HARChapter13-104.pdf, , , ,Moloka‘i Forest Reserve,Molokai Forest Reserve,6582266.80104251,14540.017851597
272,17952.5668574,222,fr-np,MOLOKAI FOREST RESERVE,DOFAW/USNPS,Molokai,1416.34989967,Forest Reserve / National Historical Park,https://dlnr.hawaii.gov/forestry/frs/reserves/maui-nui/molokai/,https://dlnr.hawaii.gov/dofaw/files/2013/09/HARChapter13-104.pdf, , , ,Kalaupapa National Historical Park / Moloka‘i Forest Reserve,Molokai Forest Reserve,5731764.68783962,17952.5668573937
273,13708.2122833,223,fr,KIPAHULU FOREST RESERVE,DOFAW,Maui,2176.61703333,Forest Reserve,https://dlnr.hawaii.gov/forestry/frs/reserves/maui-nui/,https://dlnr.hawaii.gov/dofaw/files/2013/09/HARChapter13-104.pdf, , , ,Kīpahulu Forest Reserve (manawainui Section),Kipahulu Forest Reserve,8808456.62044309,13708.212283313
274,1601.35111847,224,fr,KIPAHULU FOREST RESERVE,DOFAW,Maui,27.14397668,Forest Reserve,https://dlnr.hawaii.gov/forestry/frs/reserves/maui-nui/,https://dlnr.hawaii.gov/dofaw/files/2013/09/HARChapter13-104.pdf, , , ,Kīpahulu Forest Reserve (Kukuhula Section),Kipahulu Forest Reserve,109847.776343757,1601.35111847192
275,1163.29144827,225,fr,KIPAHULU FOREST RESERVE,DOFAW,Maui,3.1947968,Forest Reserve,https://dlnr.hawaii.gov/forestry/frs/reserves/maui-nui/,https://dlnr.hawaii.gov/dofaw/files/2013/09/HARChapter13-104.pdf, , , ,Kīpahulu Forest Reserve (Kukuhula Section),Kipahulu Forest Reserve,12928.8839303449,1163.29144826581
276,7120.37871736,226,fr,KIPAHULU FOREST RESERVE,DOFAW,Maui,89.33686862,Forest Reserve,https://dlnr.hawaii.gov/forestry/frs/reserves/maui-nui/,https://dlnr.hawaii.gov/dofaw/files/2013/09/HARChapter13-104.pdf, , , ,Kīpahulu Forest Reserve (Kukuhula Section),Kipahulu Forest Reserve,361533.480513219,7120.37871735868
277,499.5220316,227,fr,KOHALA FOREST RESERVE,DOFAW,Hawaii,1.43645485,Forest Reserve,https://dlnr.hawaii.gov/forestry/frs/reserves/hawaii-island/,https://dlnr.hawaii.gov/dofaw/files/2013/09/HARChapter13-104.pdf, , , ,Kohala Forest Reserve,Kohala Forest Reserve,5813.12653900983,499.522031601043
278,687.7549948,228,fr,KOHALA FOREST RESERVE,DOFAW,Hawaii,3.74255131,Forest Reserve,https://dlnr.hawaii.gov/forestry/frs/reserves/hawaii-island/,https://dlnr.hawaii.gov/dofaw/files/2013/09/HARChapter13-104.pdf, , , ,Kohala Forest Reserve,Kohala Forest Reserve,15145.5677906886,687.754994799243
279,35497.4390052,229,fr,KOHALA WATERSHED FOREST RESERVE,DOFAW,Hawaii,4806.67198819,Forest Reserve,https://dlnr.hawaii.gov/forestry/frs/reserves/hawaii-island/,https://dlnr.hawaii.gov/dofaw/files/2013/09/HARChapter13-104.pdf,https://files.hawaii.gov/dlnr/dofaw/rules/Chap105.pdf, , ,Kohala Watershed Forest Reserve,Kohala Watershed Forest Reserve,19451911.4057704,35497.4390051842
280,27210.064836,230,fr,KOHALA FOREST RESERVE (WAIMANU SEC.),DOFAW,Hawaii,4109.20495259,Forest Reserve,https://dlnr.hawaii.gov/forestry/frs/reserves/hawaii-island/,https://dlnr.hawaii.gov/dofaw/files/2013/09/HARChapter13-104.pdf, , , ,Kohala Forest Reserve (Waimanu Sec.),Kohala Forest Reserve (Waimanu Sec.),16629362.4533477,27210.0648359509
281,35028.383573,231,fr,KOHALA FOREST RESERVE,DOFAW,Hawaii,8223.88612316,Forest Reserve,https://dlnr.hawaii.gov/forestry/frs/reserves/hawaii-island/,https://dlnr.hawaii.gov/dofaw/files/2013/09/HARChapter13-104.pdf, , , ,Kohala Forest Reserve,Kohala Forest Reserve,33280886.3745994,35028.383573001
282,15173.4768879,232,gma,KAONOULU RANCH COOPERATIVE GAME MANAGEMENT AREA,DOFAW,Maui,975.54825972,Game Management Area,https://dlnr.hawaii.gov/recreation/hunting/gma/kaonoulu-ranch/,https://dlnr.hawaii.gov/dofaw/files/2013/09/HAR-122-Game-Birds.pdf,https://dlnr.hawaii.gov/dofaw/files/2013/09/HAR-123-Game-Mammals.pdf, , ,Ka‘ono‘ulu Ranch Cooperative Game Management Area,Kaonoulu Ranch Cooperative Game Management Area,3947903.74021261,15173.4768878682
283,3152.42035246,233,fr,WAIAHOLE FOREST RESERVE,DOFAW,Oahu,71.70191613,Forest Reserve,https://dlnr.hawaii.gov/forestry/frs/reserves/oahu/,https://dlnr.hawaii.gov/dofaw/files/2013/09/HARChapter13-104.pdf, , , ,Waiāhole Forest Reserve,Waiahole Forest Reserve,290167.359770835,3152.42035246321
284,1551.43830111,234,fr,KANEOHE FOREST RESERVE,DOFAW,Oahu,19.64384567,Forest Reserve,https://dlnr.hawaii.gov/forestry/frs/reserves/oahu/,https://dlnr.hawaii.gov/dofaw/files/2013/09/HARChapter13-104.pdf, , , ,Kāne‘ohe Forest Reserve,Kaneohe Forest Reserve,79495.8230036007,1551.43830110975
285,1801.21717163,235,ws,SAND ISLAND WILDLIFE SANCTUARY,DOFAW,Kure,4.18153185,Wildlife Sanctuary,https://dlnr.hawaii.gov/wildlife/sanctuaries/,https://files.hawaii.gov/dlnr/dofaw/rules/Chap125a.pdf,https://files.hawaii.gov/dlnr/dofaw/rules/Chap126.pdf, , ,Sand Island Wildlife Sanctuary,Sand Island Wildlife Sanctuary,16922.0590398538,1801.21717162824
286,5767.65524594,236,ws,GREEN ISLAND WILDLIFE SANCTUARY,DOFAW,Kure,235.94125007,Wildlife Sanctuary,https://dlnr.hawaii.gov/wildlife/sanctuaries/,https://files.hawaii.gov/dlnr/dofaw/rules/Chap125a.pdf,https://files.hawaii.gov/dlnr/dofaw/rules/Chap126.pdf, , ,Green Island Wildlife Sanctuary,Green Island Wildlife Sanctuary,954820.363137049,5767.65524594191
287,6691.9488742,237,xxx,KAHUKU MOTOCROSS PARK,US Army/DOFAW,Oahu,449.74731121,Other Units Managed by DOFAW, , , , , ,Kahuku Motocross Park,Kahuku Motocross Park,1820062.79481989,6691.94887420224
288,10630.7558737,238,ws,KAWAINUI MARSH WILDLIFE SANCTUARY,DOFAW,Oahu,796.57774773,Wildlife Sanctuary,https://dlnr.hawaii.gov/wildlife/sanctuaries/kawainui/,https://files.hawaii.gov/dlnr/dofaw/rules/Chap125a.pdf,https://files.hawaii.gov/dlnr/dofaw/rules/Chap126.pdf, , ,Kawainui Marsh Wildlife Sanctuary,Kawainui Marsh Wildlife Sanctuary,3223635.77433678,10630.7558737204
289,3216.90627717,239,shp,ULUPO HEIAU STATE HISTORICAL PARK,DOSP,Oahu,28.67074263,State Historical Park, , , , , ,Ulupō Heiau State Historical Park,Ulupo Heiau State Historical Park,116026.378963534,3216.90627716942
290,741.69704549,240,ws,KANAHA POND WILDLIFE SANCTUARY (MAUONI SECTION),DOFAW,Maui,7.80751242,Wildlife Sanctuary,https://dlnr.hawaii.gov/wildlife/sanctuaries/kanaha/,https://files.hawaii.gov/dlnr/dofaw/rules/Chap125a.pdf,https://files.hawaii.gov/dlnr/dofaw/rules/Chap126.pdf, , ,Kanahā Pond Wildlife Sanctuary (Mauoni Section),Kanaha Pond Wildlife Sanctuary (Mauoni Section),31595.8817631674,741.697045494306
291,5715.64402703,241,fr,MANA PLAINS FOREST RESERVE,DOFAW,Kauai,139.15276002,Forest Reserve,https://dlnr.hawaii.gov/forestry/frs/reserves/kauai/mana-plains/,https://dlnr.hawaii.gov/dofaw/files/2013/09/HARChapter13-104.pdf, , , ,Mānā Plains Forest Reserve,Mana Plains Forest Reserve,563131.240597335,5715.64402702744
292,16231.8860576,242,fr,EWA FOREST RESERVE (KALAUAO SEC),DOFAW,Oahu,645.96281236,Forest Reserve,https://dlnr.hawaii.gov/forestry/frs/reserves/oahu/,https://dlnr.hawaii.gov/dofaw/files/2013/09/HARChapter13-104.pdf, , , ,‘Ewa Forest Reserve (Kalauao Sec.),Ewa Forest Reserve (Kalauao Sec),2614118.75583462,16231.8860575573
293,2636.2000102,243,ws,POUHALA MARSH WILDLIFE SANCTUARY,DOFAW,Oahu,72.20697865,Wildlife Sanctuary,https://dlnr.hawaii.gov/wildlife/sanctuaries/pouhala/,https://files.hawaii.gov/dlnr/dofaw/rules/Chap125a.pdf,https://files.hawaii.gov/dlnr/dofaw/rules/Chap126.pdf, , ,Pouhala Marsh Wildlife Sanctuary,Pouhala Marsh Wildlife Sanctuary,292211.275271494,2636.20001019559
295,39923.6892694,244,fr,NA PALI-KONA FOREST RESERVE,DOFAW,Kauai,4132.07466403,Forest Reserve,https://dlnr.hawaii.gov/forestry/frs/reserves/kauai/na-pali-kona/,https://dlnr.hawaii.gov/dofaw/files/2013/09/HARChapter13-104.pdf, , , ,Nā Pali-Kona Forest Reserve,Na Pali-Kona Forest Reserve,16721912.8919697,39923.6892693621
296,34510.512304,245,fr-p,NA PALI-KONA FR/ALAKAI WILDERNESS PRESERVE,DOFAW,Kauai,9939.7404421,Forest Reserve/Preserve,http://dlnr.hawaii.gov/forestry/frs/reserves/kauai/na-pali-kona/,https://dlnr.hawaii.gov/dofaw/files/2013/09/HARChapter13-104.pdf,https://files.hawaii.gov/dlnr/dofaw/rules/Chap3.pdf, , ,Nā Pali-Kona Forest Reserve / Alaka‘i Wilderness Preserve,Na Pali-Kona Fr/Alakai Wilderness Preserve,40224702.4451167,34510.5123039504
297,59265.341947,246,fr,PUU KA PELE FOREST RESERVE,DOFAW,Kauai,13972.8895139,Forest Reserve,https://dlnr.hawaii.gov/forestry/frs/reserves/kauai/puu-ka-pele/,https://dlnr.hawaii.gov/dofaw/files/2013/09/HARChapter13-104.pdf, , , ,Pu‘u Ka Pele Forest Reserve,Puu Ka Pele Forest Reserve,56546277.6687703,59265.3419469502
298,42081.9802802,247,fr,PUU KA PELE FOREST RESERVE,DOFAW,Kauai,9405.93209309,Forest Reserve,https://dlnr.hawaii.gov/forestry/frs/reserves/kauai/puu-ka-pele/,https://dlnr.hawaii.gov/dofaw/files/2013/09/HARChapter13-104.pdf, , , ,Pu‘u Ka Pele Forest Reserve,Puu Ka Pele Forest Reserve,38064456.6995644,42081.9802802448
299,9334.34525864,248,fr,NOUNOU FOREST RESERVE,DOFAW,Kauai,722.59732284,Forest Reserve,https://dlnr.hawaii.gov/forestry/frs/reserves/kauai/nounou-and-kalepa-forest-reserves/,https://dlnr.hawaii.gov/dofaw/files/2013/09/HARChapter13-104.pdf, , , ,Nounou Forest Reserve,Nounou Forest Reserve,2924247.61674887,9334.34525863542
300,2613.73399222,249,fr,WAIAHOLE FOREST RESERVE,DOFAW,Oahu,67.16325284,Forest Reserve,https://dlnr.hawaii.gov/forestry/frs/reserves/oahu/,https://dlnr.hawaii.gov/dofaw/files/2013/09/HARChapter13-104.pdf, , , ,Waiāhole Forest Reserve,Waiahole Forest Reserve,271800.041110487,2613.73399221857
301,4293.04853538,250,fr,WAIAHOLE FOREST RESERVE (IOLEKAA SEC),DOFAW,Oahu,199.94460229,Forest Reserve,https://dlnr.hawaii.gov/forestry/frs/reserves/oahu/,https://dlnr.hawaii.gov/dofaw/files/2013/09/HARChapter13-104.pdf,https://files.hawaii.gov/dlnr/dofaw/rules/Chap105.pdf, , ,Waiāhole Forest Reserve (‘Ioleka‘a Sec.),Waiahole Forest Reserve (Iolekaa Sec),809147.097882424,4293.04853538049
302,12005.729849,251,fr,WAIAHOLE FOREST RESERVE (WAIAHOLE SEC),DOFAW,Oahu,1236.77724246,Forest Reserve,https://dlnr.hawaii.gov/forestry/frs/reserves/oahu/,https://dlnr.hawaii.gov/dofaw/files/2013/09/HARChapter13-104.pdf, , , ,Waiāhole Forest Reserve (Waiāhole Sec.),Waiahole Forest Reserve (Waiahole Sec),5005059.92671503,12005.7298490125
303,11748.3875413,252,fr,NANAKULI FOREST RESERVE,DOFAW,Oahu,600.37071338,Forest Reserve,https://dlnr.hawaii.gov/forestry/frs/reserves/oahu/,https://dlnr.hawaii.gov/dofaw/files/2013/09/HARChapter13-104.pdf, , , ,Nānākuli Forest Reserve,Nanakuli Forest Reserve,2429614.07726071,11748.3875412723
304,19964.1755828,253,fr,MOKULEIA FOREST RESERVE,DOFAW,Oahu,2813.27620572,Forest Reserve,https://dlnr.hawaii.gov/forestry/frs/reserves/oahu/,https://dlnr.hawaii.gov/dofaw/files/2013/09/HARChapter13-104.pdf, , , ,Mokulē‘ia Forest Reserve,Mokuleia Forest Reserve,11384924.8811044,19964.175582814
305,14033.6476708,254,fr,KAHIKINUI FOREST RESERVE,DOFAW,Maui,713.59315512,Forest Reserve,https://kahikinui-forest-reserve-histategis.hub.arcgis.com/,https://dlnr.hawaii.gov/dofaw/files/2013/09/HARChapter13-104.pdf, , , ,Kahikinui Forest Reserve (Papa‘anui Tract),Kahikinui Forest Reserve,2887809.04279515,14033.6476707574
306,36101.5780356,255,fr,KULA FOREST RESERVE,DOFAW,Maui,3425.8060448,Forest Reserve,https://dlnr.hawaii.gov/forestry/frs/reserves/maui-nui/kula-forest-reserve/,https://dlnr.hawaii.gov/dofaw/files/2013/09/HARChapter13-104.pdf, , , ,Kula Forest Reserve,Kula Forest Reserve,13863745.1942955,36101.578035646
307,11729.5075621,256,fr,KULA FOREST RESERVE,DOFAW,Maui,1500.895759,Forest Reserve,https://dlnr.hawaii.gov/forestry/frs/reserves/maui-nui/kula-forest-reserve/,https://dlnr.hawaii.gov/dofaw/files/2013/09/HARChapter13-104.pdf, , , ,Kula Forest Reserve,Kula Forest Reserve,6073909.64164415,11729.5075620642
308,90396.7160043,257,gma,LANAI COOPERATIVE GAME MANAGEMENT AREA,DOFAW,Lanai,34162.5814433,Game Management Area,https://dlnr.hawaii.gov/recreation/hunting/gma/lanai/,https://files.hawaii.gov/dlnr/dofaw/rules/Chap125a.pdf,https://dlnr.hawaii.gov/dofaw/files/2013/09/HAR-122-Game-Birds.pdf,https://dlnr.hawaii.gov/dofaw/files/2013/09/HAR-123-Game-Mammals.pdf, ,Lāna‘i Cooperative Game Management Area,Lanai Cooperative Game Management Area,138251062.119455,90396.7160043232
317,1008.3925495,258,tnc,KIHOLO PRESERVE (NATURE CONSERVANCY),TNC,Hawaii,6.7717926,The Nature Conservancy Preserve, , , , , ,Kīholo Preserve,Kiholo Preserve (Nature Conservancy),27404.4723544683,1008.39254949667
318,6852.59707361,259,nhs,HONOULIULI NATIONAL HISTORIC SITE,USNPS,Oahu,155.08598338,National Historic Site, , , , , ,Honouliuli National Historic Site,Honouliuli National Historic Site,627610.707861329,6852.59707361217
320,7736.81131326,260,fr,ROUND TOP FOREST RESERVE,DOFAW,Oahu,98.68220713,Forest Reserve,https://dlnr.hawaii.gov/forestry/frs/reserves/oahu/,https://dlnr.hawaii.gov/dofaw/files/2013/09/HARChapter13-104.pdf, , , ,Round Top Forest Reserve,Round Top Forest Reserve,399352.723710948,7736.81131326433
321,139512.431635,261,fr,HONOLULU WATERSHED FOREST RESERVE,DOFAW,Oahu,10503.2868876,Forest Reserve,https://dlnr.hawaii.gov/forestry/frs/reserves/oahu/,https://dlnr.hawaii.gov/dofaw/files/2013/09/HARChapter13-104.pdf,https://files.hawaii.gov/dlnr/dofaw/rules/Chap105.pdf, , ,Honolulu Watershed Forest Reserve,Honolulu Watershed Forest Reserve,42505293.9973245,139512.431634995
323,4340.32752141,262,fr-sm,WAIMANALO FR / MT OLOMANA STATE MONUMENT,DOFAW,Oahu,209.3697527,Forest Reserve/State Monument,https://dlnr.hawaii.gov/forestry/frs/reserves/oahu/,https://dlnr.hawaii.gov/dofaw/files/2013/09/HARChapter13-104.pdf, , , ,Waimānalo Forest Reserve / Mt Olomana State Monument,Waimanalo Fr / Mt Olomana State Monument,847289.328366787,4340.32752140657
324,37303.7586588,263,fr,NA PALI-KONA FOREST RESERVE,DOFAW,Kauai,8953.33292801,Forest Reserve,https://dlnr.hawaii.gov/forestry/frs/reserves/kauai/na-pali-kona/,https://dlnr.hawaii.gov/dofaw/files/2013/09/HARChapter13-104.pdf, , , ,Nā Pali-Kona Forest Reserve,Na Pali-Kona Forest Reserve,36232852.8615851,37303.7586587913
325,490.63631713,264,spr,KIHOLO STATE PARK RESERVE,DOSP,Hawaii,2.98949645,State Park Reserve, , , , , ,Kīholo State Park Reserve,Kiholo State Park Reserve,12098.0628888483,490.63631713238
326,329.35717889,265,srp,WAIMEA STATE RECREATION PIER,DOSP,Kauai,1.2283571,State Recreation Pier, , , , , ,Waimea State Recreation Pier,Waimea State Recreation Pier,4970.98483518873,329.357178892018
327,1209.20689937,266,shs,PAULAULA STATE HISTORIC SITE,DOSP,Kauai,19.22189392,State Historic Site, , , , , ,Pā‘ula‘ula State Historic Site,Paulaula State Historic Site,77788.2448759944,1209.20689937308
328,858.83811502,267,srp,AHUKINI STATE RECREATION PIER,DOSP,Kauai,2.77903323,State Recreation Pier, , , , , ,Ahukini State Recreation Pier,Ahukini State Recreation Pier,11246.3484630584,858.838115018886
329,36039.9535191,268,sp,WAILUA RIVER STATE PARK,DOSP,Kauai,1122.63498412,State Park, , , , , ,Wailua River State Park,Wailua River State Park,4543142.59550385,36039.9535191376
330,7669.64053837,269,sss,KAIWI SCENIC SHORELINE,DOSP,Oahu,363.95750529,State Scenic Shoreline, , , , , ,Kaiwi Scenic Shoreline,Kaiwi Scenic Shoreline,1472883.76778016,7669.64053837351
331,2967.84145407,270,sxp,HANAUMA BAY STATE UNDERWATER PARK,DOSP,Oahu,96.39763157,State Park - Other, , , , , ,Hanauma Bay State Underwater Park,Hanauma Bay State Underwater Park,390107.374441207,2967.84145406855
333,2788.13805607,271,sp,PUU UALAKAA STATE WAYSIDE,DOSP,Oahu,82.15743251,State Park, , , , , ,Pu‘u ‘Ualaka‘a State Wayside,Puu Ualakaa State Wayside,332479.333390917,2788.13805607451
335,799.95369435,272,sp-p,QUEEN EMMA SUMMER PALACE,Daughters of Hawaii/DOSP,Oahu,8.2382195,State Park - Other, , , , , ,Queen Emma Summer Palace,Queen Emma Summer Palace,33338.8915001429,799.953694351169
336,6540.39730217,273,sra,SAND ISLAND STATE RECREATION AREA,DOSP,Oahu,133.42672779,State Recreation Area, , , , , ,Sand Island State Recreation Area,Sand Island State Recreation Area,539958.810265511,6540.39730216625
338,734.47777076,274,sw,NUUANU PALI STATE WAYSIDE,DOSP,Oahu,3.96787193,State Wayside, , , , , ,Nu‘uanu Pali State Wayside,Nuuanu Pali State Wayside,16057.4080232252,734.477770756402
339,6772.04685249,275,sra,KEAIWA HEIAU STATE RECREATION AREA,DOSP,Oahu,384.9030139,State Recreation Area, , , , , ,Keaīwa Heiau State Recreation Area,Keaiwa Heiau State Recreation Area,1557647.23380557,6772.04685249488
340,2046.60137276,276,sp,HEEIA STATE PARK,DOSP,Oahu,17.55066947,State Park, , , , , ,He‘eia State Park,Heeia State Park,71025.039478197,2046.60137275913
341,28191.0643879,277,sp,AHUPUAA O KAHANA STATE PARK,DOSP,Oahu,5218.46571125,State Park, , , , , ,Ahupua‘a ‘Ō Kahana State Park,Ahupuaa O Kahana State Park,21118381.4786328,28191.064387909
343,496.5252477,278,sw,LAIE POINT STATE WAYSIDE,DOSP,Oahu,1.41604914,State Wayside, , , , , ,Lā‘ie Point State Wayside,Laie Point State Wayside,5730.54756413457,496.525247698362
345,5434.37556006,279,sp,PALAAU STATE PARK,DOSP,Molokai,232.04765942,State Park, , , , , ,Pālā‘au State Park,Palaau State Park,939063.560843885,5434.37556005668
346,917.90905289,280,sm,IAO VALLEY STATE MONUMENT,DOSP,Maui,6.15368875,State Monument, , , , , ,‘Īao Valley State Monument,Iao Valley State Monument,24903.0948212584,917.909052886199
347,1221.95324087,281,shs,HALEKII-PIHANA HEIAU STATE HISTORIC SITE,DOSP,Maui,9.70788242,State Historic Site, , , , , ,Haleki‘i-Pihana Heiau State Historic Site,Halekii-Pihana Heiau State Historic Site,39286.4063102981,1221.95324087107
348,4161.0328349,282,sp,MAKENA STATE PARK,DOSP,Maui,170.62132237,State Park, , , , , ,Mākena State Park,Makena State Park,690479.994220939,4161.03283490398
349,947.95411578,283,sra,POLIPOLI SPRING STATE RECREATION AREA,DOSP,Maui,7.97243083,State Recreation Area, , , , , ,Polipoli Spring State Recreation Area,Polipoli Spring State Recreation Area,32263.2828871303,947.954115775662
350,746.73039236,284,sw,KAUMAHINA STATE WAYSIDE,DOSP,Maui,7.1228181,State Wayside, , , , , ,Kaumanahina State Wayside,Kaumahina State Wayside,28825.0221684442,746.73039235529
351,470.94097919,285,sw,WAILUA VALLEY STATE WAYSIDE,DOSP,Maui,1.25418297,State Wayside, , , , , ,Wailua Valley State Wayside,Wailua Valley State Wayside,5075.49842288437,470.940979187058
352,575.96621093,286,sw,PUAA KAA STATE WAYSIDE,DOSP,Maui,2.13587087,State Wayside, , , , , ,Pua‘a Ka‘a State Wayside,Puaa Kaa State Wayside,8643.56275165894,575.966210926842
353,6083.96528212,287,sp,WAIANAPANAPA STATE PARK,DOSP,Maui,108.75793076,State Park, , , , , ,Waianapanapa State Park,Waianapanapa State Park,440127.730578827,6083.9652821219
354,813.86347062,288,sm,KOHALA HIST. SITES ST. MONUMENT (KUKUIPAHU HEIAU),DOSP,Hawaii,9.98522551,State Monument, , , , , ,Kohala Historical Sites State Monument (Kukuipahu Heiau),Kohala Hist. Sites St. Monument (Kukuipahu Heiau),40408.7739788976,813.863470615914
355,6376.54745413,289,shp,LAPAKAHI STATE HISTORICAL PARK,DOSP,Hawaii,293.95911622,State Historical Park, , , , , ,Lapakahi State Historical Park,Lapakahi State Historical Park,1189610.3374002,6376.54745412559
356,19459.176919,290,sra,HAPUNA BEACH STATE RECREATION AREA,DOSP,Hawaii,524.63236727,State Recreation Area, , , , , ,Hāpuna Beach State Recreation Area,Hapuna Beach State Recreation Area,2123111.86488411,19459.1769189628
357,11366.063015,291,sp,KEKAHA KAI STATE PARK  (MANINIOWALI SEC.),DOSP,Hawaii,776.45615816,State Park, , , , , ,Kekaha Kai State Park (Manini‘ōwaili Section),Kekaha Kai State Park  (Maniniowali Sec.),3142206.59034575,11366.0630150392
358,9652.86423038,292,sp,KEKAHA KAI STATE PARK (MAHAIULA SEC.),DOSP,Hawaii,864.13953159,State Park, , , , , ,Kekaha Kai State Park (Mahai‘ula Section),Kekaha Kai State Park (Mahaiula Sec.),3497048.61324665,9652.86423038337
359,1271.27988504,293,shp,KEOLONAHIHI STATE HISTORICAL PARK-KEAKEALANIWAHINE,DOSP,Hawaii,17.12693863,State Historical Park, , , , , ,Keolonāhihi State Historical Park - Keākealaniwahine,Keolonahihi State Historical Park-Keakealaniwahine,69310.2615982435,1271.27988503895
360,7708.58323004,294,shp,KEALAKEKUA BAY STATE HISTORICAL PARK,DOSP,Hawaii,539.28423888,State Historical Park, , , , , ,Kealakekua Bay State Historical Park,Kealakekua Bay State Historical Park,2182405.88559994,7708.58323004141
361,1056.89633929,295,sra,MACKENZIE STATE RECREATION AREA,DOSP,Hawaii,13.87128363,State Recreation Area, , , , , ,Mackenzie State Recreation Area,Mackenzie State Recreation Area,56135.093253016,1056.89633928758
362,856.96237323,296,sp,WAILUKU RIVER STATE PARK,DOSP,Hawaii,7.01455102,State Park, , , , , ,Wailuku River State park,Wailuku River State Park,28386.8808388002,856.962373231713
363,720.4771767,297,sp,WAILUKU RIVER STATE PARK,DOSP,Hawaii,3.44113314,State Park, , , , , ,Wailuku River State park,Wailuku River State Park,13925.7717353095,720.477176703654
364,4620.8285222,298,sra,WAILOA RIVER STATE RECREATION AREA,DOSP,Hawaii,111.91191489,State Recreation Area, , , , , ,Wailoa River State Recreation Area,Wailoa River State Recreation Area,452891.451506753,4620.82852220282
365,3108.68164053,299,sp,AKAKA FALLS STATE PARK,DOSP,Hawaii,65.91476214,State Park, , , , , ,‘Akaka Falls State Park,Akaka Falls State Park,266747.578501849,3108.68164052778
366,980.64746947,300,sw,MANUKA STATE WAYSIDE,DOSP,Hawaii,13.72967229,State Wayside, , , , , ,Manukā State Wayside,Manuka State Wayside,55562.0124811719,980.647469467167
367,6670.32466219,301,sp,POLIHALE STATE PARK,DOSP,Kauai,148.18582157,State Park, , , , , ,Polihale State Park,Polihale State Park,599686.74371848,6670.32466219496
369,576.2461127,302,sm,ROYAL MAUSOLEUM STATE MONUMENT,DOSP,Oahu,3.35004689,State Monument, , , , , ,Mauna ‘Ala - Royal Mausoleum State Monument,Royal Mausoleum State Monument,13557.1587799492,576.246112702833
383,20989.320293,303,fr,LIHUE-KOLOA FOREST RESERVE,DOFAW,Kauai,1787.74597108,Forest Reserve,https://dlnr.hawaii.gov/forestry/frs/reserves/kauai/lihue-koloa/,https://dlnr.hawaii.gov/dofaw/files/2013/09/HARChapter13-104.pdf, , ,https://dlnr.hawaii.gov/dofaw/files/2013/09/HAR-123-Game-Mammals.pdf,Līhu‘e-Kōloa Forest Reserve,Lihue-Koloa Forest Reserve,7234751.26468366,20989.3202929919
384,7184.40942984,304,ws,ALPINE WILDLIFE SANCTUARY,DOFAW,Maui,298.68579731,Wildlife Sanctuary, ,https://files.hawaii.gov/dlnr/dofaw/rules/Chap125a.pdf,https://files.hawaii.gov/dlnr/dofaw/rules/Chap126.pdf, , ,Alpine Wildlife Sanctuary,Alpine Wildlife Sanctuary (Pending),1208738.53710249,7184.40942983957
385,3086.49936474,305,ws,HAMAKUA MARSH WILDLIFE SANCTUARY (PUU O EHU),DOFAW,Oahu,68.42371295,Wildlife Sanctuary,https://dlnr.hawaii.gov/wildlife/sanctuaries/hamakua/,https://files.hawaii.gov/dlnr/dofaw/rules/Chap125a.pdf,https://files.hawaii.gov/dlnr/dofaw/rules/Chap126.pdf, , ,Hāmākua Marsh Wildlife Sanctuary (Pu‘u O Ehu),Hamakua Marsh Wildlife Sanctuary (Puu O Ehu),276900.942206612,3086.49936473852
386,2258.26244153,306,ws,HAMAKUA MARSH WILDLIFE SANCTUARY,DOFAW,Oahu,22.59184225,Wildlife Sanctuary,https://dlnr.hawaii.gov/wildlife/sanctuaries/hamakua/,https://files.hawaii.gov/dlnr/dofaw/rules/Chap125a.pdf,https://files.hawaii.gov/dlnr/dofaw/rules/Chap126.pdf, , ,Hāmākua Marsh Wildlife Sanctuary,Hamakua Marsh Wildlife Sanctuary,91425.9419157632,2258.26244153185
387,71234.6114126,307,nwr,HAKALAU FOREST NATIONAL WILDLIFE REFUGE S.KONA SEC,USFWS,Hawaii,16069.7485275,National Wildlife Refuge, , , , , ,Hakalau Forest National Wildlife Refuge (South Kona Sec.),Hakalau Forest National Wildlife Refuge S.Kona Sec,65031965.0349649,71234.611412634
389,913.2772979,308,sp,KEEHI LAGOON MEMORIAL STATE PARK,Keehi Memorial Org./DOSP,Oahu,10.85539409,State Park, , , , , ,Ke‘ehi Lagoon Memorial State Park,Keehi Lagoon Memorial State Park,43930.2212937297,913.2772979006
391,423.10993268,309,fr-sm,WAIMANALO FR / MT OLOMANA STATE MONUMENT,DOFAW,Oahu,2.30650924,Forest Reserve/State Monument,https://dlnr.hawaii.gov/forestry/frs/reserves/oahu/,https://dlnr.hawaii.gov/dofaw/files/2013/09/HARChapter13-104.pdf, , , ,Waimānalo Forest Reserve,Waimanalo Fr / Mt Olomana State Monument,9334.11173219556,423.109932683238
397,21316.4906986,310,fr,WAIMANALO FOREST RESERVE,DOFAW,Oahu,1687.64053607,Forest Reserve,https://dlnr.hawaii.gov/forestry/frs/reserves/oahu/,https://dlnr.hawaii.gov/dofaw/files/2013/09/HARChapter13-104.pdf, , , ,Waimānalo Forest Reserve,Waimanalo Forest Reserve,6829638.94207818,21316.4906985814
398,11180.7476391,311,fr,WAIMANALO FOREST RESERVE,DOFAW,Oahu,484.737162,Forest Reserve,https://dlnr.hawaii.gov/forestry/frs/reserves/oahu/,https://dlnr.hawaii.gov/dofaw/files/2013/09/HARChapter13-104.pdf, , , ,Waimānalo Forest Reserve,Waimanalo Forest Reserve,1961661.69723248,11180.7476390772
399,13272.8838745,312,fr,MOLOKAI FOREST RESERVE,DOFAW,Molokai,732.24432898,Forest Reserve,https://dlnr.hawaii.gov/forestry/frs/reserves/maui-nui/molokai/,https://dlnr.hawaii.gov/dofaw/files/2013/09/HARChapter13-104.pdf, , , ,Moloka‘i Forest Reserve,Molokai Forest Reserve,2963287.66550785,13272.8838745114
400,2921.68412308,313,ws,PUAAHALA WILDLIFE SANCTUARY,DOFAW,Molokai,66.85375172,Wildlife Sanctuary, , , , , ,Pua‘ahala Wildlife Sanctuary,Puaahala Wildlife Sanctuary,270547.534529563,2921.68412308045
406,69410.3117032,314,r,KAHOOLAWE ISLAND RESERVE,KIRC,Kahoolawe,28549.3833612,Reserve, , , , , ,Kaho‘olawe Island Reserve,Kahoolawe Island Reserve,115535255.410924,69410.3117032376
409,8333.15794819,315,nwr,KILAUEA POINT NATIONAL WILDLIFE REFUGE,USFWS,Kauai,177.36210266,National Wildlife Refuge, , , , , ,Kīlauea Point National Wildlife Refuge,Kilauea Point National Wildlife Refuge,717758.964246022,8333.15794818961
410,19017.3166192,316,nwr,HANALEI NATIONAL WILDLIFE REFUGE,USFWS,Kauai,918.25327234,National Wildlife Refuge, , , , , ,Hanalei National Wildlife Refuge,Hanalei National Wildlife Refuge,3716039.15256772,19017.3166191609
411,9384.0843755,317,nwr,HULEIA NATIONAL WILDLIFE REFUGE,USFWS,Kauai,239.58042362,National Wildlife Refuge, , , , , ,Hulē‘ia National Wildlife Refuge,Huleia National Wildlife Refuge,969547.575990184,9384.0843755033
412,12074.7604306,318,nwr,JAMES CAMPBELL NATIONAL WILDLIFE REFUGE,USFWS,Oahu,1070.0783894,National Wildlife Refuge, , , , , ,James Campbell National Wildlife Refuge,James Campbell National Wildlife Refuge,4330453.60260628,12074.7604305781
413,18904.6283454,319,nwr,OAHU FOREST NATIONAL WILDLIFE REFUGE,USFWS,Oahu,4592.05880595,National Wildlife Refuge, , , , , ,O‘ahu Forest National Wildlife Refuge,Oahu Forest National Wildlife Refuge,18583402.6708822,18904.6283454113
414,1761.32029545,320,nwr,PEARL HARBOR NAT'L WILDLIFE REFUGE (KALAELOA),USFWS,Oahu,37.87710898,National Wildlife Refuge, , , , , ,Pearl Harbor National Wildlife Refuge (Kalaeloa),Pearl Harbor Nat'L Wildlife Refuge (Kalaeloa),153283.221735878,1761.32029544696
415,1836.50217728,321,nwr,PEARL HARBOR NATIONAL WILDLIFE REFUGE (HONOULIULI),USFWS,Oahu,36.84704191,National Wildlife Refuge, , , , , ,Pearl Harbor National Wildlife Refuge (Honouliuli),Pearl Harbor National Wildlife Refuge (Honouliuli),149114.688196102,1836.50217727684
416,1462.00195903,322,nwr,PEARL HARBOR NATIONAL WILDLIFE REFUGE (WAIAWA),USFWS,Oahu,27.61705074,National Wildlife Refuge, , , , , ,Pearl Harbor National Wildlife Refuge (Waiawa),Pearl Harbor National Wildlife Refuge (Waiawa),111762.23916037,1462.00195902607
417,1156.75936811,323,nwr,PEARL HARBOR NATIONAL WILDLIFE REFUGE,USFWS,Oahu,11.59080786,National Wildlife Refuge, , , , , ,Pearl Harbor National Wildlife Refuge,Pearl Harbor National Wildlife Refuge,46906.3352304003,1156.75936810769
418,2717.93238032,324,nwr,KAKAHAIA NATIONAL WILDLIFE REFUGE,USFWS,Molokai,44.63083578,National Wildlife Refuge, , , , , ,Kakahai‘a National Wildlife Refuge,Kakahaia National Wildlife Refuge,180614.58442602,2717.93238032297
421,11914.4165897,325,nwr,KEALIA POND NATIONAL WILDLIFE REFUGE,USFWS,Maui,704.32245637,National Wildlife Refuge, , , , , ,Keālia Pond National Wildlife Refuge,Kealia Pond National Wildlife Refuge,2850291.85601332,11914.4165896503
422,2829.01568834,326,nhs,PUUKOHOLA HEIAU NATIONAL HISTORIC SITE,USNPS,Hawaii,86.27276885,National Historic Site, , , , , ,Pu‘ukoholā Heiau National Historic Site,Puukohola Heiau National Historic Site,349133.508704978,2829.0156883418
423,11480.6628463,327,nhp,KALOKO-HONOKOHAU NATIONAL HISTORICAL PARK,USNPS,Hawaii,1254.42027906,National Historical Park, , , , , ,Kaloko-Honokōhau National Historical Park,Kaloko-Honokohau National Historical Park,5076458.76268663,11480.6628462878
424,381733.596398,328,np,HAWAII VOLCANOES NATIONAL PARK,USNPS,Hawaii,379701.051746,National Park, , , , , ,Hawai‘i Volcanoes National Park,Hawaii Volcanoes National Park,1536595639.84968,381733.596398421
425,15289.5929059,329,nhp,PUU HONAU O HONAUNAU NATIONAL HISTORICAL PARK,USNPS,Hawaii,422.27343948,National Historical Park, , , , , ,Pu‘uhonua O Hōnaunau National Historical Park,Puu Honau O Honaunau National Historical Park,1708879.98056372,15289.5929059495
427,3273.47021491,330,nm,PEARL HARBOR NATIONAL MEMORIAL,USNPS,Oahu,21.73208693,National Memorial, , , , , ,Pearl Harbor National Memorial,Pearl Harbor National Memorial,87946.6355822303,3273.47021490575
428,33405.9133438,331,fr,EWA FOREST RESERVE (HELEMANO SEC.),DOFAW,Oahu,2770.30469319,Forest Reserve,https://dlnr.hawaii.gov/forestry/frs/reserves/oahu/,https://dlnr.hawaii.gov/dofaw/files/2013/09/HARChapter13-104.pdf, , , ,‘Ewa Forest Reserve (Helemano Section),Ewa Forest Reserve (Helemano Sec.),11211025.3396283,33405.9133437843
429,20761.4240778,332,fr,PUPUKEA-PAUMALU FOREST RESERVE,DOFAW,Oahu,3746.60187016,Forest Reserve,https://dlnr.hawaii.gov/forestry/frs/reserves/oahu/pupukea-forest-reserve/,https://dlnr.hawaii.gov/dofaw/files/2013/09/HARChapter13-104.pdf, , , ,Pūpūkea-Paumalū Forest Reserve,Pupukea-Paumalu Forest Reserve,15161959.8404493,20761.4240778352
435,78171.9269999,333,mil,POHAKULOA TRAINING AREA RESERVATION,US Army,Hawaii,84181.6588364,Military, , , , , ,Pōhakuloa Training Area Reservation,Pohakuloa Training Area Reservation,340671086.710409,78171.9269998742
436,50522.1924725,334,ws,MAUNA LOA FOR & GAME RES/KIPUKA AINAHOU NENE SANCT,DOFAW,Hawaii,24094.0523616,Wildlife Sanctuary,https://dlnr.hawaii.gov/wildlife/sanctuaries/kipukaainahou/,https://files.hawaii.gov/dlnr/dofaw/rules/Chap125a.pdf,https://files.hawaii.gov/dlnr/dofaw/rules/Chap126.pdf, , ,Mauna Loa Forest and Game Reserve/Kipuka ‘Ānahou Nene Sanctuary,Mauna Loa Forest and Game Reserve/Kipuka Ainahou Nene Sanctuary,97505170.5410174,50522.1924725462
437,92124.7820482,335,fr,MAUNA LOA FOREST AND GAME RESERVE,DOFAW,Hawaii,54933.1639487,Forest Reserve,https://dlnr.hawaii.gov/recreation/hunting/gma/maunaloa/,https://dlnr.hawaii.gov/dofaw/files/2013/09/HARChapter13-104.pdf, , , ,Mauna Loa Forest and Game Reserve,Mauna Loa Forest and Game Reserve,222306627.328624,92124.7820481826
439,5544.79102955,336,nar,PIA NATURAL AREA RESERVE,DOFAW,Oahu,315.87072777,Natural Area Reserve,https://dlnr.hawaii.gov/ecosystems/nars/oahu/,https://files.hawaii.gov/dlnr/dofaw/rules/Chap208.pdf,https://dlnr.hawaii.gov/dofaw/files/2013/09/HAR-13-209-Activities-within-Natural-Area-Reserves-amended-September-18-2017.pdf, , ,Pia Natural Area Reserve,Pia Natural Area Reserve,1278283.48331907,5544.79102955187
447,9742.56361807,337,tnc,MOOMOMI PRESERVE (NATURE CONSERVANCY),TNC,Molokai,930.44616116,The Nature Conservancy Preserve,"https://www.nature.org/en-us/get-involved/how-to-help/places-we-protect/?s=Hawaii&fa=opentothepublic,limitedaccess,closedtothepublic", , , , ,Mo‘omomi Preserve,Moomomi Preserve (Nature Conservancy),3765382.02299703,9742.56361806645
450,4185.75661777,338,cnp,WAILUPE NATURE PRESERVE,City and County of Honolulu/Private,Oahu,94.69123604,Nature Preserve, , , , , ,Wailupe Nature Preserve,Wailupe Nature Preserve,383201.836726894,4185.75661776592
459,3588.25021028,339,np,HAWAII VOLCANOES NATIONAL PARK,USNPS,Hawaii,145.38284462,National Park, , , , , ,Hawai‘i Volcanoes National park,Hawaii Volcanoes National Park,588343.498470225,3588.25021028228
461,2314.13741956,340,np,HAWAII VOLCANOES NATIONAL PARK,USNPS,Hawaii,59.33977416,National Park, , , , , ,Hawai‘i Volcanoes National park,Hawaii Volcanoes National Park,240139.546148187,2314.13741956381
462,27068.6005058,341,nar,KAHAUALEA NATURAL AREA RESERVE,DOFAW,Hawaii,5828.89488975,Natural Area Reserve,https://dlnr.hawaii.gov/ecosystems/nars/hawaii-island/kahaualea-2/,https://files.hawaii.gov/dlnr/dofaw/rules/Chap208.pdf,https://dlnr.hawaii.gov/dofaw/files/2013/09/HAR-13-209-Activities-within-Natural-Area-Reserves-amended-September-18-2017.pdf,https://files.hawaii.gov/dlnr/dofaw/rules/Chap210.pdf, ,Kahauale‘a Natural Area Reserve,Kahaualea Natural Area Reserve,23588700.7200702,27068.600505804
464,6276.8500426,342,nhp,KALAUPAPA NATIONAL HISTORICAL PARK,USNPS,Molokai,92.73408782,National Historical Park, , , , , ,Kalaupapa National Historical Park,Kalaupapa National Historical Park,375281.53886283,6276.8500426033
465,1632.33305016,343,nhp,KALAUPAPA NATIONAL HISTORICAL PARK,USNPS,Molokai,39.03437196,National Historical Park, , , , , ,Kalaupapa National Historical Park,Kalaupapa National Historical Park,157966.498848101,1632.33305015779
467,67966.3865253,344,mil,POHAKULOA TRAINING AREA RESERVATION,US Army,Hawaii,16103.2117121,Military, , , , , ,Pōhakuloa Training Area Reservation,Pohakuloa Training Area Reservation,65167385.7383359,67966.3865253018
468,51197.8669267,345,mil,POHAKULOA TRAINING AREA RESERVATION (KEAMUKU SEC),US Army,Hawaii,22879.7903573,Military, , , , , ,Pōhakuloa Training Area Reservation (Ke‘āmuku Sec.),Pohakuloa Training Area Reservation (Keamuku Sec),92591226.5505475,51197.866926697
471,8405.46671797,346,gma,KAOHE GAME MANAGEMENT AREA,DOFAW,Hawaii,314.39711845,Game Management Area,https://dlnr.hawaii.gov/recreation/hunting/gma/kaohe/,https://files.hawaii.gov/dlnr/dofaw/rules/Chap121a.pdf,https://dlnr.hawaii.gov/dofaw/files/2013/09/HAR-122-Game-Birds.pdf,https://dlnr.hawaii.gov/dofaw/files/2013/09/HAR-123-Game-Mammals.pdf, ,Ka‘ohe Game Management Area,Kaohe Game Management Area,1272319.99797623,8405.46671797162
474,11491.2670792,347,mil,POHAKULOA TRAINING AREA RESERVATION,US Army,Hawaii,761.18996075,Military, , , , , ,Pōhakuloa Training Area Reservation,Pohakuloa Training Area Reservation,3080426.48132232,11491.2670792413
478,6335.98244923,348,mil,POHAKULOA TRAINING AREA RESERVATION,US Army,Hawaii,286.81196315,Military, , , , , ,Pōhakuloa Training Area Reservation,Pohakuloa Training Area Reservation,1160686.83509402,6335.98244922756
479,10520.7154715,349,mil,POHAKULOA TRAINING AREA RESERVATION,US Army,Hawaii,1146.76504505,Military, , , , , ,Pōhakuloa Training Area Reservation,Pohakuloa Training Area Reservation,4640793.4875453,10520.7154715388
480,933.76377791,350,fr-ml,POHAKULOA TRAINING AREA RESERVATION / MAUNA LOA FR,DOFAW/US Army,Hawaii,8.18917742,Forest Reserve/Military Facility, , , , , ,Pōhakuloa Training Area Reservation / Mauna Loa Forest Reserve,Pohakuloa Training Area Reservation / Mauna Kea Fr,33140.4252563266,933.763777905693
486,149342.524577,351,fr,KAU FOREST RESERVE,DOFAW,Hawaii,61623.588573,Forest Reserve,https://dlnr.hawaii.gov/forestry/frs/reserves/hawaii-island/kau/,https://dlnr.hawaii.gov/dofaw/files/2013/09/HARChapter13-104.pdf,https://files.hawaii.gov/dlnr/dofaw/rules/Chap105.pdf, , ,Ka‘ū Forest Reserve,Kau Forest Reserve,249381815.188142,149342.524576783
488,13014.0555196,352,fr,KOHALA FOREST RESERVE,DOFAW,Hawaii,533.29044889,Forest Reserve,https://dlnr.hawaii.gov/forestry/frs/reserves/hawaii-island/,https://dlnr.hawaii.gov/dofaw/files/2013/09/HARChapter13-104.pdf, , , ,Kohala Forest Reserve,Kohala Forest Reserve,2158149.87810444,13014.0555196137
489,25844.361896,353,fr,KOHALA FOREST RESERVE,DOFAW,Hawaii,2872.79335825,Forest Reserve,https://dlnr.hawaii.gov/forestry/frs/reserves/hawaii-island/,https://dlnr.hawaii.gov/dofaw/files/2013/09/HARChapter13-104.pdf, , , ,Kohala Forest Reserve,Kohala Forest Reserve,11625782.2520471,25844.3618960384
505,2190.63861323,354,fr,HILO FOREST RESERVE (OOKALA SEC.),DOFAW,Hawaii,44.49825572,Forest Reserve,https://dlnr.hawaii.gov/forestry/frs/reserves/hawaii-island/hilo/,https://dlnr.hawaii.gov/dofaw/files/2013/09/HARChapter13-104.pdf, , , ,Hilo Forest Reserve (‘O‘ōkala Sec.),Hilo Forest Reserve (Ookala Sec.),180078.05196291,2190.63861322935
506,737.97198888,355,fr,HILO FOREST RESERVE (OOKALA SEC.),DOFAW,Hawaii,5.78230338,Forest Reserve,https://dlnr.hawaii.gov/forestry/frs/reserves/hawaii-island/hilo/,https://dlnr.hawaii.gov/dofaw/files/2013/09/HARChapter13-104.pdf, , , ,Hilo Forest Reserve (‘O‘ōkala Sec.),Hilo Forest Reserve (Ookala Sec.),23400.1515696016,737.971988880673
508,8399.53018541,356,fr,PUPUKEA FOREST RESERVE,DOFAW,Oahu,781.96015995,Forest Reserve,https://dlnr.hawaii.gov/forestry/frs/reserves/oahu/pupukea-forest-reserve/,https://dlnr.hawaii.gov/dofaw/files/2013/09/HARChapter13-104.pdf, , , ,Pūpūkea Forest Reserve,Pupukea Forest Reserve,3164480.49534658,8399.53018540546
509,14131.4673395,357,fr,HONOLULU WATERSHED FOREST RESERVE,DOFAW,Oahu,762.89390697,Forest Reserve,https://dlnr.hawaii.gov/forestry/frs/reserves/oahu/,https://dlnr.hawaii.gov/dofaw/files/2013/09/HARChapter13-104.pdf,https://files.hawaii.gov/dlnr/dofaw/rules/Chap105.pdf, , ,Honolulu Watershed Forest Reserve,Honolulu Watershed Forest Reserve,3087322.10704341,14131.4673395235
512,17334.4502832,358,prvt,MOKIO PRESERVE,Molokai Land Trust,Molokai,1618.15590625,Land Trust, , , , , ,Mokio Preserve,Mokio Preserve,6548444.62164665,17334.450283204
513,17196.4625548,359,nar,WAIEA NATURAL AREA RESERVE,DOFAW,Hawaii,1260.28535043,Natural Area Reserve,https://dlnr.hawaii.gov/ecosystems/nars/hawaii-island/waiea/,https://files.hawaii.gov/dlnr/dofaw/rules/Chap208.pdf,https://dlnr.hawaii.gov/dofaw/files/2013/09/HAR-13-209-Activities-within-Natural-Area-Reserves-amended-September-18-2017.pdf, , ,Waiea Natural Area Reserve,Waiea Natural Area Reserve,5100193.86443685,17196.4625548486
526,5912.64128803,360,tnc,KANEPUU PRESERVE (NATURE CONSERVANCY),TNC,Lanai,341.33612548,The Nature Conservancy Preserve, , , , , ,Kānepu‘u Preserve,Kanepuu Preserve (Nature Conservancy),1381338.29159978,5912.64128802631
527,2714.31461027,361,tnc,KANEPUU PRESERVE (NATURE CONSERVANCY),TNC,Lanai,70.1142822,The Nature Conservancy Preserve, , , , , ,Kānepu‘u Preserve,Kanepuu Preserve (Nature Conservancy),283742.433207046,2714.31461027146
528,1163.26752488,362,tnc,KANEPUU PRESERVE (NATURE CONSERVANCY),TNC,Lanai,17.94157809,The Nature Conservancy Preserve, , , , , ,Kānepu‘u Preserve,Kanepuu Preserve (Nature Conservancy),72606.9905164435,1163.26752487807
529,966.00217628,363,tnc,KANEPUU PRESERVE (NATURE CONSERVANCY),TNC,Lanai,13.31973331,The Nature Conservancy Preserve, , , , , ,Kānepu‘u Preserve,Kanepuu Preserve (Nature Conservancy),53903.048306657,966.002176279047
530,693.53511617,364,tnc,KANEPUU PRESERVE (NATURE CONSERVANCY),TNC,Lanai,6.36588269,The Nature Conservancy Preserve, , , , , ,Kānepu‘u Preserve,Kanepuu Preserve (Nature Conservancy),25761.8132446662,693.535116167062
531,1481.81944385,365,tnc,KANEPUU PRESERVE (NATURE CONSERVANCY),TNC,Lanai,28.19555403,The Nature Conservancy Preserve, , , , , ,Kānepu‘u Preserve,Kanepuu Preserve (Nature Conservancy),114103.358915919,1481.81944384685
532,1338.07338715,366,tnc,KANEPUU PRESERVE (NATURE CONSERVANCY),TNC,Lanai,29.50382293,The Nature Conservancy Preserve, , , , , ,Kānepu‘u Preserve,Kanepuu Preserve (Nature Conservancy),119397.73529459,1338.07338714597
536,47944.3068055,367,nhp,KALAUPAPA NATIONAL HISTORICAL PARK,USNPS,Molokai,5671.78407128,National Historical Park, , , , , ,Kalaupapa National Historical Park,Kalaupapa National Historical Park,22952895.7953068,47944.3068055131
537,1652.61347639,368,fr,MOLOKAI FOREST RESERVE,DOFAW,Molokai,26.11300192,Forest Reserve,https://dlnr.hawaii.gov/forestry/frs/reserves/maui-nui/molokai/,https://dlnr.hawaii.gov/dofaw/files/2013/09/HARChapter13-104.pdf, , , ,Moloka‘i Forest Reserve,Molokai Forest Reserve,105675.569538869,1652.6134763909
540,1026.39543219,369,xs,KOAIA TREE SANCTUARY,DOFAW,Hawaii,14.07536507,Various Other Sanctuary, , , , , ,Koai‘a Tree Sanctuary,Koaia Tree Sanctuary,56960.9815470013,1026.39543218591
542,8382.29934162,370,nts,ALA KAHAKAI NATIONAL HISTORIC TRAIL,USNPS,Hawaii,103.32943009,National Trail System, , , , , ,Ala Kahakai National Historic Trail,Ala Kahakai National Historic Trail,418159.367761313,8382.29934161764
545,8773.76914117,371,fpr,OLAA FOREST PARK RESERVE,DOFAW,Hawaii,383.55314403,Forest Park Reserve, , , , , ,‘Ōla‘a Forest Park Reserve,Olaa Forest Park Reserve,1552184.50426276,8773.7691411721
550,2814.56060233,372,spr,KAWAINUI MARSH STATE PARK RESERVE,DOSP,Oahu,47.44672685,State Park Reserve, , , , , ,Kawainui Marsh State Park Reserve,Kawainui Marsh State Park Reserve,192010.091262383,2814.56060233484
551,2894.73399498,373,spr,KAWAINUI MARSH STATE PARK RESERVE,DOSP,Oahu,20.82335617,State Park Reserve, , , , , ,Kawainui Marsh State Park Reserve,Kawainui Marsh State Park Reserve,84269.1326702946,2894.73399498273
552,14510.3500702,374,spr,PUPUKEA-PAUMALU STATE PARK RESERVE,DOSP,Oahu,1134.06369454,State Park Reserve, , , , , ,Pūpūkea-Paumalū State Park Reserve,Pupukea-Paumalu State Park Reserve,4589392.94565661,14510.3500701606
553,26358.1847169,375,fr,OLAA FOREST RESERVE,DOFAW,Hawaii,5132.30562745,Forest Reserve,https://dlnr.hawaii.gov/forestry/frs/reserves/hawaii-island/,https://dlnr.hawaii.gov/dofaw/files/2013/09/HARChapter13-104.pdf, , , ,‘Ōla‘a Forest Reserve,Olaa Forest Reserve,20769703.9901547,26358.1847169409
554,20414.6046388,376,fr,OLAA FOREST RESERVE (MT. VIEW SEC.),DOFAW,Hawaii,3885.9368848,Forest Reserve,https://dlnr.hawaii.gov/forestry/frs/reserves/hawaii-island/,https://dlnr.hawaii.gov/dofaw/files/2013/09/HARChapter13-104.pdf, , , ,‘Ōla‘a Forest Reserve (Mountain View Sec.),Olaa Forest Reserve (Mt. View Sec.),15725828.6392741,20414.6046388181
556,17886.4361761,377,gma,KUAOKALA GAME MANAGEMENT AREA,DOFAW,Oahu,1904.7648201,Game Management Area,https://dlnr.hawaii.gov/recreation/hunting/gma/kuaokala/,https://files.hawaii.gov/dlnr/dofaw/rules/Chap121a.pdf,https://dlnr.hawaii.gov/dofaw/files/2013/09/HAR-122-Game-Birds.pdf,https://dlnr.hawaii.gov/dofaw/files/2013/09/HAR-123-Game-Mammals.pdf, ,Kuaokalā Game Management Area,Kuaokala Game Management Area,7708309.7453897,17886.4361761434
557,5361.34914185,378,nar,KAENA POINT NATURAL AREA RESERVE,DOFAW,Oahu,77.35718909,Natural Area Reserve,https://dlnr.hawaii.gov/ecosystems/nars/oahu/kaena/,https://files.hawaii.gov/dlnr/dofaw/rules/Chap208.pdf,https://dlnr.hawaii.gov/dofaw/files/2013/09/HAR-13-209-Activities-within-Natural-Area-Reserves-amended-September-18-2017.pdf,https://files.hawaii.gov/dlnr/dofaw/rules/Chap210.pdf, ,Ka‘ena Point Natural Area Reserve,Kaena Point Natural Area Reserve,313053.437504005,5361.34914185353
558,39186.7427475,379,sp,KAENA POINT STATE PARK,DOSP,Oahu,1508.39225869,State Park, , , , , ,Ka‘ena Point State Park,Kaena Point State Park,6104246.89956253,39186.7427474518
560,12190.7731503,380,fr,KAENA POINT FOREST RESERVE,DOFAW,Oahu,559.74329522,Forest Reserve, , , , , ,Ka‘ena Point Forest Reserve,Kaena Point Forest Reserve,2265200.74914704,12190.7731502798
561,19188.4134854,381,fr,KAMEHAMENUI FOREST RESERVE,DOFAW,Maui,3442.63403517,Forest Reserve,https://dlnr.hawaii.gov/forestry/frs/reserves/maui-nui/,https://dlnr.hawaii.gov/dofaw/files/2013/09/HARChapter13-104.pdf, , , ,Kamehamenui Forest Reserve,Kamehamenui Forest Reserve,13931845.6552088,19188.41348539
