zone_id,h3_cell,resolution,island,version,data_source,provenance
WET_1,88464b9285fffff,8,oahu,2026.02,NWI wetland centroid 2026,Centroid res8 from NWI wetland objectid 1 polygon
WET_2,88464b9285fffff,8,oahu,2026.02,NWI wetland centroid 2026,Centroid res8 from NWI wetland objectid 2 polygon
WET_3,88464b9285fffff,8,oahu,2026.02,NWI wetland centroid 2026,Centroid res8 from NWI wetland objectid 3 polygon
WET_4,88464b928dfffff,8,oahu,2026.02,NWI wetland centroid 2026,Centroid res8 from NWI wetland objectid 4 polygon
WET_5,88464b9285fffff,8,oahu,2026.02,NWI wetland centroid 2026,Centroid res8 from NWI wetland objectid 5 polygon
WET_6,88464b91cbfffff,8,oahu,2026.02,NWI wetland centroid 2026,Centroid res8 from NWI wetland objectid 6 polygon
WET_7,88464b91ddfffff,8,oahu,2026.02,NWI wetland centroid 2026,Centroid res8 from NWI wetland objectid 7 polygon
WET_8,88464b91ddfffff,8,oahu,2026.02,NWI wetland centroid 2026,Centroid res8 from NWI wetland objectid 8 polygon
WET_9,88464b91ddfffff,8,oahu,2026.02,NWI wetland centroid 2026,Centroid res8 from NWI wetland objectid 9 polygon
WET_10,88464b91ddfffff,8,oahu,2026.02,NWI wetland centroid 2026,Centroid res8 from NWI wetland objectid 10 polygon
WET_11,88464b908dfffff,8,oahu,2026.02,NWI wetland centroid 2026,Centroid res8 from NWI wetland objectid 11 polygon
WET_12,88464b908dfffff,8,oahu,2026.02,NWI wetland centroid 2026,Centroid res8 from NWI wetland objectid 12 polygon
WET_13,88464b908dfffff,8,oahu,2026.02,NWI wetland centroid 2026,Centroid res8 from NWI wetland objectid 13 polygon
WET_14,88464b908dfffff,8,oahu,2026.02,NWI wetland centroid 2026,Centroid res8 from NWI wetland objectid 14 polygon
WET_15,88464b91ddfffff,8,oahu,2026.02,NWI wetland centroid 2026,Centroid res8 from NWI wetland objectid 15 polygon
WET_16,88464b91cbfffff,8,oahu,2026.02,NWI wetland centroid 2026,Centroid res8 from NWI wetland objectid 16 polygon
WET_17,88464b91ddfffff,8,oahu,2026.02,NWI wetland centroid 2026,Centroid res8 from NWI wetland objectid 17 polygon
WET_18,88464b91ddfffff,8,oahu,2026.02,NWI wetland centroid 2026,Centroid res8 from NWI wetland objectid 18 polygon
WET_19,88464b91ddfffff,8,oahu,2026.02,NWI wetland centroid 2026,Centroid res8 from NWI wetland objectid 19 polygon
WET_20,88464b90e7fffff,8,oahu,2026.02,NWI wetland centroid 2026,Centroid res8 from NWI wetland objectid 20 polygon
WET_21,88464b90e3fffff,8,oahu,2026.02,NWI wetland centroid 2026,Centroid res8 from NWI wetland objectid 21 polygon
WET_22,88464b908dfffff,8,oahu,2026.02,NWI wetland centroid 2026,Centroid res8 from NWI wetland objectid 22 polygon
WET_23,88464b91ddfffff,8,oahu,2026.02,NWI wetland centroid 2026,Centroid res8 from NWI wetland objectid 23 polygon
WET_24,88464b91ddfffff,8,oahu,2026.02,NWI wetland centroid 2026,Centroid res8 from NWI wetland objectid 24 polygon
WET_25,88464b91ddfffff,8,oahu,2026.02,NWI wetland centroid 2026,Centroid res8 from NWI wetland objectid 25 polygon
WET_26,88464b90e3fffff,8,oahu,2026.02,NWI wetland centroid 2026,Centroid res8 from NWI wetland objectid 26 polygon
WET_27,88464b90e3fffff,8,oahu,2026.02,NWI wetland centroid 2026,Centroid res8 from NWI wetland objectid 27 polygon
WET_28,88464b908dfffff,8,oahu,2026.02,NWI wetland centroid 2026,Centroid res8 from NWI wetland objectid 28 polygon
WET_29,88464b908dfffff,8,oahu,2026.02,NWI wetland centroid 2026,Centroid res8 from NWI wetland objectid 29 polygon
WET_30,88464b9089fffff,8,oahu,2026.02,NWI wetland centroid 2026,Centroid res8 from NWI wetland objectid 30 polygon
WET_31,88464b91ddfffff,8,oahu,2026.02,NWI wetland centroid 2026,Centroid res8 from NWI wetland objectid 31 polygon
WET_32,88464b91ddfffff,8,oahu,2026.02,NWI wetland centroid 2026,Centroid res8 from NWI wetland objectid 32 polygon
WET_33,88464b90e3fffff,8,oahu,2026.02,NWI wetland centroid 2026,Centroid res8 from NWI wetland objectid 33 polygon
WET_34,88464b908dfffff,8,oahu,2026.02,NWI wetland centroid 2026,Centroid res8 from NWI wetland objectid 34 polygon
WET_35,88464b9089fffff,8,oahu,2026.02,NWI wetland centroid 2026,Centroid res8 from NWI wetland objectid 35 polygon
WET_36,88464b90e3fffff,8,oahu,2026.02,NWI wetland centroid 2026,Centroid res8 from NWI wetland objectid 36 polygon
WET_37,88464b9055fffff,8,oahu,2026.02,NWI wetland centroid 2026,Centroid res8 from NWI wetland objectid 37 polygon
WET_38,88464b9027fffff,8,oahu,2026.02,NWI wetland centroid 2026,Centroid res8 from NWI wetland objectid 38 polygon
WET_39,88464b90c1fffff,8,oahu,2026.02,NWI wetland centroid 2026,Centroid res8 from NWI wetland objectid 39 polygon
WET_40,88464b92a7fffff,8,oahu,2026.02,NWI wetland centroid 2026,Centroid res8 from NWI wetland objectid 40 polygon
WET_41,88464b92e3fffff,8,oahu,2026.02,NWI wetland centroid 2026,Centroid res8 from NWI wetland objectid 41 polygon
WET_42,88464b928dfffff,8,oahu,2026.02,NWI wetland centroid 2026,Centroid res8 from NWI wetland objectid 42 polygon
WET_43,88464b9025fffff,8,oahu,2026.02,NWI wetland centroid 2026,Centroid res8 from NWI wetland objectid 43 polygon
WET_44,88464b90c1fffff,8,oahu,2026.02,NWI wetland centroid 2026,Centroid res8 from NWI wetland objectid 44 polygon
WET_45,88464b90c9fffff,8,oahu,2026.02,NWI wetland centroid 2026,Centroid res8 from NWI wetland objectid 45 polygon
WET_46,88464b90c9fffff,8,oahu,2026.02,NWI wetland centroid 2026,Centroid res8 from NWI wetland objectid 46 polygon
WET_47,88464b90c9fffff,8,oahu,2026.02,NWI wetland centroid 2026,Centroid res8 from NWI wetland objectid 47 polygon
WET_48,88464b90c9fffff,8,oahu,2026.02,NWI wetland centroid 2026,Centroid res8 from NWI wetland objectid 48 polygon
WET_49,88464b9055fffff,8,oahu,2026.02,NWI wetland centroid 2026,Centroid res8 from NWI wetland objectid 49 polygon
WET_50,88464b9285fffff,8,oahu,2026.02,NWI wetland centroid 2026,Centroid res8 from NWI wetland objectid 50 polygon
WET_51,88464b92e3fffff,8,oahu,2026.02,NWI wetland centroid 2026,Centroid res8 from NWI wetland objectid 51 polygon
WET_52,88464b92e3fffff,8,oahu,2026.02,NWI wetland centroid 2026,Centroid res8 from NWI wetland objectid 52 polygon
WET_53,88464b928dfffff,8,oahu,2026.02,NWI wetland centroid 2026,Centroid res8 from NWI wetland objectid 53 polygon
WET_54,88464b92ebfffff,8,oahu,2026.02,NWI wetland centroid 2026,Centroid res8 from NWI wetland objectid 54 polygon
WET_55,88464b92a7fffff,8,oahu,2026.02,NWI wetland centroid 2026,Centroid res8 from NWI wetland objectid 55 polygon
WET_56,88464b90e3fffff,8,oahu,2026.02,NWI wetland centroid 2026,Centroid res8 from NWI wetland objectid 56 polygon
WET_57,88464b90e3fffff,8,oahu,2026.02,NWI wetland centroid 2026,Centroid res8 from NWI wetland objectid 57 polygon
WET_58,88464b90e3fffff,8,oahu,2026.02,NWI wetland centroid 2026,Centroid res8 from NWI wetland objectid 58 polygon
WET_59,88464b90e3fffff,8,oahu,2026.02,NWI wetland centroid 2026,Centroid res8 from NWI wetland objectid 59 polygon
WET_60,88464b90e3fffff,8,oahu,2026.02,NWI wetland centroid 2026,Centroid res8 from NWI wetland objectid 60 polygon
WET_61,88464b90e3fffff,8,oahu,2026.02,NWI wetland centroid 2026,Centroid res8 from NWI wetland objectid 61 polygon
WET_62,88464b90e3fffff,8,oahu,2026.02,NWI wetland centroid 2026,Centroid res8 from NWI wetland objectid 62 polygon
WET_63,88464b90e3fffff,8,oahu,2026.02,NWI wetland centroid 2026,Centroid res8 from NWI wetland objectid 63 polygon
WET_64,88464b90e3fffff,8,oahu,2026.02,NWI wetland centroid 2026,Centroid res8 from NWI wetland objectid 64 polygon
WET_65,88464b90e3fffff,8,oahu,2026.02,NWI wetland centroid 2026,Centroid res8 from NWI wetland objectid 65 polygon
WET_66,88464b90e3fffff,8,oahu,2026.02,NWI wetland centroid 2026,Centroid res8 from NWI wetland objectid 66 polygon
WET_67,88464b90e3fffff,8,oahu,2026.02,NWI wetland centroid 2026,Centroid res8 from NWI wetland objectid 67 polygon
WET_68,88464b92abfffff,8,oahu,2026.02,NWI wetland centroid 2026,Centroid res8 from NWI wetland objectid 68 polygon
WET_69,88464b90c9fffff,8,oahu,2026.02,NWI wetland centroid 2026,Centroid res8 from NWI wetland objectid 69 polygon
WET_70,88464b9055fffff,8,oahu,2026.02,NWI wetland centroid 2026,Centroid res8 from NWI wetland objectid 70 polygon
WET_71,88464b92e3fffff,8,oahu,2026.02,NWI wetland centroid 2026,Centroid res8 from NWI wetland objectid 71 polygon
WET_72,88464b928dfffff,8,oahu,2026.02,NWI wetland centroid 2026,Centroid res8 from NWI wetland objectid 72 polygon
WET_73,88464b90e1fffff,8,oahu,2026.02,NWI wetland centroid 2026,Centroid res8 from NWI wetland objectid 73 polygon
WET_74,88464b9025fffff,8,oahu,2026.02,NWI wetland centroid 2026,Centroid res8 from NWI wetland objectid 74 polygon
WET_75,88464b9043fffff,8,oahu,2026.02,NWI wetland centroid 2026,Centroid res8 from NWI wetland objectid 75 polygon
WET_76,88464b928dfffff,8,oahu,2026.02,NWI wetland centroid 2026,Centroid res8 from NWI wetland objectid 76 polygon
WET_77,88464b92a7fffff,8,oahu,2026.02,NWI wetland centroid 2026,Centroid res8 from NWI wetland objectid 77 polygon
WET_78,88464b92a7fffff,8,oahu,2026.02,NWI wetland centroid 2026,Centroid res8 from NWI wetland objectid 78 polygon
WET_79,88464b901bfffff,8,oahu,2026.02,NWI wetland centroid 2026,Centroid res8 from NWI wetland objectid 79 polygon
WET_80,88464b933bfffff,8,oahu,2026.02,NWI wetland centroid 2026,Centroid res8 from NWI wetland objectid 80 polygon
WET_81,88464b9043fffff,8,oahu,2026.02,NWI wetland centroid 2026,Centroid res8 from NWI wetland objectid 81 polygon
WET_82,88464b9045fffff,8,oahu,2026.02,NWI wetland centroid 2026,Centroid res8 from NWI wetland objectid 82 polygon
WET_83,88464b9317fffff,8,oahu,2026.02,NWI wetland centroid 2026,Centroid res8 from NWI wetland objectid 83 polygon
WET_84,88464b9019fffff,8,oahu,2026.02,NWI wetland centroid 2026,Centroid res8 from NWI wetland objectid 84 polygon
WET_85,88464b90cdfffff,8,oahu,2026.02,NWI wetland centroid 2026,Centroid res8 from NWI wetland objectid 85 polygon
WET_86,88464b901bfffff,8,oahu,2026.02,NWI wetland centroid 2026,Centroid res8 from NWI wetland objectid 86 polygon
WET_87,88464b90c9fffff,8,oahu,2026.02,NWI wetland centroid 2026,Centroid res8 from NWI wetland objectid 87 polygon
WET_88,88464b9061fffff,8,oahu,2026.02,NWI wetland centroid 2026,Centroid res8 from NWI wetland objectid 88 polygon
WET_89,88464b9285fffff,8,oahu,2026.02,NWI wetland centroid 2026,Centroid res8 from NWI wetland objectid 89 polygon
WET_90,88464b928dfffff,8,oahu,2026.02,NWI wetland centroid 2026,Centroid res8 from NWI wetland objectid 90 polygon
WET_91,88464b9037fffff,8,oahu,2026.02,NWI wetland centroid 2026,Centroid res8 from NWI wetland objectid 91 polygon
WET_92,88464b9023fffff,8,oahu,2026.02,NWI wetland centroid 2026,Centroid res8 from NWI wetland objectid 92 polygon
WET_93,88464b9029fffff,8,oahu,2026.02,NWI wetland centroid 2026,Centroid res8 from NWI wetland objectid 93 polygon
WET_94,88464b901bfffff,8,oahu,2026.02,NWI wetland centroid 2026,Centroid res8 from NWI wetland objectid 94 polygon
WET_95,88464b90c1fffff,8,oahu,2026.02,NWI wetland centroid 2026,Centroid res8 from NWI wetland objectid 95 polygon
WET_96,88464b90e1fffff,8,oahu,2026.02,NWI wetland centroid 2026,Centroid res8 from NWI wetland objectid 96 polygon
WET_97,88464b90ebfffff,8,oahu,2026.02,NWI wetland centroid 2026,Centroid res8 from NWI wetland objectid 97 polygon
WET_98,88464b9089fffff,8,oahu,2026.02,NWI wetland centroid 2026,Centroid res8 from NWI wetland objectid 98 polygon
WET_99,88464b90c3fffff,8,oahu,2026.02,NWI wetland centroid 2026,Centroid res8 from NWI wetland objectid 99 polygon
WET_100,88464b9025fffff,8,oahu,2026.02,NWI wetland centroid 2026,Centroid res8 from NWI wetland objectid 100 polygon
WET_101,88464b9025fffff,8,oahu,2026.02,NWI wetland centroid 2026,Centroid res8 from NWI wetland objectid 101 polygon
WET_102,88464b9027fffff,8,oahu,2026.02,NWI wetland centroid 2026,Centroid res8 from NWI wetland objectid 102 polygon
WET_103,88464b9025fffff,8,oahu,2026.02,NWI wetland centroid 2026,Centroid res8 from NWI wetland objectid 103 polygon
WET_104,88464b90c1fffff,8,oahu,2026.02,NWI wetland centroid 2026,Centroid res8 from NWI wetland objectid 104 polygon
WET_105,88464b902dfffff,8,oahu,2026.02,NWI wetland centroid 2026,Centroid res8 from NWI wetland objectid 105 polygon
WET_106,88464b90c1fffff,8,oahu,2026.02,NWI wetland centroid 2026,Centroid res8 from NWI wetland objectid 106 polygon
WET_107,88464b9039fffff,8,oahu,2026.02,NWI wetland centroid 2026,Centroid res8 from NWI wetland objectid 107 polygon
WET_108,88464b9039fffff,8,oahu,2026.02,NWI wetland centroid 2026,Centroid res8 from NWI wetland objectid 108 polygon
WET_109,88464b90c9fffff,8,oahu,2026.02,NWI wetland centroid 2026,Centroid res8 from NWI wetland objectid 109 polygon
WET_110,88464b90c9fffff,8,oahu,2026.02,NWI wetland centroid 2026,Centroid res8 from NWI wetland objectid 110 polygon
WET_111,88464b90c9fffff,8,oahu,2026.02,NWI wetland centroid 2026,Centroid res8 from NWI wetland objectid 111 polygon
WET_112,88464b92a7fffff,8,oahu,2026.02,NWI wetland centroid 2026,Centroid res8 from NWI wetland objectid 112 polygon
WET_113,88464b92a7fffff,8,oahu,2026.02,NWI wetland centroid 2026,Centroid res8 from NWI wetland objectid 113 polygon
WET_114,88464b9065fffff,8,oahu,2026.02,NWI wetland centroid 2026,Centroid res8 from NWI wetland objectid 114 polygon
WET_115,88464b901dfffff,8,oahu,2026.02,NWI wetland centroid 2026,Centroid res8 from NWI wetland objectid 115 polygon
WET_116,88464b900bfffff,8,oahu,2026.02,NWI wetland centroid 2026,Centroid res8 from NWI wetland objectid 116 polygon
WET_117,88464b9057fffff,8,oahu,2026.02,NWI wetland centroid 2026,Centroid res8 from NWI wetland objectid 117 polygon
WET_118,88464b9057fffff,8,oahu,2026.02,NWI wetland centroid 2026,Centroid res8 from NWI wetland objectid 118 polygon
WET_119,88464b92a1fffff,8,oahu,2026.02,NWI wetland centroid 2026,Centroid res8 from NWI wetland objectid 119 polygon
WET_120,88464b9055fffff,8,oahu,2026.02,NWI wetland centroid 2026,Centroid res8 from NWI wetland objectid 120 polygon
WET_121,88464b9055fffff,8,oahu,2026.02,NWI wetland centroid 2026,Centroid res8 from NWI wetland objectid 121 polygon
WET_122,88464b9055fffff,8,oahu,2026.02,NWI wetland centroid 2026,Centroid res8 from NWI wetland objectid 122 polygon
WET_123,88464b9043fffff,8,oahu,2026.02,NWI wetland centroid 2026,Centroid res8 from NWI wetland objectid 123 polygon
WET_124,88464b9285fffff,8,oahu,2026.02,NWI wetland centroid 2026,Centroid res8 from NWI wetland objectid 124 polygon
WET_125,88464b92e3fffff,8,oahu,2026.02,NWI wetland centroid 2026,Centroid res8 from NWI wetland objectid 125 polygon
WET_126,88464b928dfffff,8,oahu,2026.02,NWI wetland centroid 2026,Centroid res8 from NWI wetland objectid 126 polygon
WET_127,88464b928dfffff,8,oahu,2026.02,NWI wetland centroid 2026,Centroid res8 from NWI wetland objectid 127 polygon
WET_128,88464b9237fffff,8,oahu,2026.02,NWI wetland centroid 2026,Centroid res8 from NWI wetland objectid 128 polygon
WET_129,88464b928dfffff,8,oahu,2026.02,NWI wetland centroid 2026,Centroid res8 from NWI wetland objectid 129 polygon
WET_130,88464b9233fffff,8,oahu,2026.02,NWI wetland centroid 2026,Centroid res8 from NWI wetland objectid 130 polygon
WET_131,88464b92ebfffff,8,oahu,2026.02,NWI wetland centroid 2026,Centroid res8 from NWI wetland objectid 131 polygon
WET_132,88464b92a7fffff,8,oahu,2026.02,NWI wetland centroid 2026,Centroid res8 from NWI wetland objectid 132 polygon
WET_133,88464b9035fffff,8,oahu,2026.02,NWI wetland centroid 2026,Centroid res8 from NWI wetland objectid 133 polygon
WET_134,88464b900bfffff,8,oahu,2026.02,NWI wetland centroid 2026,Centroid res8 from NWI wetland objectid 134 polygon
WET_135,88464b902dfffff,8,oahu,2026.02,NWI wetland centroid 2026,Centroid res8 from NWI wetland objectid 135 polygon
WET_136,88464b902dfffff,8,oahu,2026.02,NWI wetland centroid 2026,Centroid res8 from NWI wetland objectid 136 polygon
WET_137,88464b902dfffff,8,oahu,2026.02,NWI wetland centroid 2026,Centroid res8 from NWI wetland objectid 137 polygon
WET_138,88464b9043fffff,8,oahu,2026.02,NWI wetland centroid 2026,Centroid res8 from NWI wetland objectid 138 polygon
WET_139,88464b9001fffff,8,oahu,2026.02,NWI wetland centroid 2026,Centroid res8 from NWI wetland objectid 139 polygon
WET_140,88464b9065fffff,8,oahu,2026.02,NWI wetland centroid 2026,Centroid res8 from NWI wetland objectid 140 polygon
WET_141,88464b9333fffff,8,oahu,2026.02,NWI wetland centroid 2026,Centroid res8 from NWI wetland objectid 141 polygon
WET_142,88464b906dfffff,8,oahu,2026.02,NWI wetland centroid 2026,Centroid res8 from NWI wetland objectid 142 polygon
WET_143,88464b9045fffff,8,oahu,2026.02,NWI wetland centroid 2026,Centroid res8 from NWI wetland objectid 143 polygon
WET_144,88464b9043fffff,8,oahu,2026.02,NWI wetland centroid 2026,Centroid res8 from NWI wetland objectid 144 polygon
WET_145,88464b9047fffff,8,oahu,2026.02,NWI wetland centroid 2026,Centroid res8 from NWI wetland objectid 145 polygon
WET_146,88464b9043fffff,8,oahu,2026.02,NWI wetland centroid 2026,Centroid res8 from NWI wetland objectid 146 polygon
WET_147,88464b928dfffff,8,oahu,2026.02,NWI wetland centroid 2026,Centroid res8 from NWI wetland objectid 147 polygon
WET_148,88464b9005fffff,8,oahu,2026.02,NWI wetland centroid 2026,Centroid res8 from NWI wetland objectid 148 polygon
WET_149,88464b92a7fffff,8,oahu,2026.02,NWI wetland centroid 2026,Centroid res8 from NWI wetland objectid 149 polygon
WET_150,88464b9005fffff,8,oahu,2026.02,NWI wetland centroid 2026,Centroid res8 from NWI wetland objectid 150 polygon
WET_151,88464b9333fffff,8,oahu,2026.02,NWI wetland centroid 2026,Centroid res8 from NWI wetland objectid 151 polygon
WET_152,88464b9027fffff,8,oahu,2026.02,NWI wetland centroid 2026,Centroid res8 from NWI wetland objectid 152 polygon
WET_153,88464b91c9fffff,8,oahu,2026.02,NWI wetland centroid 2026,Centroid res8 from NWI wetland objectid 153 polygon
WET_154,88464b902bfffff,8,oahu,2026.02,NWI wetland centroid 2026,Centroid res8 from NWI wetland objectid 154 polygon
WET_155,88464b9067fffff,8,oahu,2026.02,NWI wetland centroid 2026,Centroid res8 from NWI wetland objectid 155 polygon
WET_156,88464b9063fffff,8,oahu,2026.02,NWI wetland centroid 2026,Centroid res8 from NWI wetland objectid 156 polygon
WET_157,88464b9061fffff,8,oahu,2026.02,NWI wetland centroid 2026,Centroid res8 from NWI wetland objectid 157 polygon
WET_158,88464b9065fffff,8,oahu,2026.02,NWI wetland centroid 2026,Centroid res8 from NWI wetland objectid 158 polygon
WET_159,88464b9001fffff,8,oahu,2026.02,NWI wetland centroid 2026,Centroid res8 from NWI wetland objectid 159 polygon
WET_160,88464b9065fffff,8,oahu,2026.02,NWI wetland centroid 2026,Centroid res8 from NWI wetland objectid 160 polygon
WET_161,88464b900dfffff,8,oahu,2026.02,NWI wetland centroid 2026,Centroid res8 from NWI wetland objectid 161 polygon
WET_162,88464b9061fffff,8,oahu,2026.02,NWI wetland centroid 2026,Centroid res8 from NWI wetland objectid 162 polygon
WET_163,88464b9061fffff,8,oahu,2026.02,NWI wetland centroid 2026,Centroid res8 from NWI wetland objectid 163 polygon
WET_164,88464b9061fffff,8,oahu,2026.02,NWI wetland centroid 2026,Centroid res8 from NWI wetland objectid 164 polygon
WET_165,88464b9051fffff,8,oahu,2026.02,NWI wetland centroid 2026,Centroid res8 from NWI wetland objectid 165 polygon
WET_166,88464b9051fffff,8,oahu,2026.02,NWI wetland centroid 2026,Centroid res8 from NWI wetland objectid 166 polygon
WET_167,88464b9059fffff,8,oahu,2026.02,NWI wetland centroid 2026,Centroid res8 from NWI wetland objectid 167 polygon
WET_168,88464b92e7fffff,8,oahu,2026.02,NWI wetland centroid 2026,Centroid res8 from NWI wetland objectid 168 polygon
WET_169,88464b90c1fffff,8,oahu,2026.02,NWI wetland centroid 2026,Centroid res8 from NWI wetland objectid 169 polygon
WET_170,88464b90c1fffff,8,oahu,2026.02,NWI wetland centroid 2026,Centroid res8 from NWI wetland objectid 170 polygon
WET_171,88464b92a7fffff,8,oahu,2026.02,NWI wetland centroid 2026,Centroid res8 from NWI wetland objectid 171 polygon
WET_172,88464b901bfffff,8,oahu,2026.02,NWI wetland centroid 2026,Centroid res8 from NWI wetland objectid 172 polygon
WET_173,88464b928dfffff,8,oahu,2026.02,NWI wetland centroid 2026,Centroid res8 from NWI wetland objectid 173 polygon
WET_174,88464b9065fffff,8,oahu,2026.02,NWI wetland centroid 2026,Centroid res8 from NWI wetland objectid 174 polygon
WET_175,88464b9061fffff,8,oahu,2026.02,NWI wetland centroid 2026,Centroid res8 from NWI wetland objectid 175 polygon
WET_176,88464b9065fffff,8,oahu,2026.02,NWI wetland centroid 2026,Centroid res8 from NWI wetland objectid 176 polygon
WET_177,8846482a41fffff,8,oahu,2026.02,NWI wetland centroid 2026,Centroid res8 from NWI wetland objectid 177 polygon
WET_178,88464838b1fffff,8,oahu,2026.02,NWI wetland centroid 2026,Centroid res8 from NWI wetland objectid 178 polygon
WET_179,8846483993fffff,8,oahu,2026.02,NWI wetland centroid 2026,Centroid res8 from NWI wetland objectid 179 polygon
WET_180,8846482a4dfffff,8,oahu,2026.02,NWI wetland centroid 2026,Centroid res8 from NWI wetland objectid 180 polygon
WET_181,8846482a41fffff,8,oahu,2026.02,NWI wetland centroid 2026,Centroid res8 from NWI wetland objectid 181 polygon
WET_182,8846482a41fffff,8,oahu,2026.02,NWI wetland centroid 2026,Centroid res8 from NWI wetland objectid 182 polygon
WET_183,8846482a41fffff,8,oahu,2026.02,NWI wetland centroid 2026,Centroid res8 from NWI wetland objectid 183 polygon
WET_184,8846482a47fffff,8,oahu,2026.02,NWI wetland centroid 2026,Centroid res8 from NWI wetland objectid 184 polygon
WET_185,8846482a5dfffff,8,oahu,2026.02,NWI wetland centroid 2026,Centroid res8 from NWI wetland objectid 185 polygon
WET_186,8846482a47fffff,8,oahu,2026.02,NWI wetland centroid 2026,Centroid res8 from NWI wetland objectid 186 polygon
WET_187,8846482a41fffff,8,oahu,2026.02,NWI wetland centroid 2026,Centroid res8 from NWI wetland objectid 187 polygon
WET_188,8846482a41fffff,8,oahu,2026.02,NWI wetland centroid 2026,Centroid res8 from NWI wetland objectid 188 polygon
WET_189,8846482a41fffff,8,oahu,2026.02,NWI wetland centroid 2026,Centroid res8 from NWI wetland objectid 189 polygon
WET_190,8846482a4dfffff,8,oahu,2026.02,NWI wetland centroid 2026,Centroid res8 from NWI wetland objectid 190 polygon
WET_191,8846482a41fffff,8,oahu,2026.02,NWI wetland centroid 2026,Centroid res8 from NWI wetland objectid 191 polygon
WET_192,88464838b9fffff,8,oahu,2026.02,NWI wetland centroid 2026,Centroid res8 from NWI wetland objectid 192 polygon
WET_193,8846482a41fffff,8,oahu,2026.02,NWI wetland centroid 2026,Centroid res8 from NWI wetland objectid 193 polygon
WET_194,88464838b9fffff,8,oahu,2026.02,NWI wetland centroid 2026,Centroid res8 from NWI wetland objectid 194 polygon
WET_195,8846482a4dfffff,8,oahu,2026.02,NWI wetland centroid 2026,Centroid res8 from NWI wetland objectid 195 polygon
WET_196,8846482a43fffff,8,oahu,2026.02,NWI wetland centroid 2026,Centroid res8 from NWI wetland objectid 196 polygon
WET_197,8846483895fffff,8,oahu,2026.02,NWI wetland centroid 2026,Centroid res8 from NWI wetland objectid 197 polygon
WET_198,8846482ac9fffff,8,oahu,2026.02,NWI wetland centroid 2026,Centroid res8 from NWI wetland objectid 198 polygon
WET_199,8846482a29fffff,8,oahu,2026.02,NWI wetland centroid 2026,Centroid res8 from NWI wetland objectid 199 polygon
WET_200,8846482a43fffff,8,oahu,2026.02,NWI wetland centroid 2026,Centroid res8 from NWI wetland objectid 200 polygon
WET_201,8846482a09fffff,8,oahu,2026.02,NWI wetland centroid 2026,Centroid res8 from NWI wetland objectid 201 polygon
WET_202,8846482a5bfffff,8,oahu,2026.02,NWI wetland centroid 2026,Centroid res8 from NWI wetland objectid 202 polygon
WET_203,8846482a47fffff,8,oahu,2026.02,NWI wetland centroid 2026,Centroid res8 from NWI wetland objectid 203 polygon
WET_204,88464838b5fffff,8,oahu,2026.02,NWI wetland centroid 2026,Centroid res8 from NWI wetland objectid 204 polygon
WET_205,8846482167fffff,8,oahu,2026.02,NWI wetland centroid 2026,Centroid res8 from NWI wetland objectid 205 polygon
WET_206,8846482167fffff,8,oahu,2026.02,NWI wetland centroid 2026,Centroid res8 from NWI wetland objectid 206 polygon
WET_207,8846482acbfffff,8,oahu,2026.02,NWI wetland centroid 2026,Centroid res8 from NWI wetland objectid 207 polygon
WET_208,8846482a03fffff,8,oahu,2026.02,NWI wetland centroid 2026,Centroid res8 from NWI wetland objectid 208 polygon
WET_209,8846482a05fffff,8,oahu,2026.02,NWI wetland centroid 2026,Centroid res8 from NWI wetland objectid 209 polygon
WET_210,8846482a1dfffff,8,oahu,2026.02,NWI wetland centroid 2026,Centroid res8 from NWI wetland objectid 210 polygon
WET_211,8846482a13fffff,8,oahu,2026.02,NWI wetland centroid 2026,Centroid res8 from NWI wetland objectid 211 polygon
WET_212,8846482a1bfffff,8,oahu,2026.02,NWI wetland centroid 2026,Centroid res8 from NWI wetland objectid 212 polygon
WET_213,8846482123fffff,8,oahu,2026.02,NWI wetland centroid 2026,Centroid res8 from NWI wetland objectid 213 polygon
WET_214,884648212bfffff,8,oahu,2026.02,NWI wetland centroid 2026,Centroid res8 from NWI wetland objectid 214 polygon
WET_215,8846482a09fffff,8,oahu,2026.02,NWI wetland centroid 2026,Centroid res8 from NWI wetland objectid 215 polygon
WET_216,8846482a47fffff,8,oahu,2026.02,NWI wetland centroid 2026,Centroid res8 from NWI wetland objectid 216 polygon
WET_217,8846482a47fffff,8,oahu,2026.02,NWI wetland centroid 2026,Centroid res8 from NWI wetland objectid 217 polygon
WET_218,8846482a41fffff,8,oahu,2026.02,NWI wetland centroid 2026,Centroid res8 from NWI wetland objectid 218 polygon
WET_219,8846482a43fffff,8,oahu,2026.02,NWI wetland centroid 2026,Centroid res8 from NWI wetland objectid 219 polygon
WET_220,8846482a5dfffff,8,oahu,2026.02,NWI wetland centroid 2026,Centroid res8 from NWI wetland objectid 220 polygon
WET_221,8846482a43fffff,8,oahu,2026.02,NWI wetland centroid 2026,Centroid res8 from NWI wetland objectid 221 polygon
WET_222,8846482a45fffff,8,oahu,2026.02,NWI wetland centroid 2026,Centroid res8 from NWI wetland objectid 222 polygon
WET_223,8846482105fffff,8,oahu,2026.02,NWI wetland centroid 2026,Centroid res8 from NWI wetland objectid 223 polygon
WET_224,8846482a43fffff,8,oahu,2026.02,NWI wetland centroid 2026,Centroid res8 from NWI wetland objectid 224 polygon
WET_225,8846482a43fffff,8,oahu,2026.02,NWI wetland centroid 2026,Centroid res8 from NWI wetland objectid 225 polygon
WET_226,8846482129fffff,8,oahu,2026.02,NWI wetland centroid 2026,Centroid res8 from NWI wetland objectid 226 polygon
WET_227,8846482167fffff,8,oahu,2026.02,NWI wetland centroid 2026,Centroid res8 from NWI wetland objectid 227 polygon
WET_228,88464838b5fffff,8,oahu,2026.02,NWI wetland centroid 2026,Centroid res8 from NWI wetland objectid 228 polygon
WET_229,88464838b5fffff,8,oahu,2026.02,NWI wetland centroid 2026,Centroid res8 from NWI wetland objectid 229 polygon
WET_230,88464838b1fffff,8,oahu,2026.02,NWI wetland centroid 2026,Centroid res8 from NWI wetland objectid 230 polygon
WET_231,88464838b1fffff,8,oahu,2026.02,NWI wetland centroid 2026,Centroid res8 from NWI wetland objectid 231 polygon
WET_232,88464838b1fffff,8,oahu,2026.02,NWI wetland centroid 2026,Centroid res8 from NWI wetland objectid 232 polygon
WET_233,88464838b1fffff,8,oahu,2026.02,NWI wetland centroid 2026,Centroid res8 from NWI wetland objectid 233 polygon
WET_234,88464838b1fffff,8,oahu,2026.02,NWI wetland centroid 2026,Centroid res8 from NWI wetland objectid 234 polygon
WET_235,88464838b9fffff,8,oahu,2026.02,NWI wetland centroid 2026,Centroid res8 from NWI wetland objectid 235 polygon
WET_236,884648214dfffff,8,oahu,2026.02,NWI wetland centroid 2026,Centroid res8 from NWI wetland objectid 236 polygon
WET_237,8846483895fffff,8,oahu,2026.02,NWI wetland centroid 2026,Centroid res8 from NWI wetland objectid 237 polygon
WET_238,8846483895fffff,8,oahu,2026.02,NWI wetland centroid 2026,Centroid res8 from NWI wetland objectid 238 polygon
WET_239,8846483893fffff,8,oahu,2026.02,NWI wetland centroid 2026,Centroid res8 from NWI wetland objectid 239 polygon
WET_240,8846483895fffff,8,oahu,2026.02,NWI wetland centroid 2026,Centroid res8 from NWI wetland objectid 240 polygon
WET_241,8846483893fffff,8,oahu,2026.02,NWI wetland centroid 2026,Centroid res8 from NWI wetland objectid 241 polygon
WET_242,8846483895fffff,8,oahu,2026.02,NWI wetland centroid 2026,Centroid res8 from NWI wetland objectid 242 polygon
WET_243,8846483899fffff,8,oahu,2026.02,NWI wetland centroid 2026,Centroid res8 from NWI wetland objectid 243 polygon
WET_244,88464821a5fffff,8,oahu,2026.02,NWI wetland centroid 2026,Centroid res8 from NWI wetland objectid 244 polygon
WET_245,8846482ac1fffff,8,oahu,2026.02,NWI wetland centroid 2026,Centroid res8 from NWI wetland objectid 245 polygon
WET_246,8846482ac9fffff,8,oahu,2026.02,NWI wetland centroid 2026,Centroid res8 from NWI wetland objectid 246 polygon
WET_247,8846482ac9fffff,8,oahu,2026.02,NWI wetland centroid 2026,Centroid res8 from NWI wetland objectid 247 polygon
WET_248,8846482a1dfffff,8,oahu,2026.02,NWI wetland centroid 2026,Centroid res8 from NWI wetland objectid 248 polygon
WET_249,8846482a03fffff,8,oahu,2026.02,NWI wetland centroid 2026,Centroid res8 from NWI wetland objectid 249 polygon
WET_250,8846482a01fffff,8,oahu,2026.02,NWI wetland centroid 2026,Centroid res8 from NWI wetland objectid 250 polygon
WET_251,884648212bfffff,8,oahu,2026.02,NWI wetland centroid 2026,Centroid res8 from NWI wetland objectid 251 polygon
WET_252,8846482105fffff,8,oahu,2026.02,NWI wetland centroid 2026,Centroid res8 from NWI wetland objectid 252 polygon
WET_253,8846482105fffff,8,oahu,2026.02,NWI wetland centroid 2026,Centroid res8 from NWI wetland objectid 253 polygon
WET_254,8846482a5dfffff,8,oahu,2026.02,NWI wetland centroid 2026,Centroid res8 from NWI wetland objectid 254 polygon
WET_255,8846482a43fffff,8,oahu,2026.02,NWI wetland centroid 2026,Centroid res8 from NWI wetland objectid 255 polygon
WET_256,8846482a43fffff,8,oahu,2026.02,NWI wetland centroid 2026,Centroid res8 from NWI wetland objectid 256 polygon
WET_257,884648210dfffff,8,oahu,2026.02,NWI wetland centroid 2026,Centroid res8 from NWI wetland objectid 257 polygon
WET_258,8846482147fffff,8,oahu,2026.02,NWI wetland centroid 2026,Centroid res8 from NWI wetland objectid 258 polygon
WET_259,8846482147fffff,8,oahu,2026.02,NWI wetland centroid 2026,Centroid res8 from NWI wetland objectid 259 polygon
WET_260,884648216bfffff,8,oahu,2026.02,NWI wetland centroid 2026,Centroid res8 from NWI wetland objectid 260 polygon
WET_261,8846482141fffff,8,oahu,2026.02,NWI wetland centroid 2026,Centroid res8 from NWI wetland objectid 261 polygon
WET_262,8846483893fffff,8,oahu,2026.02,NWI wetland centroid 2026,Centroid res8 from NWI wetland objectid 262 polygon
WET_263,884648214dfffff,8,oahu,2026.02,NWI wetland centroid 2026,Centroid res8 from NWI wetland objectid 263 polygon
WET_264,8846482ad1fffff,8,oahu,2026.02,NWI wetland centroid 2026,Centroid res8 from NWI wetland objectid 264 polygon
WET_265,8846482a89fffff,8,oahu,2026.02,NWI wetland centroid 2026,Centroid res8 from NWI wetland objectid 265 polygon
WET_266,8846482ac3fffff,8,oahu,2026.02,NWI wetland centroid 2026,Centroid res8 from NWI wetland objectid 266 polygon
WET_267,8846482a01fffff,8,oahu,2026.02,NWI wetland centroid 2026,Centroid res8 from NWI wetland objectid 267 polygon
WET_268,8846482a03fffff,8,oahu,2026.02,NWI wetland centroid 2026,Centroid res8 from NWI wetland objectid 268 polygon
WET_269,8846482a65fffff,8,oahu,2026.02,NWI wetland centroid 2026,Centroid res8 from NWI wetland objectid 269 polygon
WET_270,8846482a47fffff,8,oahu,2026.02,NWI wetland centroid 2026,Centroid res8 from NWI wetland objectid 270 polygon
WET_271,8846482a45fffff,8,oahu,2026.02,NWI wetland centroid 2026,Centroid res8 from NWI wetland objectid 271 polygon
WET_272,8846482a41fffff,8,oahu,2026.02,NWI wetland centroid 2026,Centroid res8 from NWI wetland objectid 272 polygon
WET_273,8846482a41fffff,8,oahu,2026.02,NWI wetland centroid 2026,Centroid res8 from NWI wetland objectid 273 polygon
WET_274,8846483997fffff,8,oahu,2026.02,NWI wetland centroid 2026,Centroid res8 from NWI wetland objectid 274 polygon
WET_275,88464838b5fffff,8,oahu,2026.02,NWI wetland centroid 2026,Centroid res8 from NWI wetland objectid 275 polygon
WET_276,884648216bfffff,8,oahu,2026.02,NWI wetland centroid 2026,Centroid res8 from NWI wetland objectid 276 polygon
WET_277,8846483995fffff,8,oahu,2026.02,NWI wetland centroid 2026,Centroid res8 from NWI wetland objectid 277 polygon
WET_278,8846483995fffff,8,oahu,2026.02,NWI wetland centroid 2026,Centroid res8 from NWI wetland objectid 278 polygon
WET_279,88464838b9fffff,8,oahu,2026.02,NWI wetland centroid 2026,Centroid res8 from NWI wetland objectid 279 polygon
WET_280,88464838b1fffff,8,oahu,2026.02,NWI wetland centroid 2026,Centroid res8 from NWI wetland objectid 280 polygon
WET_281,88464838b1fffff,8,oahu,2026.02,NWI wetland centroid 2026,Centroid res8 from NWI wetland objectid 281 polygon
WET_282,884648216dfffff,8,oahu,2026.02,NWI wetland centroid 2026,Centroid res8 from NWI wetland objectid 282 polygon
WET_283,8846482169fffff,8,oahu,2026.02,NWI wetland centroid 2026,Centroid res8 from NWI wetland objectid 283 polygon
WET_284,8846482a05fffff,8,oahu,2026.02,NWI wetland centroid 2026,Centroid res8 from NWI wetland objectid 284 polygon
WET_285,8846482a09fffff,8,oahu,2026.02,NWI wetland centroid 2026,Centroid res8 from NWI wetland objectid 285 polygon
WET_286,8846482a4bfffff,8,oahu,2026.02,NWI wetland centroid 2026,Centroid res8 from NWI wetland objectid 286 polygon
WET_287,8846482a5bfffff,8,oahu,2026.02,NWI wetland centroid 2026,Centroid res8 from NWI wetland objectid 287 polygon
WET_288,8846482a09fffff,8,oahu,2026.02,NWI wetland centroid 2026,Centroid res8 from NWI wetland objectid 288 polygon
WET_289,8846482a09fffff,8,oahu,2026.02,NWI wetland centroid 2026,Centroid res8 from NWI wetland objectid 289 polygon
WET_290,8846482a09fffff,8,oahu,2026.02,NWI wetland centroid 2026,Centroid res8 from NWI wetland objectid 290 polygon
WET_291,8846482a09fffff,8,oahu,2026.02,NWI wetland centroid 2026,Centroid res8 from NWI wetland objectid 291 polygon
WET_292,8846482a47fffff,8,oahu,2026.02,NWI wetland centroid 2026,Centroid res8 from NWI wetland objectid 292 polygon
WET_293,8846482a47fffff,8,oahu,2026.02,NWI wetland centroid 2026,Centroid res8 from NWI wetland objectid 293 polygon
WET_294,8846482a09fffff,8,oahu,2026.02,NWI wetland centroid 2026,Centroid res8 from NWI wetland objectid 294 polygon
WET_295,8846482a47fffff,8,oahu,2026.02,NWI wetland centroid 2026,Centroid res8 from NWI wetland objectid 295 polygon
WET_296,8846482a69fffff,8,oahu,2026.02,NWI wetland centroid 2026,Centroid res8 from NWI wetland objectid 296 polygon
WET_297,8846482a69fffff,8,oahu,2026.02,NWI wetland centroid 2026,Centroid res8 from NWI wetland objectid 297 polygon
WET_298,8846482a69fffff,8,oahu,2026.02,NWI wetland centroid 2026,Centroid res8 from NWI wetland objectid 298 polygon
WET_299,8846482a69fffff,8,oahu,2026.02,NWI wetland centroid 2026,Centroid res8 from NWI wetland objectid 299 polygon
WET_300,8846482a69fffff,8,oahu,2026.02,NWI wetland centroid 2026,Centroid res8 from NWI wetland objectid 300 polygon
WET_301,8846482a69fffff,8,oahu,2026.02,NWI wetland centroid 2026,Centroid res8 from NWI wetland objectid 301 polygon
WET_302,8846482a69fffff,8,oahu,2026.02,NWI wetland centroid 2026,Centroid res8 from NWI wetland objectid 302 polygon
WET_303,8846482a69fffff,8,oahu,2026.02,NWI wetland centroid 2026,Centroid res8 from NWI wetland objectid 303 polygon
WET_304,8846482a69fffff,8,oahu,2026.02,NWI wetland centroid 2026,Centroid res8 from NWI wetland objectid 304 polygon
WET_305,8846482a69fffff,8,oahu,2026.02,NWI wetland centroid 2026,Centroid res8 from NWI wetland objectid 305 polygon
WET_306,8846482a69fffff,8,oahu,2026.02,NWI wetland centroid 2026,Centroid res8 from NWI wetland objectid 306 polygon
WET_307,8846482a69fffff,8,oahu,2026.02,NWI wetland centroid 2026,Centroid res8 from NWI wetland objectid 307 polygon
WET_308,8846482a69fffff,8,oahu,2026.02,NWI wetland centroid 2026,Centroid res8 from NWI wetland objectid 308 polygon
WET_309,8846482a69fffff,8,oahu,2026.02,NWI wetland centroid 2026,Centroid res8 from NWI wetland objectid 309 polygon
WET_310,8846482a69fffff,8,oahu,2026.02,NWI wetland centroid 2026,Centroid res8 from NWI wetland objectid 310 polygon
WET_311,8846482a69fffff,8,oahu,2026.02,NWI wetland centroid 2026,Centroid res8 from NWI wetland objectid 311 polygon
WET_312,8846482a69fffff,8,oahu,2026.02,NWI wetland centroid 2026,Centroid res8 from NWI wetland objectid 312 polygon
WET_313,8846482a69fffff,8,oahu,2026.02,NWI wetland centroid 2026,Centroid res8 from NWI wetland objectid 313 polygon
WET_314,8846482a69fffff,8,oahu,2026.02,NWI wetland centroid 2026,Centroid res8 from NWI wetland objectid 314 polygon
WET_315,8846482a69fffff,8,oahu,2026.02,NWI wetland centroid 2026,Centroid res8 from NWI wetland objectid 315 polygon
WET_316,8846482a69fffff,8,oahu,2026.02,NWI wetland centroid 2026,Centroid res8 from NWI wetland objectid 316 polygon
WET_317,8846482a69fffff,8,oahu,2026.02,NWI wetland centroid 2026,Centroid res8 from NWI wetland objectid 317 polygon
WET_318,8846482a69fffff,8,oahu,2026.02,NWI wetland centroid 2026,Centroid res8 from NWI wetland objectid 318 polygon
WET_319,8846482a47fffff,8,oahu,2026.02,NWI wetland centroid 2026,Centroid res8 from NWI wetland objectid 319 polygon
WET_320,8846482a47fffff,8,oahu,2026.02,NWI wetland centroid 2026,Centroid res8 from NWI wetland objectid 320 polygon
WET_321,8846482a47fffff,8,oahu,2026.02,NWI wetland centroid 2026,Centroid res8 from NWI wetland objectid 321 polygon
WET_322,8846482a47fffff,8,oahu,2026.02,NWI wetland centroid 2026,Centroid res8 from NWI wetland objectid 322 polygon
WET_323,8846482a47fffff,8,oahu,2026.02,NWI wetland centroid 2026,Centroid res8 from NWI wetland objectid 323 polygon
WET_324,8846482a47fffff,8,oahu,2026.02,NWI wetland centroid 2026,Centroid res8 from NWI wetland objectid 324 polygon
WET_325,8846482a47fffff,8,oahu,2026.02,NWI wetland centroid 2026,Centroid res8 from NWI wetland objectid 325 polygon
WET_326,8846482a47fffff,8,oahu,2026.02,NWI wetland centroid 2026,Centroid res8 from NWI wetland objectid 326 polygon
WET_327,8846482a47fffff,8,oahu,2026.02,NWI wetland centroid 2026,Centroid res8 from NWI wetland objectid 327 polygon
WET_328,8846482a47fffff,8,oahu,2026.02,NWI wetland centroid 2026,Centroid res8 from NWI wetland objectid 328 polygon
WET_329,8846482a47fffff,8,oahu,2026.02,NWI wetland centroid 2026,Centroid res8 from NWI wetland objectid 329 polygon
WET_330,8846482a41fffff,8,oahu,2026.02,NWI wetland centroid 2026,Centroid res8 from NWI wetland objectid 330 polygon
WET_331,8846482a45fffff,8,oahu,2026.02,NWI wetland centroid 2026,Centroid res8 from NWI wetland objectid 331 polygon
WET_332,8846482a45fffff,8,oahu,2026.02,NWI wetland centroid 2026,Centroid res8 from NWI wetland objectid 332 polygon
WET_333,8846482a45fffff,8,oahu,2026.02,NWI wetland centroid 2026,Centroid res8 from NWI wetland objectid 333 polygon
WET_334,8846482a45fffff,8,oahu,2026.02,NWI wetland centroid 2026,Centroid res8 from NWI wetland objectid 334 polygon
WET_335,8846482a45fffff,8,oahu,2026.02,NWI wetland centroid 2026,Centroid res8 from NWI wetland objectid 335 polygon
WET_336,8846482a45fffff,8,oahu,2026.02,NWI wetland centroid 2026,Centroid res8 from NWI wetland objectid 336 polygon
WET_337,8846482a43fffff,8,oahu,2026.02,NWI wetland centroid 2026,Centroid res8 from NWI wetland objectid 337 polygon
WET_338,8846482a45fffff,8,oahu,2026.02,NWI wetland centroid 2026,Centroid res8 from NWI wetland objectid 338 polygon
WET_339,8846482a41fffff,8,oahu,2026.02,NWI wetland centroid 2026,Centroid res8 from NWI wetland objectid 339 polygon
WET_340,8846482a45fffff,8,oahu,2026.02,NWI wetland centroid 2026,Centroid res8 from NWI wetland objectid 340 polygon
WET_341,8846482a41fffff,8,oahu,2026.02,NWI wetland centroid 2026,Centroid res8 from NWI wetland objectid 341 polygon
WET_342,8846482a41fffff,8,oahu,2026.02,NWI wetland centroid 2026,Centroid res8 from NWI wetland objectid 342 polygon
WET_343,8846482a41fffff,8,oahu,2026.02,NWI wetland centroid 2026,Centroid res8 from NWI wetland objectid 343 polygon
WET_344,8846482a41fffff,8,oahu,2026.02,NWI wetland centroid 2026,Centroid res8 from NWI wetland objectid 344 polygon
WET_345,8846482a41fffff,8,oahu,2026.02,NWI wetland centroid 2026,Centroid res8 from NWI wetland objectid 345 polygon
WET_346,8846482a41fffff,8,oahu,2026.02,NWI wetland centroid 2026,Centroid res8 from NWI wetland objectid 346 polygon
WET_347,8846482a41fffff,8,oahu,2026.02,NWI wetland centroid 2026,Centroid res8 from NWI wetland objectid 347 polygon
WET_348,8846482a4bfffff,8,oahu,2026.02,NWI wetland centroid 2026,Centroid res8 from NWI wetland objectid 348 polygon
WET_349,8846482a4bfffff,8,oahu,2026.02,NWI wetland centroid 2026,Centroid res8 from NWI wetland objectid 349 polygon
WET_350,8846482a4bfffff,8,oahu,2026.02,NWI wetland centroid 2026,Centroid res8 from NWI wetland objectid 350 polygon
WET_351,8846482a4bfffff,8,oahu,2026.02,NWI wetland centroid 2026,Centroid res8 from NWI wetland objectid 351 polygon
WET_352,8846482a4bfffff,8,oahu,2026.02,NWI wetland centroid 2026,Centroid res8 from NWI wetland objectid 352 polygon
WET_353,8846482a4bfffff,8,oahu,2026.02,NWI wetland centroid 2026,Centroid res8 from NWI wetland objectid 353 polygon
WET_354,8846482a4bfffff,8,oahu,2026.02,NWI wetland centroid 2026,Centroid res8 from NWI wetland objectid 354 polygon
WET_355,88464838b5fffff,8,oahu,2026.02,NWI wetland centroid 2026,Centroid res8 from NWI wetland objectid 355 polygon
WET_356,88464838b5fffff,8,oahu,2026.02,NWI wetland centroid 2026,Centroid res8 from NWI wetland objectid 356 polygon
WET_357,88464838b1fffff,8,oahu,2026.02,NWI wetland centroid 2026,Centroid res8 from NWI wetland objectid 357 polygon
WET_358,88464838b1fffff,8,oahu,2026.02,NWI wetland centroid 2026,Centroid res8 from NWI wetland objectid 358 polygon
WET_359,88464838b1fffff,8,oahu,2026.02,NWI wetland centroid 2026,Centroid res8 from NWI wetland objectid 359 polygon
WET_360,8846482a4bfffff,8,oahu,2026.02,NWI wetland centroid 2026,Centroid res8 from NWI wetland objectid 360 polygon
WET_361,88464838b5fffff,8,oahu,2026.02,NWI wetland centroid 2026,Centroid res8 from NWI wetland objectid 361 polygon
WET_362,88464838b3fffff,8,oahu,2026.02,NWI wetland centroid 2026,Centroid res8 from NWI wetland objectid 362 polygon
WET_363,8846482ab1fffff,8,oahu,2026.02,NWI wetland centroid 2026,Centroid res8 from NWI wetland objectid 363 polygon
WET_364,8846482809fffff,8,oahu,2026.02,NWI wetland centroid 2026,Centroid res8 from NWI wetland objectid 364 polygon
WET_365,8846482809fffff,8,oahu,2026.02,NWI wetland centroid 2026,Centroid res8 from NWI wetland objectid 365 polygon
WET_366,8846482843fffff,8,oahu,2026.02,NWI wetland centroid 2026,Centroid res8 from NWI wetland objectid 366 polygon
WET_367,884648285bfffff,8,oahu,2026.02,NWI wetland centroid 2026,Centroid res8 from NWI wetland objectid 367 polygon
WET_368,8846482b1bfffff,8,oahu,2026.02,NWI wetland centroid 2026,Centroid res8 from NWI wetland objectid 368 polygon
WET_369,8846482a31fffff,8,oahu,2026.02,NWI wetland centroid 2026,Centroid res8 from NWI wetland objectid 369 polygon
WET_370,8846482a23fffff,8,oahu,2026.02,NWI wetland centroid 2026,Centroid res8 from NWI wetland objectid 370 polygon
WET_371,8846482a05fffff,8,oahu,2026.02,NWI wetland centroid 2026,Centroid res8 from NWI wetland objectid 371 polygon
WET_372,8846482a09fffff,8,oahu,2026.02,NWI wetland centroid 2026,Centroid res8 from NWI wetland objectid 372 polygon
WET_373,8846482a09fffff,8,oahu,2026.02,NWI wetland centroid 2026,Centroid res8 from NWI wetland objectid 373 polygon
WET_374,8846482123fffff,8,oahu,2026.02,NWI wetland centroid 2026,Centroid res8 from NWI wetland objectid 374 polygon
WET_375,8846482121fffff,8,oahu,2026.02,NWI wetland centroid 2026,Centroid res8 from NWI wetland objectid 375 polygon
WET_376,8846482105fffff,8,oahu,2026.02,NWI wetland centroid 2026,Centroid res8 from NWI wetland objectid 376 polygon
WET_377,8846482105fffff,8,oahu,2026.02,NWI wetland centroid 2026,Centroid res8 from NWI wetland objectid 377 polygon
WET_378,8846482a59fffff,8,oahu,2026.02,NWI wetland centroid 2026,Centroid res8 from NWI wetland objectid 378 polygon
WET_379,8846482163fffff,8,oahu,2026.02,NWI wetland centroid 2026,Centroid res8 from NWI wetland objectid 379 polygon
WET_380,8846482165fffff,8,oahu,2026.02,NWI wetland centroid 2026,Centroid res8 from NWI wetland objectid 380 polygon
WET_381,8846482143fffff,8,oahu,2026.02,NWI wetland centroid 2026,Centroid res8 from NWI wetland objectid 381 polygon
WET_382,88464838bbfffff,8,oahu,2026.02,NWI wetland centroid 2026,Centroid res8 from NWI wetland objectid 382 polygon
WET_383,8846482145fffff,8,oahu,2026.02,NWI wetland centroid 2026,Centroid res8 from NWI wetland objectid 383 polygon
WET_384,8846483893fffff,8,oahu,2026.02,NWI wetland centroid 2026,Centroid res8 from NWI wetland objectid 384 polygon
WET_385,8846483893fffff,8,oahu,2026.02,NWI wetland centroid 2026,Centroid res8 from NWI wetland objectid 385 polygon
WET_386,884648214dfffff,8,oahu,2026.02,NWI wetland centroid 2026,Centroid res8 from NWI wetland objectid 386 polygon
WET_387,8846482a09fffff,8,oahu,2026.02,NWI wetland centroid 2026,Centroid res8 from NWI wetland objectid 387 polygon
WET_388,88464838b3fffff,8,oahu,2026.02,NWI wetland centroid 2026,Centroid res8 from NWI wetland objectid 388 polygon
WET_389,8846482ac1fffff,8,oahu,2026.02,NWI wetland centroid 2026,Centroid res8 from NWI wetland objectid 389 polygon
WET_390,8846482ac9fffff,8,oahu,2026.02,NWI wetland centroid 2026,Centroid res8 from NWI wetland objectid 390 polygon
WET_391,8846482a0dfffff,8,oahu,2026.02,NWI wetland centroid 2026,Centroid res8 from NWI wetland objectid 391 polygon
WET_392,8846482a0dfffff,8,oahu,2026.02,NWI wetland centroid 2026,Centroid res8 from NWI wetland objectid 392 polygon
WET_393,8846482a0dfffff,8,oahu,2026.02,NWI wetland centroid 2026,Centroid res8 from NWI wetland objectid 393 polygon
WET_394,8846482a0dfffff,8,oahu,2026.02,NWI wetland centroid 2026,Centroid res8 from NWI wetland objectid 394 polygon
WET_395,8846482a0dfffff,8,oahu,2026.02,NWI wetland centroid 2026,Centroid res8 from NWI wetland objectid 395 polygon
WET_396,8846482a41fffff,8,oahu,2026.02,NWI wetland centroid 2026,Centroid res8 from NWI wetland objectid 396 polygon
WET_397,8846482a4bfffff,8,oahu,2026.02,NWI wetland centroid 2026,Centroid res8 from NWI wetland objectid 397 polygon
WET_398,8846482325fffff,8,oahu,2026.02,NWI wetland centroid 2026,Centroid res8 from NWI wetland objectid 398 polygon
WET_399,8846482a65fffff,8,oahu,2026.02,NWI wetland centroid 2026,Centroid res8 from NWI wetland objectid 399 polygon
WET_400,8846482a0dfffff,8,oahu,2026.02,NWI wetland centroid 2026,Centroid res8 from NWI wetland objectid 400 polygon
WET_401,8846482129fffff,8,oahu,2026.02,NWI wetland centroid 2026,Centroid res8 from NWI wetland objectid 401 polygon
WET_402,8846482ab1fffff,8,oahu,2026.02,NWI wetland centroid 2026,Centroid res8 from NWI wetland objectid 402 polygon
WET_403,8846482ab1fffff,8,oahu,2026.02,NWI wetland centroid 2026,Centroid res8 from NWI wetland objectid 403 polygon
WET_404,8846482a45fffff,8,oahu,2026.02,NWI wetland centroid 2026,Centroid res8 from NWI wetland objectid 404 polygon
WET_405,8846482a41fffff,8,oahu,2026.02,NWI wetland centroid 2026,Centroid res8 from NWI wetland objectid 405 polygon
WET_406,88464838b5fffff,8,oahu,2026.02,NWI wetland centroid 2026,Centroid res8 from NWI wetland objectid 406 polygon
WET_407,8846483895fffff,8,oahu,2026.02,NWI wetland centroid 2026,Centroid res8 from NWI wetland objectid 407 polygon
WET_408,8846482a17fffff,8,oahu,2026.02,NWI wetland centroid 2026,Centroid res8 from NWI wetland objectid 408 polygon
WET_409,8846482ac9fffff,8,oahu,2026.02,NWI wetland centroid 2026,Centroid res8 from NWI wetland objectid 409 polygon
WET_410,8846482a03fffff,8,oahu,2026.02,NWI wetland centroid 2026,Centroid res8 from NWI wetland objectid 410 polygon
WET_411,8846482117fffff,8,oahu,2026.02,NWI wetland centroid 2026,Centroid res8 from NWI wetland objectid 411 polygon
WET_412,8846482115fffff,8,oahu,2026.02,NWI wetland centroid 2026,Centroid res8 from NWI wetland objectid 412 polygon
WET_413,8846482107fffff,8,oahu,2026.02,NWI wetland centroid 2026,Centroid res8 from NWI wetland objectid 413 polygon
WET_414,8846482105fffff,8,oahu,2026.02,NWI wetland centroid 2026,Centroid res8 from NWI wetland objectid 414 polygon
WET_415,8846482a4bfffff,8,oahu,2026.02,NWI wetland centroid 2026,Centroid res8 from NWI wetland objectid 415 polygon
WET_416,8846482a59fffff,8,oahu,2026.02,NWI wetland centroid 2026,Centroid res8 from NWI wetland objectid 416 polygon
WET_417,8846482147fffff,8,oahu,2026.02,NWI wetland centroid 2026,Centroid res8 from NWI wetland objectid 417 polygon
WET_418,884648216bfffff,8,oahu,2026.02,NWI wetland centroid 2026,Centroid res8 from NWI wetland objectid 418 polygon
WET_419,884648214dfffff,8,oahu,2026.02,NWI wetland centroid 2026,Centroid res8 from NWI wetland objectid 419 polygon
WET_420,8846483893fffff,8,oahu,2026.02,NWI wetland centroid 2026,Centroid res8 from NWI wetland objectid 420 polygon
WET_421,884648214dfffff,8,oahu,2026.02,NWI wetland centroid 2026,Centroid res8 from NWI wetland objectid 421 polygon
WET_422,8846482ad7fffff,8,oahu,2026.02,NWI wetland centroid 2026,Centroid res8 from NWI wetland objectid 422 polygon
WET_423,8846482aedfffff,8,oahu,2026.02,NWI wetland centroid 2026,Centroid res8 from NWI wetland objectid 423 polygon
WET_424,8846482addfffff,8,oahu,2026.02,NWI wetland centroid 2026,Centroid res8 from NWI wetland objectid 424 polygon
WET_425,8846482a13fffff,8,oahu,2026.02,NWI wetland centroid 2026,Centroid res8 from NWI wetland objectid 425 polygon
WET_426,8846482a03fffff,8,oahu,2026.02,NWI wetland centroid 2026,Centroid res8 from NWI wetland objectid 426 polygon
WET_427,8846482127fffff,8,oahu,2026.02,NWI wetland centroid 2026,Centroid res8 from NWI wetland objectid 427 polygon
WET_428,884648212bfffff,8,oahu,2026.02,NWI wetland centroid 2026,Centroid res8 from NWI wetland objectid 428 polygon
WET_429,884648212bfffff,8,oahu,2026.02,NWI wetland centroid 2026,Centroid res8 from NWI wetland objectid 429 polygon
WET_430,8846482a47fffff,8,oahu,2026.02,NWI wetland centroid 2026,Centroid res8 from NWI wetland objectid 430 polygon
WET_431,8846482a47fffff,8,oahu,2026.02,NWI wetland centroid 2026,Centroid res8 from NWI wetland objectid 431 polygon
WET_432,8846482a47fffff,8,oahu,2026.02,NWI wetland centroid 2026,Centroid res8 from NWI wetland objectid 432 polygon
WET_433,8846482a41fffff,8,oahu,2026.02,NWI wetland centroid 2026,Centroid res8 from NWI wetland objectid 433 polygon
WET_434,8846482a41fffff,8,oahu,2026.02,NWI wetland centroid 2026,Centroid res8 from NWI wetland objectid 434 polygon
WET_435,8846482a41fffff,8,oahu,2026.02,NWI wetland centroid 2026,Centroid res8 from NWI wetland objectid 435 polygon
WET_436,8846482a41fffff,8,oahu,2026.02,NWI wetland centroid 2026,Centroid res8 from NWI wetland objectid 436 polygon
WET_437,8846482167fffff,8,oahu,2026.02,NWI wetland centroid 2026,Centroid res8 from NWI wetland objectid 437 polygon
WET_438,8846482a41fffff,8,oahu,2026.02,NWI wetland centroid 2026,Centroid res8 from NWI wetland objectid 438 polygon
WET_439,8846482a43fffff,8,oahu,2026.02,NWI wetland centroid 2026,Centroid res8 from NWI wetland objectid 439 polygon
WET_440,8846482a41fffff,8,oahu,2026.02,NWI wetland centroid 2026,Centroid res8 from NWI wetland objectid 440 polygon
WET_441,8846482a41fffff,8,oahu,2026.02,NWI wetland centroid 2026,Centroid res8 from NWI wetland objectid 441 polygon
WET_442,8846482105fffff,8,oahu,2026.02,NWI wetland centroid 2026,Centroid res8 from NWI wetland objectid 442 polygon
WET_443,8846482a41fffff,8,oahu,2026.02,NWI wetland centroid 2026,Centroid res8 from NWI wetland objectid 443 polygon
WET_444,8846482a41fffff,8,oahu,2026.02,NWI wetland centroid 2026,Centroid res8 from NWI wetland objectid 444 polygon
WET_445,8846482a41fffff,8,oahu,2026.02,NWI wetland centroid 2026,Centroid res8 from NWI wetland objectid 445 polygon
WET_446,88464838b5fffff,8,oahu,2026.02,NWI wetland centroid 2026,Centroid res8 from NWI wetland objectid 446 polygon
WET_447,88464838b5fffff,8,oahu,2026.02,NWI wetland centroid 2026,Centroid res8 from NWI wetland objectid 447 polygon
WET_448,8846482161fffff,8,oahu,2026.02,NWI wetland centroid 2026,Centroid res8 from NWI wetland objectid 448 polygon
WET_449,8846482169fffff,8,oahu,2026.02,NWI wetland centroid 2026,Centroid res8 from NWI wetland objectid 449 polygon
WET_450,8846482169fffff,8,oahu,2026.02,NWI wetland centroid 2026,Centroid res8 from NWI wetland objectid 450 polygon
WET_451,884648214dfffff,8,oahu,2026.02,NWI wetland centroid 2026,Centroid res8 from NWI wetland objectid 451 polygon
WET_452,8846482327fffff,8,oahu,2026.02,NWI wetland centroid 2026,Centroid res8 from NWI wetland objectid 452 polygon
WET_453,8846482a45fffff,8,oahu,2026.02,NWI wetland centroid 2026,Centroid res8 from NWI wetland objectid 453 polygon
WET_454,8846482a41fffff,8,oahu,2026.02,NWI wetland centroid 2026,Centroid res8 from NWI wetland objectid 454 polygon
WET_455,8846482a03fffff,8,oahu,2026.02,NWI wetland centroid 2026,Centroid res8 from NWI wetland objectid 455 polygon
WET_456,8846482a0dfffff,8,oahu,2026.02,NWI wetland centroid 2026,Centroid res8 from NWI wetland objectid 456 polygon
WET_457,8846482a0dfffff,8,oahu,2026.02,NWI wetland centroid 2026,Centroid res8 from NWI wetland objectid 457 polygon
WET_458,8846482a0dfffff,8,oahu,2026.02,NWI wetland centroid 2026,Centroid res8 from NWI wetland objectid 458 polygon
WET_459,8846482a0dfffff,8,oahu,2026.02,NWI wetland centroid 2026,Centroid res8 from NWI wetland objectid 459 polygon
WET_460,8846482a0dfffff,8,oahu,2026.02,NWI wetland centroid 2026,Centroid res8 from NWI wetland objectid 460 polygon
WET_461,8846482a47fffff,8,oahu,2026.02,NWI wetland centroid 2026,Centroid res8 from NWI wetland objectid 461 polygon
WET_462,8846482a47fffff,8,oahu,2026.02,NWI wetland centroid 2026,Centroid res8 from NWI wetland objectid 462 polygon
WET_463,8846482a47fffff,8,oahu,2026.02,NWI wetland centroid 2026,Centroid res8 from NWI wetland objectid 463 polygon
WET_464,8846482809fffff,8,oahu,2026.02,NWI wetland centroid 2026,Centroid res8 from NWI wetland objectid 464 polygon
WET_465,8846482ac3fffff,8,oahu,2026.02,NWI wetland centroid 2026,Centroid res8 from NWI wetland objectid 465 polygon
WET_466,8846482ac1fffff,8,oahu,2026.02,NWI wetland centroid 2026,Centroid res8 from NWI wetland objectid 466 polygon
WET_467,8846482a11fffff,8,oahu,2026.02,NWI wetland centroid 2026,Centroid res8 from NWI wetland objectid 467 polygon
WET_468,8846482a29fffff,8,oahu,2026.02,NWI wetland centroid 2026,Centroid res8 from NWI wetland objectid 468 polygon
WET_469,8846482a1dfffff,8,oahu,2026.02,NWI wetland centroid 2026,Centroid res8 from NWI wetland objectid 469 polygon
WET_470,8846482a05fffff,8,oahu,2026.02,NWI wetland centroid 2026,Centroid res8 from NWI wetland objectid 470 polygon
WET_471,8846482a57fffff,8,oahu,2026.02,NWI wetland centroid 2026,Centroid res8 from NWI wetland objectid 471 polygon
WET_472,8846482a01fffff,8,oahu,2026.02,NWI wetland centroid 2026,Centroid res8 from NWI wetland objectid 472 polygon
WET_473,884648212bfffff,8,oahu,2026.02,NWI wetland centroid 2026,Centroid res8 from NWI wetland objectid 473 polygon
WET_474,884648212bfffff,8,oahu,2026.02,NWI wetland centroid 2026,Centroid res8 from NWI wetland objectid 474 polygon
WET_475,8846482a6dfffff,8,oahu,2026.02,NWI wetland centroid 2026,Centroid res8 from NWI wetland objectid 475 polygon
WET_476,8846482a47fffff,8,oahu,2026.02,NWI wetland centroid 2026,Centroid res8 from NWI wetland objectid 476 polygon
WET_477,8846482105fffff,8,oahu,2026.02,NWI wetland centroid 2026,Centroid res8 from NWI wetland objectid 477 polygon
WET_478,8846482a41fffff,8,oahu,2026.02,NWI wetland centroid 2026,Centroid res8 from NWI wetland objectid 478 polygon
WET_479,8846482105fffff,8,oahu,2026.02,NWI wetland centroid 2026,Centroid res8 from NWI wetland objectid 479 polygon
WET_480,8846482167fffff,8,oahu,2026.02,NWI wetland centroid 2026,Centroid res8 from NWI wetland objectid 480 polygon
WET_481,884648216dfffff,8,oahu,2026.02,NWI wetland centroid 2026,Centroid res8 from NWI wetland objectid 481 polygon
WET_482,884648214bfffff,8,oahu,2026.02,NWI wetland centroid 2026,Centroid res8 from NWI wetland objectid 482 polygon
WET_483,8846482aedfffff,8,oahu,2026.02,NWI wetland centroid 2026,Centroid res8 from NWI wetland objectid 483 polygon
WET_484,8846482ad7fffff,8,oahu,2026.02,NWI wetland centroid 2026,Centroid res8 from NWI wetland objectid 484 polygon
WET_485,8846482a2bfffff,8,oahu,2026.02,NWI wetland centroid 2026,Centroid res8 from NWI wetland objectid 485 polygon
WET_486,8846482a13fffff,8,oahu,2026.02,NWI wetland centroid 2026,Centroid res8 from NWI wetland objectid 486 polygon
WET_487,8846482a29fffff,8,oahu,2026.02,NWI wetland centroid 2026,Centroid res8 from NWI wetland objectid 487 polygon
WET_488,8846482a29fffff,8,oahu,2026.02,NWI wetland centroid 2026,Centroid res8 from NWI wetland objectid 488 polygon
WET_489,8846482acdfffff,8,oahu,2026.02,NWI wetland centroid 2026,Centroid res8 from NWI wetland objectid 489 polygon
WET_490,8846482a67fffff,8,oahu,2026.02,NWI wetland centroid 2026,Centroid res8 from NWI wetland objectid 490 polygon
WET_491,8846482a67fffff,8,oahu,2026.02,NWI wetland centroid 2026,Centroid res8 from NWI wetland objectid 491 polygon
WET_492,8846482127fffff,8,oahu,2026.02,NWI wetland centroid 2026,Centroid res8 from NWI wetland objectid 492 polygon
WET_493,8846482123fffff,8,oahu,2026.02,NWI wetland centroid 2026,Centroid res8 from NWI wetland objectid 493 polygon
WET_494,884648212bfffff,8,oahu,2026.02,NWI wetland centroid 2026,Centroid res8 from NWI wetland objectid 494 polygon
WET_495,884648212bfffff,8,oahu,2026.02,NWI wetland centroid 2026,Centroid res8 from NWI wetland objectid 495 polygon
WET_496,8846482107fffff,8,oahu,2026.02,NWI wetland centroid 2026,Centroid res8 from NWI wetland objectid 496 polygon
WET_497,8846482a69fffff,8,oahu,2026.02,NWI wetland centroid 2026,Centroid res8 from NWI wetland objectid 497 polygon
WET_498,8846482129fffff,8,oahu,2026.02,NWI wetland centroid 2026,Centroid res8 from NWI wetland objectid 498 polygon
WET_499,8846482105fffff,8,oahu,2026.02,NWI wetland centroid 2026,Centroid res8 from NWI wetland objectid 499 polygon
WET_500,8846482167fffff,8,oahu,2026.02,NWI wetland centroid 2026,Centroid res8 from NWI wetland objectid 500 polygon
WET_501,8846482167fffff,8,oahu,2026.02,NWI wetland centroid 2026,Centroid res8 from NWI wetland objectid 501 polygon
WET_502,884648210dfffff,8,oahu,2026.02,NWI wetland centroid 2026,Centroid res8 from NWI wetland objectid 502 polygon
WET_503,8846482161fffff,8,oahu,2026.02,NWI wetland centroid 2026,Centroid res8 from NWI wetland objectid 503 polygon
WET_504,884648216bfffff,8,oahu,2026.02,NWI wetland centroid 2026,Centroid res8 from NWI wetland objectid 504 polygon
WET_505,8846482169fffff,8,oahu,2026.02,NWI wetland centroid 2026,Centroid res8 from NWI wetland objectid 505 polygon
WET_506,8846482169fffff,8,oahu,2026.02,NWI wetland centroid 2026,Centroid res8 from NWI wetland objectid 506 polygon
WET_507,8846482169fffff,8,oahu,2026.02,NWI wetland centroid 2026,Centroid res8 from NWI wetland objectid 507 polygon
WET_508,8846482147fffff,8,oahu,2026.02,NWI wetland centroid 2026,Centroid res8 from NWI wetland objectid 508 polygon
WET_509,8846482145fffff,8,oahu,2026.02,NWI wetland centroid 2026,Centroid res8 from NWI wetland objectid 509 polygon
WET_510,8846482169fffff,8,oahu,2026.02,NWI wetland centroid 2026,Centroid res8 from NWI wetland objectid 510 polygon
WET_511,8846482145fffff,8,oahu,2026.02,NWI wetland centroid 2026,Centroid res8 from NWI wetland objectid 511 polygon
WET_512,8846482141fffff,8,oahu,2026.02,NWI wetland centroid 2026,Centroid res8 from NWI wetland objectid 512 polygon
WET_513,884648214dfffff,8,oahu,2026.02,NWI wetland centroid 2026,Centroid res8 from NWI wetland objectid 513 polygon
WET_514,8846483893fffff,8,oahu,2026.02,NWI wetland centroid 2026,Centroid res8 from NWI wetland objectid 514 polygon
WET_515,884648389bfffff,8,oahu,2026.02,NWI wetland centroid 2026,Centroid res8 from NWI wetland objectid 515 polygon
WET_516,8846482327fffff,8,oahu,2026.02,NWI wetland centroid 2026,Centroid res8 from NWI wetland objectid 516 polygon
WET_517,8846482aa9fffff,8,oahu,2026.02,NWI wetland centroid 2026,Centroid res8 from NWI wetland objectid 517 polygon
WET_518,8846482a07fffff,8,oahu,2026.02,NWI wetland centroid 2026,Centroid res8 from NWI wetland objectid 518 polygon
WET_519,8846482a07fffff,8,oahu,2026.02,NWI wetland centroid 2026,Centroid res8 from NWI wetland objectid 519 polygon
WET_520,8846482a39fffff,8,oahu,2026.02,NWI wetland centroid 2026,Centroid res8 from NWI wetland objectid 520 polygon
WET_521,8846482ac1fffff,8,oahu,2026.02,NWI wetland centroid 2026,Centroid res8 from NWI wetland objectid 521 polygon
WET_522,8846482ac9fffff,8,oahu,2026.02,NWI wetland centroid 2026,Centroid res8 from NWI wetland objectid 522 polygon
WET_523,8846482ac9fffff,8,oahu,2026.02,NWI wetland centroid 2026,Centroid res8 from NWI wetland objectid 523 polygon
WET_524,8846482a11fffff,8,oahu,2026.02,NWI wetland centroid 2026,Centroid res8 from NWI wetland objectid 524 polygon
WET_525,8846482a05fffff,8,oahu,2026.02,NWI wetland centroid 2026,Centroid res8 from NWI wetland objectid 525 polygon
WET_526,8846482a67fffff,8,oahu,2026.02,NWI wetland centroid 2026,Centroid res8 from NWI wetland objectid 526 polygon
WET_527,8846482a1dfffff,8,oahu,2026.02,NWI wetland centroid 2026,Centroid res8 from NWI wetland objectid 527 polygon
WET_528,8846482127fffff,8,oahu,2026.02,NWI wetland centroid 2026,Centroid res8 from NWI wetland objectid 528 polygon
WET_529,8846482a65fffff,8,oahu,2026.02,NWI wetland centroid 2026,Centroid res8 from NWI wetland objectid 529 polygon
WET_530,8846482a1dfffff,8,oahu,2026.02,NWI wetland centroid 2026,Centroid res8 from NWI wetland objectid 530 polygon
WET_531,8846482a1dfffff,8,oahu,2026.02,NWI wetland centroid 2026,Centroid res8 from NWI wetland objectid 531 polygon
WET_532,8846482a63fffff,8,oahu,2026.02,NWI wetland centroid 2026,Centroid res8 from NWI wetland objectid 532 polygon
WET_533,8846482a63fffff,8,oahu,2026.02,NWI wetland centroid 2026,Centroid res8 from NWI wetland objectid 533 polygon
WET_534,8846482a57fffff,8,oahu,2026.02,NWI wetland centroid 2026,Centroid res8 from NWI wetland objectid 534 polygon
WET_535,8846482a53fffff,8,oahu,2026.02,NWI wetland centroid 2026,Centroid res8 from NWI wetland objectid 535 polygon
WET_536,884648212bfffff,8,oahu,2026.02,NWI wetland centroid 2026,Centroid res8 from NWI wetland objectid 536 polygon
WET_537,884648212bfffff,8,oahu,2026.02,NWI wetland centroid 2026,Centroid res8 from NWI wetland objectid 537 polygon
WET_538,884648212bfffff,8,oahu,2026.02,NWI wetland centroid 2026,Centroid res8 from NWI wetland objectid 538 polygon
WET_539,8846482a61fffff,8,oahu,2026.02,NWI wetland centroid 2026,Centroid res8 from NWI wetland objectid 539 polygon
WET_540,8846482a6bfffff,8,oahu,2026.02,NWI wetland centroid 2026,Centroid res8 from NWI wetland objectid 540 polygon
WET_541,8846482a57fffff,8,oahu,2026.02,NWI wetland centroid 2026,Centroid res8 from NWI wetland objectid 541 polygon
WET_542,8846482a6dfffff,8,oahu,2026.02,NWI wetland centroid 2026,Centroid res8 from NWI wetland objectid 542 polygon
WET_543,884648212bfffff,8,oahu,2026.02,NWI wetland centroid 2026,Centroid res8 from NWI wetland objectid 543 polygon
WET_544,884648212bfffff,8,oahu,2026.02,NWI wetland centroid 2026,Centroid res8 from NWI wetland objectid 544 polygon
WET_545,8846482a55fffff,8,oahu,2026.02,NWI wetland centroid 2026,Centroid res8 from NWI wetland objectid 545 polygon
WET_546,8846482a69fffff,8,oahu,2026.02,NWI wetland centroid 2026,Centroid res8 from NWI wetland objectid 546 polygon
WET_547,8846482115fffff,8,oahu,2026.02,NWI wetland centroid 2026,Centroid res8 from NWI wetland objectid 547 polygon
WET_548,8846482103fffff,8,oahu,2026.02,NWI wetland centroid 2026,Centroid res8 from NWI wetland objectid 548 polygon
WET_549,8846482a5dfffff,8,oahu,2026.02,NWI wetland centroid 2026,Centroid res8 from NWI wetland objectid 549 polygon
WET_550,8846482a45fffff,8,oahu,2026.02,NWI wetland centroid 2026,Centroid res8 from NWI wetland objectid 550 polygon
WET_551,8846483993fffff,8,oahu,2026.02,NWI wetland centroid 2026,Centroid res8 from NWI wetland objectid 551 polygon
WET_552,8846482a59fffff,8,oahu,2026.02,NWI wetland centroid 2026,Centroid res8 from NWI wetland objectid 552 polygon
WET_553,8846482165fffff,8,oahu,2026.02,NWI wetland centroid 2026,Centroid res8 from NWI wetland objectid 553 polygon
WET_554,8846482119fffff,8,oahu,2026.02,NWI wetland centroid 2026,Centroid res8 from NWI wetland objectid 554 polygon
WET_555,8846482165fffff,8,oahu,2026.02,NWI wetland centroid 2026,Centroid res8 from NWI wetland objectid 555 polygon
WET_556,8846482101fffff,8,oahu,2026.02,NWI wetland centroid 2026,Centroid res8 from NWI wetland objectid 556 polygon
WET_557,884648210dfffff,8,oahu,2026.02,NWI wetland centroid 2026,Centroid res8 from NWI wetland objectid 557 polygon
WET_558,8846482147fffff,8,oahu,2026.02,NWI wetland centroid 2026,Centroid res8 from NWI wetland objectid 558 polygon
WET_559,884648216bfffff,8,oahu,2026.02,NWI wetland centroid 2026,Centroid res8 from NWI wetland objectid 559 polygon
WET_560,884648216bfffff,8,oahu,2026.02,NWI wetland centroid 2026,Centroid res8 from NWI wetland objectid 560 polygon
WET_561,884648216dfffff,8,oahu,2026.02,NWI wetland centroid 2026,Centroid res8 from NWI wetland objectid 561 polygon
WET_562,884648216bfffff,8,oahu,2026.02,NWI wetland centroid 2026,Centroid res8 from NWI wetland objectid 562 polygon
WET_563,8846482169fffff,8,oahu,2026.02,NWI wetland centroid 2026,Centroid res8 from NWI wetland objectid 563 polygon
WET_564,8846482169fffff,8,oahu,2026.02,NWI wetland centroid 2026,Centroid res8 from NWI wetland objectid 564 polygon
WET_565,8846483897fffff,8,oahu,2026.02,NWI wetland centroid 2026,Centroid res8 from NWI wetland objectid 565 polygon
WET_566,8846483893fffff,8,oahu,2026.02,NWI wetland centroid 2026,Centroid res8 from NWI wetland objectid 566 polygon
WET_567,8846483893fffff,8,oahu,2026.02,NWI wetland centroid 2026,Centroid res8 from NWI wetland objectid 567 polygon
WET_568,8846483893fffff,8,oahu,2026.02,NWI wetland centroid 2026,Centroid res8 from NWI wetland objectid 568 polygon
WET_569,8846483891fffff,8,oahu,2026.02,NWI wetland centroid 2026,Centroid res8 from NWI wetland objectid 569 polygon
WET_570,884648214dfffff,8,oahu,2026.02,NWI wetland centroid 2026,Centroid res8 from NWI wetland objectid 570 polygon
WET_571,884648389bfffff,8,oahu,2026.02,NWI wetland centroid 2026,Centroid res8 from NWI wetland objectid 571 polygon
WET_572,8846482327fffff,8,oahu,2026.02,NWI wetland centroid 2026,Centroid res8 from NWI wetland objectid 572 polygon
WET_573,8846482ab1fffff,8,oahu,2026.02,NWI wetland centroid 2026,Centroid res8 from NWI wetland objectid 573 polygon
WET_574,8846482a99fffff,8,oahu,2026.02,NWI wetland centroid 2026,Centroid res8 from NWI wetland objectid 574 polygon
WET_575,8846482a99fffff,8,oahu,2026.02,NWI wetland centroid 2026,Centroid res8 from NWI wetland objectid 575 polygon
WET_576,8846482ac9fffff,8,oahu,2026.02,NWI wetland centroid 2026,Centroid res8 from NWI wetland objectid 576 polygon
WET_577,8846482ac9fffff,8,oahu,2026.02,NWI wetland centroid 2026,Centroid res8 from NWI wetland objectid 577 polygon
WET_578,8846482a1dfffff,8,oahu,2026.02,NWI wetland centroid 2026,Centroid res8 from NWI wetland objectid 578 polygon
WET_579,8846482a01fffff,8,oahu,2026.02,NWI wetland centroid 2026,Centroid res8 from NWI wetland objectid 579 polygon
WET_580,8846482a63fffff,8,oahu,2026.02,NWI wetland centroid 2026,Centroid res8 from NWI wetland objectid 580 polygon
WET_581,8846482a6bfffff,8,oahu,2026.02,NWI wetland centroid 2026,Centroid res8 from NWI wetland objectid 581 polygon
WET_582,8846482123fffff,8,oahu,2026.02,NWI wetland centroid 2026,Centroid res8 from NWI wetland objectid 582 polygon
WET_583,8846482a57fffff,8,oahu,2026.02,NWI wetland centroid 2026,Centroid res8 from NWI wetland objectid 583 polygon
WET_584,8846482a0dfffff,8,oahu,2026.02,NWI wetland centroid 2026,Centroid res8 from NWI wetland objectid 584 polygon
WET_585,884648212bfffff,8,oahu,2026.02,NWI wetland centroid 2026,Centroid res8 from NWI wetland objectid 585 polygon
WET_586,8846482117fffff,8,oahu,2026.02,NWI wetland centroid 2026,Centroid res8 from NWI wetland objectid 586 polygon
WET_587,8846482117fffff,8,oahu,2026.02,NWI wetland centroid 2026,Centroid res8 from NWI wetland objectid 587 polygon
WET_588,8846482117fffff,8,oahu,2026.02,NWI wetland centroid 2026,Centroid res8 from NWI wetland objectid 588 polygon
WET_589,8846482115fffff,8,oahu,2026.02,NWI wetland centroid 2026,Centroid res8 from NWI wetland objectid 589 polygon
WET_590,8846482115fffff,8,oahu,2026.02,NWI wetland centroid 2026,Centroid res8 from NWI wetland objectid 590 polygon
WET_591,8846482a47fffff,8,oahu,2026.02,NWI wetland centroid 2026,Centroid res8 from NWI wetland objectid 591 polygon
WET_592,8846482a41fffff,8,oahu,2026.02,NWI wetland centroid 2026,Centroid res8 from NWI wetland objectid 592 polygon
WET_593,8846482a5dfffff,8,oahu,2026.02,NWI wetland centroid 2026,Centroid res8 from NWI wetland objectid 593 polygon
WET_594,8846482a4bfffff,8,oahu,2026.02,NWI wetland centroid 2026,Centroid res8 from NWI wetland objectid 594 polygon
WET_595,8846482a41fffff,8,oahu,2026.02,NWI wetland centroid 2026,Centroid res8 from NWI wetland objectid 595 polygon
WET_596,8846482a4bfffff,8,oahu,2026.02,NWI wetland centroid 2026,Centroid res8 from NWI wetland objectid 596 polygon
WET_597,8846482a4bfffff,8,oahu,2026.02,NWI wetland centroid 2026,Centroid res8 from NWI wetland objectid 597 polygon
WET_598,8846482a4bfffff,8,oahu,2026.02,NWI wetland centroid 2026,Centroid res8 from NWI wetland objectid 598 polygon
WET_599,88464838b1fffff,8,oahu,2026.02,NWI wetland centroid 2026,Centroid res8 from NWI wetland objectid 599 polygon
WET_600,884648214dfffff,8,oahu,2026.02,NWI wetland centroid 2026,Centroid res8 from NWI wetland objectid 600 polygon
WET_601,884648214dfffff,8,oahu,2026.02,NWI wetland centroid 2026,Centroid res8 from NWI wetland objectid 601 polygon
WET_602,8846483893fffff,8,oahu,2026.02,NWI wetland centroid 2026,Centroid res8 from NWI wetland objectid 602 polygon
WET_603,8846482a0dfffff,8,oahu,2026.02,NWI wetland centroid 2026,Centroid res8 from NWI wetland objectid 603 polygon
WET_604,8846482a5dfffff,8,oahu,2026.02,NWI wetland centroid 2026,Centroid res8 from NWI wetland objectid 604 polygon
WET_605,8846482a15fffff,8,oahu,2026.02,NWI wetland centroid 2026,Centroid res8 from NWI wetland objectid 605 polygon
WET_606,8846482a03fffff,8,oahu,2026.02,NWI wetland centroid 2026,Centroid res8 from NWI wetland objectid 606 polygon
WET_607,884648280bfffff,8,oahu,2026.02,NWI wetland centroid 2026,Centroid res8 from NWI wetland objectid 607 polygon
WET_608,8846482aa9fffff,8,oahu,2026.02,NWI wetland centroid 2026,Centroid res8 from NWI wetland objectid 608 polygon
WET_609,88464838b3fffff,8,oahu,2026.02,NWI wetland centroid 2026,Centroid res8 from NWI wetland objectid 609 polygon
WET_610,8846482765fffff,8,oahu,2026.02,NWI wetland centroid 2026,Centroid res8 from NWI wetland objectid 610 polygon
WET_611,8846482761fffff,8,oahu,2026.02,NWI wetland centroid 2026,Centroid res8 from NWI wetland objectid 611 polygon
WET_612,88464822b3fffff,8,oahu,2026.02,NWI wetland centroid 2026,Centroid res8 from NWI wetland objectid 612 polygon
WET_613,88464822b3fffff,8,oahu,2026.02,NWI wetland centroid 2026,Centroid res8 from NWI wetland objectid 613 polygon
WET_614,88464822b3fffff,8,oahu,2026.02,NWI wetland centroid 2026,Centroid res8 from NWI wetland objectid 614 polygon
WET_615,88464822bbfffff,8,oahu,2026.02,NWI wetland centroid 2026,Centroid res8 from NWI wetland objectid 615 polygon
WET_616,8846482765fffff,8,oahu,2026.02,NWI wetland centroid 2026,Centroid res8 from NWI wetland objectid 616 polygon
WET_617,88464822bbfffff,8,oahu,2026.02,NWI wetland centroid 2026,Centroid res8 from NWI wetland objectid 617 polygon
WET_618,88464822bbfffff,8,oahu,2026.02,NWI wetland centroid 2026,Centroid res8 from NWI wetland objectid 618 polygon
WET_619,8846482761fffff,8,oahu,2026.02,NWI wetland centroid 2026,Centroid res8 from NWI wetland objectid 619 polygon
WET_620,8846482765fffff,8,oahu,2026.02,NWI wetland centroid 2026,Centroid res8 from NWI wetland objectid 620 polygon
WET_621,8846482765fffff,8,oahu,2026.02,NWI wetland centroid 2026,Centroid res8 from NWI wetland objectid 621 polygon
WET_622,88464822b3fffff,8,oahu,2026.02,NWI wetland centroid 2026,Centroid res8 from NWI wetland objectid 622 polygon
WET_623,884648276dfffff,8,oahu,2026.02,NWI wetland centroid 2026,Centroid res8 from NWI wetland objectid 623 polygon
WET_624,88464822bbfffff,8,oahu,2026.02,NWI wetland centroid 2026,Centroid res8 from NWI wetland objectid 624 polygon
WET_625,884648276dfffff,8,oahu,2026.02,NWI wetland centroid 2026,Centroid res8 from NWI wetland objectid 625 polygon
WET_626,88464822bbfffff,8,oahu,2026.02,NWI wetland centroid 2026,Centroid res8 from NWI wetland objectid 626 polygon
WET_627,8846482563fffff,8,oahu,2026.02,NWI wetland centroid 2026,Centroid res8 from NWI wetland objectid 627 polygon
WET_628,88464821a5fffff,8,oahu,2026.02,NWI wetland centroid 2026,Centroid res8 from NWI wetland objectid 628 polygon
WET_629,88464821a5fffff,8,oahu,2026.02,NWI wetland centroid 2026,Centroid res8 from NWI wetland objectid 629 polygon
WET_630,88464821a5fffff,8,oahu,2026.02,NWI wetland centroid 2026,Centroid res8 from NWI wetland objectid 630 polygon
WET_631,8846482765fffff,8,oahu,2026.02,NWI wetland centroid 2026,Centroid res8 from NWI wetland objectid 631 polygon
WET_632,88464822b3fffff,8,oahu,2026.02,NWI wetland centroid 2026,Centroid res8 from NWI wetland objectid 632 polygon
WET_633,8846482765fffff,8,oahu,2026.02,NWI wetland centroid 2026,Centroid res8 from NWI wetland objectid 633 polygon
WET_634,8846482767fffff,8,oahu,2026.02,NWI wetland centroid 2026,Centroid res8 from NWI wetland objectid 634 polygon
WET_635,8846482767fffff,8,oahu,2026.02,NWI wetland centroid 2026,Centroid res8 from NWI wetland objectid 635 polygon
WET_636,8846482767fffff,8,oahu,2026.02,NWI wetland centroid 2026,Centroid res8 from NWI wetland objectid 636 polygon
WET_637,8846482767fffff,8,oahu,2026.02,NWI wetland centroid 2026,Centroid res8 from NWI wetland objectid 637 polygon
WET_638,8846482767fffff,8,oahu,2026.02,NWI wetland centroid 2026,Centroid res8 from NWI wetland objectid 638 polygon
WET_639,8846482767fffff,8,oahu,2026.02,NWI wetland centroid 2026,Centroid res8 from NWI wetland objectid 639 polygon
WET_640,8846482767fffff,8,oahu,2026.02,NWI wetland centroid 2026,Centroid res8 from NWI wetland objectid 640 polygon
WET_641,8846482767fffff,8,oahu,2026.02,NWI wetland centroid 2026,Centroid res8 from NWI wetland objectid 641 polygon
WET_642,8846482767fffff,8,oahu,2026.02,NWI wetland centroid 2026,Centroid res8 from NWI wetland objectid 642 polygon
WET_643,8846482767fffff,8,oahu,2026.02,NWI wetland centroid 2026,Centroid res8 from NWI wetland objectid 643 polygon
WET_644,8846482767fffff,8,oahu,2026.02,NWI wetland centroid 2026,Centroid res8 from NWI wetland objectid 644 polygon
WET_645,8846482767fffff,8,oahu,2026.02,NWI wetland centroid 2026,Centroid res8 from NWI wetland objectid 645 polygon
WET_646,8846482767fffff,8,oahu,2026.02,NWI wetland centroid 2026,Centroid res8 from NWI wetland objectid 646 polygon
WET_647,8846482023fffff,8,oahu,2026.02,NWI wetland centroid 2026,Centroid res8 from NWI wetland objectid 647 polygon
WET_648,8846482023fffff,8,oahu,2026.02,NWI wetland centroid 2026,Centroid res8 from NWI wetland objectid 648 polygon
WET_649,8846482023fffff,8,oahu,2026.02,NWI wetland centroid 2026,Centroid res8 from NWI wetland objectid 649 polygon
WET_650,8846482f53fffff,8,oahu,2026.02,NWI wetland centroid 2026,Centroid res8 from NWI wetland objectid 650 polygon
WET_651,8846482e07fffff,8,oahu,2026.02,NWI wetland centroid 2026,Centroid res8 from NWI wetland objectid 651 polygon
WET_652,8846482e03fffff,8,oahu,2026.02,NWI wetland centroid 2026,Centroid res8 from NWI wetland objectid 652 polygon
WET_653,8846482f41fffff,8,oahu,2026.02,NWI wetland centroid 2026,Centroid res8 from NWI wetland objectid 653 polygon
WET_654,8846482e67fffff,8,oahu,2026.02,NWI wetland centroid 2026,Centroid res8 from NWI wetland objectid 654 polygon
WET_655,8846482e0dfffff,8,oahu,2026.02,NWI wetland centroid 2026,Centroid res8 from NWI wetland objectid 655 polygon
WET_656,8846482e5bfffff,8,oahu,2026.02,NWI wetland centroid 2026,Centroid res8 from NWI wetland objectid 656 polygon
WET_657,8846482e5bfffff,8,oahu,2026.02,NWI wetland centroid 2026,Centroid res8 from NWI wetland objectid 657 polygon
WET_658,8846482565fffff,8,oahu,2026.02,NWI wetland centroid 2026,Centroid res8 from NWI wetland objectid 658 polygon
WET_659,8846482561fffff,8,oahu,2026.02,NWI wetland centroid 2026,Centroid res8 from NWI wetland objectid 659 polygon
WET_660,884648256dfffff,8,oahu,2026.02,NWI wetland centroid 2026,Centroid res8 from NWI wetland objectid 660 polygon
WET_661,8846482569fffff,8,oahu,2026.02,NWI wetland centroid 2026,Centroid res8 from NWI wetland objectid 661 polygon
WET_662,88464820a3fffff,8,oahu,2026.02,NWI wetland centroid 2026,Centroid res8 from NWI wetland objectid 662 polygon
WET_663,8846482097fffff,8,oahu,2026.02,NWI wetland centroid 2026,Centroid res8 from NWI wetland objectid 663 polygon
WET_664,88464821e9fffff,8,oahu,2026.02,NWI wetland centroid 2026,Centroid res8 from NWI wetland objectid 664 polygon
WET_665,88464820adfffff,8,oahu,2026.02,NWI wetland centroid 2026,Centroid res8 from NWI wetland objectid 665 polygon
WET_666,8846482093fffff,8,oahu,2026.02,NWI wetland centroid 2026,Centroid res8 from NWI wetland objectid 666 polygon
WET_667,88464820adfffff,8,oahu,2026.02,NWI wetland centroid 2026,Centroid res8 from NWI wetland objectid 667 polygon
WET_668,884648213bfffff,8,oahu,2026.02,NWI wetland centroid 2026,Centroid res8 from NWI wetland objectid 668 polygon
WET_669,8846482095fffff,8,oahu,2026.02,NWI wetland centroid 2026,Centroid res8 from NWI wetland objectid 669 polygon
WET_670,8846482083fffff,8,oahu,2026.02,NWI wetland centroid 2026,Centroid res8 from NWI wetland objectid 670 polygon
WET_671,8846482091fffff,8,oahu,2026.02,NWI wetland centroid 2026,Centroid res8 from NWI wetland objectid 671 polygon
WET_672,88464821dbfffff,8,oahu,2026.02,NWI wetland centroid 2026,Centroid res8 from NWI wetland objectid 672 polygon
WET_673,88464820adfffff,8,oahu,2026.02,NWI wetland centroid 2026,Centroid res8 from NWI wetland objectid 673 polygon
WET_674,88464820e7fffff,8,oahu,2026.02,NWI wetland centroid 2026,Centroid res8 from NWI wetland objectid 674 polygon
WET_675,88464821dbfffff,8,oahu,2026.02,NWI wetland centroid 2026,Centroid res8 from NWI wetland objectid 675 polygon
WET_676,88464821ddfffff,8,oahu,2026.02,NWI wetland centroid 2026,Centroid res8 from NWI wetland objectid 676 polygon
WET_677,88464821d9fffff,8,oahu,2026.02,NWI wetland centroid 2026,Centroid res8 from NWI wetland objectid 677 polygon
WET_678,88464820e7fffff,8,oahu,2026.02,NWI wetland centroid 2026,Centroid res8 from NWI wetland objectid 678 polygon
WET_679,8846482085fffff,8,oahu,2026.02,NWI wetland centroid 2026,Centroid res8 from NWI wetland objectid 679 polygon
WET_680,8846482081fffff,8,oahu,2026.02,NWI wetland centroid 2026,Centroid res8 from NWI wetland objectid 680 polygon
WET_681,88464820e5fffff,8,oahu,2026.02,NWI wetland centroid 2026,Centroid res8 from NWI wetland objectid 681 polygon
WET_682,88464820e7fffff,8,oahu,2026.02,NWI wetland centroid 2026,Centroid res8 from NWI wetland objectid 682 polygon
WET_683,88464820e5fffff,8,oahu,2026.02,NWI wetland centroid 2026,Centroid res8 from NWI wetland objectid 683 polygon
WET_684,88464820e1fffff,8,oahu,2026.02,NWI wetland centroid 2026,Centroid res8 from NWI wetland objectid 684 polygon
WET_685,88464820e5fffff,8,oahu,2026.02,NWI wetland centroid 2026,Centroid res8 from NWI wetland objectid 685 polygon
WET_686,88464820e1fffff,8,oahu,2026.02,NWI wetland centroid 2026,Centroid res8 from NWI wetland objectid 686 polygon
WET_687,8846482033fffff,8,oahu,2026.02,NWI wetland centroid 2026,Centroid res8 from NWI wetland objectid 687 polygon
WET_688,88464820e5fffff,8,oahu,2026.02,NWI wetland centroid 2026,Centroid res8 from NWI wetland objectid 688 polygon
WET_689,8846482033fffff,8,oahu,2026.02,NWI wetland centroid 2026,Centroid res8 from NWI wetland objectid 689 polygon
WET_690,88464821c9fffff,8,oahu,2026.02,NWI wetland centroid 2026,Centroid res8 from NWI wetland objectid 690 polygon
WET_691,8846482033fffff,8,oahu,2026.02,NWI wetland centroid 2026,Centroid res8 from NWI wetland objectid 691 polygon
WET_692,88464820e1fffff,8,oahu,2026.02,NWI wetland centroid 2026,Centroid res8 from NWI wetland objectid 692 polygon
WET_693,88464820edfffff,8,oahu,2026.02,NWI wetland centroid 2026,Centroid res8 from NWI wetland objectid 693 polygon
WET_694,8846482081fffff,8,oahu,2026.02,NWI wetland centroid 2026,Centroid res8 from NWI wetland objectid 694 polygon
WET_695,88464820ebfffff,8,oahu,2026.02,NWI wetland centroid 2026,Centroid res8 from NWI wetland objectid 695 polygon
WET_696,8846482037fffff,8,oahu,2026.02,NWI wetland centroid 2026,Centroid res8 from NWI wetland objectid 696 polygon
WET_697,8846482033fffff,8,oahu,2026.02,NWI wetland centroid 2026,Centroid res8 from NWI wetland objectid 697 polygon
WET_698,884648208dfffff,8,oahu,2026.02,NWI wetland centroid 2026,Centroid res8 from NWI wetland objectid 698 polygon
WET_699,8846482037fffff,8,oahu,2026.02,NWI wetland centroid 2026,Centroid res8 from NWI wetland objectid 699 polygon
WET_700,8846482033fffff,8,oahu,2026.02,NWI wetland centroid 2026,Centroid res8 from NWI wetland objectid 700 polygon
WET_701,88464820ebfffff,8,oahu,2026.02,NWI wetland centroid 2026,Centroid res8 from NWI wetland objectid 701 polygon
WET_702,88464820e1fffff,8,oahu,2026.02,NWI wetland centroid 2026,Centroid res8 from NWI wetland objectid 702 polygon
WET_703,88464820e1fffff,8,oahu,2026.02,NWI wetland centroid 2026,Centroid res8 from NWI wetland objectid 703 polygon
WET_704,884648208dfffff,8,oahu,2026.02,NWI wetland centroid 2026,Centroid res8 from NWI wetland objectid 704 polygon
WET_705,8846482115fffff,8,oahu,2026.02,NWI wetland centroid 2026,Centroid res8 from NWI wetland objectid 705 polygon
WET_706,8846482027fffff,8,oahu,2026.02,NWI wetland centroid 2026,Centroid res8 from NWI wetland objectid 706 polygon
WET_707,8846482033fffff,8,oahu,2026.02,NWI wetland centroid 2026,Centroid res8 from NWI wetland objectid 707 polygon
WET_708,88464820e9fffff,8,oahu,2026.02,NWI wetland centroid 2026,Centroid res8 from NWI wetland objectid 708 polygon
WET_709,88464820e9fffff,8,oahu,2026.02,NWI wetland centroid 2026,Centroid res8 from NWI wetland objectid 709 polygon
WET_710,8846482023fffff,8,oahu,2026.02,NWI wetland centroid 2026,Centroid res8 from NWI wetland objectid 710 polygon
WET_711,884648211bfffff,8,oahu,2026.02,NWI wetland centroid 2026,Centroid res8 from NWI wetland objectid 711 polygon
WET_712,88464820edfffff,8,oahu,2026.02,NWI wetland centroid 2026,Centroid res8 from NWI wetland objectid 712 polygon
WET_713,88464820edfffff,8,oahu,2026.02,NWI wetland centroid 2026,Centroid res8 from NWI wetland objectid 713 polygon
WET_714,8846482031fffff,8,oahu,2026.02,NWI wetland centroid 2026,Centroid res8 from NWI wetland objectid 714 polygon
WET_715,88464820e9fffff,8,oahu,2026.02,NWI wetland centroid 2026,Centroid res8 from NWI wetland objectid 715 polygon
WET_716,88464820d3fffff,8,oahu,2026.02,NWI wetland centroid 2026,Centroid res8 from NWI wetland objectid 716 polygon
WET_717,884648203bfffff,8,oahu,2026.02,NWI wetland centroid 2026,Centroid res8 from NWI wetland objectid 717 polygon
WET_718,8846482017fffff,8,oahu,2026.02,NWI wetland centroid 2026,Centroid res8 from NWI wetland objectid 718 polygon
WET_719,884648202bfffff,8,oahu,2026.02,NWI wetland centroid 2026,Centroid res8 from NWI wetland objectid 719 polygon
WET_720,8846482013fffff,8,oahu,2026.02,NWI wetland centroid 2026,Centroid res8 from NWI wetland objectid 720 polygon
WET_721,884648203dfffff,8,oahu,2026.02,NWI wetland centroid 2026,Centroid res8 from NWI wetland objectid 721 polygon
WET_722,8846482013fffff,8,oahu,2026.02,NWI wetland centroid 2026,Centroid res8 from NWI wetland objectid 722 polygon
WET_723,884648202bfffff,8,oahu,2026.02,NWI wetland centroid 2026,Centroid res8 from NWI wetland objectid 723 polygon
WET_724,8846482017fffff,8,oahu,2026.02,NWI wetland centroid 2026,Centroid res8 from NWI wetland objectid 724 polygon
WET_725,8846482017fffff,8,oahu,2026.02,NWI wetland centroid 2026,Centroid res8 from NWI wetland objectid 725 polygon
WET_726,8846482017fffff,8,oahu,2026.02,NWI wetland centroid 2026,Centroid res8 from NWI wetland objectid 726 polygon
WET_727,88464820d9fffff,8,oahu,2026.02,NWI wetland centroid 2026,Centroid res8 from NWI wetland objectid 727 polygon
WET_728,8846482015fffff,8,oahu,2026.02,NWI wetland centroid 2026,Centroid res8 from NWI wetland objectid 728 polygon
WET_729,8846482015fffff,8,oahu,2026.02,NWI wetland centroid 2026,Centroid res8 from NWI wetland objectid 729 polygon
WET_730,8846482015fffff,8,oahu,2026.02,NWI wetland centroid 2026,Centroid res8 from NWI wetland objectid 730 polygon
WET_731,8846482013fffff,8,oahu,2026.02,NWI wetland centroid 2026,Centroid res8 from NWI wetland objectid 731 polygon
WET_732,88464820cdfffff,8,oahu,2026.02,NWI wetland centroid 2026,Centroid res8 from NWI wetland objectid 732 polygon
WET_733,88464820cdfffff,8,oahu,2026.02,NWI wetland centroid 2026,Centroid res8 from NWI wetland objectid 733 polygon
WET_734,88464820d9fffff,8,oahu,2026.02,NWI wetland centroid 2026,Centroid res8 from NWI wetland objectid 734 polygon
WET_735,884648215bfffff,8,oahu,2026.02,NWI wetland centroid 2026,Centroid res8 from NWI wetland objectid 735 polygon
WET_736,88464820d9fffff,8,oahu,2026.02,NWI wetland centroid 2026,Centroid res8 from NWI wetland objectid 736 polygon
WET_737,8846482007fffff,8,oahu,2026.02,NWI wetland centroid 2026,Centroid res8 from NWI wetland objectid 737 polygon
WET_738,8846482011fffff,8,oahu,2026.02,NWI wetland centroid 2026,Centroid res8 from NWI wetland objectid 738 polygon
WET_739,884648201dfffff,8,oahu,2026.02,NWI wetland centroid 2026,Centroid res8 from NWI wetland objectid 739 polygon
WET_740,8846482765fffff,8,oahu,2026.02,NWI wetland centroid 2026,Centroid res8 from NWI wetland objectid 740 polygon
WET_741,88464822b3fffff,8,oahu,2026.02,NWI wetland centroid 2026,Centroid res8 from NWI wetland objectid 741 polygon
WET_742,8846482005fffff,8,oahu,2026.02,NWI wetland centroid 2026,Centroid res8 from NWI wetland objectid 742 polygon
WET_743,88464822b3fffff,8,oahu,2026.02,NWI wetland centroid 2026,Centroid res8 from NWI wetland objectid 743 polygon
WET_744,8846482159fffff,8,oahu,2026.02,NWI wetland centroid 2026,Centroid res8 from NWI wetland objectid 744 polygon
WET_745,8846482063fffff,8,oahu,2026.02,NWI wetland centroid 2026,Centroid res8 from NWI wetland objectid 745 polygon
WET_746,88464820d5fffff,8,oahu,2026.02,NWI wetland centroid 2026,Centroid res8 from NWI wetland objectid 746 polygon
WET_747,8846482019fffff,8,oahu,2026.02,NWI wetland centroid 2026,Centroid res8 from NWI wetland objectid 747 polygon
WET_748,884648201dfffff,8,oahu,2026.02,NWI wetland centroid 2026,Centroid res8 from NWI wetland objectid 748 polygon
WET_749,884648200bfffff,8,oahu,2026.02,NWI wetland centroid 2026,Centroid res8 from NWI wetland objectid 749 polygon
WET_750,8846482019fffff,8,oahu,2026.02,NWI wetland centroid 2026,Centroid res8 from NWI wetland objectid 750 polygon
WET_751,884648200bfffff,8,oahu,2026.02,NWI wetland centroid 2026,Centroid res8 from NWI wetland objectid 751 polygon
WET_752,8846482001fffff,8,oahu,2026.02,NWI wetland centroid 2026,Centroid res8 from NWI wetland objectid 752 polygon
WET_753,8846482001fffff,8,oahu,2026.02,NWI wetland centroid 2026,Centroid res8 from NWI wetland objectid 753 polygon
WET_754,88464822b7fffff,8,oahu,2026.02,NWI wetland centroid 2026,Centroid res8 from NWI wetland objectid 754 polygon
WET_755,884648200dfffff,8,oahu,2026.02,NWI wetland centroid 2026,Centroid res8 from NWI wetland objectid 755 polygon
WET_756,88464821b5fffff,8,oahu,2026.02,NWI wetland centroid 2026,Centroid res8 from NWI wetland objectid 756 polygon
WET_757,8846482561fffff,8,oahu,2026.02,NWI wetland centroid 2026,Centroid res8 from NWI wetland objectid 757 polygon
WET_758,8846482189fffff,8,oahu,2026.02,NWI wetland centroid 2026,Centroid res8 from NWI wetland objectid 758 polygon
WET_759,8846482189fffff,8,oahu,2026.02,NWI wetland centroid 2026,Centroid res8 from NWI wetland objectid 759 polygon
WET_760,88464822b3fffff,8,oahu,2026.02,NWI wetland centroid 2026,Centroid res8 from NWI wetland objectid 760 polygon
WET_761,88464822b3fffff,8,oahu,2026.02,NWI wetland centroid 2026,Centroid res8 from NWI wetland objectid 761 polygon
WET_762,88464822b3fffff,8,oahu,2026.02,NWI wetland centroid 2026,Centroid res8 from NWI wetland objectid 762 polygon
WET_763,88464822b3fffff,8,oahu,2026.02,NWI wetland centroid 2026,Centroid res8 from NWI wetland objectid 763 polygon
WET_764,8846482765fffff,8,oahu,2026.02,NWI wetland centroid 2026,Centroid res8 from NWI wetland objectid 764 polygon
WET_765,884648209dfffff,8,oahu,2026.02,NWI wetland centroid 2026,Centroid res8 from NWI wetland objectid 765 polygon
WET_766,884648209dfffff,8,oahu,2026.02,NWI wetland centroid 2026,Centroid res8 from NWI wetland objectid 766 polygon
WET_767,88464820d7fffff,8,oahu,2026.02,NWI wetland centroid 2026,Centroid res8 from NWI wetland objectid 767 polygon
WET_768,8846482e3dfffff,8,oahu,2026.02,NWI wetland centroid 2026,Centroid res8 from NWI wetland objectid 768 polygon
WET_769,88464821a5fffff,8,oahu,2026.02,NWI wetland centroid 2026,Centroid res8 from NWI wetland objectid 769 polygon
WET_770,8846482189fffff,8,oahu,2026.02,NWI wetland centroid 2026,Centroid res8 from NWI wetland objectid 770 polygon
WET_771,8846482f53fffff,8,oahu,2026.02,NWI wetland centroid 2026,Centroid res8 from NWI wetland objectid 771 polygon
WET_772,8846482e2bfffff,8,oahu,2026.02,NWI wetland centroid 2026,Centroid res8 from NWI wetland objectid 772 polygon
WET_773,8846482e05fffff,8,oahu,2026.02,NWI wetland centroid 2026,Centroid res8 from NWI wetland objectid 773 polygon
WET_774,8846482e05fffff,8,oahu,2026.02,NWI wetland centroid 2026,Centroid res8 from NWI wetland objectid 774 polygon
WET_775,8846482e67fffff,8,oahu,2026.02,NWI wetland centroid 2026,Centroid res8 from NWI wetland objectid 775 polygon
WET_776,88464821a3fffff,8,oahu,2026.02,NWI wetland centroid 2026,Centroid res8 from NWI wetland objectid 776 polygon
WET_777,8846482a99fffff,8,oahu,2026.02,NWI wetland centroid 2026,Centroid res8 from NWI wetland objectid 777 polygon
WET_778,88464821a1fffff,8,oahu,2026.02,NWI wetland centroid 2026,Centroid res8 from NWI wetland objectid 778 polygon
WET_779,88464821b9fffff,8,oahu,2026.02,NWI wetland centroid 2026,Centroid res8 from NWI wetland objectid 779 polygon
WET_780,88464820adfffff,8,oahu,2026.02,NWI wetland centroid 2026,Centroid res8 from NWI wetland objectid 780 polygon
WET_781,8846482083fffff,8,oahu,2026.02,NWI wetland centroid 2026,Centroid res8 from NWI wetland objectid 781 polygon
WET_782,8846482083fffff,8,oahu,2026.02,NWI wetland centroid 2026,Centroid res8 from NWI wetland objectid 782 polygon
WET_783,88464820e5fffff,8,oahu,2026.02,NWI wetland centroid 2026,Centroid res8 from NWI wetland objectid 783 polygon
WET_784,884648209bfffff,8,oahu,2026.02,NWI wetland centroid 2026,Centroid res8 from NWI wetland objectid 784 polygon
WET_785,884648208dfffff,8,oahu,2026.02,NWI wetland centroid 2026,Centroid res8 from NWI wetland objectid 785 polygon
WET_786,88464820e3fffff,8,oahu,2026.02,NWI wetland centroid 2026,Centroid res8 from NWI wetland objectid 786 polygon
WET_787,88464820e3fffff,8,oahu,2026.02,NWI wetland centroid 2026,Centroid res8 from NWI wetland objectid 787 polygon
WET_788,88464820e3fffff,8,oahu,2026.02,NWI wetland centroid 2026,Centroid res8 from NWI wetland objectid 788 polygon
WET_789,88464820e1fffff,8,oahu,2026.02,NWI wetland centroid 2026,Centroid res8 from NWI wetland objectid 789 polygon
WET_790,8846482027fffff,8,oahu,2026.02,NWI wetland centroid 2026,Centroid res8 from NWI wetland objectid 790 polygon
WET_791,8846482089fffff,8,oahu,2026.02,NWI wetland centroid 2026,Centroid res8 from NWI wetland objectid 791 polygon
WET_792,8846482089fffff,8,oahu,2026.02,NWI wetland centroid 2026,Centroid res8 from NWI wetland objectid 792 polygon
WET_793,88464820edfffff,8,oahu,2026.02,NWI wetland centroid 2026,Centroid res8 from NWI wetland objectid 793 polygon
WET_794,884648272dfffff,8,oahu,2026.02,NWI wetland centroid 2026,Centroid res8 from NWI wetland objectid 794 polygon
WET_795,8846482025fffff,8,oahu,2026.02,NWI wetland centroid 2026,Centroid res8 from NWI wetland objectid 795 polygon
WET_796,8846482021fffff,8,oahu,2026.02,NWI wetland centroid 2026,Centroid res8 from NWI wetland objectid 796 polygon
WET_797,8846482021fffff,8,oahu,2026.02,NWI wetland centroid 2026,Centroid res8 from NWI wetland objectid 797 polygon
WET_798,88464820cbfffff,8,oahu,2026.02,NWI wetland centroid 2026,Centroid res8 from NWI wetland objectid 798 polygon
WET_799,88464820cbfffff,8,oahu,2026.02,NWI wetland centroid 2026,Centroid res8 from NWI wetland objectid 799 polygon
WET_800,88464820cbfffff,8,oahu,2026.02,NWI wetland centroid 2026,Centroid res8 from NWI wetland objectid 800 polygon
WET_801,8846482011fffff,8,oahu,2026.02,NWI wetland centroid 2026,Centroid res8 from NWI wetland objectid 801 polygon
WET_802,884648201bfffff,8,oahu,2026.02,NWI wetland centroid 2026,Centroid res8 from NWI wetland objectid 802 polygon
WET_803,8846482765fffff,8,oahu,2026.02,NWI wetland centroid 2026,Centroid res8 from NWI wetland objectid 803 polygon
WET_804,8846482765fffff,8,oahu,2026.02,NWI wetland centroid 2026,Centroid res8 from NWI wetland objectid 804 polygon
WET_805,8846482f53fffff,8,oahu,2026.02,NWI wetland centroid 2026,Centroid res8 from NWI wetland objectid 805 polygon
WET_806,8846482e2bfffff,8,oahu,2026.02,NWI wetland centroid 2026,Centroid res8 from NWI wetland objectid 806 polygon
WET_807,8846482f59fffff,8,oahu,2026.02,NWI wetland centroid 2026,Centroid res8 from NWI wetland objectid 807 polygon
WET_808,8846482e1bfffff,8,oahu,2026.02,NWI wetland centroid 2026,Centroid res8 from NWI wetland objectid 808 polygon
WET_809,8846482525fffff,8,oahu,2026.02,NWI wetland centroid 2026,Centroid res8 from NWI wetland objectid 809 polygon
WET_810,8846482525fffff,8,oahu,2026.02,NWI wetland centroid 2026,Centroid res8 from NWI wetland objectid 810 polygon
WET_811,8846482527fffff,8,oahu,2026.02,NWI wetland centroid 2026,Centroid res8 from NWI wetland objectid 811 polygon
WET_812,8846482e63fffff,8,oahu,2026.02,NWI wetland centroid 2026,Centroid res8 from NWI wetland objectid 812 polygon
WET_813,8846482525fffff,8,oahu,2026.02,NWI wetland centroid 2026,Centroid res8 from NWI wetland objectid 813 polygon
WET_814,88464821b3fffff,8,oahu,2026.02,NWI wetland centroid 2026,Centroid res8 from NWI wetland objectid 814 polygon
WET_815,8846482525fffff,8,oahu,2026.02,NWI wetland centroid 2026,Centroid res8 from NWI wetland objectid 815 polygon
WET_816,88464821a3fffff,8,oahu,2026.02,NWI wetland centroid 2026,Centroid res8 from NWI wetland objectid 816 polygon
WET_817,8846482545fffff,8,oahu,2026.02,NWI wetland centroid 2026,Centroid res8 from NWI wetland objectid 817 polygon
WET_818,8846482093fffff,8,oahu,2026.02,NWI wetland centroid 2026,Centroid res8 from NWI wetland objectid 818 polygon
WET_819,8846482093fffff,8,oahu,2026.02,NWI wetland centroid 2026,Centroid res8 from NWI wetland objectid 819 polygon
WET_820,88464821c5fffff,8,oahu,2026.02,NWI wetland centroid 2026,Centroid res8 from NWI wetland objectid 820 polygon
WET_821,88464821ddfffff,8,oahu,2026.02,NWI wetland centroid 2026,Centroid res8 from NWI wetland objectid 821 polygon
WET_822,88464821c3fffff,8,oahu,2026.02,NWI wetland centroid 2026,Centroid res8 from NWI wetland objectid 822 polygon
WET_823,884648209bfffff,8,oahu,2026.02,NWI wetland centroid 2026,Centroid res8 from NWI wetland objectid 823 polygon
WET_824,884648211bfffff,8,oahu,2026.02,NWI wetland centroid 2026,Centroid res8 from NWI wetland objectid 824 polygon
WET_825,8846482027fffff,8,oahu,2026.02,NWI wetland centroid 2026,Centroid res8 from NWI wetland objectid 825 polygon
WET_826,884648211bfffff,8,oahu,2026.02,NWI wetland centroid 2026,Centroid res8 from NWI wetland objectid 826 polygon
WET_827,8846482119fffff,8,oahu,2026.02,NWI wetland centroid 2026,Centroid res8 from NWI wetland objectid 827 polygon
WET_828,8846482119fffff,8,oahu,2026.02,NWI wetland centroid 2026,Centroid res8 from NWI wetland objectid 828 polygon
WET_829,8846482765fffff,8,oahu,2026.02,NWI wetland centroid 2026,Centroid res8 from NWI wetland objectid 829 polygon
WET_830,8846482e07fffff,8,oahu,2026.02,NWI wetland centroid 2026,Centroid res8 from NWI wetland objectid 830 polygon
WET_831,8846482f53fffff,8,oahu,2026.02,NWI wetland centroid 2026,Centroid res8 from NWI wetland objectid 831 polygon
WET_832,8846482f5dfffff,8,oahu,2026.02,NWI wetland centroid 2026,Centroid res8 from NWI wetland objectid 832 polygon
WET_833,8846482527fffff,8,oahu,2026.02,NWI wetland centroid 2026,Centroid res8 from NWI wetland objectid 833 polygon
WET_834,8846482f5dfffff,8,oahu,2026.02,NWI wetland centroid 2026,Centroid res8 from NWI wetland objectid 834 polygon
WET_835,8846482525fffff,8,oahu,2026.02,NWI wetland centroid 2026,Centroid res8 from NWI wetland objectid 835 polygon
WET_836,8846482e61fffff,8,oahu,2026.02,NWI wetland centroid 2026,Centroid res8 from NWI wetland objectid 836 polygon
WET_837,8846482e53fffff,8,oahu,2026.02,NWI wetland centroid 2026,Centroid res8 from NWI wetland objectid 837 polygon
WET_838,8846482521fffff,8,oahu,2026.02,NWI wetland centroid 2026,Centroid res8 from NWI wetland objectid 838 polygon
WET_839,8846482113fffff,8,oahu,2026.02,NWI wetland centroid 2026,Centroid res8 from NWI wetland objectid 839 polygon
WET_840,88464820d3fffff,8,oahu,2026.02,NWI wetland centroid 2026,Centroid res8 from NWI wetland objectid 840 polygon
WET_841,8846482767fffff,8,oahu,2026.02,NWI wetland centroid 2026,Centroid res8 from NWI wetland objectid 841 polygon
WET_842,8846482761fffff,8,oahu,2026.02,NWI wetland centroid 2026,Centroid res8 from NWI wetland objectid 842 polygon
WET_843,8846482761fffff,8,oahu,2026.02,NWI wetland centroid 2026,Centroid res8 from NWI wetland objectid 843 polygon
WET_844,8846482765fffff,8,oahu,2026.02,NWI wetland centroid 2026,Centroid res8 from NWI wetland objectid 844 polygon
WET_845,8846482765fffff,8,oahu,2026.02,NWI wetland centroid 2026,Centroid res8 from NWI wetland objectid 845 polygon
WET_846,8846482765fffff,8,oahu,2026.02,NWI wetland centroid 2026,Centroid res8 from NWI wetland objectid 846 polygon
WET_847,88464821a1fffff,8,oahu,2026.02,NWI wetland centroid 2026,Centroid res8 from NWI wetland objectid 847 polygon
WET_848,8846482765fffff,8,oahu,2026.02,NWI wetland centroid 2026,Centroid res8 from NWI wetland objectid 848 polygon
WET_849,8846482765fffff,8,oahu,2026.02,NWI wetland centroid 2026,Centroid res8 from NWI wetland objectid 849 polygon
WET_850,8846482e2dfffff,8,oahu,2026.02,NWI wetland centroid 2026,Centroid res8 from NWI wetland objectid 850 polygon
WET_851,8846482e0dfffff,8,oahu,2026.02,NWI wetland centroid 2026,Centroid res8 from NWI wetland objectid 851 polygon
WET_852,8846482e69fffff,8,oahu,2026.02,NWI wetland centroid 2026,Centroid res8 from NWI wetland objectid 852 polygon
WET_853,884648218dfffff,8,oahu,2026.02,NWI wetland centroid 2026,Centroid res8 from NWI wetland objectid 853 polygon
WET_854,88464821e9fffff,8,oahu,2026.02,NWI wetland centroid 2026,Centroid res8 from NWI wetland objectid 854 polygon
WET_855,8846482095fffff,8,oahu,2026.02,NWI wetland centroid 2026,Centroid res8 from NWI wetland objectid 855 polygon
WET_856,884648209dfffff,8,oahu,2026.02,NWI wetland centroid 2026,Centroid res8 from NWI wetland objectid 856 polygon
WET_857,88464820d7fffff,8,oahu,2026.02,NWI wetland centroid 2026,Centroid res8 from NWI wetland objectid 857 polygon
WET_858,88464821d7fffff,8,oahu,2026.02,NWI wetland centroid 2026,Centroid res8 from NWI wetland objectid 858 polygon
WET_859,884648219dfffff,8,oahu,2026.02,NWI wetland centroid 2026,Centroid res8 from NWI wetland objectid 859 polygon
WET_860,88464821d9fffff,8,oahu,2026.02,NWI wetland centroid 2026,Centroid res8 from NWI wetland objectid 860 polygon
WET_861,8846482767fffff,8,oahu,2026.02,NWI wetland centroid 2026,Centroid res8 from NWI wetland objectid 861 polygon
WET_862,88464820c5fffff,8,oahu,2026.02,NWI wetland centroid 2026,Centroid res8 from NWI wetland objectid 862 polygon
WET_863,884648201bfffff,8,oahu,2026.02,NWI wetland centroid 2026,Centroid res8 from NWI wetland objectid 863 polygon
WET_864,884648202bfffff,8,oahu,2026.02,NWI wetland centroid 2026,Centroid res8 from NWI wetland objectid 864 polygon
WET_865,8846482089fffff,8,oahu,2026.02,NWI wetland centroid 2026,Centroid res8 from NWI wetland objectid 865 polygon
WET_866,8846494b15fffff,8,oahu,2026.02,NWI wetland centroid 2026,Centroid res8 from NWI wetland objectid 866 polygon
WET_867,8846494b15fffff,8,oahu,2026.02,NWI wetland centroid 2026,Centroid res8 from NWI wetland objectid 867 polygon
WET_868,88464b96ebfffff,8,oahu,2026.02,NWI wetland centroid 2026,Centroid res8 from NWI wetland objectid 868 polygon
WET_869,88464b9631fffff,8,oahu,2026.02,NWI wetland centroid 2026,Centroid res8 from NWI wetland objectid 869 polygon
WET_870,88464b9639fffff,8,oahu,2026.02,NWI wetland centroid 2026,Centroid res8 from NWI wetland objectid 870 polygon
WET_871,88464b9639fffff,8,oahu,2026.02,NWI wetland centroid 2026,Centroid res8 from NWI wetland objectid 871 polygon
WET_872,88464b9639fffff,8,oahu,2026.02,NWI wetland centroid 2026,Centroid res8 from NWI wetland objectid 872 polygon
WET_873,8846494b15fffff,8,oahu,2026.02,NWI wetland centroid 2026,Centroid res8 from NWI wetland objectid 873 polygon
WET_874,8846494b15fffff,8,oahu,2026.02,NWI wetland centroid 2026,Centroid res8 from NWI wetland objectid 874 polygon
WET_875,88464b9631fffff,8,oahu,2026.02,NWI wetland centroid 2026,Centroid res8 from NWI wetland objectid 875 polygon
WET_876,88464b963bfffff,8,oahu,2026.02,NWI wetland centroid 2026,Centroid res8 from NWI wetland objectid 876 polygon
WET_877,88464b9639fffff,8,oahu,2026.02,NWI wetland centroid 2026,Centroid res8 from NWI wetland objectid 877 polygon
WET_878,88464959e9fffff,8,oahu,2026.02,NWI wetland centroid 2026,Centroid res8 from NWI wetland objectid 878 polygon
WET_879,88464959ebfffff,8,oahu,2026.02,NWI wetland centroid 2026,Centroid res8 from NWI wetland objectid 879 polygon
WET_880,8846494b39fffff,8,oahu,2026.02,NWI wetland centroid 2026,Centroid res8 from NWI wetland objectid 880 polygon
WET_881,8846494b39fffff,8,oahu,2026.02,NWI wetland centroid 2026,Centroid res8 from NWI wetland objectid 881 polygon
WET_882,8846494b3bfffff,8,oahu,2026.02,NWI wetland centroid 2026,Centroid res8 from NWI wetland objectid 882 polygon
WET_883,8846494b15fffff,8,oahu,2026.02,NWI wetland centroid 2026,Centroid res8 from NWI wetland objectid 883 polygon
WET_884,88464b96e5fffff,8,oahu,2026.02,NWI wetland centroid 2026,Centroid res8 from NWI wetland objectid 884 polygon
WET_885,8846494b3bfffff,8,oahu,2026.02,NWI wetland centroid 2026,Centroid res8 from NWI wetland objectid 885 polygon
WET_886,8846494b15fffff,8,oahu,2026.02,NWI wetland centroid 2026,Centroid res8 from NWI wetland objectid 886 polygon
WET_887,8846494b15fffff,8,oahu,2026.02,NWI wetland centroid 2026,Centroid res8 from NWI wetland objectid 887 polygon
WET_888,88464b96e7fffff,8,oahu,2026.02,NWI wetland centroid 2026,Centroid res8 from NWI wetland objectid 888 polygon
WET_889,88464b9603fffff,8,oahu,2026.02,NWI wetland centroid 2026,Centroid res8 from NWI wetland objectid 889 polygon
WET_890,8846494b15fffff,8,oahu,2026.02,NWI wetland centroid 2026,Centroid res8 from NWI wetland objectid 890 polygon
WET_891,88464959edfffff,8,oahu,2026.02,NWI wetland centroid 2026,Centroid res8 from NWI wetland objectid 891 polygon
WET_892,88464959ebfffff,8,oahu,2026.02,NWI wetland centroid 2026,Centroid res8 from NWI wetland objectid 892 polygon
WET_893,8846494b2bfffff,8,oahu,2026.02,NWI wetland centroid 2026,Centroid res8 from NWI wetland objectid 893 polygon
WET_894,88464b968bfffff,8,oahu,2026.02,NWI wetland centroid 2026,Centroid res8 from NWI wetland objectid 894 polygon
WET_895,88464b96ebfffff,8,oahu,2026.02,NWI wetland centroid 2026,Centroid res8 from NWI wetland objectid 895 polygon
WET_896,88464b96ddfffff,8,oahu,2026.02,NWI wetland centroid 2026,Centroid res8 from NWI wetland objectid 896 polygon
WET_897,88464959e5fffff,8,oahu,2026.02,NWI wetland centroid 2026,Centroid res8 from NWI wetland objectid 897 polygon
WET_898,88464959e5fffff,8,oahu,2026.02,NWI wetland centroid 2026,Centroid res8 from NWI wetland objectid 898 polygon
WET_899,88464b961dfffff,8,oahu,2026.02,NWI wetland centroid 2026,Centroid res8 from NWI wetland objectid 899 polygon
WET_900,88464b9619fffff,8,oahu,2026.02,NWI wetland centroid 2026,Centroid res8 from NWI wetland objectid 900 polygon
WET_901,88464b96c5fffff,8,oahu,2026.02,NWI wetland centroid 2026,Centroid res8 from NWI wetland objectid 901 polygon
WET_902,88464959ebfffff,8,oahu,2026.02,NWI wetland centroid 2026,Centroid res8 from NWI wetland objectid 902 polygon
WET_903,88464959ebfffff,8,oahu,2026.02,NWI wetland centroid 2026,Centroid res8 from NWI wetland objectid 903 polygon
WET_904,88464959e9fffff,8,oahu,2026.02,NWI wetland centroid 2026,Centroid res8 from NWI wetland objectid 904 polygon
WET_905,88464959ebfffff,8,oahu,2026.02,NWI wetland centroid 2026,Centroid res8 from NWI wetland objectid 905 polygon
WET_906,88464959b1fffff,8,oahu,2026.02,NWI wetland centroid 2026,Centroid res8 from NWI wetland objectid 906 polygon
WET_907,88464959e9fffff,8,oahu,2026.02,NWI wetland centroid 2026,Centroid res8 from NWI wetland objectid 907 polygon
WET_908,88464959ebfffff,8,oahu,2026.02,NWI wetland centroid 2026,Centroid res8 from NWI wetland objectid 908 polygon
WET_909,88464959e9fffff,8,oahu,2026.02,NWI wetland centroid 2026,Centroid res8 from NWI wetland objectid 909 polygon
WET_910,88464959abfffff,8,oahu,2026.02,NWI wetland centroid 2026,Centroid res8 from NWI wetland objectid 910 polygon
WET_911,88464b9651fffff,8,oahu,2026.02,NWI wetland centroid 2026,Centroid res8 from NWI wetland objectid 911 polygon
WET_912,88464959ebfffff,8,oahu,2026.02,NWI wetland centroid 2026,Centroid res8 from NWI wetland objectid 912 polygon
WET_913,8846494b23fffff,8,oahu,2026.02,NWI wetland centroid 2026,Centroid res8 from NWI wetland objectid 913 polygon
WET_914,8846494b1dfffff,8,oahu,2026.02,NWI wetland centroid 2026,Centroid res8 from NWI wetland objectid 914 polygon
WET_915,88464b969dfffff,8,oahu,2026.02,NWI wetland centroid 2026,Centroid res8 from NWI wetland objectid 915 polygon
WET_916,88464b9689fffff,8,oahu,2026.02,NWI wetland centroid 2026,Centroid res8 from NWI wetland objectid 916 polygon
WET_917,88464959b1fffff,8,oahu,2026.02,NWI wetland centroid 2026,Centroid res8 from NWI wetland objectid 917 polygon
WET_918,88464b9699fffff,8,oahu,2026.02,NWI wetland centroid 2026,Centroid res8 from NWI wetland objectid 918 polygon
WET_919,88464959b9fffff,8,oahu,2026.02,NWI wetland centroid 2026,Centroid res8 from NWI wetland objectid 919 polygon
WET_920,88464959b9fffff,8,oahu,2026.02,NWI wetland centroid 2026,Centroid res8 from NWI wetland objectid 920 polygon
WET_921,88464b96d1fffff,8,oahu,2026.02,NWI wetland centroid 2026,Centroid res8 from NWI wetland objectid 921 polygon
WET_922,88464b96c1fffff,8,oahu,2026.02,NWI wetland centroid 2026,Centroid res8 from NWI wetland objectid 922 polygon
WET_923,88464959abfffff,8,oahu,2026.02,NWI wetland centroid 2026,Centroid res8 from NWI wetland objectid 923 polygon
WET_924,88464b9619fffff,8,oahu,2026.02,NWI wetland centroid 2026,Centroid res8 from NWI wetland objectid 924 polygon
WET_925,8846495937fffff,8,oahu,2026.02,NWI wetland centroid 2026,Centroid res8 from NWI wetland objectid 925 polygon
WET_926,88464b961bfffff,8,oahu,2026.02,NWI wetland centroid 2026,Centroid res8 from NWI wetland objectid 926 polygon
WET_927,88464959e1fffff,8,oahu,2026.02,NWI wetland centroid 2026,Centroid res8 from NWI wetland objectid 927 polygon
WET_928,88464b96c9fffff,8,oahu,2026.02,NWI wetland centroid 2026,Centroid res8 from NWI wetland objectid 928 polygon
WET_929,88464959edfffff,8,oahu,2026.02,NWI wetland centroid 2026,Centroid res8 from NWI wetland objectid 929 polygon
WET_930,8846495925fffff,8,oahu,2026.02,NWI wetland centroid 2026,Centroid res8 from NWI wetland objectid 930 polygon
WET_931,8846495935fffff,8,oahu,2026.02,NWI wetland centroid 2026,Centroid res8 from NWI wetland objectid 931 polygon
WET_932,88464959c5fffff,8,oahu,2026.02,NWI wetland centroid 2026,Centroid res8 from NWI wetland objectid 932 polygon
WET_933,8846495917fffff,8,oahu,2026.02,NWI wetland centroid 2026,Centroid res8 from NWI wetland objectid 933 polygon
WET_934,88464b9657fffff,8,oahu,2026.02,NWI wetland centroid 2026,Centroid res8 from NWI wetland objectid 934 polygon
WET_935,88464959ebfffff,8,oahu,2026.02,NWI wetland centroid 2026,Centroid res8 from NWI wetland objectid 935 polygon
WET_936,88464959ebfffff,8,oahu,2026.02,NWI wetland centroid 2026,Centroid res8 from NWI wetland objectid 936 polygon
WET_937,88464959e9fffff,8,oahu,2026.02,NWI wetland centroid 2026,Centroid res8 from NWI wetland objectid 937 polygon
WET_938,88464959e9fffff,8,oahu,2026.02,NWI wetland centroid 2026,Centroid res8 from NWI wetland objectid 938 polygon
WET_939,88464959e9fffff,8,oahu,2026.02,NWI wetland centroid 2026,Centroid res8 from NWI wetland objectid 939 polygon
WET_940,88464959ebfffff,8,oahu,2026.02,NWI wetland centroid 2026,Centroid res8 from NWI wetland objectid 940 polygon
WET_941,88464959e9fffff,8,oahu,2026.02,NWI wetland centroid 2026,Centroid res8 from NWI wetland objectid 941 polygon
WET_942,88464959e9fffff,8,oahu,2026.02,NWI wetland centroid 2026,Centroid res8 from NWI wetland objectid 942 polygon
WET_943,88464959e9fffff,8,oahu,2026.02,NWI wetland centroid 2026,Centroid res8 from NWI wetland objectid 943 polygon
WET_944,8846494b55fffff,8,oahu,2026.02,NWI wetland centroid 2026,Centroid res8 from NWI wetland objectid 944 polygon
WET_945,88464b96ddfffff,8,oahu,2026.02,NWI wetland centroid 2026,Centroid res8 from NWI wetland objectid 945 polygon
WET_946,8846494b57fffff,8,oahu,2026.02,NWI wetland centroid 2026,Centroid res8 from NWI wetland objectid 946 polygon
WET_947,8846495995fffff,8,oahu,2026.02,NWI wetland centroid 2026,Centroid res8 from NWI wetland objectid 947 polygon
WET_948,8846494b67fffff,8,oahu,2026.02,NWI wetland centroid 2026,Centroid res8 from NWI wetland objectid 948 polygon
WET_949,8846494b67fffff,8,oahu,2026.02,NWI wetland centroid 2026,Centroid res8 from NWI wetland objectid 949 polygon
WET_950,88464959e5fffff,8,oahu,2026.02,NWI wetland centroid 2026,Centroid res8 from NWI wetland objectid 950 polygon
WET_951,88464959e5fffff,8,oahu,2026.02,NWI wetland centroid 2026,Centroid res8 from NWI wetland objectid 951 polygon
WET_952,88464959e5fffff,8,oahu,2026.02,NWI wetland centroid 2026,Centroid res8 from NWI wetland objectid 952 polygon
WET_953,8846494b1dfffff,8,oahu,2026.02,NWI wetland centroid 2026,Centroid res8 from NWI wetland objectid 953 polygon
WET_954,88464b9639fffff,8,oahu,2026.02,NWI wetland centroid 2026,Centroid res8 from NWI wetland objectid 954 polygon
WET_955,88464b9639fffff,8,oahu,2026.02,NWI wetland centroid 2026,Centroid res8 from NWI wetland objectid 955 polygon
WET_956,88464b9615fffff,8,oahu,2026.02,NWI wetland centroid 2026,Centroid res8 from NWI wetland objectid 956 polygon
WET_957,88464959edfffff,8,oahu,2026.02,NWI wetland centroid 2026,Centroid res8 from NWI wetland objectid 957 polygon
WET_958,88464b9689fffff,8,oahu,2026.02,NWI wetland centroid 2026,Centroid res8 from NWI wetland objectid 958 polygon
WET_959,88464b96ebfffff,8,oahu,2026.02,NWI wetland centroid 2026,Centroid res8 from NWI wetland objectid 959 polygon
WET_960,88464959e5fffff,8,oahu,2026.02,NWI wetland centroid 2026,Centroid res8 from NWI wetland objectid 960 polygon
WET_961,8846494b57fffff,8,oahu,2026.02,NWI wetland centroid 2026,Centroid res8 from NWI wetland objectid 961 polygon
WET_962,88464959b1fffff,8,oahu,2026.02,NWI wetland centroid 2026,Centroid res8 from NWI wetland objectid 962 polygon
WET_963,88464b96ddfffff,8,oahu,2026.02,NWI wetland centroid 2026,Centroid res8 from NWI wetland objectid 963 polygon
WET_964,88464b96ddfffff,8,oahu,2026.02,NWI wetland centroid 2026,Centroid res8 from NWI wetland objectid 964 polygon
WET_965,88464959edfffff,8,oahu,2026.02,NWI wetland centroid 2026,Centroid res8 from NWI wetland objectid 965 polygon
WET_966,8846494b1dfffff,8,oahu,2026.02,NWI wetland centroid 2026,Centroid res8 from NWI wetland objectid 966 polygon
WET_967,8846494b67fffff,8,oahu,2026.02,NWI wetland centroid 2026,Centroid res8 from NWI wetland objectid 967 polygon
WET_968,8846494b63fffff,8,oahu,2026.02,NWI wetland centroid 2026,Centroid res8 from NWI wetland objectid 968 polygon
WET_969,8846494b67fffff,8,oahu,2026.02,NWI wetland centroid 2026,Centroid res8 from NWI wetland objectid 969 polygon
WET_970,88464b9689fffff,8,oahu,2026.02,NWI wetland centroid 2026,Centroid res8 from NWI wetland objectid 970 polygon
WET_971,88464b9631fffff,8,oahu,2026.02,NWI wetland centroid 2026,Centroid res8 from NWI wetland objectid 971 polygon
WET_972,8846494b57fffff,8,oahu,2026.02,NWI wetland centroid 2026,Centroid res8 from NWI wetland objectid 972 polygon
WET_973,8846494b55fffff,8,oahu,2026.02,NWI wetland centroid 2026,Centroid res8 from NWI wetland objectid 973 polygon
WET_974,88464b9639fffff,8,oahu,2026.02,NWI wetland centroid 2026,Centroid res8 from NWI wetland objectid 974 polygon
WET_975,88464b96ebfffff,8,oahu,2026.02,NWI wetland centroid 2026,Centroid res8 from NWI wetland objectid 975 polygon
WET_976,88464b96ebfffff,8,oahu,2026.02,NWI wetland centroid 2026,Centroid res8 from NWI wetland objectid 976 polygon
WET_977,8846494b57fffff,8,oahu,2026.02,NWI wetland centroid 2026,Centroid res8 from NWI wetland objectid 977 polygon
WET_978,88464b96bbfffff,8,oahu,2026.02,NWI wetland centroid 2026,Centroid res8 from NWI wetland objectid 978 polygon
WET_979,88464b96bbfffff,8,oahu,2026.02,NWI wetland centroid 2026,Centroid res8 from NWI wetland objectid 979 polygon
WET_980,8846494b5dfffff,8,oahu,2026.02,NWI wetland centroid 2026,Centroid res8 from NWI wetland objectid 980 polygon
WET_981,88464b9695fffff,8,oahu,2026.02,NWI wetland centroid 2026,Centroid res8 from NWI wetland objectid 981 polygon
WET_982,88464b9695fffff,8,oahu,2026.02,NWI wetland centroid 2026,Centroid res8 from NWI wetland objectid 982 polygon
WET_983,88464b969dfffff,8,oahu,2026.02,NWI wetland centroid 2026,Centroid res8 from NWI wetland objectid 983 polygon
WET_984,88464959a9fffff,8,oahu,2026.02,NWI wetland centroid 2026,Centroid res8 from NWI wetland objectid 984 polygon
WET_985,8846495987fffff,8,oahu,2026.02,NWI wetland centroid 2026,Centroid res8 from NWI wetland objectid 985 polygon
WET_986,88464b96d9fffff,8,oahu,2026.02,NWI wetland centroid 2026,Centroid res8 from NWI wetland objectid 986 polygon
WET_987,88464959e5fffff,8,oahu,2026.02,NWI wetland centroid 2026,Centroid res8 from NWI wetland objectid 987 polygon
WET_988,88464959edfffff,8,oahu,2026.02,NWI wetland centroid 2026,Centroid res8 from NWI wetland objectid 988 polygon
WET_989,88464959edfffff,8,oahu,2026.02,NWI wetland centroid 2026,Centroid res8 from NWI wetland objectid 989 polygon
WET_990,88464959e1fffff,8,oahu,2026.02,NWI wetland centroid 2026,Centroid res8 from NWI wetland objectid 990 polygon
WET_991,88464b9619fffff,8,oahu,2026.02,NWI wetland centroid 2026,Centroid res8 from NWI wetland objectid 991 polygon
WET_992,88464b961dfffff,8,oahu,2026.02,NWI wetland centroid 2026,Centroid res8 from NWI wetland objectid 992 polygon
WET_993,88464959e9fffff,8,oahu,2026.02,NWI wetland centroid 2026,Centroid res8 from NWI wetland objectid 993 polygon
WET_994,8846495913fffff,8,oahu,2026.02,NWI wetland centroid 2026,Centroid res8 from NWI wetland objectid 994 polygon
WET_995,8846494b03fffff,8,oahu,2026.02,NWI wetland centroid 2026,Centroid res8 from NWI wetland objectid 995 polygon
WET_996,8846494b1dfffff,8,oahu,2026.02,NWI wetland centroid 2026,Centroid res8 from NWI wetland objectid 996 polygon
WET_997,8846494b57fffff,8,oahu,2026.02,NWI wetland centroid 2026,Centroid res8 from NWI wetland objectid 997 polygon
WET_998,8846494b0bfffff,8,oahu,2026.02,NWI wetland centroid 2026,Centroid res8 from NWI wetland objectid 998 polygon
WET_999,8846494b55fffff,8,oahu,2026.02,NWI wetland centroid 2026,Centroid res8 from NWI wetland objectid 999 polygon
WET_1000,88464b968bfffff,8,oahu,2026.02,NWI wetland centroid 2026,Centroid res8 from NWI wetland objectid 1000 polygon
WET_1001,88464b96ebfffff,8,oahu,2026.02,NWI wetland centroid 2026,Centroid res8 from NWI wetland objectid 1001 polygon
WET_1002,88464b96c5fffff,8,oahu,2026.02,NWI wetland centroid 2026,Centroid res8 from NWI wetland objectid 1002 polygon
WET_1003,88464b96c5fffff,8,oahu,2026.02,NWI wetland centroid 2026,Centroid res8 from NWI wetland objectid 1003 polygon
WET_1004,88464959d7fffff,8,oahu,2026.02,NWI wetland centroid 2026,Centroid res8 from NWI wetland objectid 1004 polygon
WET_1005,88464959d7fffff,8,oahu,2026.02,NWI wetland centroid 2026,Centroid res8 from NWI wetland objectid 1005 polygon
WET_1006,88464959d7fffff,8,oahu,2026.02,NWI wetland centroid 2026,Centroid res8 from NWI wetland objectid 1006 polygon
WET_1007,88464959d5fffff,8,oahu,2026.02,NWI wetland centroid 2026,Centroid res8 from NWI wetland objectid 1007 polygon
WET_1008,88464959e9fffff,8,oahu,2026.02,NWI wetland centroid 2026,Centroid res8 from NWI wetland objectid 1008 polygon
WET_1009,88464959e9fffff,8,oahu,2026.02,NWI wetland centroid 2026,Centroid res8 from NWI wetland objectid 1009 polygon
WET_1010,8846494b4dfffff,8,oahu,2026.02,NWI wetland centroid 2026,Centroid res8 from NWI wetland objectid 1010 polygon
WET_1011,88464959a7fffff,8,oahu,2026.02,NWI wetland centroid 2026,Centroid res8 from NWI wetland objectid 1011 polygon
WET_1012,88464959a1fffff,8,oahu,2026.02,NWI wetland centroid 2026,Centroid res8 from NWI wetland objectid 1012 polygon
WET_1013,88464959abfffff,8,oahu,2026.02,NWI wetland centroid 2026,Centroid res8 from NWI wetland objectid 1013 polygon
WET_1014,88464b96ddfffff,8,oahu,2026.02,NWI wetland centroid 2026,Centroid res8 from NWI wetland objectid 1014 polygon
WET_1015,88464b96c5fffff,8,oahu,2026.02,NWI wetland centroid 2026,Centroid res8 from NWI wetland objectid 1015 polygon
WET_1016,88464959e3fffff,8,oahu,2026.02,NWI wetland centroid 2026,Centroid res8 from NWI wetland objectid 1016 polygon
WET_1017,88464b9603fffff,8,oahu,2026.02,NWI wetland centroid 2026,Centroid res8 from NWI wetland objectid 1017 polygon
WET_1018,88464b9603fffff,8,oahu,2026.02,NWI wetland centroid 2026,Centroid res8 from NWI wetland objectid 1018 polygon
WET_1019,88464959e1fffff,8,oahu,2026.02,NWI wetland centroid 2026,Centroid res8 from NWI wetland objectid 1019 polygon
WET_1020,88464959e1fffff,8,oahu,2026.02,NWI wetland centroid 2026,Centroid res8 from NWI wetland objectid 1020 polygon
WET_1021,88464959c5fffff,8,oahu,2026.02,NWI wetland centroid 2026,Centroid res8 from NWI wetland objectid 1021 polygon
WET_1022,88464959edfffff,8,oahu,2026.02,NWI wetland centroid 2026,Centroid res8 from NWI wetland objectid 1022 polygon
WET_1023,88464959c5fffff,8,oahu,2026.02,NWI wetland centroid 2026,Centroid res8 from NWI wetland objectid 1023 polygon
WET_1024,88464959c5fffff,8,oahu,2026.02,NWI wetland centroid 2026,Centroid res8 from NWI wetland objectid 1024 polygon
WET_1025,884649593dfffff,8,oahu,2026.02,NWI wetland centroid 2026,Centroid res8 from NWI wetland objectid 1025 polygon
WET_1026,88464959c3fffff,8,oahu,2026.02,NWI wetland centroid 2026,Centroid res8 from NWI wetland objectid 1026 polygon
WET_1027,8846495911fffff,8,oahu,2026.02,NWI wetland centroid 2026,Centroid res8 from NWI wetland objectid 1027 polygon
WET_1028,8846494b6dfffff,8,oahu,2026.02,NWI wetland centroid 2026,Centroid res8 from NWI wetland objectid 1028 polygon
WET_1029,88464b9615fffff,8,oahu,2026.02,NWI wetland centroid 2026,Centroid res8 from NWI wetland objectid 1029 polygon
WET_1030,88464b96bbfffff,8,oahu,2026.02,NWI wetland centroid 2026,Centroid res8 from NWI wetland objectid 1030 polygon
WET_1031,88464b96bbfffff,8,oahu,2026.02,NWI wetland centroid 2026,Centroid res8 from NWI wetland objectid 1031 polygon
WET_1032,88464b96bbfffff,8,oahu,2026.02,NWI wetland centroid 2026,Centroid res8 from NWI wetland objectid 1032 polygon
WET_1033,88464b9695fffff,8,oahu,2026.02,NWI wetland centroid 2026,Centroid res8 from NWI wetland objectid 1033 polygon
WET_1034,88464b96e9fffff,8,oahu,2026.02,NWI wetland centroid 2026,Centroid res8 from NWI wetland objectid 1034 polygon
WET_1035,88464b9611fffff,8,oahu,2026.02,NWI wetland centroid 2026,Centroid res8 from NWI wetland objectid 1035 polygon
WET_1036,88464b96cbfffff,8,oahu,2026.02,NWI wetland centroid 2026,Centroid res8 from NWI wetland objectid 1036 polygon
WET_1037,8846494b47fffff,8,oahu,2026.02,NWI wetland centroid 2026,Centroid res8 from NWI wetland objectid 1037 polygon
WET_1038,88464839bdfffff,8,oahu,2026.02,NWI wetland centroid 2026,Centroid res8 from NWI wetland objectid 1038 polygon
WET_1039,88464839bdfffff,8,oahu,2026.02,NWI wetland centroid 2026,Centroid res8 from NWI wetland objectid 1039 polygon
WET_1040,88464839a1fffff,8,oahu,2026.02,NWI wetland centroid 2026,Centroid res8 from NWI wetland objectid 1040 polygon
WET_1041,88464839bdfffff,8,oahu,2026.02,NWI wetland centroid 2026,Centroid res8 from NWI wetland objectid 1041 polygon
WET_1042,88464839bdfffff,8,oahu,2026.02,NWI wetland centroid 2026,Centroid res8 from NWI wetland objectid 1042 polygon
WET_1043,88464839abfffff,8,oahu,2026.02,NWI wetland centroid 2026,Centroid res8 from NWI wetland objectid 1043 polygon
WET_1044,88464876d7fffff,8,oahu,2026.02,NWI wetland centroid 2026,Centroid res8 from NWI wetland objectid 1044 polygon
WET_1045,88464876d1fffff,8,oahu,2026.02,NWI wetland centroid 2026,Centroid res8 from NWI wetland objectid 1045 polygon
WET_1046,8846487633fffff,8,oahu,2026.02,NWI wetland centroid 2026,Centroid res8 from NWI wetland objectid 1046 polygon
WET_1047,8846487689fffff,8,oahu,2026.02,NWI wetland centroid 2026,Centroid res8 from NWI wetland objectid 1047 polygon
WET_1048,88464876c7fffff,8,oahu,2026.02,NWI wetland centroid 2026,Centroid res8 from NWI wetland objectid 1048 polygon
WET_1049,88464876ebfffff,8,oahu,2026.02,NWI wetland centroid 2026,Centroid res8 from NWI wetland objectid 1049 polygon
WET_1050,88464876d5fffff,8,oahu,2026.02,NWI wetland centroid 2026,Centroid res8 from NWI wetland objectid 1050 polygon
WET_1051,88464876c7fffff,8,oahu,2026.02,NWI wetland centroid 2026,Centroid res8 from NWI wetland objectid 1051 polygon
WET_1052,88464876c7fffff,8,oahu,2026.02,NWI wetland centroid 2026,Centroid res8 from NWI wetland objectid 1052 polygon
WET_1053,88464876c7fffff,8,oahu,2026.02,NWI wetland centroid 2026,Centroid res8 from NWI wetland objectid 1053 polygon
WET_1054,88464876d5fffff,8,oahu,2026.02,NWI wetland centroid 2026,Centroid res8 from NWI wetland objectid 1054 polygon
WET_1055,88464839a1fffff,8,oahu,2026.02,NWI wetland centroid 2026,Centroid res8 from NWI wetland objectid 1055 polygon
WET_1056,88464839adfffff,8,oahu,2026.02,NWI wetland centroid 2026,Centroid res8 from NWI wetland objectid 1056 polygon
WET_1057,88464876d1fffff,8,oahu,2026.02,NWI wetland centroid 2026,Centroid res8 from NWI wetland objectid 1057 polygon
WET_1058,88464876d1fffff,8,oahu,2026.02,NWI wetland centroid 2026,Centroid res8 from NWI wetland objectid 1058 polygon
WET_1059,88464839adfffff,8,oahu,2026.02,NWI wetland centroid 2026,Centroid res8 from NWI wetland objectid 1059 polygon
WET_1060,88464839adfffff,8,oahu,2026.02,NWI wetland centroid 2026,Centroid res8 from NWI wetland objectid 1060 polygon
WET_1061,88464876ebfffff,8,oahu,2026.02,NWI wetland centroid 2026,Centroid res8 from NWI wetland objectid 1061 polygon
WET_1062,88464839a1fffff,8,oahu,2026.02,NWI wetland centroid 2026,Centroid res8 from NWI wetland objectid 1062 polygon
WET_1063,88464876d1fffff,8,oahu,2026.02,NWI wetland centroid 2026,Centroid res8 from NWI wetland objectid 1063 polygon
WET_1064,8846483995fffff,8,oahu,2026.02,NWI wetland centroid 2026,Centroid res8 from NWI wetland objectid 1064 polygon
WET_1065,88464876edfffff,8,oahu,2026.02,NWI wetland centroid 2026,Centroid res8 from NWI wetland objectid 1065 polygon
WET_1066,88464876edfffff,8,oahu,2026.02,NWI wetland centroid 2026,Centroid res8 from NWI wetland objectid 1066 polygon
WET_1067,88464876d3fffff,8,oahu,2026.02,NWI wetland centroid 2026,Centroid res8 from NWI wetland objectid 1067 polygon
WET_1068,88464839b3fffff,8,oahu,2026.02,NWI wetland centroid 2026,Centroid res8 from NWI wetland objectid 1068 polygon
WET_1069,88464839b3fffff,8,oahu,2026.02,NWI wetland centroid 2026,Centroid res8 from NWI wetland objectid 1069 polygon
WET_1070,8846482b35fffff,8,oahu,2026.02,NWI wetland centroid 2026,Centroid res8 from NWI wetland objectid 1070 polygon
WET_1071,8846482a65fffff,8,oahu,2026.02,NWI wetland centroid 2026,Centroid res8 from NWI wetland objectid 1071 polygon
WET_1072,88464839bdfffff,8,oahu,2026.02,NWI wetland centroid 2026,Centroid res8 from NWI wetland objectid 1072 polygon
WET_1073,88464839bdfffff,8,oahu,2026.02,NWI wetland centroid 2026,Centroid res8 from NWI wetland objectid 1073 polygon
WET_1074,88464839bdfffff,8,oahu,2026.02,NWI wetland centroid 2026,Centroid res8 from NWI wetland objectid 1074 polygon
WET_1075,88464839a3fffff,8,oahu,2026.02,NWI wetland centroid 2026,Centroid res8 from NWI wetland objectid 1075 polygon
WET_1076,8846482b5bfffff,8,oahu,2026.02,NWI wetland centroid 2026,Centroid res8 from NWI wetland objectid 1076 polygon
WET_1077,8846482b4dfffff,8,oahu,2026.02,NWI wetland centroid 2026,Centroid res8 from NWI wetland objectid 1077 polygon
WET_1078,8846482b41fffff,8,oahu,2026.02,NWI wetland centroid 2026,Centroid res8 from NWI wetland objectid 1078 polygon
WET_1079,8846487685fffff,8,oahu,2026.02,NWI wetland centroid 2026,Centroid res8 from NWI wetland objectid 1079 polygon
WET_1080,8846487681fffff,8,oahu,2026.02,NWI wetland centroid 2026,Centroid res8 from NWI wetland objectid 1080 polygon
WET_1081,8846487681fffff,8,oahu,2026.02,NWI wetland centroid 2026,Centroid res8 from NWI wetland objectid 1081 polygon
WET_1082,8846482861fffff,8,oahu,2026.02,NWI wetland centroid 2026,Centroid res8 from NWI wetland objectid 1082 polygon
WET_1083,884648286dfffff,8,oahu,2026.02,NWI wetland centroid 2026,Centroid res8 from NWI wetland objectid 1083 polygon
WET_1084,8846482b2dfffff,8,oahu,2026.02,NWI wetland centroid 2026,Centroid res8 from NWI wetland objectid 1084 polygon
WET_1085,8846482b2dfffff,8,oahu,2026.02,NWI wetland centroid 2026,Centroid res8 from NWI wetland objectid 1085 polygon
WET_1086,8846482b2dfffff,8,oahu,2026.02,NWI wetland centroid 2026,Centroid res8 from NWI wetland objectid 1086 polygon
WET_1087,8846482b2dfffff,8,oahu,2026.02,NWI wetland centroid 2026,Centroid res8 from NWI wetland objectid 1087 polygon
WET_1088,8846482b67fffff,8,oahu,2026.02,NWI wetland centroid 2026,Centroid res8 from NWI wetland objectid 1088 polygon
WET_1089,8846482b29fffff,8,oahu,2026.02,NWI wetland centroid 2026,Centroid res8 from NWI wetland objectid 1089 polygon
WET_1090,8846482b65fffff,8,oahu,2026.02,NWI wetland centroid 2026,Centroid res8 from NWI wetland objectid 1090 polygon
WET_1091,8846482b53fffff,8,oahu,2026.02,NWI wetland centroid 2026,Centroid res8 from NWI wetland objectid 1091 polygon
WET_1092,8846482b1dfffff,8,oahu,2026.02,NWI wetland centroid 2026,Centroid res8 from NWI wetland objectid 1092 polygon
WET_1093,88464839b7fffff,8,oahu,2026.02,NWI wetland centroid 2026,Centroid res8 from NWI wetland objectid 1093 polygon
WET_1094,8846482b5dfffff,8,oahu,2026.02,NWI wetland centroid 2026,Centroid res8 from NWI wetland objectid 1094 polygon
WET_1095,8846482b47fffff,8,oahu,2026.02,NWI wetland centroid 2026,Centroid res8 from NWI wetland objectid 1095 polygon
WET_1096,8846487693fffff,8,oahu,2026.02,NWI wetland centroid 2026,Centroid res8 from NWI wetland objectid 1096 polygon
WET_1097,8846482b45fffff,8,oahu,2026.02,NWI wetland centroid 2026,Centroid res8 from NWI wetland objectid 1097 polygon
WET_1098,8846487691fffff,8,oahu,2026.02,NWI wetland centroid 2026,Centroid res8 from NWI wetland objectid 1098 polygon
WET_1099,8846487695fffff,8,oahu,2026.02,NWI wetland centroid 2026,Centroid res8 from NWI wetland objectid 1099 polygon
WET_1100,884648769dfffff,8,oahu,2026.02,NWI wetland centroid 2026,Centroid res8 from NWI wetland objectid 1100 polygon
WET_1101,8846487683fffff,8,oahu,2026.02,NWI wetland centroid 2026,Centroid res8 from NWI wetland objectid 1101 polygon
WET_1102,8846483995fffff,8,oahu,2026.02,NWI wetland centroid 2026,Centroid res8 from NWI wetland objectid 1102 polygon
WET_1103,88464839bdfffff,8,oahu,2026.02,NWI wetland centroid 2026,Centroid res8 from NWI wetland objectid 1103 polygon
WET_1104,88464874dbfffff,8,oahu,2026.02,NWI wetland centroid 2026,Centroid res8 from NWI wetland objectid 1104 polygon
WET_1105,8846487699fffff,8,oahu,2026.02,NWI wetland centroid 2026,Centroid res8 from NWI wetland objectid 1105 polygon
WET_1106,8846487699fffff,8,oahu,2026.02,NWI wetland centroid 2026,Centroid res8 from NWI wetland objectid 1106 polygon
WET_1107,88464876b3fffff,8,oahu,2026.02,NWI wetland centroid 2026,Centroid res8 from NWI wetland objectid 1107 polygon
WET_1108,88464839a3fffff,8,oahu,2026.02,NWI wetland centroid 2026,Centroid res8 from NWI wetland objectid 1108 polygon
WET_1109,88464839a7fffff,8,oahu,2026.02,NWI wetland centroid 2026,Centroid res8 from NWI wetland objectid 1109 polygon
WET_1110,88464874d9fffff,8,oahu,2026.02,NWI wetland centroid 2026,Centroid res8 from NWI wetland objectid 1110 polygon
WET_1111,88464839b7fffff,8,oahu,2026.02,NWI wetland centroid 2026,Centroid res8 from NWI wetland objectid 1111 polygon
WET_1112,88464839bdfffff,8,oahu,2026.02,NWI wetland centroid 2026,Centroid res8 from NWI wetland objectid 1112 polygon
WET_1113,88464839a3fffff,8,oahu,2026.02,NWI wetland centroid 2026,Centroid res8 from NWI wetland objectid 1113 polygon
WET_1114,88464839a1fffff,8,oahu,2026.02,NWI wetland centroid 2026,Centroid res8 from NWI wetland objectid 1114 polygon
WET_1115,88464839abfffff,8,oahu,2026.02,NWI wetland centroid 2026,Centroid res8 from NWI wetland objectid 1115 polygon
WET_1116,8846482b21fffff,8,oahu,2026.02,NWI wetland centroid 2026,Centroid res8 from NWI wetland objectid 1116 polygon
WET_1117,88464874d9fffff,8,oahu,2026.02,NWI wetland centroid 2026,Centroid res8 from NWI wetland objectid 1117 polygon
WET_1118,88464874d9fffff,8,oahu,2026.02,NWI wetland centroid 2026,Centroid res8 from NWI wetland objectid 1118 polygon
WET_1119,88464876b7fffff,8,oahu,2026.02,NWI wetland centroid 2026,Centroid res8 from NWI wetland objectid 1119 polygon
WET_1120,8846482b51fffff,8,oahu,2026.02,NWI wetland centroid 2026,Centroid res8 from NWI wetland objectid 1120 polygon
WET_1121,8846482b51fffff,8,oahu,2026.02,NWI wetland centroid 2026,Centroid res8 from NWI wetland objectid 1121 polygon
WET_1122,88464839b3fffff,8,oahu,2026.02,NWI wetland centroid 2026,Centroid res8 from NWI wetland objectid 1122 polygon
WET_1123,8846487685fffff,8,oahu,2026.02,NWI wetland centroid 2026,Centroid res8 from NWI wetland objectid 1123 polygon
WET_1124,88464876d7fffff,8,oahu,2026.02,NWI wetland centroid 2026,Centroid res8 from NWI wetland objectid 1124 polygon
WET_1125,88464876d7fffff,8,oahu,2026.02,NWI wetland centroid 2026,Centroid res8 from NWI wetland objectid 1125 polygon
WET_1126,88464839a5fffff,8,oahu,2026.02,NWI wetland centroid 2026,Centroid res8 from NWI wetland objectid 1126 polygon
WET_1127,8846482a65fffff,8,oahu,2026.02,NWI wetland centroid 2026,Centroid res8 from NWI wetland objectid 1127 polygon
WET_1128,8846482b59fffff,8,oahu,2026.02,NWI wetland centroid 2026,Centroid res8 from NWI wetland objectid 1128 polygon
WET_1129,88464839a1fffff,8,oahu,2026.02,NWI wetland centroid 2026,Centroid res8 from NWI wetland objectid 1129 polygon
WET_1130,88464839b7fffff,8,oahu,2026.02,NWI wetland centroid 2026,Centroid res8 from NWI wetland objectid 1130 polygon
WET_1131,8846482a65fffff,8,oahu,2026.02,NWI wetland centroid 2026,Centroid res8 from NWI wetland objectid 1131 polygon
WET_1132,8846482a65fffff,8,oahu,2026.02,NWI wetland centroid 2026,Centroid res8 from NWI wetland objectid 1132 polygon
WET_1133,88464839b7fffff,8,oahu,2026.02,NWI wetland centroid 2026,Centroid res8 from NWI wetland objectid 1133 polygon
WET_1134,88464839b7fffff,8,oahu,2026.02,NWI wetland centroid 2026,Centroid res8 from NWI wetland objectid 1134 polygon
WET_1135,88464839b3fffff,8,oahu,2026.02,NWI wetland centroid 2026,Centroid res8 from NWI wetland objectid 1135 polygon
WET_1136,88464839a3fffff,8,oahu,2026.02,NWI wetland centroid 2026,Centroid res8 from NWI wetland objectid 1136 polygon
WET_1137,88464839a7fffff,8,oahu,2026.02,NWI wetland centroid 2026,Centroid res8 from NWI wetland objectid 1137 polygon
WET_1138,88464839a3fffff,8,oahu,2026.02,NWI wetland centroid 2026,Centroid res8 from NWI wetland objectid 1138 polygon
WET_1139,88464839a7fffff,8,oahu,2026.02,NWI wetland centroid 2026,Centroid res8 from NWI wetland objectid 1139 polygon
WET_1140,88464839a1fffff,8,oahu,2026.02,NWI wetland centroid 2026,Centroid res8 from NWI wetland objectid 1140 polygon
WET_1141,88464839a3fffff,8,oahu,2026.02,NWI wetland centroid 2026,Centroid res8 from NWI wetland objectid 1141 polygon
WET_1142,88464839bdfffff,8,oahu,2026.02,NWI wetland centroid 2026,Centroid res8 from NWI wetland objectid 1142 polygon
WET_1143,88464839b1fffff,8,oahu,2026.02,NWI wetland centroid 2026,Centroid res8 from NWI wetland objectid 1143 polygon
WET_1144,88464839a1fffff,8,oahu,2026.02,NWI wetland centroid 2026,Centroid res8 from NWI wetland objectid 1144 polygon
WET_1145,88464876d5fffff,8,oahu,2026.02,NWI wetland centroid 2026,Centroid res8 from NWI wetland objectid 1145 polygon
WET_1146,88464839bdfffff,8,oahu,2026.02,NWI wetland centroid 2026,Centroid res8 from NWI wetland objectid 1146 polygon
WET_1147,88464839b7fffff,8,oahu,2026.02,NWI wetland centroid 2026,Centroid res8 from NWI wetland objectid 1147 polygon
WET_1148,8846483997fffff,8,oahu,2026.02,NWI wetland centroid 2026,Centroid res8 from NWI wetland objectid 1148 polygon
WET_1149,8846482b67fffff,8,oahu,2026.02,NWI wetland centroid 2026,Centroid res8 from NWI wetland objectid 1149 polygon
WET_1150,88464876b3fffff,8,oahu,2026.02,NWI wetland centroid 2026,Centroid res8 from NWI wetland objectid 1150 polygon
WET_1151,88464876e5fffff,8,oahu,2026.02,NWI wetland centroid 2026,Centroid res8 from NWI wetland objectid 1151 polygon
WET_1152,88464876e1fffff,8,oahu,2026.02,NWI wetland centroid 2026,Centroid res8 from NWI wetland objectid 1152 polygon
WET_1153,88464825e1fffff,8,oahu,2026.02,NWI wetland centroid 2026,Centroid res8 from NWI wetland objectid 1153 polygon
WET_1154,88464825ebfffff,8,oahu,2026.02,NWI wetland centroid 2026,Centroid res8 from NWI wetland objectid 1154 polygon
WET_1155,8846482425fffff,8,oahu,2026.02,NWI wetland centroid 2026,Centroid res8 from NWI wetland objectid 1155 polygon
WET_1156,8846482543fffff,8,oahu,2026.02,NWI wetland centroid 2026,Centroid res8 from NWI wetland objectid 1156 polygon
WET_1157,884648255dfffff,8,oahu,2026.02,NWI wetland centroid 2026,Centroid res8 from NWI wetland objectid 1157 polygon
WET_1158,8846482543fffff,8,oahu,2026.02,NWI wetland centroid 2026,Centroid res8 from NWI wetland objectid 1158 polygon
WET_1159,884648255dfffff,8,oahu,2026.02,NWI wetland centroid 2026,Centroid res8 from NWI wetland objectid 1159 polygon
WET_1160,8846482723fffff,8,oahu,2026.02,NWI wetland centroid 2026,Centroid res8 from NWI wetland objectid 1160 polygon
WET_1161,8846482723fffff,8,oahu,2026.02,NWI wetland centroid 2026,Centroid res8 from NWI wetland objectid 1161 polygon
WET_1162,8846482767fffff,8,oahu,2026.02,NWI wetland centroid 2026,Centroid res8 from NWI wetland objectid 1162 polygon
WET_1163,8846482721fffff,8,oahu,2026.02,NWI wetland centroid 2026,Centroid res8 from NWI wetland objectid 1163 polygon
WET_1164,8846482555fffff,8,oahu,2026.02,NWI wetland centroid 2026,Centroid res8 from NWI wetland objectid 1164 polygon
WET_1165,884648255dfffff,8,oahu,2026.02,NWI wetland centroid 2026,Centroid res8 from NWI wetland objectid 1165 polygon
WET_1166,884648255dfffff,8,oahu,2026.02,NWI wetland centroid 2026,Centroid res8 from NWI wetland objectid 1166 polygon
WET_1167,8846482723fffff,8,oahu,2026.02,NWI wetland centroid 2026,Centroid res8 from NWI wetland objectid 1167 polygon
WET_1168,88464825ebfffff,8,oahu,2026.02,NWI wetland centroid 2026,Centroid res8 from NWI wetland objectid 1168 polygon
WET_1169,884648255dfffff,8,oahu,2026.02,NWI wetland centroid 2026,Centroid res8 from NWI wetland objectid 1169 polygon
WET_1170,88464825e1fffff,8,oahu,2026.02,NWI wetland centroid 2026,Centroid res8 from NWI wetland objectid 1170 polygon
WET_1171,88464825e1fffff,8,oahu,2026.02,NWI wetland centroid 2026,Centroid res8 from NWI wetland objectid 1171 polygon
WET_1172,88464825e1fffff,8,oahu,2026.02,NWI wetland centroid 2026,Centroid res8 from NWI wetland objectid 1172 polygon
WET_1173,88464825ebfffff,8,oahu,2026.02,NWI wetland centroid 2026,Centroid res8 from NWI wetland objectid 1173 polygon
WET_1174,8846482427fffff,8,oahu,2026.02,NWI wetland centroid 2026,Centroid res8 from NWI wetland objectid 1174 polygon
WET_1175,8846482555fffff,8,oahu,2026.02,NWI wetland centroid 2026,Centroid res8 from NWI wetland objectid 1175 polygon
WET_1176,8846482543fffff,8,oahu,2026.02,NWI wetland centroid 2026,Centroid res8 from NWI wetland objectid 1176 polygon
WET_1177,8846482555fffff,8,oahu,2026.02,NWI wetland centroid 2026,Centroid res8 from NWI wetland objectid 1177 polygon
WET_1178,8846482543fffff,8,oahu,2026.02,NWI wetland centroid 2026,Centroid res8 from NWI wetland objectid 1178 polygon
WET_1179,8846482543fffff,8,oahu,2026.02,NWI wetland centroid 2026,Centroid res8 from NWI wetland objectid 1179 polygon
WET_1180,8846482543fffff,8,oahu,2026.02,NWI wetland centroid 2026,Centroid res8 from NWI wetland objectid 1180 polygon
WET_1181,8846482543fffff,8,oahu,2026.02,NWI wetland centroid 2026,Centroid res8 from NWI wetland objectid 1181 polygon
WET_1182,884648255dfffff,8,oahu,2026.02,NWI wetland centroid 2026,Centroid res8 from NWI wetland objectid 1182 polygon
WET_1183,884648255dfffff,8,oahu,2026.02,NWI wetland centroid 2026,Centroid res8 from NWI wetland objectid 1183 polygon
WET_1184,8846482723fffff,8,oahu,2026.02,NWI wetland centroid 2026,Centroid res8 from NWI wetland objectid 1184 polygon
WET_1185,8846482723fffff,8,oahu,2026.02,NWI wetland centroid 2026,Centroid res8 from NWI wetland objectid 1185 polygon
WET_1186,88464825e1fffff,8,oahu,2026.02,NWI wetland centroid 2026,Centroid res8 from NWI wetland objectid 1186 polygon
WET_1187,88464825ebfffff,8,oahu,2026.02,NWI wetland centroid 2026,Centroid res8 from NWI wetland objectid 1187 polygon
WET_1188,88464825e1fffff,8,oahu,2026.02,NWI wetland centroid 2026,Centroid res8 from NWI wetland objectid 1188 polygon
WET_1189,8846482555fffff,8,oahu,2026.02,NWI wetland centroid 2026,Centroid res8 from NWI wetland objectid 1189 polygon
WET_1190,8846482555fffff,8,oahu,2026.02,NWI wetland centroid 2026,Centroid res8 from NWI wetland objectid 1190 polygon
WET_1191,884648255bfffff,8,oahu,2026.02,NWI wetland centroid 2026,Centroid res8 from NWI wetland objectid 1191 polygon
WET_1192,884648255dfffff,8,oahu,2026.02,NWI wetland centroid 2026,Centroid res8 from NWI wetland objectid 1192 polygon
WET_1193,884648255dfffff,8,oahu,2026.02,NWI wetland centroid 2026,Centroid res8 from NWI wetland objectid 1193 polygon
WET_1194,884648255bfffff,8,oahu,2026.02,NWI wetland centroid 2026,Centroid res8 from NWI wetland objectid 1194 polygon
WET_1195,884648255dfffff,8,oahu,2026.02,NWI wetland centroid 2026,Centroid res8 from NWI wetland objectid 1195 polygon
WET_1196,8846482543fffff,8,oahu,2026.02,NWI wetland centroid 2026,Centroid res8 from NWI wetland objectid 1196 polygon
WET_1197,8846482723fffff,8,oahu,2026.02,NWI wetland centroid 2026,Centroid res8 from NWI wetland objectid 1197 polygon
WET_1198,8846482763fffff,8,oahu,2026.02,NWI wetland centroid 2026,Centroid res8 from NWI wetland objectid 1198 polygon
WET_1199,8846482767fffff,8,oahu,2026.02,NWI wetland centroid 2026,Centroid res8 from NWI wetland objectid 1199 polygon
WET_1200,8846482761fffff,8,oahu,2026.02,NWI wetland centroid 2026,Centroid res8 from NWI wetland objectid 1200 polygon
WET_1201,88464825e3fffff,8,oahu,2026.02,NWI wetland centroid 2026,Centroid res8 from NWI wetland objectid 1201 polygon
WET_1202,8846482425fffff,8,oahu,2026.02,NWI wetland centroid 2026,Centroid res8 from NWI wetland objectid 1202 polygon
WET_1203,884648242dfffff,8,oahu,2026.02,NWI wetland centroid 2026,Centroid res8 from NWI wetland objectid 1203 polygon
WET_1204,884648255bfffff,8,oahu,2026.02,NWI wetland centroid 2026,Centroid res8 from NWI wetland objectid 1204 polygon
WET_1205,884648255bfffff,8,oahu,2026.02,NWI wetland centroid 2026,Centroid res8 from NWI wetland objectid 1205 polygon
WET_1206,884648255dfffff,8,oahu,2026.02,NWI wetland centroid 2026,Centroid res8 from NWI wetland objectid 1206 polygon
WET_1207,8846482427fffff,8,oahu,2026.02,NWI wetland centroid 2026,Centroid res8 from NWI wetland objectid 1207 polygon
WET_1208,88464825cdfffff,8,oahu,2026.02,NWI wetland centroid 2026,Centroid res8 from NWI wetland objectid 1208 polygon
WET_1209,884648255dfffff,8,oahu,2026.02,NWI wetland centroid 2026,Centroid res8 from NWI wetland objectid 1209 polygon
WET_1210,88464825e7fffff,8,oahu,2026.02,NWI wetland centroid 2026,Centroid res8 from NWI wetland objectid 1210 polygon
WET_1211,88464825e1fffff,8,oahu,2026.02,NWI wetland centroid 2026,Centroid res8 from NWI wetland objectid 1211 polygon
WET_1212,88464825c7fffff,8,oahu,2026.02,NWI wetland centroid 2026,Centroid res8 from NWI wetland objectid 1212 polygon
WET_1213,88464825c1fffff,8,oahu,2026.02,NWI wetland centroid 2026,Centroid res8 from NWI wetland objectid 1213 polygon
WET_1214,88464825c1fffff,8,oahu,2026.02,NWI wetland centroid 2026,Centroid res8 from NWI wetland objectid 1214 polygon
WET_1215,88464825c1fffff,8,oahu,2026.02,NWI wetland centroid 2026,Centroid res8 from NWI wetland objectid 1215 polygon
WET_1216,88464825cdfffff,8,oahu,2026.02,NWI wetland centroid 2026,Centroid res8 from NWI wetland objectid 1216 polygon
WET_1217,88464825cdfffff,8,oahu,2026.02,NWI wetland centroid 2026,Centroid res8 from NWI wetland objectid 1217 polygon
WET_1218,88464825cdfffff,8,oahu,2026.02,NWI wetland centroid 2026,Centroid res8 from NWI wetland objectid 1218 polygon
WET_1219,8846482427fffff,8,oahu,2026.02,NWI wetland centroid 2026,Centroid res8 from NWI wetland objectid 1219 polygon
WET_1220,884648242dfffff,8,oahu,2026.02,NWI wetland centroid 2026,Centroid res8 from NWI wetland objectid 1220 polygon
WET_1221,884648255bfffff,8,oahu,2026.02,NWI wetland centroid 2026,Centroid res8 from NWI wetland objectid 1221 polygon
WET_1222,884648255bfffff,8,oahu,2026.02,NWI wetland centroid 2026,Centroid res8 from NWI wetland objectid 1222 polygon
WET_1223,884648255dfffff,8,oahu,2026.02,NWI wetland centroid 2026,Centroid res8 from NWI wetland objectid 1223 polygon
WET_1224,8846482559fffff,8,oahu,2026.02,NWI wetland centroid 2026,Centroid res8 from NWI wetland objectid 1224 polygon
WET_1225,884648254bfffff,8,oahu,2026.02,NWI wetland centroid 2026,Centroid res8 from NWI wetland objectid 1225 polygon
WET_1226,8846482735fffff,8,oahu,2026.02,NWI wetland centroid 2026,Centroid res8 from NWI wetland objectid 1226 polygon
WET_1227,8846482723fffff,8,oahu,2026.02,NWI wetland centroid 2026,Centroid res8 from NWI wetland objectid 1227 polygon
WET_1228,8846482767fffff,8,oahu,2026.02,NWI wetland centroid 2026,Centroid res8 from NWI wetland objectid 1228 polygon
WET_1229,88464825cdfffff,8,oahu,2026.02,NWI wetland centroid 2026,Centroid res8 from NWI wetland objectid 1229 polygon
WET_1230,8846482427fffff,8,oahu,2026.02,NWI wetland centroid 2026,Centroid res8 from NWI wetland objectid 1230 polygon
WET_1231,8846482427fffff,8,oahu,2026.02,NWI wetland centroid 2026,Centroid res8 from NWI wetland objectid 1231 polygon
WET_1232,8846482425fffff,8,oahu,2026.02,NWI wetland centroid 2026,Centroid res8 from NWI wetland objectid 1232 polygon
WET_1233,884648255bfffff,8,oahu,2026.02,NWI wetland centroid 2026,Centroid res8 from NWI wetland objectid 1233 polygon
WET_1234,884648255dfffff,8,oahu,2026.02,NWI wetland centroid 2026,Centroid res8 from NWI wetland objectid 1234 polygon
WET_1235,8846482735fffff,8,oahu,2026.02,NWI wetland centroid 2026,Centroid res8 from NWI wetland objectid 1235 polygon
WET_1236,8846482767fffff,8,oahu,2026.02,NWI wetland centroid 2026,Centroid res8 from NWI wetland objectid 1236 polygon
WET_1237,884648254dfffff,8,oahu,2026.02,NWI wetland centroid 2026,Centroid res8 from NWI wetland objectid 1237 polygon
WET_1238,884648254dfffff,8,oahu,2026.02,NWI wetland centroid 2026,Centroid res8 from NWI wetland objectid 1238 polygon
WET_1239,884648254dfffff,8,oahu,2026.02,NWI wetland centroid 2026,Centroid res8 from NWI wetland objectid 1239 polygon
WET_1240,884648254dfffff,8,oahu,2026.02,NWI wetland centroid 2026,Centroid res8 from NWI wetland objectid 1240 polygon
WET_1241,8846482721fffff,8,oahu,2026.02,NWI wetland centroid 2026,Centroid res8 from NWI wetland objectid 1241 polygon
WET_1242,8846482509fffff,8,oahu,2026.02,NWI wetland centroid 2026,Centroid res8 from NWI wetland objectid 1242 polygon
WET_1243,8846482521fffff,8,oahu,2026.02,NWI wetland centroid 2026,Centroid res8 from NWI wetland objectid 1243 polygon
WET_1244,88464825e7fffff,8,oahu,2026.02,NWI wetland centroid 2026,Centroid res8 from NWI wetland objectid 1244 polygon
WET_1245,88464825e7fffff,8,oahu,2026.02,NWI wetland centroid 2026,Centroid res8 from NWI wetland objectid 1245 polygon
WET_1246,88464825e1fffff,8,oahu,2026.02,NWI wetland centroid 2026,Centroid res8 from NWI wetland objectid 1246 polygon
WET_1247,8846482427fffff,8,oahu,2026.02,NWI wetland centroid 2026,Centroid res8 from NWI wetland objectid 1247 polygon
WET_1248,884648250dfffff,8,oahu,2026.02,NWI wetland centroid 2026,Centroid res8 from NWI wetland objectid 1248 polygon
WET_1249,884648250dfffff,8,oahu,2026.02,NWI wetland centroid 2026,Centroid res8 from NWI wetland objectid 1249 polygon
WET_1250,884648250dfffff,8,oahu,2026.02,NWI wetland centroid 2026,Centroid res8 from NWI wetland objectid 1250 polygon
WET_1251,8846482509fffff,8,oahu,2026.02,NWI wetland centroid 2026,Centroid res8 from NWI wetland objectid 1251 polygon
WET_1252,8846482509fffff,8,oahu,2026.02,NWI wetland centroid 2026,Centroid res8 from NWI wetland objectid 1252 polygon
WET_1253,8846482425fffff,8,oahu,2026.02,NWI wetland centroid 2026,Centroid res8 from NWI wetland objectid 1253 polygon
WET_1254,8846482425fffff,8,oahu,2026.02,NWI wetland centroid 2026,Centroid res8 from NWI wetland objectid 1254 polygon
WET_1255,8846482509fffff,8,oahu,2026.02,NWI wetland centroid 2026,Centroid res8 from NWI wetland objectid 1255 polygon
WET_1256,8846482509fffff,8,oahu,2026.02,NWI wetland centroid 2026,Centroid res8 from NWI wetland objectid 1256 polygon
WET_1257,8846482509fffff,8,oahu,2026.02,NWI wetland centroid 2026,Centroid res8 from NWI wetland objectid 1257 polygon
WET_1258,8846482555fffff,8,oahu,2026.02,NWI wetland centroid 2026,Centroid res8 from NWI wetland objectid 1258 polygon
WET_1259,8846482543fffff,8,oahu,2026.02,NWI wetland centroid 2026,Centroid res8 from NWI wetland objectid 1259 polygon
WET_1260,8846482723fffff,8,oahu,2026.02,NWI wetland centroid 2026,Centroid res8 from NWI wetland objectid 1260 polygon
WET_1261,8846482723fffff,8,oahu,2026.02,NWI wetland centroid 2026,Centroid res8 from NWI wetland objectid 1261 polygon
WET_1262,8846482723fffff,8,oahu,2026.02,NWI wetland centroid 2026,Centroid res8 from NWI wetland objectid 1262 polygon
WET_1263,8846482723fffff,8,oahu,2026.02,NWI wetland centroid 2026,Centroid res8 from NWI wetland objectid 1263 polygon
WET_1264,8846482723fffff,8,oahu,2026.02,NWI wetland centroid 2026,Centroid res8 from NWI wetland objectid 1264 polygon
WET_1265,8846482723fffff,8,oahu,2026.02,NWI wetland centroid 2026,Centroid res8 from NWI wetland objectid 1265 polygon
WET_1266,8846482723fffff,8,oahu,2026.02,NWI wetland centroid 2026,Centroid res8 from NWI wetland objectid 1266 polygon
WET_1267,8846482721fffff,8,oahu,2026.02,NWI wetland centroid 2026,Centroid res8 from NWI wetland objectid 1267 polygon
WET_1268,884648254dfffff,8,oahu,2026.02,NWI wetland centroid 2026,Centroid res8 from NWI wetland objectid 1268 polygon
WET_1269,884648254dfffff,8,oahu,2026.02,NWI wetland centroid 2026,Centroid res8 from NWI wetland objectid 1269 polygon
WET_1270,884648254dfffff,8,oahu,2026.02,NWI wetland centroid 2026,Centroid res8 from NWI wetland objectid 1270 polygon
WET_1271,8846482425fffff,8,oahu,2026.02,NWI wetland centroid 2026,Centroid res8 from NWI wetland objectid 1271 polygon
WET_1272,8846482425fffff,8,oahu,2026.02,NWI wetland centroid 2026,Centroid res8 from NWI wetland objectid 1272 polygon
WET_1273,8846482727fffff,8,oahu,2026.02,NWI wetland centroid 2026,Centroid res8 from NWI wetland objectid 1273 polygon
WET_1274,8846482549fffff,8,oahu,2026.02,NWI wetland centroid 2026,Centroid res8 from NWI wetland objectid 1274 polygon
WET_1275,8846482721fffff,8,oahu,2026.02,NWI wetland centroid 2026,Centroid res8 from NWI wetland objectid 1275 polygon
WET_1276,8846482721fffff,8,oahu,2026.02,NWI wetland centroid 2026,Centroid res8 from NWI wetland objectid 1276 polygon
WET_1277,8846482721fffff,8,oahu,2026.02,NWI wetland centroid 2026,Centroid res8 from NWI wetland objectid 1277 polygon
WET_1278,8846482721fffff,8,oahu,2026.02,NWI wetland centroid 2026,Centroid res8 from NWI wetland objectid 1278 polygon
WET_1279,8846482721fffff,8,oahu,2026.02,NWI wetland centroid 2026,Centroid res8 from NWI wetland objectid 1279 polygon
WET_1280,8846482729fffff,8,oahu,2026.02,NWI wetland centroid 2026,Centroid res8 from NWI wetland objectid 1280 polygon
WET_1281,8846482729fffff,8,oahu,2026.02,NWI wetland centroid 2026,Centroid res8 from NWI wetland objectid 1281 polygon
WET_1282,8846482729fffff,8,oahu,2026.02,NWI wetland centroid 2026,Centroid res8 from NWI wetland objectid 1282 polygon
WET_1283,88464825ebfffff,8,oahu,2026.02,NWI wetland centroid 2026,Centroid res8 from NWI wetland objectid 1283 polygon
WET_1284,8846482427fffff,8,oahu,2026.02,NWI wetland centroid 2026,Centroid res8 from NWI wetland objectid 1284 polygon
WET_1285,88464825e7fffff,8,oahu,2026.02,NWI wetland centroid 2026,Centroid res8 from NWI wetland objectid 1285 polygon
WET_1286,88464825e7fffff,8,oahu,2026.02,NWI wetland centroid 2026,Centroid res8 from NWI wetland objectid 1286 polygon
WET_1287,88464825e5fffff,8,oahu,2026.02,NWI wetland centroid 2026,Centroid res8 from NWI wetland objectid 1287 polygon
WET_1288,88464825e1fffff,8,oahu,2026.02,NWI wetland centroid 2026,Centroid res8 from NWI wetland objectid 1288 polygon
WET_1289,88464825e1fffff,8,oahu,2026.02,NWI wetland centroid 2026,Centroid res8 from NWI wetland objectid 1289 polygon
WET_1290,88464825e1fffff,8,oahu,2026.02,NWI wetland centroid 2026,Centroid res8 from NWI wetland objectid 1290 polygon
WET_1291,88464825e1fffff,8,oahu,2026.02,NWI wetland centroid 2026,Centroid res8 from NWI wetland objectid 1291 polygon
WET_1292,88464825e1fffff,8,oahu,2026.02,NWI wetland centroid 2026,Centroid res8 from NWI wetland objectid 1292 polygon
WET_1293,88464825e1fffff,8,oahu,2026.02,NWI wetland centroid 2026,Centroid res8 from NWI wetland objectid 1293 polygon
WET_1294,88464825e1fffff,8,oahu,2026.02,NWI wetland centroid 2026,Centroid res8 from NWI wetland objectid 1294 polygon
WET_1295,88464825e1fffff,8,oahu,2026.02,NWI wetland centroid 2026,Centroid res8 from NWI wetland objectid 1295 polygon
WET_1296,88464825e1fffff,8,oahu,2026.02,NWI wetland centroid 2026,Centroid res8 from NWI wetland objectid 1296 polygon
WET_1297,8846482425fffff,8,oahu,2026.02,NWI wetland centroid 2026,Centroid res8 from NWI wetland objectid 1297 polygon
WET_1298,8846482425fffff,8,oahu,2026.02,NWI wetland centroid 2026,Centroid res8 from NWI wetland objectid 1298 polygon
WET_1299,8846482425fffff,8,oahu,2026.02,NWI wetland centroid 2026,Centroid res8 from NWI wetland objectid 1299 polygon
WET_1300,8846482425fffff,8,oahu,2026.02,NWI wetland centroid 2026,Centroid res8 from NWI wetland objectid 1300 polygon
WET_1301,8846482425fffff,8,oahu,2026.02,NWI wetland centroid 2026,Centroid res8 from NWI wetland objectid 1301 polygon
WET_1302,8846482425fffff,8,oahu,2026.02,NWI wetland centroid 2026,Centroid res8 from NWI wetland objectid 1302 polygon
WET_1303,8846482425fffff,8,oahu,2026.02,NWI wetland centroid 2026,Centroid res8 from NWI wetland objectid 1303 polygon
WET_1304,8846482425fffff,8,oahu,2026.02,NWI wetland centroid 2026,Centroid res8 from NWI wetland objectid 1304 polygon
WET_1305,8846482509fffff,8,oahu,2026.02,NWI wetland centroid 2026,Centroid res8 from NWI wetland objectid 1305 polygon
WET_1306,8846482509fffff,8,oahu,2026.02,NWI wetland centroid 2026,Centroid res8 from NWI wetland objectid 1306 polygon
WET_1307,8846482509fffff,8,oahu,2026.02,NWI wetland centroid 2026,Centroid res8 from NWI wetland objectid 1307 polygon
WET_1308,8846482509fffff,8,oahu,2026.02,NWI wetland centroid 2026,Centroid res8 from NWI wetland objectid 1308 polygon
WET_1309,8846482509fffff,8,oahu,2026.02,NWI wetland centroid 2026,Centroid res8 from NWI wetland objectid 1309 polygon
WET_1310,884648254dfffff,8,oahu,2026.02,NWI wetland centroid 2026,Centroid res8 from NWI wetland objectid 1310 polygon
WET_1311,884648254dfffff,8,oahu,2026.02,NWI wetland centroid 2026,Centroid res8 from NWI wetland objectid 1311 polygon
WET_1312,8846482727fffff,8,oahu,2026.02,NWI wetland centroid 2026,Centroid res8 from NWI wetland objectid 1312 polygon
WET_1313,8846482723fffff,8,oahu,2026.02,NWI wetland centroid 2026,Centroid res8 from NWI wetland objectid 1313 polygon
WET_1314,8846482723fffff,8,oahu,2026.02,NWI wetland centroid 2026,Centroid res8 from NWI wetland objectid 1314 polygon
WET_1315,8846482723fffff,8,oahu,2026.02,NWI wetland centroid 2026,Centroid res8 from NWI wetland objectid 1315 polygon
WET_1316,8846482723fffff,8,oahu,2026.02,NWI wetland centroid 2026,Centroid res8 from NWI wetland objectid 1316 polygon
WET_1317,8846482723fffff,8,oahu,2026.02,NWI wetland centroid 2026,Centroid res8 from NWI wetland objectid 1317 polygon
WET_1318,8846482723fffff,8,oahu,2026.02,NWI wetland centroid 2026,Centroid res8 from NWI wetland objectid 1318 polygon
WET_1319,8846482723fffff,8,oahu,2026.02,NWI wetland centroid 2026,Centroid res8 from NWI wetland objectid 1319 polygon
WET_1320,8846482723fffff,8,oahu,2026.02,NWI wetland centroid 2026,Centroid res8 from NWI wetland objectid 1320 polygon
WET_1321,8846482723fffff,8,oahu,2026.02,NWI wetland centroid 2026,Centroid res8 from NWI wetland objectid 1321 polygon
WET_1322,884648272dfffff,8,oahu,2026.02,NWI wetland centroid 2026,Centroid res8 from NWI wetland objectid 1322 polygon
WET_1323,8846482767fffff,8,oahu,2026.02,NWI wetland centroid 2026,Centroid res8 from NWI wetland objectid 1323 polygon
WET_1324,8846482729fffff,8,oahu,2026.02,NWI wetland centroid 2026,Centroid res8 from NWI wetland objectid 1324 polygon
WET_1325,8846482767fffff,8,oahu,2026.02,NWI wetland centroid 2026,Centroid res8 from NWI wetland objectid 1325 polygon
WET_1326,8846482767fffff,8,oahu,2026.02,NWI wetland centroid 2026,Centroid res8 from NWI wetland objectid 1326 polygon
WET_1327,8846482723fffff,8,oahu,2026.02,NWI wetland centroid 2026,Centroid res8 from NWI wetland objectid 1327 polygon
WET_1328,8846482721fffff,8,oahu,2026.02,NWI wetland centroid 2026,Centroid res8 from NWI wetland objectid 1328 polygon
WET_1329,88464825edfffff,8,oahu,2026.02,NWI wetland centroid 2026,Centroid res8 from NWI wetland objectid 1329 polygon
WET_1330,8846482511fffff,8,oahu,2026.02,NWI wetland centroid 2026,Centroid res8 from NWI wetland objectid 1330 polygon
WET_1331,8846482521fffff,8,oahu,2026.02,NWI wetland centroid 2026,Centroid res8 from NWI wetland objectid 1331 polygon
WET_1332,8846482505fffff,8,oahu,2026.02,NWI wetland centroid 2026,Centroid res8 from NWI wetland objectid 1332 polygon
WET_1333,8846482507fffff,8,oahu,2026.02,NWI wetland centroid 2026,Centroid res8 from NWI wetland objectid 1333 polygon
WET_1334,8846482501fffff,8,oahu,2026.02,NWI wetland centroid 2026,Centroid res8 from NWI wetland objectid 1334 polygon
WET_1335,8846482501fffff,8,oahu,2026.02,NWI wetland centroid 2026,Centroid res8 from NWI wetland objectid 1335 polygon
WET_1336,8846482425fffff,8,oahu,2026.02,NWI wetland centroid 2026,Centroid res8 from NWI wetland objectid 1336 polygon
WET_1337,8846482425fffff,8,oahu,2026.02,NWI wetland centroid 2026,Centroid res8 from NWI wetland objectid 1337 polygon
WET_1338,884648250dfffff,8,oahu,2026.02,NWI wetland centroid 2026,Centroid res8 from NWI wetland objectid 1338 polygon
WET_1339,8846482425fffff,8,oahu,2026.02,NWI wetland centroid 2026,Centroid res8 from NWI wetland objectid 1339 polygon
WET_1340,8846482509fffff,8,oahu,2026.02,NWI wetland centroid 2026,Centroid res8 from NWI wetland objectid 1340 polygon
WET_1341,8846482509fffff,8,oahu,2026.02,NWI wetland centroid 2026,Centroid res8 from NWI wetland objectid 1341 polygon
WET_1342,8846482509fffff,8,oahu,2026.02,NWI wetland centroid 2026,Centroid res8 from NWI wetland objectid 1342 polygon
WET_1343,8846482509fffff,8,oahu,2026.02,NWI wetland centroid 2026,Centroid res8 from NWI wetland objectid 1343 polygon
WET_1344,8846482509fffff,8,oahu,2026.02,NWI wetland centroid 2026,Centroid res8 from NWI wetland objectid 1344 polygon
WET_1345,8846482509fffff,8,oahu,2026.02,NWI wetland centroid 2026,Centroid res8 from NWI wetland objectid 1345 polygon
WET_1346,8846482547fffff,8,oahu,2026.02,NWI wetland centroid 2026,Centroid res8 from NWI wetland objectid 1346 polygon
WET_1347,8846482509fffff,8,oahu,2026.02,NWI wetland centroid 2026,Centroid res8 from NWI wetland objectid 1347 polygon
WET_1348,8846482555fffff,8,oahu,2026.02,NWI wetland centroid 2026,Centroid res8 from NWI wetland objectid 1348 polygon
WET_1349,8846482555fffff,8,oahu,2026.02,NWI wetland centroid 2026,Centroid res8 from NWI wetland objectid 1349 polygon
WET_1350,8846482509fffff,8,oahu,2026.02,NWI wetland centroid 2026,Centroid res8 from NWI wetland objectid 1350 polygon
WET_1351,8846482509fffff,8,oahu,2026.02,NWI wetland centroid 2026,Centroid res8 from NWI wetland objectid 1351 polygon
WET_1352,8846482547fffff,8,oahu,2026.02,NWI wetland centroid 2026,Centroid res8 from NWI wetland objectid 1352 polygon
WET_1353,8846482555fffff,8,oahu,2026.02,NWI wetland centroid 2026,Centroid res8 from NWI wetland objectid 1353 polygon
WET_1354,8846482555fffff,8,oahu,2026.02,NWI wetland centroid 2026,Centroid res8 from NWI wetland objectid 1354 polygon
WET_1355,8846482543fffff,8,oahu,2026.02,NWI wetland centroid 2026,Centroid res8 from NWI wetland objectid 1355 polygon
WET_1356,8846482555fffff,8,oahu,2026.02,NWI wetland centroid 2026,Centroid res8 from NWI wetland objectid 1356 polygon
WET_1357,8846482555fffff,8,oahu,2026.02,NWI wetland centroid 2026,Centroid res8 from NWI wetland objectid 1357 polygon
WET_1358,8846482543fffff,8,oahu,2026.02,NWI wetland centroid 2026,Centroid res8 from NWI wetland objectid 1358 polygon
WET_1359,8846482543fffff,8,oahu,2026.02,NWI wetland centroid 2026,Centroid res8 from NWI wetland objectid 1359 polygon
WET_1360,8846482557fffff,8,oahu,2026.02,NWI wetland centroid 2026,Centroid res8 from NWI wetland objectid 1360 polygon
WET_1361,8846482545fffff,8,oahu,2026.02,NWI wetland centroid 2026,Centroid res8 from NWI wetland objectid 1361 polygon
WET_1362,884648254bfffff,8,oahu,2026.02,NWI wetland centroid 2026,Centroid res8 from NWI wetland objectid 1362 polygon
WET_1363,884648254dfffff,8,oahu,2026.02,NWI wetland centroid 2026,Centroid res8 from NWI wetland objectid 1363 polygon
WET_1364,8846482549fffff,8,oahu,2026.02,NWI wetland centroid 2026,Centroid res8 from NWI wetland objectid 1364 polygon
WET_1365,8846482735fffff,8,oahu,2026.02,NWI wetland centroid 2026,Centroid res8 from NWI wetland objectid 1365 polygon
WET_1366,8846482723fffff,8,oahu,2026.02,NWI wetland centroid 2026,Centroid res8 from NWI wetland objectid 1366 polygon
WET_1367,8846482723fffff,8,oahu,2026.02,NWI wetland centroid 2026,Centroid res8 from NWI wetland objectid 1367 polygon
WET_1368,8846482723fffff,8,oahu,2026.02,NWI wetland centroid 2026,Centroid res8 from NWI wetland objectid 1368 polygon
WET_1369,8846482723fffff,8,oahu,2026.02,NWI wetland centroid 2026,Centroid res8 from NWI wetland objectid 1369 polygon
WET_1370,8846482725fffff,8,oahu,2026.02,NWI wetland centroid 2026,Centroid res8 from NWI wetland objectid 1370 polygon
WET_1371,8846482729fffff,8,oahu,2026.02,NWI wetland centroid 2026,Centroid res8 from NWI wetland objectid 1371 polygon
WET_1372,8846482509fffff,8,oahu,2026.02,NWI wetland centroid 2026,Centroid res8 from NWI wetland objectid 1372 polygon
WET_1373,88464825e7fffff,8,oahu,2026.02,NWI wetland centroid 2026,Centroid res8 from NWI wetland objectid 1373 polygon
WET_1374,8846482511fffff,8,oahu,2026.02,NWI wetland centroid 2026,Centroid res8 from NWI wetland objectid 1374 polygon
WET_1375,8846482427fffff,8,oahu,2026.02,NWI wetland centroid 2026,Centroid res8 from NWI wetland objectid 1375 polygon
WET_1376,8846482519fffff,8,oahu,2026.02,NWI wetland centroid 2026,Centroid res8 from NWI wetland objectid 1376 polygon
WET_1377,8846482425fffff,8,oahu,2026.02,NWI wetland centroid 2026,Centroid res8 from NWI wetland objectid 1377 polygon
WET_1378,8846482427fffff,8,oahu,2026.02,NWI wetland centroid 2026,Centroid res8 from NWI wetland objectid 1378 polygon
WET_1379,8846482425fffff,8,oahu,2026.02,NWI wetland centroid 2026,Centroid res8 from NWI wetland objectid 1379 polygon
WET_1380,8846482425fffff,8,oahu,2026.02,NWI wetland centroid 2026,Centroid res8 from NWI wetland objectid 1380 polygon
WET_1381,8846482425fffff,8,oahu,2026.02,NWI wetland centroid 2026,Centroid res8 from NWI wetland objectid 1381 polygon
WET_1382,8846482425fffff,8,oahu,2026.02,NWI wetland centroid 2026,Centroid res8 from NWI wetland objectid 1382 polygon
WET_1383,8846482721fffff,8,oahu,2026.02,NWI wetland centroid 2026,Centroid res8 from NWI wetland objectid 1383 polygon
WET_1384,8846482727fffff,8,oahu,2026.02,NWI wetland centroid 2026,Centroid res8 from NWI wetland objectid 1384 polygon
WET_1385,8846482721fffff,8,oahu,2026.02,NWI wetland centroid 2026,Centroid res8 from NWI wetland objectid 1385 polygon
WET_1386,8846482721fffff,8,oahu,2026.02,NWI wetland centroid 2026,Centroid res8 from NWI wetland objectid 1386 polygon
WET_1387,88464825e7fffff,8,oahu,2026.02,NWI wetland centroid 2026,Centroid res8 from NWI wetland objectid 1387 polygon
WET_1388,88464825e1fffff,8,oahu,2026.02,NWI wetland centroid 2026,Centroid res8 from NWI wetland objectid 1388 polygon
WET_1389,8846482501fffff,8,oahu,2026.02,NWI wetland centroid 2026,Centroid res8 from NWI wetland objectid 1389 polygon
WET_1390,8846482501fffff,8,oahu,2026.02,NWI wetland centroid 2026,Centroid res8 from NWI wetland objectid 1390 polygon
WET_1391,884648251bfffff,8,oahu,2026.02,NWI wetland centroid 2026,Centroid res8 from NWI wetland objectid 1391 polygon
WET_1392,8846482427fffff,8,oahu,2026.02,NWI wetland centroid 2026,Centroid res8 from NWI wetland objectid 1392 polygon
WET_1393,884648251bfffff,8,oahu,2026.02,NWI wetland centroid 2026,Centroid res8 from NWI wetland objectid 1393 polygon
WET_1394,8846482427fffff,8,oahu,2026.02,NWI wetland centroid 2026,Centroid res8 from NWI wetland objectid 1394 polygon
WET_1395,884648251bfffff,8,oahu,2026.02,NWI wetland centroid 2026,Centroid res8 from NWI wetland objectid 1395 polygon
WET_1396,884648251bfffff,8,oahu,2026.02,NWI wetland centroid 2026,Centroid res8 from NWI wetland objectid 1396 polygon
WET_1397,884648251bfffff,8,oahu,2026.02,NWI wetland centroid 2026,Centroid res8 from NWI wetland objectid 1397 polygon
WET_1398,8846482427fffff,8,oahu,2026.02,NWI wetland centroid 2026,Centroid res8 from NWI wetland objectid 1398 polygon
WET_1399,8846482427fffff,8,oahu,2026.02,NWI wetland centroid 2026,Centroid res8 from NWI wetland objectid 1399 polygon
WET_1400,884648251bfffff,8,oahu,2026.02,NWI wetland centroid 2026,Centroid res8 from NWI wetland objectid 1400 polygon
WET_1401,8846482427fffff,8,oahu,2026.02,NWI wetland centroid 2026,Centroid res8 from NWI wetland objectid 1401 polygon
WET_1402,8846482425fffff,8,oahu,2026.02,NWI wetland centroid 2026,Centroid res8 from NWI wetland objectid 1402 polygon
WET_1403,8846482723fffff,8,oahu,2026.02,NWI wetland centroid 2026,Centroid res8 from NWI wetland objectid 1403 polygon
WET_1404,8846482721fffff,8,oahu,2026.02,NWI wetland centroid 2026,Centroid res8 from NWI wetland objectid 1404 polygon
WET_1405,88464825e1fffff,8,oahu,2026.02,NWI wetland centroid 2026,Centroid res8 from NWI wetland objectid 1405 polygon
WET_1406,88464825e1fffff,8,oahu,2026.02,NWI wetland centroid 2026,Centroid res8 from NWI wetland objectid 1406 polygon
WET_1407,88464825e1fffff,8,oahu,2026.02,NWI wetland centroid 2026,Centroid res8 from NWI wetland objectid 1407 polygon
WET_1408,88464825e1fffff,8,oahu,2026.02,NWI wetland centroid 2026,Centroid res8 from NWI wetland objectid 1408 polygon
WET_1409,88464825e1fffff,8,oahu,2026.02,NWI wetland centroid 2026,Centroid res8 from NWI wetland objectid 1409 polygon
WET_1410,88464825e1fffff,8,oahu,2026.02,NWI wetland centroid 2026,Centroid res8 from NWI wetland objectid 1410 polygon
WET_1411,88464825e5fffff,8,oahu,2026.02,NWI wetland centroid 2026,Centroid res8 from NWI wetland objectid 1411 polygon
WET_1412,88464825e1fffff,8,oahu,2026.02,NWI wetland centroid 2026,Centroid res8 from NWI wetland objectid 1412 polygon
WET_1413,88464825e1fffff,8,oahu,2026.02,NWI wetland centroid 2026,Centroid res8 from NWI wetland objectid 1413 polygon
WET_1414,8846482505fffff,8,oahu,2026.02,NWI wetland centroid 2026,Centroid res8 from NWI wetland objectid 1414 polygon
WET_1415,8846482505fffff,8,oahu,2026.02,NWI wetland centroid 2026,Centroid res8 from NWI wetland objectid 1415 polygon
WET_1416,884648250dfffff,8,oahu,2026.02,NWI wetland centroid 2026,Centroid res8 from NWI wetland objectid 1416 polygon
WET_1417,884648250dfffff,8,oahu,2026.02,NWI wetland centroid 2026,Centroid res8 from NWI wetland objectid 1417 polygon
WET_1418,884648250dfffff,8,oahu,2026.02,NWI wetland centroid 2026,Centroid res8 from NWI wetland objectid 1418 polygon
WET_1419,884648250dfffff,8,oahu,2026.02,NWI wetland centroid 2026,Centroid res8 from NWI wetland objectid 1419 polygon
WET_1420,884648250dfffff,8,oahu,2026.02,NWI wetland centroid 2026,Centroid res8 from NWI wetland objectid 1420 polygon
WET_1421,884648250dfffff,8,oahu,2026.02,NWI wetland centroid 2026,Centroid res8 from NWI wetland objectid 1421 polygon
WET_1422,8846482ec1fffff,8,oahu,2026.02,NWI wetland centroid 2026,Centroid res8 from NWI wetland objectid 1422 polygon
WET_1423,8846482ec1fffff,8,oahu,2026.02,NWI wetland centroid 2026,Centroid res8 from NWI wetland objectid 1423 polygon
WET_1424,884648253dfffff,8,oahu,2026.02,NWI wetland centroid 2026,Centroid res8 from NWI wetland objectid 1424 polygon
WET_1425,8846482511fffff,8,oahu,2026.02,NWI wetland centroid 2026,Centroid res8 from NWI wetland objectid 1425 polygon
WET_1426,8846482505fffff,8,oahu,2026.02,NWI wetland centroid 2026,Centroid res8 from NWI wetland objectid 1426 polygon
WET_1427,884648251bfffff,8,oahu,2026.02,NWI wetland centroid 2026,Centroid res8 from NWI wetland objectid 1427 polygon
WET_1428,8846482509fffff,8,oahu,2026.02,NWI wetland centroid 2026,Centroid res8 from NWI wetland objectid 1428 polygon
WET_1429,8846482555fffff,8,oahu,2026.02,NWI wetland centroid 2026,Centroid res8 from NWI wetland objectid 1429 polygon
WET_1430,8846482727fffff,8,oahu,2026.02,NWI wetland centroid 2026,Centroid res8 from NWI wetland objectid 1430 polygon
WET_1431,8846482721fffff,8,oahu,2026.02,NWI wetland centroid 2026,Centroid res8 from NWI wetland objectid 1431 polygon
WET_1432,884648272dfffff,8,oahu,2026.02,NWI wetland centroid 2026,Centroid res8 from NWI wetland objectid 1432 polygon
WET_1433,8846482427fffff,8,oahu,2026.02,NWI wetland centroid 2026,Centroid res8 from NWI wetland objectid 1433 polygon
WET_1434,8846482ec9fffff,8,oahu,2026.02,NWI wetland centroid 2026,Centroid res8 from NWI wetland objectid 1434 polygon
WET_1435,8846482527fffff,8,oahu,2026.02,NWI wetland centroid 2026,Centroid res8 from NWI wetland objectid 1435 polygon
WET_1436,88464825ebfffff,8,oahu,2026.02,NWI wetland centroid 2026,Centroid res8 from NWI wetland objectid 1436 polygon
WET_1437,884648254dfffff,8,oahu,2026.02,NWI wetland centroid 2026,Centroid res8 from NWI wetland objectid 1437 polygon
WET_1438,884648254dfffff,8,oahu,2026.02,NWI wetland centroid 2026,Centroid res8 from NWI wetland objectid 1438 polygon
WET_1439,8846482727fffff,8,oahu,2026.02,NWI wetland centroid 2026,Centroid res8 from NWI wetland objectid 1439 polygon
WET_1440,8846482727fffff,8,oahu,2026.02,NWI wetland centroid 2026,Centroid res8 from NWI wetland objectid 1440 polygon
WET_1441,8846482721fffff,8,oahu,2026.02,NWI wetland centroid 2026,Centroid res8 from NWI wetland objectid 1441 polygon
WET_1442,8846482721fffff,8,oahu,2026.02,NWI wetland centroid 2026,Centroid res8 from NWI wetland objectid 1442 polygon
WET_1443,8846482721fffff,8,oahu,2026.02,NWI wetland centroid 2026,Centroid res8 from NWI wetland objectid 1443 polygon
WET_1444,884648272dfffff,8,oahu,2026.02,NWI wetland centroid 2026,Centroid res8 from NWI wetland objectid 1444 polygon
WET_1445,884648272dfffff,8,oahu,2026.02,NWI wetland centroid 2026,Centroid res8 from NWI wetland objectid 1445 polygon
WET_1446,8846482729fffff,8,oahu,2026.02,NWI wetland centroid 2026,Centroid res8 from NWI wetland objectid 1446 polygon
WET_1447,8846482ec1fffff,8,oahu,2026.02,NWI wetland centroid 2026,Centroid res8 from NWI wetland objectid 1447 polygon
WET_1448,8846482ec1fffff,8,oahu,2026.02,NWI wetland centroid 2026,Centroid res8 from NWI wetland objectid 1448 polygon
WET_1449,884648251bfffff,8,oahu,2026.02,NWI wetland centroid 2026,Centroid res8 from NWI wetland objectid 1449 polygon
WET_1450,8846482501fffff,8,oahu,2026.02,NWI wetland centroid 2026,Centroid res8 from NWI wetland objectid 1450 polygon
WET_1451,884648251bfffff,8,oahu,2026.02,NWI wetland centroid 2026,Centroid res8 from NWI wetland objectid 1451 polygon
WET_1452,884648251bfffff,8,oahu,2026.02,NWI wetland centroid 2026,Centroid res8 from NWI wetland objectid 1452 polygon
WET_1453,884648251bfffff,8,oahu,2026.02,NWI wetland centroid 2026,Centroid res8 from NWI wetland objectid 1453 polygon
WET_1454,8846482427fffff,8,oahu,2026.02,NWI wetland centroid 2026,Centroid res8 from NWI wetland objectid 1454 polygon
WET_1455,8846482427fffff,8,oahu,2026.02,NWI wetland centroid 2026,Centroid res8 from NWI wetland objectid 1455 polygon
WET_1456,8846482427fffff,8,oahu,2026.02,NWI wetland centroid 2026,Centroid res8 from NWI wetland objectid 1456 polygon
WET_1457,884648250dfffff,8,oahu,2026.02,NWI wetland centroid 2026,Centroid res8 from NWI wetland objectid 1457 polygon
WET_1458,8846482501fffff,8,oahu,2026.02,NWI wetland centroid 2026,Centroid res8 from NWI wetland objectid 1458 polygon
WET_1459,8846482509fffff,8,oahu,2026.02,NWI wetland centroid 2026,Centroid res8 from NWI wetland objectid 1459 polygon
WET_1460,8846482543fffff,8,oahu,2026.02,NWI wetland centroid 2026,Centroid res8 from NWI wetland objectid 1460 polygon
WET_1461,8846482543fffff,8,oahu,2026.02,NWI wetland centroid 2026,Centroid res8 from NWI wetland objectid 1461 polygon
WET_1462,8846482723fffff,8,oahu,2026.02,NWI wetland centroid 2026,Centroid res8 from NWI wetland objectid 1462 polygon
WET_1463,8846482767fffff,8,oahu,2026.02,NWI wetland centroid 2026,Centroid res8 from NWI wetland objectid 1463 polygon
WET_1464,8846482425fffff,8,oahu,2026.02,NWI wetland centroid 2026,Centroid res8 from NWI wetland objectid 1464 polygon
WET_1465,8846482509fffff,8,oahu,2026.02,NWI wetland centroid 2026,Centroid res8 from NWI wetland objectid 1465 polygon
WET_1466,8846482505fffff,8,oahu,2026.02,NWI wetland centroid 2026,Centroid res8 from NWI wetland objectid 1466 polygon
WET_1467,884648250dfffff,8,oahu,2026.02,NWI wetland centroid 2026,Centroid res8 from NWI wetland objectid 1467 polygon
WET_1468,8846482545fffff,8,oahu,2026.02,NWI wetland centroid 2026,Centroid res8 from NWI wetland objectid 1468 polygon
WET_1469,8846482501fffff,8,oahu,2026.02,NWI wetland centroid 2026,Centroid res8 from NWI wetland objectid 1469 polygon
WET_1470,8846482283fffff,8,oahu,2026.02,NWI wetland centroid 2026,Centroid res8 from NWI wetland objectid 1470 polygon
WET_1471,8846482283fffff,8,oahu,2026.02,NWI wetland centroid 2026,Centroid res8 from NWI wetland objectid 1471 polygon
WET_1472,8846482283fffff,8,oahu,2026.02,NWI wetland centroid 2026,Centroid res8 from NWI wetland objectid 1472 polygon
WET_1473,88464822c7fffff,8,oahu,2026.02,NWI wetland centroid 2026,Centroid res8 from NWI wetland objectid 1473 polygon
WET_1474,8846483527fffff,8,oahu,2026.02,NWI wetland centroid 2026,Centroid res8 from NWI wetland objectid 1474 polygon
WET_1475,884648225bfffff,8,oahu,2026.02,NWI wetland centroid 2026,Centroid res8 from NWI wetland objectid 1475 polygon
WET_1476,8846483527fffff,8,oahu,2026.02,NWI wetland centroid 2026,Centroid res8 from NWI wetland objectid 1476 polygon
WET_1477,8846482283fffff,8,oahu,2026.02,NWI wetland centroid 2026,Centroid res8 from NWI wetland objectid 1477 polygon
WET_1478,8846482283fffff,8,oahu,2026.02,NWI wetland centroid 2026,Centroid res8 from NWI wetland objectid 1478 polygon
WET_1479,88464822c7fffff,8,oahu,2026.02,NWI wetland centroid 2026,Centroid res8 from NWI wetland objectid 1479 polygon
WET_1480,88464822bbfffff,8,oahu,2026.02,NWI wetland centroid 2026,Centroid res8 from NWI wetland objectid 1480 polygon
WET_1481,8846482283fffff,8,oahu,2026.02,NWI wetland centroid 2026,Centroid res8 from NWI wetland objectid 1481 polygon
WET_1482,884648228bfffff,8,oahu,2026.02,NWI wetland centroid 2026,Centroid res8 from NWI wetland objectid 1482 polygon
WET_1483,884648228bfffff,8,oahu,2026.02,NWI wetland centroid 2026,Centroid res8 from NWI wetland objectid 1483 polygon
WET_1484,88464822cbfffff,8,oahu,2026.02,NWI wetland centroid 2026,Centroid res8 from NWI wetland objectid 1484 polygon
WET_1485,88464822cbfffff,8,oahu,2026.02,NWI wetland centroid 2026,Centroid res8 from NWI wetland objectid 1485 polygon
WET_1486,884648228bfffff,8,oahu,2026.02,NWI wetland centroid 2026,Centroid res8 from NWI wetland objectid 1486 polygon
WET_1487,88464830b3fffff,8,oahu,2026.02,NWI wetland centroid 2026,Centroid res8 from NWI wetland objectid 1487 polygon
WET_1488,88464830b1fffff,8,oahu,2026.02,NWI wetland centroid 2026,Centroid res8 from NWI wetland objectid 1488 polygon
WET_1489,884648352dfffff,8,oahu,2026.02,NWI wetland centroid 2026,Centroid res8 from NWI wetland objectid 1489 polygon
WET_1490,8846483565fffff,8,oahu,2026.02,NWI wetland centroid 2026,Centroid res8 from NWI wetland objectid 1490 polygon
WET_1491,88464830b3fffff,8,oahu,2026.02,NWI wetland centroid 2026,Centroid res8 from NWI wetland objectid 1491 polygon
WET_1492,88464830b3fffff,8,oahu,2026.02,NWI wetland centroid 2026,Centroid res8 from NWI wetland objectid 1492 polygon
WET_1493,88464830b3fffff,8,oahu,2026.02,NWI wetland centroid 2026,Centroid res8 from NWI wetland objectid 1493 polygon
WET_1494,88464822d5fffff,8,oahu,2026.02,NWI wetland centroid 2026,Centroid res8 from NWI wetland objectid 1494 polygon
WET_1495,88464822d5fffff,8,oahu,2026.02,NWI wetland centroid 2026,Centroid res8 from NWI wetland objectid 1495 polygon
WET_1496,88464822d5fffff,8,oahu,2026.02,NWI wetland centroid 2026,Centroid res8 from NWI wetland objectid 1496 polygon
WET_1497,88464822d5fffff,8,oahu,2026.02,NWI wetland centroid 2026,Centroid res8 from NWI wetland objectid 1497 polygon
WET_1498,88464822d5fffff,8,oahu,2026.02,NWI wetland centroid 2026,Centroid res8 from NWI wetland objectid 1498 polygon
WET_1499,88464822d5fffff,8,oahu,2026.02,NWI wetland centroid 2026,Centroid res8 from NWI wetland objectid 1499 polygon
WET_1500,88464822cbfffff,8,oahu,2026.02,NWI wetland centroid 2026,Centroid res8 from NWI wetland objectid 1500 polygon
WET_1501,8846483527fffff,8,oahu,2026.02,NWI wetland centroid 2026,Centroid res8 from NWI wetland objectid 1501 polygon
WET_1502,8846483527fffff,8,oahu,2026.02,NWI wetland centroid 2026,Centroid res8 from NWI wetland objectid 1502 polygon
WET_1503,8846483527fffff,8,oahu,2026.02,NWI wetland centroid 2026,Centroid res8 from NWI wetland objectid 1503 polygon
WET_1504,88464822d1fffff,8,oahu,2026.02,NWI wetland centroid 2026,Centroid res8 from NWI wetland objectid 1504 polygon
WET_1505,8846483535fffff,8,oahu,2026.02,NWI wetland centroid 2026,Centroid res8 from NWI wetland objectid 1505 polygon
WET_1506,8846483523fffff,8,oahu,2026.02,NWI wetland centroid 2026,Centroid res8 from NWI wetland objectid 1506 polygon
WET_1507,884648352dfffff,8,oahu,2026.02,NWI wetland centroid 2026,Centroid res8 from NWI wetland objectid 1507 polygon
WET_1508,884648352dfffff,8,oahu,2026.02,NWI wetland centroid 2026,Centroid res8 from NWI wetland objectid 1508 polygon
WET_1509,884648225bfffff,8,oahu,2026.02,NWI wetland centroid 2026,Centroid res8 from NWI wetland objectid 1509 polygon
WET_1510,884648225bfffff,8,oahu,2026.02,NWI wetland centroid 2026,Centroid res8 from NWI wetland objectid 1510 polygon
WET_1511,8846483565fffff,8,oahu,2026.02,NWI wetland centroid 2026,Centroid res8 from NWI wetland objectid 1511 polygon
WET_1512,88464830b3fffff,8,oahu,2026.02,NWI wetland centroid 2026,Centroid res8 from NWI wetland objectid 1512 polygon
WET_1513,88464830b3fffff,8,oahu,2026.02,NWI wetland centroid 2026,Centroid res8 from NWI wetland objectid 1513 polygon
WET_1514,88464830b3fffff,8,oahu,2026.02,NWI wetland centroid 2026,Centroid res8 from NWI wetland objectid 1514 polygon
WET_1515,88464830b1fffff,8,oahu,2026.02,NWI wetland centroid 2026,Centroid res8 from NWI wetland objectid 1515 polygon
WET_1516,88464830b1fffff,8,oahu,2026.02,NWI wetland centroid 2026,Centroid res8 from NWI wetland objectid 1516 polygon
WET_1517,88464830b5fffff,8,oahu,2026.02,NWI wetland centroid 2026,Centroid res8 from NWI wetland objectid 1517 polygon
WET_1518,88464822b9fffff,8,oahu,2026.02,NWI wetland centroid 2026,Centroid res8 from NWI wetland objectid 1518 polygon
WET_1519,8846482283fffff,8,oahu,2026.02,NWI wetland centroid 2026,Centroid res8 from NWI wetland objectid 1519 polygon
WET_1520,884648228bfffff,8,oahu,2026.02,NWI wetland centroid 2026,Centroid res8 from NWI wetland objectid 1520 polygon
WET_1521,88464822d5fffff,8,oahu,2026.02,NWI wetland centroid 2026,Centroid res8 from NWI wetland objectid 1521 polygon
WET_1522,88464822cbfffff,8,oahu,2026.02,NWI wetland centroid 2026,Centroid res8 from NWI wetland objectid 1522 polygon
WET_1523,88464822cbfffff,8,oahu,2026.02,NWI wetland centroid 2026,Centroid res8 from NWI wetland objectid 1523 polygon
WET_1524,88464822c1fffff,8,oahu,2026.02,NWI wetland centroid 2026,Centroid res8 from NWI wetland objectid 1524 polygon
WET_1525,8846483521fffff,8,oahu,2026.02,NWI wetland centroid 2026,Centroid res8 from NWI wetland objectid 1525 polygon
WET_1526,884648225bfffff,8,oahu,2026.02,NWI wetland centroid 2026,Centroid res8 from NWI wetland objectid 1526 polygon
WET_1527,884648225bfffff,8,oahu,2026.02,NWI wetland centroid 2026,Centroid res8 from NWI wetland objectid 1527 polygon
WET_1528,88464830b3fffff,8,oahu,2026.02,NWI wetland centroid 2026,Centroid res8 from NWI wetland objectid 1528 polygon
WET_1529,88464830b3fffff,8,oahu,2026.02,NWI wetland centroid 2026,Centroid res8 from NWI wetland objectid 1529 polygon
WET_1530,8846482249fffff,8,oahu,2026.02,NWI wetland centroid 2026,Centroid res8 from NWI wetland objectid 1530 polygon
WET_1531,88464830b1fffff,8,oahu,2026.02,NWI wetland centroid 2026,Centroid res8 from NWI wetland objectid 1531 polygon
WET_1532,88464830b1fffff,8,oahu,2026.02,NWI wetland centroid 2026,Centroid res8 from NWI wetland objectid 1532 polygon
WET_1533,88464830b5fffff,8,oahu,2026.02,NWI wetland centroid 2026,Centroid res8 from NWI wetland objectid 1533 polygon
WET_1534,88464830b1fffff,8,oahu,2026.02,NWI wetland centroid 2026,Centroid res8 from NWI wetland objectid 1534 polygon
WET_1535,88464822c1fffff,8,oahu,2026.02,NWI wetland centroid 2026,Centroid res8 from NWI wetland objectid 1535 polygon
WET_1536,8846483527fffff,8,oahu,2026.02,NWI wetland centroid 2026,Centroid res8 from NWI wetland objectid 1536 polygon
WET_1537,884648225dfffff,8,oahu,2026.02,NWI wetland centroid 2026,Centroid res8 from NWI wetland objectid 1537 polygon
WET_1538,88464830b7fffff,8,oahu,2026.02,NWI wetland centroid 2026,Centroid res8 from NWI wetland objectid 1538 polygon
WET_1539,88464830b1fffff,8,oahu,2026.02,NWI wetland centroid 2026,Centroid res8 from NWI wetland objectid 1539 polygon
WET_1540,884648224bfffff,8,oahu,2026.02,NWI wetland centroid 2026,Centroid res8 from NWI wetland objectid 1540 polygon
WET_1541,8846482259fffff,8,oahu,2026.02,NWI wetland centroid 2026,Centroid res8 from NWI wetland objectid 1541 polygon
WET_1542,8846482251fffff,8,oahu,2026.02,NWI wetland centroid 2026,Centroid res8 from NWI wetland objectid 1542 polygon
WET_1543,884648352dfffff,8,oahu,2026.02,NWI wetland centroid 2026,Centroid res8 from NWI wetland objectid 1543 polygon
WET_1544,884648224bfffff,8,oahu,2026.02,NWI wetland centroid 2026,Centroid res8 from NWI wetland objectid 1544 polygon
WET_1545,88464830b7fffff,8,oahu,2026.02,NWI wetland centroid 2026,Centroid res8 from NWI wetland objectid 1545 polygon
WET_1546,884648352dfffff,8,oahu,2026.02,NWI wetland centroid 2026,Centroid res8 from NWI wetland objectid 1546 polygon
WET_1547,88464830b1fffff,8,oahu,2026.02,NWI wetland centroid 2026,Centroid res8 from NWI wetland objectid 1547 polygon
WET_1548,88464822c1fffff,8,oahu,2026.02,NWI wetland centroid 2026,Centroid res8 from NWI wetland objectid 1548 polygon
WET_1549,8846482211fffff,8,oahu,2026.02,NWI wetland centroid 2026,Centroid res8 from NWI wetland objectid 1549 polygon
WET_1550,8846482211fffff,8,oahu,2026.02,NWI wetland centroid 2026,Centroid res8 from NWI wetland objectid 1550 polygon
WET_1551,884648352dfffff,8,oahu,2026.02,NWI wetland centroid 2026,Centroid res8 from NWI wetland objectid 1551 polygon
WET_1552,884648352dfffff,8,oahu,2026.02,NWI wetland centroid 2026,Centroid res8 from NWI wetland objectid 1552 polygon
WET_1553,884648352dfffff,8,oahu,2026.02,NWI wetland centroid 2026,Centroid res8 from NWI wetland objectid 1553 polygon
WET_1554,884648225bfffff,8,oahu,2026.02,NWI wetland centroid 2026,Centroid res8 from NWI wetland objectid 1554 polygon
WET_1555,884648225bfffff,8,oahu,2026.02,NWI wetland centroid 2026,Centroid res8 from NWI wetland objectid 1555 polygon
WET_1556,8846482259fffff,8,oahu,2026.02,NWI wetland centroid 2026,Centroid res8 from NWI wetland objectid 1556 polygon
WET_1557,8846482259fffff,8,oahu,2026.02,NWI wetland centroid 2026,Centroid res8 from NWI wetland objectid 1557 polygon
WET_1558,884648224bfffff,8,oahu,2026.02,NWI wetland centroid 2026,Centroid res8 from NWI wetland objectid 1558 polygon
WET_1559,884648224bfffff,8,oahu,2026.02,NWI wetland centroid 2026,Centroid res8 from NWI wetland objectid 1559 polygon
WET_1560,884648224bfffff,8,oahu,2026.02,NWI wetland centroid 2026,Centroid res8 from NWI wetland objectid 1560 polygon
WET_1561,88464830b7fffff,8,oahu,2026.02,NWI wetland centroid 2026,Centroid res8 from NWI wetland objectid 1561 polygon
WET_1562,88464830b7fffff,8,oahu,2026.02,NWI wetland centroid 2026,Centroid res8 from NWI wetland objectid 1562 polygon
WET_1563,8846482259fffff,8,oahu,2026.02,NWI wetland centroid 2026,Centroid res8 from NWI wetland objectid 1563 polygon
WET_1564,884648224dfffff,8,oahu,2026.02,NWI wetland centroid 2026,Centroid res8 from NWI wetland objectid 1564 polygon
WET_1565,884648224dfffff,8,oahu,2026.02,NWI wetland centroid 2026,Centroid res8 from NWI wetland objectid 1565 polygon
WET_1566,8846482259fffff,8,oahu,2026.02,NWI wetland centroid 2026,Centroid res8 from NWI wetland objectid 1566 polygon
WET_1567,884648224dfffff,8,oahu,2026.02,NWI wetland centroid 2026,Centroid res8 from NWI wetland objectid 1567 polygon
WET_1568,88464830b1fffff,8,oahu,2026.02,NWI wetland centroid 2026,Centroid res8 from NWI wetland objectid 1568 polygon
WET_1569,88464830b1fffff,8,oahu,2026.02,NWI wetland centroid 2026,Centroid res8 from NWI wetland objectid 1569 polygon
WET_1570,884648225dfffff,8,oahu,2026.02,NWI wetland centroid 2026,Centroid res8 from NWI wetland objectid 1570 polygon
WET_1571,884648225dfffff,8,oahu,2026.02,NWI wetland centroid 2026,Centroid res8 from NWI wetland objectid 1571 polygon
WET_1572,884648228dfffff,8,oahu,2026.02,NWI wetland centroid 2026,Centroid res8 from NWI wetland objectid 1572 polygon
WET_1573,88464822c7fffff,8,oahu,2026.02,NWI wetland centroid 2026,Centroid res8 from NWI wetland objectid 1573 polygon
WET_1574,88464822c7fffff,8,oahu,2026.02,NWI wetland centroid 2026,Centroid res8 from NWI wetland objectid 1574 polygon
WET_1575,884648228dfffff,8,oahu,2026.02,NWI wetland centroid 2026,Centroid res8 from NWI wetland objectid 1575 polygon
WET_1576,88464822cdfffff,8,oahu,2026.02,NWI wetland centroid 2026,Centroid res8 from NWI wetland objectid 1576 polygon
WET_1577,8846482257fffff,8,oahu,2026.02,NWI wetland centroid 2026,Centroid res8 from NWI wetland objectid 1577 polygon
WET_1578,884648352dfffff,8,oahu,2026.02,NWI wetland centroid 2026,Centroid res8 from NWI wetland objectid 1578 polygon
WET_1579,8846482251fffff,8,oahu,2026.02,NWI wetland centroid 2026,Centroid res8 from NWI wetland objectid 1579 polygon
WET_1580,884648225bfffff,8,oahu,2026.02,NWI wetland centroid 2026,Centroid res8 from NWI wetland objectid 1580 polygon
WET_1581,884648224bfffff,8,oahu,2026.02,NWI wetland centroid 2026,Centroid res8 from NWI wetland objectid 1581 polygon
WET_1582,8846482253fffff,8,oahu,2026.02,NWI wetland centroid 2026,Centroid res8 from NWI wetland objectid 1582 polygon
WET_1583,8846482253fffff,8,oahu,2026.02,NWI wetland centroid 2026,Centroid res8 from NWI wetland objectid 1583 polygon
WET_1584,8846482253fffff,8,oahu,2026.02,NWI wetland centroid 2026,Centroid res8 from NWI wetland objectid 1584 polygon
WET_1585,8846482253fffff,8,oahu,2026.02,NWI wetland centroid 2026,Centroid res8 from NWI wetland objectid 1585 polygon
WET_1586,8846482253fffff,8,oahu,2026.02,NWI wetland centroid 2026,Centroid res8 from NWI wetland objectid 1586 polygon
WET_1587,8846482251fffff,8,oahu,2026.02,NWI wetland centroid 2026,Centroid res8 from NWI wetland objectid 1587 polygon
WET_1588,8846482253fffff,8,oahu,2026.02,NWI wetland centroid 2026,Centroid res8 from NWI wetland objectid 1588 polygon
WET_1589,884648225dfffff,8,oahu,2026.02,NWI wetland centroid 2026,Centroid res8 from NWI wetland objectid 1589 polygon
WET_1590,884648225dfffff,8,oahu,2026.02,NWI wetland centroid 2026,Centroid res8 from NWI wetland objectid 1590 polygon
WET_1591,884648225dfffff,8,oahu,2026.02,NWI wetland centroid 2026,Centroid res8 from NWI wetland objectid 1591 polygon
WET_1592,884648224bfffff,8,oahu,2026.02,NWI wetland centroid 2026,Centroid res8 from NWI wetland objectid 1592 polygon
WET_1593,884648225dfffff,8,oahu,2026.02,NWI wetland centroid 2026,Centroid res8 from NWI wetland objectid 1593 polygon
WET_1594,884648225dfffff,8,oahu,2026.02,NWI wetland centroid 2026,Centroid res8 from NWI wetland objectid 1594 polygon
WET_1595,88464830b7fffff,8,oahu,2026.02,NWI wetland centroid 2026,Centroid res8 from NWI wetland objectid 1595 polygon
WET_1596,884648224bfffff,8,oahu,2026.02,NWI wetland centroid 2026,Centroid res8 from NWI wetland objectid 1596 polygon
WET_1597,884648224dfffff,8,oahu,2026.02,NWI wetland centroid 2026,Centroid res8 from NWI wetland objectid 1597 polygon
WET_1598,88464830b5fffff,8,oahu,2026.02,NWI wetland centroid 2026,Centroid res8 from NWI wetland objectid 1598 polygon
WET_1599,884648225dfffff,8,oahu,2026.02,NWI wetland centroid 2026,Centroid res8 from NWI wetland objectid 1599 polygon
WET_1600,884648225dfffff,8,oahu,2026.02,NWI wetland centroid 2026,Centroid res8 from NWI wetland objectid 1600 polygon
WET_1601,8846482287fffff,8,oahu,2026.02,NWI wetland centroid 2026,Centroid res8 from NWI wetland objectid 1601 polygon
WET_1602,8846482287fffff,8,oahu,2026.02,NWI wetland centroid 2026,Centroid res8 from NWI wetland objectid 1602 polygon
WET_1603,8846482223fffff,8,oahu,2026.02,NWI wetland centroid 2026,Centroid res8 from NWI wetland objectid 1603 polygon
WET_1604,8846482251fffff,8,oahu,2026.02,NWI wetland centroid 2026,Centroid res8 from NWI wetland objectid 1604 polygon
WET_1605,8846482219fffff,8,oahu,2026.02,NWI wetland centroid 2026,Centroid res8 from NWI wetland objectid 1605 polygon
WET_1606,8846482219fffff,8,oahu,2026.02,NWI wetland centroid 2026,Centroid res8 from NWI wetland objectid 1606 polygon
WET_1607,8846482253fffff,8,oahu,2026.02,NWI wetland centroid 2026,Centroid res8 from NWI wetland objectid 1607 polygon
WET_1608,8846482253fffff,8,oahu,2026.02,NWI wetland centroid 2026,Centroid res8 from NWI wetland objectid 1608 polygon
WET_1609,8846482253fffff,8,oahu,2026.02,NWI wetland centroid 2026,Centroid res8 from NWI wetland objectid 1609 polygon
WET_1610,8846482253fffff,8,oahu,2026.02,NWI wetland centroid 2026,Centroid res8 from NWI wetland objectid 1610 polygon
WET_1611,8846482251fffff,8,oahu,2026.02,NWI wetland centroid 2026,Centroid res8 from NWI wetland objectid 1611 polygon
WET_1612,8846482253fffff,8,oahu,2026.02,NWI wetland centroid 2026,Centroid res8 from NWI wetland objectid 1612 polygon
WET_1613,8846482253fffff,8,oahu,2026.02,NWI wetland centroid 2026,Centroid res8 from NWI wetland objectid 1613 polygon
WET_1614,8846482253fffff,8,oahu,2026.02,NWI wetland centroid 2026,Centroid res8 from NWI wetland objectid 1614 polygon
WET_1615,8846482251fffff,8,oahu,2026.02,NWI wetland centroid 2026,Centroid res8 from NWI wetland objectid 1615 polygon
WET_1616,8846482253fffff,8,oahu,2026.02,NWI wetland centroid 2026,Centroid res8 from NWI wetland objectid 1616 polygon
WET_1617,884648225bfffff,8,oahu,2026.02,NWI wetland centroid 2026,Centroid res8 from NWI wetland objectid 1617 polygon
WET_1618,884648225bfffff,8,oahu,2026.02,NWI wetland centroid 2026,Centroid res8 from NWI wetland objectid 1618 polygon
WET_1619,884648225bfffff,8,oahu,2026.02,NWI wetland centroid 2026,Centroid res8 from NWI wetland objectid 1619 polygon
WET_1620,884648225bfffff,8,oahu,2026.02,NWI wetland centroid 2026,Centroid res8 from NWI wetland objectid 1620 polygon
WET_1621,884648225bfffff,8,oahu,2026.02,NWI wetland centroid 2026,Centroid res8 from NWI wetland objectid 1621 polygon
WET_1622,884648225bfffff,8,oahu,2026.02,NWI wetland centroid 2026,Centroid res8 from NWI wetland objectid 1622 polygon
WET_1623,884648225bfffff,8,oahu,2026.02,NWI wetland centroid 2026,Centroid res8 from NWI wetland objectid 1623 polygon
WET_1624,884648225bfffff,8,oahu,2026.02,NWI wetland centroid 2026,Centroid res8 from NWI wetland objectid 1624 polygon
WET_1625,884648225bfffff,8,oahu,2026.02,NWI wetland centroid 2026,Centroid res8 from NWI wetland objectid 1625 polygon
WET_1626,884648225bfffff,8,oahu,2026.02,NWI wetland centroid 2026,Centroid res8 from NWI wetland objectid 1626 polygon
WET_1627,884648225bfffff,8,oahu,2026.02,NWI wetland centroid 2026,Centroid res8 from NWI wetland objectid 1627 polygon
WET_1628,884648225bfffff,8,oahu,2026.02,NWI wetland centroid 2026,Centroid res8 from NWI wetland objectid 1628 polygon
WET_1629,884648225dfffff,8,oahu,2026.02,NWI wetland centroid 2026,Centroid res8 from NWI wetland objectid 1629 polygon
WET_1630,884648225dfffff,8,oahu,2026.02,NWI wetland centroid 2026,Centroid res8 from NWI wetland objectid 1630 polygon
WET_1631,8846482259fffff,8,oahu,2026.02,NWI wetland centroid 2026,Centroid res8 from NWI wetland objectid 1631 polygon
WET_1632,88464830b5fffff,8,oahu,2026.02,NWI wetland centroid 2026,Centroid res8 from NWI wetland objectid 1632 polygon
WET_1633,88464830b7fffff,8,oahu,2026.02,NWI wetland centroid 2026,Centroid res8 from NWI wetland objectid 1633 polygon
WET_1634,884648224bfffff,8,oahu,2026.02,NWI wetland centroid 2026,Centroid res8 from NWI wetland objectid 1634 polygon
WET_1635,884648224bfffff,8,oahu,2026.02,NWI wetland centroid 2026,Centroid res8 from NWI wetland objectid 1635 polygon
WET_1636,884648224bfffff,8,oahu,2026.02,NWI wetland centroid 2026,Centroid res8 from NWI wetland objectid 1636 polygon
WET_1637,884648224bfffff,8,oahu,2026.02,NWI wetland centroid 2026,Centroid res8 from NWI wetland objectid 1637 polygon
WET_1638,8846482249fffff,8,oahu,2026.02,NWI wetland centroid 2026,Centroid res8 from NWI wetland objectid 1638 polygon
WET_1639,8846482249fffff,8,oahu,2026.02,NWI wetland centroid 2026,Centroid res8 from NWI wetland objectid 1639 polygon
WET_1640,8846482249fffff,8,oahu,2026.02,NWI wetland centroid 2026,Centroid res8 from NWI wetland objectid 1640 polygon
WET_1641,8846482249fffff,8,oahu,2026.02,NWI wetland centroid 2026,Centroid res8 from NWI wetland objectid 1641 polygon
WET_1642,8846482249fffff,8,oahu,2026.02,NWI wetland centroid 2026,Centroid res8 from NWI wetland objectid 1642 polygon
WET_1643,8846482249fffff,8,oahu,2026.02,NWI wetland centroid 2026,Centroid res8 from NWI wetland objectid 1643 polygon
WET_1644,88464822c7fffff,8,oahu,2026.02,NWI wetland centroid 2026,Centroid res8 from NWI wetland objectid 1644 polygon
WET_1645,88464822c7fffff,8,oahu,2026.02,NWI wetland centroid 2026,Centroid res8 from NWI wetland objectid 1645 polygon
WET_1646,88464822c7fffff,8,oahu,2026.02,NWI wetland centroid 2026,Centroid res8 from NWI wetland objectid 1646 polygon
WET_1647,88464822c7fffff,8,oahu,2026.02,NWI wetland centroid 2026,Centroid res8 from NWI wetland objectid 1647 polygon
WET_1648,88464822cdfffff,8,oahu,2026.02,NWI wetland centroid 2026,Centroid res8 from NWI wetland objectid 1648 polygon
WET_1649,88464822cdfffff,8,oahu,2026.02,NWI wetland centroid 2026,Centroid res8 from NWI wetland objectid 1649 polygon
WET_1650,88464822cdfffff,8,oahu,2026.02,NWI wetland centroid 2026,Centroid res8 from NWI wetland objectid 1650 polygon
WET_1651,88464822cdfffff,8,oahu,2026.02,NWI wetland centroid 2026,Centroid res8 from NWI wetland objectid 1651 polygon
WET_1652,88464822cdfffff,8,oahu,2026.02,NWI wetland centroid 2026,Centroid res8 from NWI wetland objectid 1652 polygon
WET_1653,88464822cdfffff,8,oahu,2026.02,NWI wetland centroid 2026,Centroid res8 from NWI wetland objectid 1653 polygon
WET_1654,88464822cdfffff,8,oahu,2026.02,NWI wetland centroid 2026,Centroid res8 from NWI wetland objectid 1654 polygon
WET_1655,88464822cdfffff,8,oahu,2026.02,NWI wetland centroid 2026,Centroid res8 from NWI wetland objectid 1655 polygon
WET_1656,88464822cdfffff,8,oahu,2026.02,NWI wetland centroid 2026,Centroid res8 from NWI wetland objectid 1656 polygon
WET_1657,88464822cdfffff,8,oahu,2026.02,NWI wetland centroid 2026,Centroid res8 from NWI wetland objectid 1657 polygon
WET_1658,88464822cdfffff,8,oahu,2026.02,NWI wetland centroid 2026,Centroid res8 from NWI wetland objectid 1658 polygon
WET_1659,88464822cdfffff,8,oahu,2026.02,NWI wetland centroid 2026,Centroid res8 from NWI wetland objectid 1659 polygon
WET_1660,88464822cdfffff,8,oahu,2026.02,NWI wetland centroid 2026,Centroid res8 from NWI wetland objectid 1660 polygon
WET_1661,88464822cdfffff,8,oahu,2026.02,NWI wetland centroid 2026,Centroid res8 from NWI wetland objectid 1661 polygon
WET_1662,88464822cdfffff,8,oahu,2026.02,NWI wetland centroid 2026,Centroid res8 from NWI wetland objectid 1662 polygon
WET_1663,88464822cdfffff,8,oahu,2026.02,NWI wetland centroid 2026,Centroid res8 from NWI wetland objectid 1663 polygon
WET_1664,88464822cdfffff,8,oahu,2026.02,NWI wetland centroid 2026,Centroid res8 from NWI wetland objectid 1664 polygon
WET_1665,88464822cdfffff,8,oahu,2026.02,NWI wetland centroid 2026,Centroid res8 from NWI wetland objectid 1665 polygon
WET_1666,88464822cdfffff,8,oahu,2026.02,NWI wetland centroid 2026,Centroid res8 from NWI wetland objectid 1666 polygon
WET_1667,8846482251fffff,8,oahu,2026.02,NWI wetland centroid 2026,Centroid res8 from NWI wetland objectid 1667 polygon
WET_1668,8846482211fffff,8,oahu,2026.02,NWI wetland centroid 2026,Centroid res8 from NWI wetland objectid 1668 polygon
WET_1669,88464822bdfffff,8,oahu,2026.02,NWI wetland centroid 2026,Centroid res8 from NWI wetland objectid 1669 polygon
WET_1670,88464822bdfffff,8,oahu,2026.02,NWI wetland centroid 2026,Centroid res8 from NWI wetland objectid 1670 polygon
WET_1671,88464820c1fffff,8,oahu,2026.02,NWI wetland centroid 2026,Centroid res8 from NWI wetland objectid 1671 polygon
WET_1672,884648228bfffff,8,oahu,2026.02,NWI wetland centroid 2026,Centroid res8 from NWI wetland objectid 1672 polygon
WET_1673,88464822abfffff,8,oahu,2026.02,NWI wetland centroid 2026,Centroid res8 from NWI wetland objectid 1673 polygon
WET_1674,8846482041fffff,8,oahu,2026.02,NWI wetland centroid 2026,Centroid res8 from NWI wetland objectid 1674 polygon
WET_1675,88464822adfffff,8,oahu,2026.02,NWI wetland centroid 2026,Centroid res8 from NWI wetland objectid 1675 polygon
WET_1676,884648223bfffff,8,oahu,2026.02,NWI wetland centroid 2026,Centroid res8 from NWI wetland objectid 1676 polygon
WET_1677,8846482235fffff,8,oahu,2026.02,NWI wetland centroid 2026,Centroid res8 from NWI wetland objectid 1677 polygon
WET_1678,8846482255fffff,8,oahu,2026.02,NWI wetland centroid 2026,Centroid res8 from NWI wetland objectid 1678 polygon
WET_1679,884648225dfffff,8,oahu,2026.02,NWI wetland centroid 2026,Centroid res8 from NWI wetland objectid 1679 polygon
WET_1680,884648225dfffff,8,oahu,2026.02,NWI wetland centroid 2026,Centroid res8 from NWI wetland objectid 1680 polygon
WET_1681,8846482243fffff,8,oahu,2026.02,NWI wetland centroid 2026,Centroid res8 from NWI wetland objectid 1681 polygon
WET_1682,884648225dfffff,8,oahu,2026.02,NWI wetland centroid 2026,Centroid res8 from NWI wetland objectid 1682 polygon
WET_1683,8846482205fffff,8,oahu,2026.02,NWI wetland centroid 2026,Centroid res8 from NWI wetland objectid 1683 polygon
WET_1684,884648352dfffff,8,oahu,2026.02,NWI wetland centroid 2026,Centroid res8 from NWI wetland objectid 1684 polygon
WET_1685,884648224bfffff,8,oahu,2026.02,NWI wetland centroid 2026,Centroid res8 from NWI wetland objectid 1685 polygon
WET_1686,88464822c1fffff,8,oahu,2026.02,NWI wetland centroid 2026,Centroid res8 from NWI wetland objectid 1686 polygon
WET_1687,8846482253fffff,8,oahu,2026.02,NWI wetland centroid 2026,Centroid res8 from NWI wetland objectid 1687 polygon
WET_1688,8846482253fffff,8,oahu,2026.02,NWI wetland centroid 2026,Centroid res8 from NWI wetland objectid 1688 polygon
WET_1689,8846482253fffff,8,oahu,2026.02,NWI wetland centroid 2026,Centroid res8 from NWI wetland objectid 1689 polygon
WET_1690,884648225dfffff,8,oahu,2026.02,NWI wetland centroid 2026,Centroid res8 from NWI wetland objectid 1690 polygon
WET_1691,884648228dfffff,8,oahu,2026.02,NWI wetland centroid 2026,Centroid res8 from NWI wetland objectid 1691 polygon
WET_1692,8846482253fffff,8,oahu,2026.02,NWI wetland centroid 2026,Centroid res8 from NWI wetland objectid 1692 polygon
WET_1693,884648224dfffff,8,oahu,2026.02,NWI wetland centroid 2026,Centroid res8 from NWI wetland objectid 1693 polygon
WET_1694,884648224dfffff,8,oahu,2026.02,NWI wetland centroid 2026,Centroid res8 from NWI wetland objectid 1694 polygon
WET_1695,88464822c7fffff,8,oahu,2026.02,NWI wetland centroid 2026,Centroid res8 from NWI wetland objectid 1695 polygon
WET_1696,8846482253fffff,8,oahu,2026.02,NWI wetland centroid 2026,Centroid res8 from NWI wetland objectid 1696 polygon
WET_1697,8846482253fffff,8,oahu,2026.02,NWI wetland centroid 2026,Centroid res8 from NWI wetland objectid 1697 polygon
WET_1698,8846482253fffff,8,oahu,2026.02,NWI wetland centroid 2026,Centroid res8 from NWI wetland objectid 1698 polygon
WET_1699,8846482253fffff,8,oahu,2026.02,NWI wetland centroid 2026,Centroid res8 from NWI wetland objectid 1699 polygon
WET_1700,8846482253fffff,8,oahu,2026.02,NWI wetland centroid 2026,Centroid res8 from NWI wetland objectid 1700 polygon
WET_1701,884648225dfffff,8,oahu,2026.02,NWI wetland centroid 2026,Centroid res8 from NWI wetland objectid 1701 polygon
WET_1702,884648225dfffff,8,oahu,2026.02,NWI wetland centroid 2026,Centroid res8 from NWI wetland objectid 1702 polygon
WET_1703,884648225dfffff,8,oahu,2026.02,NWI wetland centroid 2026,Centroid res8 from NWI wetland objectid 1703 polygon
WET_1704,884648225dfffff,8,oahu,2026.02,NWI wetland centroid 2026,Centroid res8 from NWI wetland objectid 1704 polygon
WET_1705,884648225dfffff,8,oahu,2026.02,NWI wetland centroid 2026,Centroid res8 from NWI wetland objectid 1705 polygon
WET_1706,884648225dfffff,8,oahu,2026.02,NWI wetland centroid 2026,Centroid res8 from NWI wetland objectid 1706 polygon
WET_1707,88464830b7fffff,8,oahu,2026.02,NWI wetland centroid 2026,Centroid res8 from NWI wetland objectid 1707 polygon
WET_1708,884648224dfffff,8,oahu,2026.02,NWI wetland centroid 2026,Centroid res8 from NWI wetland objectid 1708 polygon
WET_1709,8846482049fffff,8,oahu,2026.02,NWI wetland centroid 2026,Centroid res8 from NWI wetland objectid 1709 polygon
WET_1710,884648228bfffff,8,oahu,2026.02,NWI wetland centroid 2026,Centroid res8 from NWI wetland objectid 1710 polygon
WET_1711,884648228dfffff,8,oahu,2026.02,NWI wetland centroid 2026,Centroid res8 from NWI wetland objectid 1711 polygon
WET_1712,8846482219fffff,8,oahu,2026.02,NWI wetland centroid 2026,Centroid res8 from NWI wetland objectid 1712 polygon
WET_1713,8846482253fffff,8,oahu,2026.02,NWI wetland centroid 2026,Centroid res8 from NWI wetland objectid 1713 polygon
WET_1714,8846482251fffff,8,oahu,2026.02,NWI wetland centroid 2026,Centroid res8 from NWI wetland objectid 1714 polygon
WET_1715,884648225bfffff,8,oahu,2026.02,NWI wetland centroid 2026,Centroid res8 from NWI wetland objectid 1715 polygon
WET_1716,884648225bfffff,8,oahu,2026.02,NWI wetland centroid 2026,Centroid res8 from NWI wetland objectid 1716 polygon
WET_1717,884648225bfffff,8,oahu,2026.02,NWI wetland centroid 2026,Centroid res8 from NWI wetland objectid 1717 polygon
WET_1718,884648225bfffff,8,oahu,2026.02,NWI wetland centroid 2026,Centroid res8 from NWI wetland objectid 1718 polygon
WET_1719,884648225bfffff,8,oahu,2026.02,NWI wetland centroid 2026,Centroid res8 from NWI wetland objectid 1719 polygon
WET_1720,884648225bfffff,8,oahu,2026.02,NWI wetland centroid 2026,Centroid res8 from NWI wetland objectid 1720 polygon
WET_1721,8846482259fffff,8,oahu,2026.02,NWI wetland centroid 2026,Centroid res8 from NWI wetland objectid 1721 polygon
WET_1722,884648224bfffff,8,oahu,2026.02,NWI wetland centroid 2026,Centroid res8 from NWI wetland objectid 1722 polygon
WET_1723,884648224bfffff,8,oahu,2026.02,NWI wetland centroid 2026,Centroid res8 from NWI wetland objectid 1723 polygon
WET_1724,884648224bfffff,8,oahu,2026.02,NWI wetland centroid 2026,Centroid res8 from NWI wetland objectid 1724 polygon
WET_1725,88464830b7fffff,8,oahu,2026.02,NWI wetland centroid 2026,Centroid res8 from NWI wetland objectid 1725 polygon
WET_1726,8846482249fffff,8,oahu,2026.02,NWI wetland centroid 2026,Centroid res8 from NWI wetland objectid 1726 polygon
WET_1727,88464830b7fffff,8,oahu,2026.02,NWI wetland centroid 2026,Centroid res8 from NWI wetland objectid 1727 polygon
WET_1728,884648224dfffff,8,oahu,2026.02,NWI wetland centroid 2026,Centroid res8 from NWI wetland objectid 1728 polygon
WET_1729,884648224bfffff,8,oahu,2026.02,NWI wetland centroid 2026,Centroid res8 from NWI wetland objectid 1729 polygon
WET_1730,8846482249fffff,8,oahu,2026.02,NWI wetland centroid 2026,Centroid res8 from NWI wetland objectid 1730 polygon
WET_1731,8846482249fffff,8,oahu,2026.02,NWI wetland centroid 2026,Centroid res8 from NWI wetland objectid 1731 polygon
WET_1732,8846482249fffff,8,oahu,2026.02,NWI wetland centroid 2026,Centroid res8 from NWI wetland objectid 1732 polygon
WET_1733,8846482249fffff,8,oahu,2026.02,NWI wetland centroid 2026,Centroid res8 from NWI wetland objectid 1733 polygon
WET_1734,8846482249fffff,8,oahu,2026.02,NWI wetland centroid 2026,Centroid res8 from NWI wetland objectid 1734 polygon
WET_1735,8846482249fffff,8,oahu,2026.02,NWI wetland centroid 2026,Centroid res8 from NWI wetland objectid 1735 polygon
WET_1736,8846482249fffff,8,oahu,2026.02,NWI wetland centroid 2026,Centroid res8 from NWI wetland objectid 1736 polygon
WET_1737,88464830b5fffff,8,oahu,2026.02,NWI wetland centroid 2026,Centroid res8 from NWI wetland objectid 1737 polygon
WET_1738,8846482249fffff,8,oahu,2026.02,NWI wetland centroid 2026,Centroid res8 from NWI wetland objectid 1738 polygon
WET_1739,88464830b5fffff,8,oahu,2026.02,NWI wetland centroid 2026,Centroid res8 from NWI wetland objectid 1739 polygon
WET_1740,88464830b5fffff,8,oahu,2026.02,NWI wetland centroid 2026,Centroid res8 from NWI wetland objectid 1740 polygon
WET_1741,88464830b5fffff,8,oahu,2026.02,NWI wetland centroid 2026,Centroid res8 from NWI wetland objectid 1741 polygon
WET_1742,88464822cdfffff,8,oahu,2026.02,NWI wetland centroid 2026,Centroid res8 from NWI wetland objectid 1742 polygon
WET_1743,88464822cdfffff,8,oahu,2026.02,NWI wetland centroid 2026,Centroid res8 from NWI wetland objectid 1743 polygon
WET_1744,88464822cdfffff,8,oahu,2026.02,NWI wetland centroid 2026,Centroid res8 from NWI wetland objectid 1744 polygon
WET_1745,88464822cdfffff,8,oahu,2026.02,NWI wetland centroid 2026,Centroid res8 from NWI wetland objectid 1745 polygon
WET_1746,88464822cdfffff,8,oahu,2026.02,NWI wetland centroid 2026,Centroid res8 from NWI wetland objectid 1746 polygon
WET_1747,88464822cdfffff,8,oahu,2026.02,NWI wetland centroid 2026,Centroid res8 from NWI wetland objectid 1747 polygon
WET_1748,88464822cdfffff,8,oahu,2026.02,NWI wetland centroid 2026,Centroid res8 from NWI wetland objectid 1748 polygon
WET_1749,88464822cdfffff,8,oahu,2026.02,NWI wetland centroid 2026,Centroid res8 from NWI wetland objectid 1749 polygon
WET_1750,88464822cdfffff,8,oahu,2026.02,NWI wetland centroid 2026,Centroid res8 from NWI wetland objectid 1750 polygon
WET_1751,88464822cdfffff,8,oahu,2026.02,NWI wetland centroid 2026,Centroid res8 from NWI wetland objectid 1751 polygon
WET_1752,8846482213fffff,8,oahu,2026.02,NWI wetland centroid 2026,Centroid res8 from NWI wetland objectid 1752 polygon
WET_1753,8846482213fffff,8,oahu,2026.02,NWI wetland centroid 2026,Centroid res8 from NWI wetland objectid 1753 polygon
WET_1754,88464822cdfffff,8,oahu,2026.02,NWI wetland centroid 2026,Centroid res8 from NWI wetland objectid 1754 polygon
WET_1755,8846482213fffff,8,oahu,2026.02,NWI wetland centroid 2026,Centroid res8 from NWI wetland objectid 1755 polygon
WET_1756,88464822cdfffff,8,oahu,2026.02,NWI wetland centroid 2026,Centroid res8 from NWI wetland objectid 1756 polygon
WET_1757,88464822cdfffff,8,oahu,2026.02,NWI wetland centroid 2026,Centroid res8 from NWI wetland objectid 1757 polygon
WET_1758,88464822cdfffff,8,oahu,2026.02,NWI wetland centroid 2026,Centroid res8 from NWI wetland objectid 1758 polygon
WET_1759,88464822cdfffff,8,oahu,2026.02,NWI wetland centroid 2026,Centroid res8 from NWI wetland objectid 1759 polygon
WET_1760,88464822cdfffff,8,oahu,2026.02,NWI wetland centroid 2026,Centroid res8 from NWI wetland objectid 1760 polygon
WET_1761,88464822cdfffff,8,oahu,2026.02,NWI wetland centroid 2026,Centroid res8 from NWI wetland objectid 1761 polygon
WET_1762,88464822cdfffff,8,oahu,2026.02,NWI wetland centroid 2026,Centroid res8 from NWI wetland objectid 1762 polygon
WET_1763,88464822cdfffff,8,oahu,2026.02,NWI wetland centroid 2026,Centroid res8 from NWI wetland objectid 1763 polygon
WET_1764,88464822cdfffff,8,oahu,2026.02,NWI wetland centroid 2026,Centroid res8 from NWI wetland objectid 1764 polygon
WET_1765,88464822cdfffff,8,oahu,2026.02,NWI wetland centroid 2026,Centroid res8 from NWI wetland objectid 1765 polygon
WET_1766,88464822cdfffff,8,oahu,2026.02,NWI wetland centroid 2026,Centroid res8 from NWI wetland objectid 1766 polygon
WET_1767,88464822cdfffff,8,oahu,2026.02,NWI wetland centroid 2026,Centroid res8 from NWI wetland objectid 1767 polygon
WET_1768,88464822cdfffff,8,oahu,2026.02,NWI wetland centroid 2026,Centroid res8 from NWI wetland objectid 1768 polygon
WET_1769,88464822cdfffff,8,oahu,2026.02,NWI wetland centroid 2026,Centroid res8 from NWI wetland objectid 1769 polygon
WET_1770,88464822cdfffff,8,oahu,2026.02,NWI wetland centroid 2026,Centroid res8 from NWI wetland objectid 1770 polygon
WET_1771,8846482253fffff,8,oahu,2026.02,NWI wetland centroid 2026,Centroid res8 from NWI wetland objectid 1771 polygon
WET_1772,8846482253fffff,8,oahu,2026.02,NWI wetland centroid 2026,Centroid res8 from NWI wetland objectid 1772 polygon
WET_1773,8846482253fffff,8,oahu,2026.02,NWI wetland centroid 2026,Centroid res8 from NWI wetland objectid 1773 polygon
WET_1774,8846482253fffff,8,oahu,2026.02,NWI wetland centroid 2026,Centroid res8 from NWI wetland objectid 1774 polygon
WET_1775,8846482253fffff,8,oahu,2026.02,NWI wetland centroid 2026,Centroid res8 from NWI wetland objectid 1775 polygon
WET_1776,8846482253fffff,8,oahu,2026.02,NWI wetland centroid 2026,Centroid res8 from NWI wetland objectid 1776 polygon
WET_1777,8846482253fffff,8,oahu,2026.02,NWI wetland centroid 2026,Centroid res8 from NWI wetland objectid 1777 polygon
WET_1778,8846482253fffff,8,oahu,2026.02,NWI wetland centroid 2026,Centroid res8 from NWI wetland objectid 1778 polygon
WET_1779,8846482253fffff,8,oahu,2026.02,NWI wetland centroid 2026,Centroid res8 from NWI wetland objectid 1779 polygon
WET_1780,8846482253fffff,8,oahu,2026.02,NWI wetland centroid 2026,Centroid res8 from NWI wetland objectid 1780 polygon
WET_1781,8846482253fffff,8,oahu,2026.02,NWI wetland centroid 2026,Centroid res8 from NWI wetland objectid 1781 polygon
WET_1782,8846482253fffff,8,oahu,2026.02,NWI wetland centroid 2026,Centroid res8 from NWI wetland objectid 1782 polygon
WET_1783,8846482253fffff,8,oahu,2026.02,NWI wetland centroid 2026,Centroid res8 from NWI wetland objectid 1783 polygon
WET_1784,8846482253fffff,8,oahu,2026.02,NWI wetland centroid 2026,Centroid res8 from NWI wetland objectid 1784 polygon
WET_1785,8846482251fffff,8,oahu,2026.02,NWI wetland centroid 2026,Centroid res8 from NWI wetland objectid 1785 polygon
WET_1786,8846482253fffff,8,oahu,2026.02,NWI wetland centroid 2026,Centroid res8 from NWI wetland objectid 1786 polygon
WET_1787,8846482253fffff,8,oahu,2026.02,NWI wetland centroid 2026,Centroid res8 from NWI wetland objectid 1787 polygon
WET_1788,8846482253fffff,8,oahu,2026.02,NWI wetland centroid 2026,Centroid res8 from NWI wetland objectid 1788 polygon
WET_1789,8846482253fffff,8,oahu,2026.02,NWI wetland centroid 2026,Centroid res8 from NWI wetland objectid 1789 polygon
WET_1790,8846482253fffff,8,oahu,2026.02,NWI wetland centroid 2026,Centroid res8 from NWI wetland objectid 1790 polygon
WET_1791,8846482251fffff,8,oahu,2026.02,NWI wetland centroid 2026,Centroid res8 from NWI wetland objectid 1791 polygon
WET_1792,8846482251fffff,8,oahu,2026.02,NWI wetland centroid 2026,Centroid res8 from NWI wetland objectid 1792 polygon
WET_1793,8846482251fffff,8,oahu,2026.02,NWI wetland centroid 2026,Centroid res8 from NWI wetland objectid 1793 polygon
WET_1794,8846482251fffff,8,oahu,2026.02,NWI wetland centroid 2026,Centroid res8 from NWI wetland objectid 1794 polygon
WET_1795,8846482251fffff,8,oahu,2026.02,NWI wetland centroid 2026,Centroid res8 from NWI wetland objectid 1795 polygon
WET_1796,8846482251fffff,8,oahu,2026.02,NWI wetland centroid 2026,Centroid res8 from NWI wetland objectid 1796 polygon
WET_1797,8846482251fffff,8,oahu,2026.02,NWI wetland centroid 2026,Centroid res8 from NWI wetland objectid 1797 polygon
WET_1798,8846482251fffff,8,oahu,2026.02,NWI wetland centroid 2026,Centroid res8 from NWI wetland objectid 1798 polygon
WET_1799,8846482251fffff,8,oahu,2026.02,NWI wetland centroid 2026,Centroid res8 from NWI wetland objectid 1799 polygon
WET_1800,8846482253fffff,8,oahu,2026.02,NWI wetland centroid 2026,Centroid res8 from NWI wetland objectid 1800 polygon
WET_1801,8846482251fffff,8,oahu,2026.02,NWI wetland centroid 2026,Centroid res8 from NWI wetland objectid 1801 polygon
WET_1802,8846482251fffff,8,oahu,2026.02,NWI wetland centroid 2026,Centroid res8 from NWI wetland objectid 1802 polygon
WET_1803,8846482251fffff,8,oahu,2026.02,NWI wetland centroid 2026,Centroid res8 from NWI wetland objectid 1803 polygon
WET_1804,8846482251fffff,8,oahu,2026.02,NWI wetland centroid 2026,Centroid res8 from NWI wetland objectid 1804 polygon
WET_1805,8846482251fffff,8,oahu,2026.02,NWI wetland centroid 2026,Centroid res8 from NWI wetland objectid 1805 polygon
WET_1806,8846482251fffff,8,oahu,2026.02,NWI wetland centroid 2026,Centroid res8 from NWI wetland objectid 1806 polygon
WET_1807,8846482251fffff,8,oahu,2026.02,NWI wetland centroid 2026,Centroid res8 from NWI wetland objectid 1807 polygon
WET_1808,8846482251fffff,8,oahu,2026.02,NWI wetland centroid 2026,Centroid res8 from NWI wetland objectid 1808 polygon
WET_1809,8846482251fffff,8,oahu,2026.02,NWI wetland centroid 2026,Centroid res8 from NWI wetland objectid 1809 polygon
WET_1810,8846482251fffff,8,oahu,2026.02,NWI wetland centroid 2026,Centroid res8 from NWI wetland objectid 1810 polygon
WET_1811,8846482251fffff,8,oahu,2026.02,NWI wetland centroid 2026,Centroid res8 from NWI wetland objectid 1811 polygon
WET_1812,8846482251fffff,8,oahu,2026.02,NWI wetland centroid 2026,Centroid res8 from NWI wetland objectid 1812 polygon
WET_1813,8846482251fffff,8,oahu,2026.02,NWI wetland centroid 2026,Centroid res8 from NWI wetland objectid 1813 polygon
WET_1814,8846482251fffff,8,oahu,2026.02,NWI wetland centroid 2026,Centroid res8 from NWI wetland objectid 1814 polygon
WET_1815,8846482251fffff,8,oahu,2026.02,NWI wetland centroid 2026,Centroid res8 from NWI wetland objectid 1815 polygon
WET_1816,8846482251fffff,8,oahu,2026.02,NWI wetland centroid 2026,Centroid res8 from NWI wetland objectid 1816 polygon
WET_1817,8846482251fffff,8,oahu,2026.02,NWI wetland centroid 2026,Centroid res8 from NWI wetland objectid 1817 polygon
WET_1818,8846482251fffff,8,oahu,2026.02,NWI wetland centroid 2026,Centroid res8 from NWI wetland objectid 1818 polygon
WET_1819,8846482251fffff,8,oahu,2026.02,NWI wetland centroid 2026,Centroid res8 from NWI wetland objectid 1819 polygon
WET_1820,8846482251fffff,8,oahu,2026.02,NWI wetland centroid 2026,Centroid res8 from NWI wetland objectid 1820 polygon
WET_1821,8846482251fffff,8,oahu,2026.02,NWI wetland centroid 2026,Centroid res8 from NWI wetland objectid 1821 polygon
WET_1822,8846482251fffff,8,oahu,2026.02,NWI wetland centroid 2026,Centroid res8 from NWI wetland objectid 1822 polygon
WET_1823,8846482251fffff,8,oahu,2026.02,NWI wetland centroid 2026,Centroid res8 from NWI wetland objectid 1823 polygon
WET_1824,8846482251fffff,8,oahu,2026.02,NWI wetland centroid 2026,Centroid res8 from NWI wetland objectid 1824 polygon
WET_1825,8846482251fffff,8,oahu,2026.02,NWI wetland centroid 2026,Centroid res8 from NWI wetland objectid 1825 polygon
WET_1826,8846482251fffff,8,oahu,2026.02,NWI wetland centroid 2026,Centroid res8 from NWI wetland objectid 1826 polygon
WET_1827,8846482251fffff,8,oahu,2026.02,NWI wetland centroid 2026,Centroid res8 from NWI wetland objectid 1827 polygon
WET_1828,8846482251fffff,8,oahu,2026.02,NWI wetland centroid 2026,Centroid res8 from NWI wetland objectid 1828 polygon
WET_1829,8846482251fffff,8,oahu,2026.02,NWI wetland centroid 2026,Centroid res8 from NWI wetland objectid 1829 polygon
WET_1830,8846482251fffff,8,oahu,2026.02,NWI wetland centroid 2026,Centroid res8 from NWI wetland objectid 1830 polygon
WET_1831,8846482251fffff,8,oahu,2026.02,NWI wetland centroid 2026,Centroid res8 from NWI wetland objectid 1831 polygon
WET_1832,8846482251fffff,8,oahu,2026.02,NWI wetland centroid 2026,Centroid res8 from NWI wetland objectid 1832 polygon
WET_1833,8846482251fffff,8,oahu,2026.02,NWI wetland centroid 2026,Centroid res8 from NWI wetland objectid 1833 polygon
WET_1834,8846482251fffff,8,oahu,2026.02,NWI wetland centroid 2026,Centroid res8 from NWI wetland objectid 1834 polygon
WET_1835,8846482251fffff,8,oahu,2026.02,NWI wetland centroid 2026,Centroid res8 from NWI wetland objectid 1835 polygon
WET_1836,8846482251fffff,8,oahu,2026.02,NWI wetland centroid 2026,Centroid res8 from NWI wetland objectid 1836 polygon
WET_1837,8846482251fffff,8,oahu,2026.02,NWI wetland centroid 2026,Centroid res8 from NWI wetland objectid 1837 polygon
WET_1838,8846482251fffff,8,oahu,2026.02,NWI wetland centroid 2026,Centroid res8 from NWI wetland objectid 1838 polygon
WET_1839,8846482251fffff,8,oahu,2026.02,NWI wetland centroid 2026,Centroid res8 from NWI wetland objectid 1839 polygon
WET_1840,8846482251fffff,8,oahu,2026.02,NWI wetland centroid 2026,Centroid res8 from NWI wetland objectid 1840 polygon
WET_1841,8846482251fffff,8,oahu,2026.02,NWI wetland centroid 2026,Centroid res8 from NWI wetland objectid 1841 polygon
WET_1842,8846482251fffff,8,oahu,2026.02,NWI wetland centroid 2026,Centroid res8 from NWI wetland objectid 1842 polygon
WET_1843,8846482251fffff,8,oahu,2026.02,NWI wetland centroid 2026,Centroid res8 from NWI wetland objectid 1843 polygon
WET_1844,8846482251fffff,8,oahu,2026.02,NWI wetland centroid 2026,Centroid res8 from NWI wetland objectid 1844 polygon
WET_1845,8846482251fffff,8,oahu,2026.02,NWI wetland centroid 2026,Centroid res8 from NWI wetland objectid 1845 polygon
WET_1846,8846482251fffff,8,oahu,2026.02,NWI wetland centroid 2026,Centroid res8 from NWI wetland objectid 1846 polygon
WET_1847,8846482251fffff,8,oahu,2026.02,NWI wetland centroid 2026,Centroid res8 from NWI wetland objectid 1847 polygon
WET_1848,8846482251fffff,8,oahu,2026.02,NWI wetland centroid 2026,Centroid res8 from NWI wetland objectid 1848 polygon
WET_1849,8846482251fffff,8,oahu,2026.02,NWI wetland centroid 2026,Centroid res8 from NWI wetland objectid 1849 polygon
WET_1850,8846482251fffff,8,oahu,2026.02,NWI wetland centroid 2026,Centroid res8 from NWI wetland objectid 1850 polygon
WET_1851,8846482251fffff,8,oahu,2026.02,NWI wetland centroid 2026,Centroid res8 from NWI wetland objectid 1851 polygon
WET_1852,8846482251fffff,8,oahu,2026.02,NWI wetland centroid 2026,Centroid res8 from NWI wetland objectid 1852 polygon
WET_1853,8846482251fffff,8,oahu,2026.02,NWI wetland centroid 2026,Centroid res8 from NWI wetland objectid 1853 polygon
WET_1854,884648225dfffff,8,oahu,2026.02,NWI wetland centroid 2026,Centroid res8 from NWI wetland objectid 1854 polygon
WET_1855,8846482251fffff,8,oahu,2026.02,NWI wetland centroid 2026,Centroid res8 from NWI wetland objectid 1855 polygon
WET_1856,8846482251fffff,8,oahu,2026.02,NWI wetland centroid 2026,Centroid res8 from NWI wetland objectid 1856 polygon
WET_1857,8846482251fffff,8,oahu,2026.02,NWI wetland centroid 2026,Centroid res8 from NWI wetland objectid 1857 polygon
WET_1858,8846482251fffff,8,oahu,2026.02,NWI wetland centroid 2026,Centroid res8 from NWI wetland objectid 1858 polygon
WET_1859,8846482251fffff,8,oahu,2026.02,NWI wetland centroid 2026,Centroid res8 from NWI wetland objectid 1859 polygon
WET_1860,8846482251fffff,8,oahu,2026.02,NWI wetland centroid 2026,Centroid res8 from NWI wetland objectid 1860 polygon
WET_1861,8846482251fffff,8,oahu,2026.02,NWI wetland centroid 2026,Centroid res8 from NWI wetland objectid 1861 polygon
WET_1862,8846482251fffff,8,oahu,2026.02,NWI wetland centroid 2026,Centroid res8 from NWI wetland objectid 1862 polygon
WET_1863,8846482251fffff,8,oahu,2026.02,NWI wetland centroid 2026,Centroid res8 from NWI wetland objectid 1863 polygon
WET_1864,8846482251fffff,8,oahu,2026.02,NWI wetland centroid 2026,Centroid res8 from NWI wetland objectid 1864 polygon
WET_1865,8846482251fffff,8,oahu,2026.02,NWI wetland centroid 2026,Centroid res8 from NWI wetland objectid 1865 polygon
WET_1866,8846482251fffff,8,oahu,2026.02,NWI wetland centroid 2026,Centroid res8 from NWI wetland objectid 1866 polygon
WET_1867,8846482251fffff,8,oahu,2026.02,NWI wetland centroid 2026,Centroid res8 from NWI wetland objectid 1867 polygon
WET_1868,8846482251fffff,8,oahu,2026.02,NWI wetland centroid 2026,Centroid res8 from NWI wetland objectid 1868 polygon
WET_1869,8846482251fffff,8,oahu,2026.02,NWI wetland centroid 2026,Centroid res8 from NWI wetland objectid 1869 polygon
WET_1870,884648225dfffff,8,oahu,2026.02,NWI wetland centroid 2026,Centroid res8 from NWI wetland objectid 1870 polygon
WET_1871,884648225dfffff,8,oahu,2026.02,NWI wetland centroid 2026,Centroid res8 from NWI wetland objectid 1871 polygon
WET_1872,884648225dfffff,8,oahu,2026.02,NWI wetland centroid 2026,Centroid res8 from NWI wetland objectid 1872 polygon
WET_1873,884648225dfffff,8,oahu,2026.02,NWI wetland centroid 2026,Centroid res8 from NWI wetland objectid 1873 polygon
WET_1874,884648225dfffff,8,oahu,2026.02,NWI wetland centroid 2026,Centroid res8 from NWI wetland objectid 1874 polygon
WET_1875,884648225dfffff,8,oahu,2026.02,NWI wetland centroid 2026,Centroid res8 from NWI wetland objectid 1875 polygon
WET_1876,884648225dfffff,8,oahu,2026.02,NWI wetland centroid 2026,Centroid res8 from NWI wetland objectid 1876 polygon
WET_1877,884648225dfffff,8,oahu,2026.02,NWI wetland centroid 2026,Centroid res8 from NWI wetland objectid 1877 polygon
WET_1878,8846482251fffff,8,oahu,2026.02,NWI wetland centroid 2026,Centroid res8 from NWI wetland objectid 1878 polygon
WET_1879,884648225dfffff,8,oahu,2026.02,NWI wetland centroid 2026,Centroid res8 from NWI wetland objectid 1879 polygon
WET_1880,8846482251fffff,8,oahu,2026.02,NWI wetland centroid 2026,Centroid res8 from NWI wetland objectid 1880 polygon
WET_1881,884648225dfffff,8,oahu,2026.02,NWI wetland centroid 2026,Centroid res8 from NWI wetland objectid 1881 polygon
WET_1882,8846482251fffff,8,oahu,2026.02,NWI wetland centroid 2026,Centroid res8 from NWI wetland objectid 1882 polygon
WET_1883,8846482251fffff,8,oahu,2026.02,NWI wetland centroid 2026,Centroid res8 from NWI wetland objectid 1883 polygon
WET_1884,8846482251fffff,8,oahu,2026.02,NWI wetland centroid 2026,Centroid res8 from NWI wetland objectid 1884 polygon
WET_1885,8846482251fffff,8,oahu,2026.02,NWI wetland centroid 2026,Centroid res8 from NWI wetland objectid 1885 polygon
WET_1886,8846482251fffff,8,oahu,2026.02,NWI wetland centroid 2026,Centroid res8 from NWI wetland objectid 1886 polygon
WET_1887,884648225dfffff,8,oahu,2026.02,NWI wetland centroid 2026,Centroid res8 from NWI wetland objectid 1887 polygon
WET_1888,8846482259fffff,8,oahu,2026.02,NWI wetland centroid 2026,Centroid res8 from NWI wetland objectid 1888 polygon
WET_1889,884648225dfffff,8,oahu,2026.02,NWI wetland centroid 2026,Centroid res8 from NWI wetland objectid 1889 polygon
WET_1890,884648225dfffff,8,oahu,2026.02,NWI wetland centroid 2026,Centroid res8 from NWI wetland objectid 1890 polygon
WET_1891,884648225dfffff,8,oahu,2026.02,NWI wetland centroid 2026,Centroid res8 from NWI wetland objectid 1891 polygon
WET_1892,884648225dfffff,8,oahu,2026.02,NWI wetland centroid 2026,Centroid res8 from NWI wetland objectid 1892 polygon
WET_1893,884648225dfffff,8,oahu,2026.02,NWI wetland centroid 2026,Centroid res8 from NWI wetland objectid 1893 polygon
WET_1894,884648225dfffff,8,oahu,2026.02,NWI wetland centroid 2026,Centroid res8 from NWI wetland objectid 1894 polygon
WET_1895,8846482259fffff,8,oahu,2026.02,NWI wetland centroid 2026,Centroid res8 from NWI wetland objectid 1895 polygon
WET_1896,884648225dfffff,8,oahu,2026.02,NWI wetland centroid 2026,Centroid res8 from NWI wetland objectid 1896 polygon
WET_1897,884648225dfffff,8,oahu,2026.02,NWI wetland centroid 2026,Centroid res8 from NWI wetland objectid 1897 polygon
WET_1898,8846482259fffff,8,oahu,2026.02,NWI wetland centroid 2026,Centroid res8 from NWI wetland objectid 1898 polygon
WET_1899,884648225bfffff,8,oahu,2026.02,NWI wetland centroid 2026,Centroid res8 from NWI wetland objectid 1899 polygon
WET_1900,8846482259fffff,8,oahu,2026.02,NWI wetland centroid 2026,Centroid res8 from NWI wetland objectid 1900 polygon
WET_1901,884648225bfffff,8,oahu,2026.02,NWI wetland centroid 2026,Centroid res8 from NWI wetland objectid 1901 polygon
WET_1902,8846482259fffff,8,oahu,2026.02,NWI wetland centroid 2026,Centroid res8 from NWI wetland objectid 1902 polygon
WET_1903,884648225bfffff,8,oahu,2026.02,NWI wetland centroid 2026,Centroid res8 from NWI wetland objectid 1903 polygon
WET_1904,884648225bfffff,8,oahu,2026.02,NWI wetland centroid 2026,Centroid res8 from NWI wetland objectid 1904 polygon
WET_1905,8846482259fffff,8,oahu,2026.02,NWI wetland centroid 2026,Centroid res8 from NWI wetland objectid 1905 polygon
WET_1906,884648225bfffff,8,oahu,2026.02,NWI wetland centroid 2026,Centroid res8 from NWI wetland objectid 1906 polygon
WET_1907,884648225dfffff,8,oahu,2026.02,NWI wetland centroid 2026,Centroid res8 from NWI wetland objectid 1907 polygon
WET_1908,884648225bfffff,8,oahu,2026.02,NWI wetland centroid 2026,Centroid res8 from NWI wetland objectid 1908 polygon
WET_1909,8846482259fffff,8,oahu,2026.02,NWI wetland centroid 2026,Centroid res8 from NWI wetland objectid 1909 polygon
WET_1910,884648225dfffff,8,oahu,2026.02,NWI wetland centroid 2026,Centroid res8 from NWI wetland objectid 1910 polygon
WET_1911,884648225bfffff,8,oahu,2026.02,NWI wetland centroid 2026,Centroid res8 from NWI wetland objectid 1911 polygon
WET_1912,8846482259fffff,8,oahu,2026.02,NWI wetland centroid 2026,Centroid res8 from NWI wetland objectid 1912 polygon
WET_1913,8846482259fffff,8,oahu,2026.02,NWI wetland centroid 2026,Centroid res8 from NWI wetland objectid 1913 polygon
WET_1914,884648225bfffff,8,oahu,2026.02,NWI wetland centroid 2026,Centroid res8 from NWI wetland objectid 1914 polygon
WET_1915,88464830b5fffff,8,oahu,2026.02,NWI wetland centroid 2026,Centroid res8 from NWI wetland objectid 1915 polygon
WET_1916,8846482241fffff,8,oahu,2026.02,NWI wetland centroid 2026,Centroid res8 from NWI wetland objectid 1916 polygon
WET_1917,8846482241fffff,8,oahu,2026.02,NWI wetland centroid 2026,Centroid res8 from NWI wetland objectid 1917 polygon
WET_1918,884648224dfffff,8,oahu,2026.02,NWI wetland centroid 2026,Centroid res8 from NWI wetland objectid 1918 polygon
WET_1919,8846482241fffff,8,oahu,2026.02,NWI wetland centroid 2026,Centroid res8 from NWI wetland objectid 1919 polygon
WET_1920,88464830b7fffff,8,oahu,2026.02,NWI wetland centroid 2026,Centroid res8 from NWI wetland objectid 1920 polygon
WET_1921,88464830b7fffff,8,oahu,2026.02,NWI wetland centroid 2026,Centroid res8 from NWI wetland objectid 1921 polygon
WET_1922,88464830b7fffff,8,oahu,2026.02,NWI wetland centroid 2026,Centroid res8 from NWI wetland objectid 1922 polygon
WET_1923,88464830b7fffff,8,oahu,2026.02,NWI wetland centroid 2026,Centroid res8 from NWI wetland objectid 1923 polygon
WET_1924,88464830b7fffff,8,oahu,2026.02,NWI wetland centroid 2026,Centroid res8 from NWI wetland objectid 1924 polygon
WET_1925,88464830b7fffff,8,oahu,2026.02,NWI wetland centroid 2026,Centroid res8 from NWI wetland objectid 1925 polygon
WET_1926,88464830b7fffff,8,oahu,2026.02,NWI wetland centroid 2026,Centroid res8 from NWI wetland objectid 1926 polygon
WET_1927,88464830b7fffff,8,oahu,2026.02,NWI wetland centroid 2026,Centroid res8 from NWI wetland objectid 1927 polygon
WET_1928,88464830b7fffff,8,oahu,2026.02,NWI wetland centroid 2026,Centroid res8 from NWI wetland objectid 1928 polygon
WET_1929,88464830b7fffff,8,oahu,2026.02,NWI wetland centroid 2026,Centroid res8 from NWI wetland objectid 1929 polygon
WET_1930,88464830b7fffff,8,oahu,2026.02,NWI wetland centroid 2026,Centroid res8 from NWI wetland objectid 1930 polygon
WET_1931,88464830b7fffff,8,oahu,2026.02,NWI wetland centroid 2026,Centroid res8 from NWI wetland objectid 1931 polygon
WET_1932,88464830b7fffff,8,oahu,2026.02,NWI wetland centroid 2026,Centroid res8 from NWI wetland objectid 1932 polygon
WET_1933,88464830b7fffff,8,oahu,2026.02,NWI wetland centroid 2026,Centroid res8 from NWI wetland objectid 1933 polygon
WET_1934,88464830b7fffff,8,oahu,2026.02,NWI wetland centroid 2026,Centroid res8 from NWI wetland objectid 1934 polygon
WET_1935,88464830b7fffff,8,oahu,2026.02,NWI wetland centroid 2026,Centroid res8 from NWI wetland objectid 1935 polygon
WET_1936,88464830b7fffff,8,oahu,2026.02,NWI wetland centroid 2026,Centroid res8 from NWI wetland objectid 1936 polygon
WET_1937,88464830b7fffff,8,oahu,2026.02,NWI wetland centroid 2026,Centroid res8 from NWI wetland objectid 1937 polygon
WET_1938,88464830b7fffff,8,oahu,2026.02,NWI wetland centroid 2026,Centroid res8 from NWI wetland objectid 1938 polygon
WET_1939,88464830b7fffff,8,oahu,2026.02,NWI wetland centroid 2026,Centroid res8 from NWI wetland objectid 1939 polygon
WET_1940,88464830b7fffff,8,oahu,2026.02,NWI wetland centroid 2026,Centroid res8 from NWI wetland objectid 1940 polygon
WET_1941,88464830b7fffff,8,oahu,2026.02,NWI wetland centroid 2026,Centroid res8 from NWI wetland objectid 1941 polygon
WET_1942,88464830b7fffff,8,oahu,2026.02,NWI wetland centroid 2026,Centroid res8 from NWI wetland objectid 1942 polygon
WET_1943,88464830b7fffff,8,oahu,2026.02,NWI wetland centroid 2026,Centroid res8 from NWI wetland objectid 1943 polygon
WET_1944,8846482251fffff,8,oahu,2026.02,NWI wetland centroid 2026,Centroid res8 from NWI wetland objectid 1944 polygon
WET_1945,88464830b7fffff,8,oahu,2026.02,NWI wetland centroid 2026,Centroid res8 from NWI wetland objectid 1945 polygon
WET_1946,8846482253fffff,8,oahu,2026.02,NWI wetland centroid 2026,Centroid res8 from NWI wetland objectid 1946 polygon
WET_1947,884648225bfffff,8,oahu,2026.02,NWI wetland centroid 2026,Centroid res8 from NWI wetland objectid 1947 polygon
WET_1948,8846482053fffff,8,oahu,2026.02,NWI wetland centroid 2026,Centroid res8 from NWI wetland objectid 1948 polygon
WET_1949,8846482049fffff,8,oahu,2026.02,NWI wetland centroid 2026,Centroid res8 from NWI wetland objectid 1949 polygon
WET_1950,8846482201fffff,8,oahu,2026.02,NWI wetland centroid 2026,Centroid res8 from NWI wetland objectid 1950 polygon
WET_1951,8846482257fffff,8,oahu,2026.02,NWI wetland centroid 2026,Centroid res8 from NWI wetland objectid 1951 polygon
WET_1952,8846482243fffff,8,oahu,2026.02,NWI wetland centroid 2026,Centroid res8 from NWI wetland objectid 1952 polygon
WET_1953,884648224bfffff,8,oahu,2026.02,NWI wetland centroid 2026,Centroid res8 from NWI wetland objectid 1953 polygon
WET_1954,884648224dfffff,8,oahu,2026.02,NWI wetland centroid 2026,Centroid res8 from NWI wetland objectid 1954 polygon
WET_1955,8846482287fffff,8,oahu,2026.02,NWI wetland centroid 2026,Centroid res8 from NWI wetland objectid 1955 polygon
WET_1956,8846482287fffff,8,oahu,2026.02,NWI wetland centroid 2026,Centroid res8 from NWI wetland objectid 1956 polygon
WET_1957,8846482287fffff,8,oahu,2026.02,NWI wetland centroid 2026,Centroid res8 from NWI wetland objectid 1957 polygon
WET_1958,8846482287fffff,8,oahu,2026.02,NWI wetland centroid 2026,Centroid res8 from NWI wetland objectid 1958 polygon
WET_1959,8846482287fffff,8,oahu,2026.02,NWI wetland centroid 2026,Centroid res8 from NWI wetland objectid 1959 polygon
WET_1960,8846482281fffff,8,oahu,2026.02,NWI wetland centroid 2026,Centroid res8 from NWI wetland objectid 1960 polygon
WET_1961,8846482281fffff,8,oahu,2026.02,NWI wetland centroid 2026,Centroid res8 from NWI wetland objectid 1961 polygon
WET_1962,8846482281fffff,8,oahu,2026.02,NWI wetland centroid 2026,Centroid res8 from NWI wetland objectid 1962 polygon
WET_1963,884648228dfffff,8,oahu,2026.02,NWI wetland centroid 2026,Centroid res8 from NWI wetland objectid 1963 polygon
WET_1964,884648228dfffff,8,oahu,2026.02,NWI wetland centroid 2026,Centroid res8 from NWI wetland objectid 1964 polygon
WET_1965,88464822ebfffff,8,oahu,2026.02,NWI wetland centroid 2026,Centroid res8 from NWI wetland objectid 1965 polygon
WET_1966,884648228dfffff,8,oahu,2026.02,NWI wetland centroid 2026,Centroid res8 from NWI wetland objectid 1966 polygon
WET_1967,88464822ebfffff,8,oahu,2026.02,NWI wetland centroid 2026,Centroid res8 from NWI wetland objectid 1967 polygon
WET_1968,88464822c5fffff,8,oahu,2026.02,NWI wetland centroid 2026,Centroid res8 from NWI wetland objectid 1968 polygon
WET_1969,88464822cdfffff,8,oahu,2026.02,NWI wetland centroid 2026,Centroid res8 from NWI wetland objectid 1969 polygon
WET_1970,8846482215fffff,8,oahu,2026.02,NWI wetland centroid 2026,Centroid res8 from NWI wetland objectid 1970 polygon
WET_1971,8846482213fffff,8,oahu,2026.02,NWI wetland centroid 2026,Centroid res8 from NWI wetland objectid 1971 polygon
WET_1972,8846482211fffff,8,oahu,2026.02,NWI wetland centroid 2026,Centroid res8 from NWI wetland objectid 1972 polygon
WET_1973,8846482211fffff,8,oahu,2026.02,NWI wetland centroid 2026,Centroid res8 from NWI wetland objectid 1973 polygon
WET_1974,884648221dfffff,8,oahu,2026.02,NWI wetland centroid 2026,Centroid res8 from NWI wetland objectid 1974 polygon
WET_1975,884648221dfffff,8,oahu,2026.02,NWI wetland centroid 2026,Centroid res8 from NWI wetland objectid 1975 polygon
WET_1976,8846482219fffff,8,oahu,2026.02,NWI wetland centroid 2026,Centroid res8 from NWI wetland objectid 1976 polygon
WET_1977,8846482209fffff,8,oahu,2026.02,NWI wetland centroid 2026,Centroid res8 from NWI wetland objectid 1977 polygon
WET_1978,8846483525fffff,8,oahu,2026.02,NWI wetland centroid 2026,Centroid res8 from NWI wetland objectid 1978 polygon
WET_1979,8846482253fffff,8,oahu,2026.02,NWI wetland centroid 2026,Centroid res8 from NWI wetland objectid 1979 polygon
WET_1980,8846482257fffff,8,oahu,2026.02,NWI wetland centroid 2026,Centroid res8 from NWI wetland objectid 1980 polygon
WET_1981,884648220bfffff,8,oahu,2026.02,NWI wetland centroid 2026,Centroid res8 from NWI wetland objectid 1981 polygon
WET_1982,8846482253fffff,8,oahu,2026.02,NWI wetland centroid 2026,Centroid res8 from NWI wetland objectid 1982 polygon
WET_1983,8846482257fffff,8,oahu,2026.02,NWI wetland centroid 2026,Centroid res8 from NWI wetland objectid 1983 polygon
WET_1984,884648352dfffff,8,oahu,2026.02,NWI wetland centroid 2026,Centroid res8 from NWI wetland objectid 1984 polygon
WET_1985,8846482247fffff,8,oahu,2026.02,NWI wetland centroid 2026,Centroid res8 from NWI wetland objectid 1985 polygon
WET_1986,8846482255fffff,8,oahu,2026.02,NWI wetland centroid 2026,Centroid res8 from NWI wetland objectid 1986 polygon
WET_1987,884648225bfffff,8,oahu,2026.02,NWI wetland centroid 2026,Centroid res8 from NWI wetland objectid 1987 polygon
WET_1988,8846482243fffff,8,oahu,2026.02,NWI wetland centroid 2026,Centroid res8 from NWI wetland objectid 1988 polygon
WET_1989,8846483193fffff,8,oahu,2026.02,NWI wetland centroid 2026,Centroid res8 from NWI wetland objectid 1989 polygon
WET_1990,8846482245fffff,8,oahu,2026.02,NWI wetland centroid 2026,Centroid res8 from NWI wetland objectid 1990 polygon
WET_1991,884648225dfffff,8,oahu,2026.02,NWI wetland centroid 2026,Centroid res8 from NWI wetland objectid 1991 polygon
WET_1992,884648225dfffff,8,oahu,2026.02,NWI wetland centroid 2026,Centroid res8 from NWI wetland objectid 1992 polygon
WET_1993,8846482241fffff,8,oahu,2026.02,NWI wetland centroid 2026,Centroid res8 from NWI wetland objectid 1993 polygon
WET_1994,884648225dfffff,8,oahu,2026.02,NWI wetland centroid 2026,Centroid res8 from NWI wetland objectid 1994 polygon
WET_1995,88464830b7fffff,8,oahu,2026.02,NWI wetland centroid 2026,Centroid res8 from NWI wetland objectid 1995 polygon
WET_1996,88464830b3fffff,8,oahu,2026.02,NWI wetland centroid 2026,Centroid res8 from NWI wetland objectid 1996 polygon
WET_1997,88464830b7fffff,8,oahu,2026.02,NWI wetland centroid 2026,Centroid res8 from NWI wetland objectid 1997 polygon
WET_1998,8846482047fffff,8,oahu,2026.02,NWI wetland centroid 2026,Centroid res8 from NWI wetland objectid 1998 polygon
WET_1999,8846482283fffff,8,oahu,2026.02,NWI wetland centroid 2026,Centroid res8 from NWI wetland objectid 1999 polygon
WET_2000,884648228dfffff,8,oahu,2026.02,NWI wetland centroid 2026,Centroid res8 from NWI wetland objectid 2000 polygon
WET_2001,88464822c7fffff,8,oahu,2026.02,NWI wetland centroid 2026,Centroid res8 from NWI wetland objectid 2001 polygon
WET_2002,88464822c5fffff,8,oahu,2026.02,NWI wetland centroid 2026,Centroid res8 from NWI wetland objectid 2002 polygon
WET_2003,884648221bfffff,8,oahu,2026.02,NWI wetland centroid 2026,Centroid res8 from NWI wetland objectid 2003 polygon
WET_2004,88464822cdfffff,8,oahu,2026.02,NWI wetland centroid 2026,Centroid res8 from NWI wetland objectid 2004 polygon
WET_2005,884648221dfffff,8,oahu,2026.02,NWI wetland centroid 2026,Centroid res8 from NWI wetland objectid 2005 polygon
WET_2006,8846482249fffff,8,oahu,2026.02,NWI wetland centroid 2026,Centroid res8 from NWI wetland objectid 2006 polygon
WET_2007,8846482249fffff,8,oahu,2026.02,NWI wetland centroid 2026,Centroid res8 from NWI wetland objectid 2007 polygon
WET_2008,8846482281fffff,8,oahu,2026.02,NWI wetland centroid 2026,Centroid res8 from NWI wetland objectid 2008 polygon
WET_2009,8846482253fffff,8,oahu,2026.02,NWI wetland centroid 2026,Centroid res8 from NWI wetland objectid 2009 polygon
WET_2010,8846482253fffff,8,oahu,2026.02,NWI wetland centroid 2026,Centroid res8 from NWI wetland objectid 2010 polygon
WET_2011,88464830b7fffff,8,oahu,2026.02,NWI wetland centroid 2026,Centroid res8 from NWI wetland objectid 2011 polygon
WET_2012,8846482051fffff,8,oahu,2026.02,NWI wetland centroid 2026,Centroid res8 from NWI wetland objectid 2012 polygon
WET_2013,8846495809fffff,8,oahu,2026.02,NWI wetland centroid 2026,Centroid res8 from NWI wetland objectid 2013 polygon
WET_2014,884649580dfffff,8,oahu,2026.02,NWI wetland centroid 2026,Centroid res8 from NWI wetland objectid 2014 polygon
WET_2015,8846495b19fffff,8,oahu,2026.02,NWI wetland centroid 2026,Centroid res8 from NWI wetland objectid 2015 polygon
WET_2016,8846495b47fffff,8,oahu,2026.02,NWI wetland centroid 2026,Centroid res8 from NWI wetland objectid 2016 polygon
WET_2017,8846495b41fffff,8,oahu,2026.02,NWI wetland centroid 2026,Centroid res8 from NWI wetland objectid 2017 polygon
WET_2018,88464825a1fffff,8,oahu,2026.02,NWI wetland centroid 2026,Centroid res8 from NWI wetland objectid 2018 polygon
WET_2019,88464825adfffff,8,oahu,2026.02,NWI wetland centroid 2026,Centroid res8 from NWI wetland objectid 2019 polygon
WET_2020,8846495b47fffff,8,oahu,2026.02,NWI wetland centroid 2026,Centroid res8 from NWI wetland objectid 2020 polygon
WET_2021,8846495b47fffff,8,oahu,2026.02,NWI wetland centroid 2026,Centroid res8 from NWI wetland objectid 2021 polygon
WET_2022,8846495b47fffff,8,oahu,2026.02,NWI wetland centroid 2026,Centroid res8 from NWI wetland objectid 2022 polygon
WET_2023,8846495b41fffff,8,oahu,2026.02,NWI wetland centroid 2026,Centroid res8 from NWI wetland objectid 2023 polygon
WET_2024,8846495b41fffff,8,oahu,2026.02,NWI wetland centroid 2026,Centroid res8 from NWI wetland objectid 2024 polygon
WET_2025,88464825e7fffff,8,oahu,2026.02,NWI wetland centroid 2026,Centroid res8 from NWI wetland objectid 2025 polygon
WET_2026,8846495809fffff,8,oahu,2026.02,NWI wetland centroid 2026,Centroid res8 from NWI wetland objectid 2026 polygon
WET_2027,8846495809fffff,8,oahu,2026.02,NWI wetland centroid 2026,Centroid res8 from NWI wetland objectid 2027 polygon
WET_2028,8846495b19fffff,8,oahu,2026.02,NWI wetland centroid 2026,Centroid res8 from NWI wetland objectid 2028 polygon
WET_2029,884649580dfffff,8,oahu,2026.02,NWI wetland centroid 2026,Centroid res8 from NWI wetland objectid 2029 polygon
WET_2030,8846495845fffff,8,oahu,2026.02,NWI wetland centroid 2026,Centroid res8 from NWI wetland objectid 2030 polygon
WET_2031,8846495845fffff,8,oahu,2026.02,NWI wetland centroid 2026,Centroid res8 from NWI wetland objectid 2031 polygon
WET_2032,8846495845fffff,8,oahu,2026.02,NWI wetland centroid 2026,Centroid res8 from NWI wetland objectid 2032 polygon
WET_2033,8846495845fffff,8,oahu,2026.02,NWI wetland centroid 2026,Centroid res8 from NWI wetland objectid 2033 polygon
WET_2034,8846495845fffff,8,oahu,2026.02,NWI wetland centroid 2026,Centroid res8 from NWI wetland objectid 2034 polygon
WET_2035,8846495845fffff,8,oahu,2026.02,NWI wetland centroid 2026,Centroid res8 from NWI wetland objectid 2035 polygon
WET_2036,8846495845fffff,8,oahu,2026.02,NWI wetland centroid 2026,Centroid res8 from NWI wetland objectid 2036 polygon
WET_2037,8846495845fffff,8,oahu,2026.02,NWI wetland centroid 2026,Centroid res8 from NWI wetland objectid 2037 polygon
WET_2038,8846495845fffff,8,oahu,2026.02,NWI wetland centroid 2026,Centroid res8 from NWI wetland objectid 2038 polygon
WET_2039,8846495845fffff,8,oahu,2026.02,NWI wetland centroid 2026,Centroid res8 from NWI wetland objectid 2039 polygon
WET_2040,8846495845fffff,8,oahu,2026.02,NWI wetland centroid 2026,Centroid res8 from NWI wetland objectid 2040 polygon
WET_2041,8846495845fffff,8,oahu,2026.02,NWI wetland centroid 2026,Centroid res8 from NWI wetland objectid 2041 polygon
WET_2042,8846495845fffff,8,oahu,2026.02,NWI wetland centroid 2026,Centroid res8 from NWI wetland objectid 2042 polygon
WET_2043,884649584dfffff,8,oahu,2026.02,NWI wetland centroid 2026,Centroid res8 from NWI wetland objectid 2043 polygon
WET_2044,8846495b11fffff,8,oahu,2026.02,NWI wetland centroid 2026,Centroid res8 from NWI wetland objectid 2044 polygon
WET_2045,8846495b11fffff,8,oahu,2026.02,NWI wetland centroid 2026,Centroid res8 from NWI wetland objectid 2045 polygon
WET_2046,8846495b19fffff,8,oahu,2026.02,NWI wetland centroid 2026,Centroid res8 from NWI wetland objectid 2046 polygon
WET_2047,8846495b51fffff,8,oahu,2026.02,NWI wetland centroid 2026,Centroid res8 from NWI wetland objectid 2047 polygon
WET_2048,8846495b47fffff,8,oahu,2026.02,NWI wetland centroid 2026,Centroid res8 from NWI wetland objectid 2048 polygon
WET_2049,8846495b47fffff,8,oahu,2026.02,NWI wetland centroid 2026,Centroid res8 from NWI wetland objectid 2049 polygon
WET_2050,8846495b41fffff,8,oahu,2026.02,NWI wetland centroid 2026,Centroid res8 from NWI wetland objectid 2050 polygon
WET_2051,88464825a1fffff,8,oahu,2026.02,NWI wetland centroid 2026,Centroid res8 from NWI wetland objectid 2051 polygon
WET_2052,88464825a1fffff,8,oahu,2026.02,NWI wetland centroid 2026,Centroid res8 from NWI wetland objectid 2052 polygon
WET_2053,88464825a1fffff,8,oahu,2026.02,NWI wetland centroid 2026,Centroid res8 from NWI wetland objectid 2053 polygon
WET_2054,88464825adfffff,8,oahu,2026.02,NWI wetland centroid 2026,Centroid res8 from NWI wetland objectid 2054 polygon
WET_2055,88464825adfffff,8,oahu,2026.02,NWI wetland centroid 2026,Centroid res8 from NWI wetland objectid 2055 polygon
WET_2056,88464825adfffff,8,oahu,2026.02,NWI wetland centroid 2026,Centroid res8 from NWI wetland objectid 2056 polygon
WET_2057,88464825e7fffff,8,oahu,2026.02,NWI wetland centroid 2026,Centroid res8 from NWI wetland objectid 2057 polygon
WET_2058,8846495b47fffff,8,oahu,2026.02,NWI wetland centroid 2026,Centroid res8 from NWI wetland objectid 2058 polygon
WET_2059,8846495b47fffff,8,oahu,2026.02,NWI wetland centroid 2026,Centroid res8 from NWI wetland objectid 2059 polygon
WET_2060,88464825adfffff,8,oahu,2026.02,NWI wetland centroid 2026,Centroid res8 from NWI wetland objectid 2060 polygon
WET_2061,88464825adfffff,8,oahu,2026.02,NWI wetland centroid 2026,Centroid res8 from NWI wetland objectid 2061 polygon
WET_2062,88464825adfffff,8,oahu,2026.02,NWI wetland centroid 2026,Centroid res8 from NWI wetland objectid 2062 polygon
WET_2063,884649582dfffff,8,oahu,2026.02,NWI wetland centroid 2026,Centroid res8 from NWI wetland objectid 2063 polygon
WET_2064,884649582dfffff,8,oahu,2026.02,NWI wetland centroid 2026,Centroid res8 from NWI wetland objectid 2064 polygon
WET_2065,8846495847fffff,8,oahu,2026.02,NWI wetland centroid 2026,Centroid res8 from NWI wetland objectid 2065 polygon
WET_2066,8846495845fffff,8,oahu,2026.02,NWI wetland centroid 2026,Centroid res8 from NWI wetland objectid 2066 polygon
WET_2067,8846495845fffff,8,oahu,2026.02,NWI wetland centroid 2026,Centroid res8 from NWI wetland objectid 2067 polygon
WET_2068,8846495845fffff,8,oahu,2026.02,NWI wetland centroid 2026,Centroid res8 from NWI wetland objectid 2068 polygon
WET_2069,8846495845fffff,8,oahu,2026.02,NWI wetland centroid 2026,Centroid res8 from NWI wetland objectid 2069 polygon
WET_2070,8846495845fffff,8,oahu,2026.02,NWI wetland centroid 2026,Centroid res8 from NWI wetland objectid 2070 polygon
WET_2071,8846495845fffff,8,oahu,2026.02,NWI wetland centroid 2026,Centroid res8 from NWI wetland objectid 2071 polygon
WET_2072,8846495845fffff,8,oahu,2026.02,NWI wetland centroid 2026,Centroid res8 from NWI wetland objectid 2072 polygon
WET_2073,8846495845fffff,8,oahu,2026.02,NWI wetland centroid 2026,Centroid res8 from NWI wetland objectid 2073 polygon
WET_2074,884649584dfffff,8,oahu,2026.02,NWI wetland centroid 2026,Centroid res8 from NWI wetland objectid 2074 polygon
WET_2075,8846495b1bfffff,8,oahu,2026.02,NWI wetland centroid 2026,Centroid res8 from NWI wetland objectid 2075 polygon
WET_2076,8846495b19fffff,8,oahu,2026.02,NWI wetland centroid 2026,Centroid res8 from NWI wetland objectid 2076 polygon
WET_2077,8846495b19fffff,8,oahu,2026.02,NWI wetland centroid 2026,Centroid res8 from NWI wetland objectid 2077 polygon
WET_2078,8846495b1bfffff,8,oahu,2026.02,NWI wetland centroid 2026,Centroid res8 from NWI wetland objectid 2078 polygon
WET_2079,8846495a25fffff,8,oahu,2026.02,NWI wetland centroid 2026,Centroid res8 from NWI wetland objectid 2079 polygon
WET_2080,8846495b53fffff,8,oahu,2026.02,NWI wetland centroid 2026,Centroid res8 from NWI wetland objectid 2080 polygon
WET_2081,8846495b53fffff,8,oahu,2026.02,NWI wetland centroid 2026,Centroid res8 from NWI wetland objectid 2081 polygon
WET_2082,8846495b57fffff,8,oahu,2026.02,NWI wetland centroid 2026,Centroid res8 from NWI wetland objectid 2082 polygon
WET_2083,8846495b55fffff,8,oahu,2026.02,NWI wetland centroid 2026,Centroid res8 from NWI wetland objectid 2083 polygon
WET_2084,8846495b5bfffff,8,oahu,2026.02,NWI wetland centroid 2026,Centroid res8 from NWI wetland objectid 2084 polygon
WET_2085,8846495b5dfffff,8,oahu,2026.02,NWI wetland centroid 2026,Centroid res8 from NWI wetland objectid 2085 polygon
WET_2086,8846495b59fffff,8,oahu,2026.02,NWI wetland centroid 2026,Centroid res8 from NWI wetland objectid 2086 polygon
WET_2087,8846495b41fffff,8,oahu,2026.02,NWI wetland centroid 2026,Centroid res8 from NWI wetland objectid 2087 polygon
WET_2088,8846495b59fffff,8,oahu,2026.02,NWI wetland centroid 2026,Centroid res8 from NWI wetland objectid 2088 polygon
WET_2089,88464825b7fffff,8,oahu,2026.02,NWI wetland centroid 2026,Centroid res8 from NWI wetland objectid 2089 polygon
WET_2090,8846495b43fffff,8,oahu,2026.02,NWI wetland centroid 2026,Centroid res8 from NWI wetland objectid 2090 polygon
WET_2091,8846495b4bfffff,8,oahu,2026.02,NWI wetland centroid 2026,Centroid res8 from NWI wetland objectid 2091 polygon
WET_2092,88464825b5fffff,8,oahu,2026.02,NWI wetland centroid 2026,Centroid res8 from NWI wetland objectid 2092 polygon
WET_2093,88464825a3fffff,8,oahu,2026.02,NWI wetland centroid 2026,Centroid res8 from NWI wetland objectid 2093 polygon
WET_2094,88464825a3fffff,8,oahu,2026.02,NWI wetland centroid 2026,Centroid res8 from NWI wetland objectid 2094 polygon
WET_2095,88464825a3fffff,8,oahu,2026.02,NWI wetland centroid 2026,Centroid res8 from NWI wetland objectid 2095 polygon
WET_2096,884649580dfffff,8,oahu,2026.02,NWI wetland centroid 2026,Centroid res8 from NWI wetland objectid 2096 polygon
WET_2097,8846495847fffff,8,oahu,2026.02,NWI wetland centroid 2026,Centroid res8 from NWI wetland objectid 2097 polygon
WET_2098,8846495b11fffff,8,oahu,2026.02,NWI wetland centroid 2026,Centroid res8 from NWI wetland objectid 2098 polygon
WET_2099,8846495b43fffff,8,oahu,2026.02,NWI wetland centroid 2026,Centroid res8 from NWI wetland objectid 2099 polygon
WET_2100,8846495b41fffff,8,oahu,2026.02,NWI wetland centroid 2026,Centroid res8 from NWI wetland objectid 2100 polygon
WET_2101,8846495b41fffff,8,oahu,2026.02,NWI wetland centroid 2026,Centroid res8 from NWI wetland objectid 2101 polygon
WET_2102,88464825a1fffff,8,oahu,2026.02,NWI wetland centroid 2026,Centroid res8 from NWI wetland objectid 2102 polygon
WET_2103,88464825a1fffff,8,oahu,2026.02,NWI wetland centroid 2026,Centroid res8 from NWI wetland objectid 2103 polygon
WET_2104,8846495b19fffff,8,oahu,2026.02,NWI wetland centroid 2026,Centroid res8 from NWI wetland objectid 2104 polygon
WET_2105,8846495809fffff,8,oahu,2026.02,NWI wetland centroid 2026,Centroid res8 from NWI wetland objectid 2105 polygon
WET_2106,8846495b13fffff,8,oahu,2026.02,NWI wetland centroid 2026,Centroid res8 from NWI wetland objectid 2106 polygon
WET_2107,8846495845fffff,8,oahu,2026.02,NWI wetland centroid 2026,Centroid res8 from NWI wetland objectid 2107 polygon
WET_2108,8846495b51fffff,8,oahu,2026.02,NWI wetland centroid 2026,Centroid res8 from NWI wetland objectid 2108 polygon
WET_2109,8846495b55fffff,8,oahu,2026.02,NWI wetland centroid 2026,Centroid res8 from NWI wetland objectid 2109 polygon
WET_2110,8846495b55fffff,8,oahu,2026.02,NWI wetland centroid 2026,Centroid res8 from NWI wetland objectid 2110 polygon
WET_2111,8846495b43fffff,8,oahu,2026.02,NWI wetland centroid 2026,Centroid res8 from NWI wetland objectid 2111 polygon
WET_2112,8846495b41fffff,8,oahu,2026.02,NWI wetland centroid 2026,Centroid res8 from NWI wetland objectid 2112 polygon
WET_2113,8846495b4bfffff,8,oahu,2026.02,NWI wetland centroid 2026,Centroid res8 from NWI wetland objectid 2113 polygon
WET_2114,8846495b41fffff,8,oahu,2026.02,NWI wetland centroid 2026,Centroid res8 from NWI wetland objectid 2114 polygon
WET_2115,8846495b41fffff,8,oahu,2026.02,NWI wetland centroid 2026,Centroid res8 from NWI wetland objectid 2115 polygon
WET_2116,8846495b41fffff,8,oahu,2026.02,NWI wetland centroid 2026,Centroid res8 from NWI wetland objectid 2116 polygon
WET_2117,8846495b41fffff,8,oahu,2026.02,NWI wetland centroid 2026,Centroid res8 from NWI wetland objectid 2117 polygon
WET_2118,8846495b4dfffff,8,oahu,2026.02,NWI wetland centroid 2026,Centroid res8 from NWI wetland objectid 2118 polygon
WET_2119,8846495b4dfffff,8,oahu,2026.02,NWI wetland centroid 2026,Centroid res8 from NWI wetland objectid 2119 polygon
WET_2120,8846495b4dfffff,8,oahu,2026.02,NWI wetland centroid 2026,Centroid res8 from NWI wetland objectid 2120 polygon
WET_2121,8846495b4dfffff,8,oahu,2026.02,NWI wetland centroid 2026,Centroid res8 from NWI wetland objectid 2121 polygon
WET_2122,88464825a1fffff,8,oahu,2026.02,NWI wetland centroid 2026,Centroid res8 from NWI wetland objectid 2122 polygon
WET_2123,88464825a1fffff,8,oahu,2026.02,NWI wetland centroid 2026,Centroid res8 from NWI wetland objectid 2123 polygon
WET_2124,88464825adfffff,8,oahu,2026.02,NWI wetland centroid 2026,Centroid res8 from NWI wetland objectid 2124 polygon
WET_2125,88464825adfffff,8,oahu,2026.02,NWI wetland centroid 2026,Centroid res8 from NWI wetland objectid 2125 polygon
WET_2126,88464825e7fffff,8,oahu,2026.02,NWI wetland centroid 2026,Centroid res8 from NWI wetland objectid 2126 polygon
WET_2127,8846495b11fffff,8,oahu,2026.02,NWI wetland centroid 2026,Centroid res8 from NWI wetland objectid 2127 polygon
WET_2128,8846495807fffff,8,oahu,2026.02,NWI wetland centroid 2026,Centroid res8 from NWI wetland objectid 2128 polygon
WET_2129,8846495b47fffff,8,oahu,2026.02,NWI wetland centroid 2026,Centroid res8 from NWI wetland objectid 2129 polygon
WET_2130,8846495825fffff,8,oahu,2026.02,NWI wetland centroid 2026,Centroid res8 from NWI wetland objectid 2130 polygon
WET_2131,8846495825fffff,8,oahu,2026.02,NWI wetland centroid 2026,Centroid res8 from NWI wetland objectid 2131 polygon
WET_2132,884649582dfffff,8,oahu,2026.02,NWI wetland centroid 2026,Centroid res8 from NWI wetland objectid 2132 polygon
WET_2133,884649595bfffff,8,oahu,2026.02,NWI wetland centroid 2026,Centroid res8 from NWI wetland objectid 2133 polygon
WET_2134,8846495865fffff,8,oahu,2026.02,NWI wetland centroid 2026,Centroid res8 from NWI wetland objectid 2134 polygon
WET_2135,8846495b33fffff,8,oahu,2026.02,NWI wetland centroid 2026,Centroid res8 from NWI wetland objectid 2135 polygon
WET_2136,8846495b33fffff,8,oahu,2026.02,NWI wetland centroid 2026,Centroid res8 from NWI wetland objectid 2136 polygon
WET_2137,8846495b17fffff,8,oahu,2026.02,NWI wetland centroid 2026,Centroid res8 from NWI wetland objectid 2137 polygon
WET_2138,8846495b17fffff,8,oahu,2026.02,NWI wetland centroid 2026,Centroid res8 from NWI wetland objectid 2138 polygon
WET_2139,8846495b17fffff,8,oahu,2026.02,NWI wetland centroid 2026,Centroid res8 from NWI wetland objectid 2139 polygon
WET_2140,8846495b01fffff,8,oahu,2026.02,NWI wetland centroid 2026,Centroid res8 from NWI wetland objectid 2140 polygon
WET_2141,8846495b09fffff,8,oahu,2026.02,NWI wetland centroid 2026,Centroid res8 from NWI wetland objectid 2141 polygon
WET_2142,8846495b09fffff,8,oahu,2026.02,NWI wetland centroid 2026,Centroid res8 from NWI wetland objectid 2142 polygon
WET_2143,8846495b47fffff,8,oahu,2026.02,NWI wetland centroid 2026,Centroid res8 from NWI wetland objectid 2143 polygon
WET_2144,8846495b69fffff,8,oahu,2026.02,NWI wetland centroid 2026,Centroid res8 from NWI wetland objectid 2144 polygon
WET_2145,8846495b45fffff,8,oahu,2026.02,NWI wetland centroid 2026,Centroid res8 from NWI wetland objectid 2145 polygon
WET_2146,8846495b47fffff,8,oahu,2026.02,NWI wetland centroid 2026,Centroid res8 from NWI wetland objectid 2146 polygon
WET_2147,8846495b45fffff,8,oahu,2026.02,NWI wetland centroid 2026,Centroid res8 from NWI wetland objectid 2147 polygon
WET_2148,8846495b45fffff,8,oahu,2026.02,NWI wetland centroid 2026,Centroid res8 from NWI wetland objectid 2148 polygon
WET_2149,8846495b4dfffff,8,oahu,2026.02,NWI wetland centroid 2026,Centroid res8 from NWI wetland objectid 2149 polygon
WET_2150,88464825a5fffff,8,oahu,2026.02,NWI wetland centroid 2026,Centroid res8 from NWI wetland objectid 2150 polygon
WET_2151,88464825a7fffff,8,oahu,2026.02,NWI wetland centroid 2026,Centroid res8 from NWI wetland objectid 2151 polygon
WET_2152,88464825a1fffff,8,oahu,2026.02,NWI wetland centroid 2026,Centroid res8 from NWI wetland objectid 2152 polygon
WET_2153,88464825a1fffff,8,oahu,2026.02,NWI wetland centroid 2026,Centroid res8 from NWI wetland objectid 2153 polygon
WET_2154,88464825a1fffff,8,oahu,2026.02,NWI wetland centroid 2026,Centroid res8 from NWI wetland objectid 2154 polygon
WET_2155,88464825a1fffff,8,oahu,2026.02,NWI wetland centroid 2026,Centroid res8 from NWI wetland objectid 2155 polygon
WET_2156,88464825adfffff,8,oahu,2026.02,NWI wetland centroid 2026,Centroid res8 from NWI wetland objectid 2156 polygon
WET_2157,88464825adfffff,8,oahu,2026.02,NWI wetland centroid 2026,Centroid res8 from NWI wetland objectid 2157 polygon
WET_2158,88464825adfffff,8,oahu,2026.02,NWI wetland centroid 2026,Centroid res8 from NWI wetland objectid 2158 polygon
WET_2159,88464825adfffff,8,oahu,2026.02,NWI wetland centroid 2026,Centroid res8 from NWI wetland objectid 2159 polygon
WET_2160,8846495825fffff,8,oahu,2026.02,NWI wetland centroid 2026,Centroid res8 from NWI wetland objectid 2160 polygon
WET_2161,8846495821fffff,8,oahu,2026.02,NWI wetland centroid 2026,Centroid res8 from NWI wetland objectid 2161 polygon
WET_2162,8846495821fffff,8,oahu,2026.02,NWI wetland centroid 2026,Centroid res8 from NWI wetland objectid 2162 polygon
WET_2163,8846495825fffff,8,oahu,2026.02,NWI wetland centroid 2026,Centroid res8 from NWI wetland objectid 2163 polygon
WET_2164,8846495821fffff,8,oahu,2026.02,NWI wetland centroid 2026,Centroid res8 from NWI wetland objectid 2164 polygon
WET_2165,8846495821fffff,8,oahu,2026.02,NWI wetland centroid 2026,Centroid res8 from NWI wetland objectid 2165 polygon
WET_2166,8846482e99fffff,8,oahu,2026.02,NWI wetland centroid 2026,Centroid res8 from NWI wetland objectid 2166 polygon
WET_2167,8846495835fffff,8,oahu,2026.02,NWI wetland centroid 2026,Centroid res8 from NWI wetland objectid 2167 polygon
WET_2168,8846495835fffff,8,oahu,2026.02,NWI wetland centroid 2026,Centroid res8 from NWI wetland objectid 2168 polygon
WET_2169,8846495823fffff,8,oahu,2026.02,NWI wetland centroid 2026,Centroid res8 from NWI wetland objectid 2169 polygon
WET_2170,8846495867fffff,8,oahu,2026.02,NWI wetland centroid 2026,Centroid res8 from NWI wetland objectid 2170 polygon
WET_2171,8846495b11fffff,8,oahu,2026.02,NWI wetland centroid 2026,Centroid res8 from NWI wetland objectid 2171 polygon
WET_2172,8846495865fffff,8,oahu,2026.02,NWI wetland centroid 2026,Centroid res8 from NWI wetland objectid 2172 polygon
WET_2173,8846495865fffff,8,oahu,2026.02,NWI wetland centroid 2026,Centroid res8 from NWI wetland objectid 2173 polygon
WET_2174,8846495865fffff,8,oahu,2026.02,NWI wetland centroid 2026,Centroid res8 from NWI wetland objectid 2174 polygon
WET_2175,8846495865fffff,8,oahu,2026.02,NWI wetland centroid 2026,Centroid res8 from NWI wetland objectid 2175 polygon
WET_2176,8846495865fffff,8,oahu,2026.02,NWI wetland centroid 2026,Centroid res8 from NWI wetland objectid 2176 polygon
WET_2177,8846495865fffff,8,oahu,2026.02,NWI wetland centroid 2026,Centroid res8 from NWI wetland objectid 2177 polygon
WET_2178,8846495865fffff,8,oahu,2026.02,NWI wetland centroid 2026,Centroid res8 from NWI wetland objectid 2178 polygon
WET_2179,8846495865fffff,8,oahu,2026.02,NWI wetland centroid 2026,Centroid res8 from NWI wetland objectid 2179 polygon
WET_2180,8846495b31fffff,8,oahu,2026.02,NWI wetland centroid 2026,Centroid res8 from NWI wetland objectid 2180 polygon
WET_2181,8846495b05fffff,8,oahu,2026.02,NWI wetland centroid 2026,Centroid res8 from NWI wetland objectid 2181 polygon
WET_2182,8846495b0dfffff,8,oahu,2026.02,NWI wetland centroid 2026,Centroid res8 from NWI wetland objectid 2182 polygon
WET_2183,8846495b09fffff,8,oahu,2026.02,NWI wetland centroid 2026,Centroid res8 from NWI wetland objectid 2183 polygon
WET_2184,8846495b09fffff,8,oahu,2026.02,NWI wetland centroid 2026,Centroid res8 from NWI wetland objectid 2184 polygon
WET_2185,8846495b09fffff,8,oahu,2026.02,NWI wetland centroid 2026,Centroid res8 from NWI wetland objectid 2185 polygon
WET_2186,8846495b09fffff,8,oahu,2026.02,NWI wetland centroid 2026,Centroid res8 from NWI wetland objectid 2186 polygon
WET_2187,8846495b09fffff,8,oahu,2026.02,NWI wetland centroid 2026,Centroid res8 from NWI wetland objectid 2187 polygon
WET_2188,8846495b09fffff,8,oahu,2026.02,NWI wetland centroid 2026,Centroid res8 from NWI wetland objectid 2188 polygon
WET_2189,8846495b47fffff,8,oahu,2026.02,NWI wetland centroid 2026,Centroid res8 from NWI wetland objectid 2189 polygon
WET_2190,8846495b47fffff,8,oahu,2026.02,NWI wetland centroid 2026,Centroid res8 from NWI wetland objectid 2190 polygon
WET_2191,8846495b47fffff,8,oahu,2026.02,NWI wetland centroid 2026,Centroid res8 from NWI wetland objectid 2191 polygon
WET_2192,8846495b47fffff,8,oahu,2026.02,NWI wetland centroid 2026,Centroid res8 from NWI wetland objectid 2192 polygon
WET_2193,8846495b47fffff,8,oahu,2026.02,NWI wetland centroid 2026,Centroid res8 from NWI wetland objectid 2193 polygon
WET_2194,8846495b47fffff,8,oahu,2026.02,NWI wetland centroid 2026,Centroid res8 from NWI wetland objectid 2194 polygon
WET_2195,8846495b47fffff,8,oahu,2026.02,NWI wetland centroid 2026,Centroid res8 from NWI wetland objectid 2195 polygon
WET_2196,8846495b47fffff,8,oahu,2026.02,NWI wetland centroid 2026,Centroid res8 from NWI wetland objectid 2196 polygon
WET_2197,8846495b47fffff,8,oahu,2026.02,NWI wetland centroid 2026,Centroid res8 from NWI wetland objectid 2197 polygon
WET_2198,8846495b47fffff,8,oahu,2026.02,NWI wetland centroid 2026,Centroid res8 from NWI wetland objectid 2198 polygon
WET_2199,8846495b47fffff,8,oahu,2026.02,NWI wetland centroid 2026,Centroid res8 from NWI wetland objectid 2199 polygon
WET_2200,8846495b47fffff,8,oahu,2026.02,NWI wetland centroid 2026,Centroid res8 from NWI wetland objectid 2200 polygon
WET_2201,8846495b47fffff,8,oahu,2026.02,NWI wetland centroid 2026,Centroid res8 from NWI wetland objectid 2201 polygon
WET_2202,8846495b47fffff,8,oahu,2026.02,NWI wetland centroid 2026,Centroid res8 from NWI wetland objectid 2202 polygon
WET_2203,8846495b47fffff,8,oahu,2026.02,NWI wetland centroid 2026,Centroid res8 from NWI wetland objectid 2203 polygon
WET_2204,8846495b47fffff,8,oahu,2026.02,NWI wetland centroid 2026,Centroid res8 from NWI wetland objectid 2204 polygon
WET_2205,8846495b47fffff,8,oahu,2026.02,NWI wetland centroid 2026,Centroid res8 from NWI wetland objectid 2205 polygon
WET_2206,8846495b47fffff,8,oahu,2026.02,NWI wetland centroid 2026,Centroid res8 from NWI wetland objectid 2206 polygon
WET_2207,8846495b47fffff,8,oahu,2026.02,NWI wetland centroid 2026,Centroid res8 from NWI wetland objectid 2207 polygon
WET_2208,8846495b47fffff,8,oahu,2026.02,NWI wetland centroid 2026,Centroid res8 from NWI wetland objectid 2208 polygon
WET_2209,8846495b47fffff,8,oahu,2026.02,NWI wetland centroid 2026,Centroid res8 from NWI wetland objectid 2209 polygon
WET_2210,8846495b47fffff,8,oahu,2026.02,NWI wetland centroid 2026,Centroid res8 from NWI wetland objectid 2210 polygon
WET_2211,8846495b47fffff,8,oahu,2026.02,NWI wetland centroid 2026,Centroid res8 from NWI wetland objectid 2211 polygon
WET_2212,8846495b47fffff,8,oahu,2026.02,NWI wetland centroid 2026,Centroid res8 from NWI wetland objectid 2212 polygon
WET_2213,8846495b47fffff,8,oahu,2026.02,NWI wetland centroid 2026,Centroid res8 from NWI wetland objectid 2213 polygon
WET_2214,8846495b47fffff,8,oahu,2026.02,NWI wetland centroid 2026,Centroid res8 from NWI wetland objectid 2214 polygon
WET_2215,8846495b47fffff,8,oahu,2026.02,NWI wetland centroid 2026,Centroid res8 from NWI wetland objectid 2215 polygon
WET_2216,8846495b47fffff,8,oahu,2026.02,NWI wetland centroid 2026,Centroid res8 from NWI wetland objectid 2216 polygon
WET_2217,8846495b47fffff,8,oahu,2026.02,NWI wetland centroid 2026,Centroid res8 from NWI wetland objectid 2217 polygon
WET_2218,8846495b47fffff,8,oahu,2026.02,NWI wetland centroid 2026,Centroid res8 from NWI wetland objectid 2218 polygon
WET_2219,8846495b47fffff,8,oahu,2026.02,NWI wetland centroid 2026,Centroid res8 from NWI wetland objectid 2219 polygon
WET_2220,8846495b47fffff,8,oahu,2026.02,NWI wetland centroid 2026,Centroid res8 from NWI wetland objectid 2220 polygon
WET_2221,8846495b47fffff,8,oahu,2026.02,NWI wetland centroid 2026,Centroid res8 from NWI wetland objectid 2221 polygon
WET_2222,8846495b47fffff,8,oahu,2026.02,NWI wetland centroid 2026,Centroid res8 from NWI wetland objectid 2222 polygon
WET_2223,8846495b47fffff,8,oahu,2026.02,NWI wetland centroid 2026,Centroid res8 from NWI wetland objectid 2223 polygon
WET_2224,8846495b6bfffff,8,oahu,2026.02,NWI wetland centroid 2026,Centroid res8 from NWI wetland objectid 2224 polygon
WET_2225,8846495b47fffff,8,oahu,2026.02,NWI wetland centroid 2026,Centroid res8 from NWI wetland objectid 2225 polygon
WET_2226,8846495b47fffff,8,oahu,2026.02,NWI wetland centroid 2026,Centroid res8 from NWI wetland objectid 2226 polygon
WET_2227,8846495b47fffff,8,oahu,2026.02,NWI wetland centroid 2026,Centroid res8 from NWI wetland objectid 2227 polygon
WET_2228,8846495b47fffff,8,oahu,2026.02,NWI wetland centroid 2026,Centroid res8 from NWI wetland objectid 2228 polygon
WET_2229,8846495b47fffff,8,oahu,2026.02,NWI wetland centroid 2026,Centroid res8 from NWI wetland objectid 2229 polygon
WET_2230,8846495b47fffff,8,oahu,2026.02,NWI wetland centroid 2026,Centroid res8 from NWI wetland objectid 2230 polygon
WET_2231,8846495b47fffff,8,oahu,2026.02,NWI wetland centroid 2026,Centroid res8 from NWI wetland objectid 2231 polygon
WET_2232,8846495b47fffff,8,oahu,2026.02,NWI wetland centroid 2026,Centroid res8 from NWI wetland objectid 2232 polygon
WET_2233,8846495b47fffff,8,oahu,2026.02,NWI wetland centroid 2026,Centroid res8 from NWI wetland objectid 2233 polygon
WET_2234,8846495b47fffff,8,oahu,2026.02,NWI wetland centroid 2026,Centroid res8 from NWI wetland objectid 2234 polygon
WET_2235,8846495b47fffff,8,oahu,2026.02,NWI wetland centroid 2026,Centroid res8 from NWI wetland objectid 2235 polygon
WET_2236,8846495b47fffff,8,oahu,2026.02,NWI wetland centroid 2026,Centroid res8 from NWI wetland objectid 2236 polygon
WET_2237,8846495b47fffff,8,oahu,2026.02,NWI wetland centroid 2026,Centroid res8 from NWI wetland objectid 2237 polygon
WET_2238,8846495b45fffff,8,oahu,2026.02,NWI wetland centroid 2026,Centroid res8 from NWI wetland objectid 2238 polygon
WET_2239,8846495b47fffff,8,oahu,2026.02,NWI wetland centroid 2026,Centroid res8 from NWI wetland objectid 2239 polygon
WET_2240,8846495b47fffff,8,oahu,2026.02,NWI wetland centroid 2026,Centroid res8 from NWI wetland objectid 2240 polygon
WET_2241,8846495b45fffff,8,oahu,2026.02,NWI wetland centroid 2026,Centroid res8 from NWI wetland objectid 2241 polygon
WET_2242,8846482e93fffff,8,oahu,2026.02,NWI wetland centroid 2026,Centroid res8 from NWI wetland objectid 2242 polygon
WET_2243,8846482e91fffff,8,oahu,2026.02,NWI wetland centroid 2026,Centroid res8 from NWI wetland objectid 2243 polygon
WET_2244,8846482e91fffff,8,oahu,2026.02,NWI wetland centroid 2026,Centroid res8 from NWI wetland objectid 2244 polygon
WET_2245,8846495b4dfffff,8,oahu,2026.02,NWI wetland centroid 2026,Centroid res8 from NWI wetland objectid 2245 polygon
WET_2246,8846495b4dfffff,8,oahu,2026.02,NWI wetland centroid 2026,Centroid res8 from NWI wetland objectid 2246 polygon
WET_2247,8846495b4dfffff,8,oahu,2026.02,NWI wetland centroid 2026,Centroid res8 from NWI wetland objectid 2247 polygon
WET_2248,8846495b4dfffff,8,oahu,2026.02,NWI wetland centroid 2026,Centroid res8 from NWI wetland objectid 2248 polygon
WET_2249,8846495b4dfffff,8,oahu,2026.02,NWI wetland centroid 2026,Centroid res8 from NWI wetland objectid 2249 polygon
WET_2250,8846495b4dfffff,8,oahu,2026.02,NWI wetland centroid 2026,Centroid res8 from NWI wetland objectid 2250 polygon
WET_2251,8846495b4dfffff,8,oahu,2026.02,NWI wetland centroid 2026,Centroid res8 from NWI wetland objectid 2251 polygon
WET_2252,8846495b4dfffff,8,oahu,2026.02,NWI wetland centroid 2026,Centroid res8 from NWI wetland objectid 2252 polygon
WET_2253,8846495b4dfffff,8,oahu,2026.02,NWI wetland centroid 2026,Centroid res8 from NWI wetland objectid 2253 polygon
WET_2254,8846495b4dfffff,8,oahu,2026.02,NWI wetland centroid 2026,Centroid res8 from NWI wetland objectid 2254 polygon
WET_2255,8846495b4dfffff,8,oahu,2026.02,NWI wetland centroid 2026,Centroid res8 from NWI wetland objectid 2255 polygon
WET_2256,8846482e9bfffff,8,oahu,2026.02,NWI wetland centroid 2026,Centroid res8 from NWI wetland objectid 2256 polygon
WET_2257,8846482e99fffff,8,oahu,2026.02,NWI wetland centroid 2026,Centroid res8 from NWI wetland objectid 2257 polygon
WET_2258,8846482e99fffff,8,oahu,2026.02,NWI wetland centroid 2026,Centroid res8 from NWI wetland objectid 2258 polygon
WET_2259,88464825a5fffff,8,oahu,2026.02,NWI wetland centroid 2026,Centroid res8 from NWI wetland objectid 2259 polygon
WET_2260,88464825a5fffff,8,oahu,2026.02,NWI wetland centroid 2026,Centroid res8 from NWI wetland objectid 2260 polygon
WET_2261,8846482e99fffff,8,oahu,2026.02,NWI wetland centroid 2026,Centroid res8 from NWI wetland objectid 2261 polygon
WET_2262,8846482e99fffff,8,oahu,2026.02,NWI wetland centroid 2026,Centroid res8 from NWI wetland objectid 2262 polygon
WET_2263,8846482e99fffff,8,oahu,2026.02,NWI wetland centroid 2026,Centroid res8 from NWI wetland objectid 2263 polygon
WET_2264,8846482e99fffff,8,oahu,2026.02,NWI wetland centroid 2026,Centroid res8 from NWI wetland objectid 2264 polygon
WET_2265,8846482e99fffff,8,oahu,2026.02,NWI wetland centroid 2026,Centroid res8 from NWI wetland objectid 2265 polygon
WET_2266,8846482e99fffff,8,oahu,2026.02,NWI wetland centroid 2026,Centroid res8 from NWI wetland objectid 2266 polygon
WET_2267,8846482ed3fffff,8,oahu,2026.02,NWI wetland centroid 2026,Centroid res8 from NWI wetland objectid 2267 polygon
WET_2268,8846482ed3fffff,8,oahu,2026.02,NWI wetland centroid 2026,Centroid res8 from NWI wetland objectid 2268 polygon
WET_2269,8846482ed3fffff,8,oahu,2026.02,NWI wetland centroid 2026,Centroid res8 from NWI wetland objectid 2269 polygon
WET_2270,8846482ed3fffff,8,oahu,2026.02,NWI wetland centroid 2026,Centroid res8 from NWI wetland objectid 2270 polygon
WET_2271,8846482ed3fffff,8,oahu,2026.02,NWI wetland centroid 2026,Centroid res8 from NWI wetland objectid 2271 polygon
WET_2272,8846482ed3fffff,8,oahu,2026.02,NWI wetland centroid 2026,Centroid res8 from NWI wetland objectid 2272 polygon
WET_2273,8846482ed3fffff,8,oahu,2026.02,NWI wetland centroid 2026,Centroid res8 from NWI wetland objectid 2273 polygon
WET_2274,8846482ed3fffff,8,oahu,2026.02,NWI wetland centroid 2026,Centroid res8 from NWI wetland objectid 2274 polygon
WET_2275,8846482ed3fffff,8,oahu,2026.02,NWI wetland centroid 2026,Centroid res8 from NWI wetland objectid 2275 polygon
WET_2276,8846482ed3fffff,8,oahu,2026.02,NWI wetland centroid 2026,Centroid res8 from NWI wetland objectid 2276 polygon
WET_2277,8846495b4dfffff,8,oahu,2026.02,NWI wetland centroid 2026,Centroid res8 from NWI wetland objectid 2277 polygon
WET_2278,8846495b4dfffff,8,oahu,2026.02,NWI wetland centroid 2026,Centroid res8 from NWI wetland objectid 2278 polygon
WET_2279,8846495b4dfffff,8,oahu,2026.02,NWI wetland centroid 2026,Centroid res8 from NWI wetland objectid 2279 polygon
WET_2280,8846495b4dfffff,8,oahu,2026.02,NWI wetland centroid 2026,Centroid res8 from NWI wetland objectid 2280 polygon
WET_2281,8846495b47fffff,8,oahu,2026.02,NWI wetland centroid 2026,Centroid res8 from NWI wetland objectid 2281 polygon
WET_2282,88464959cbfffff,8,oahu,2026.02,NWI wetland centroid 2026,Centroid res8 from NWI wetland objectid 2282 polygon
WET_2283,8846495921fffff,8,oahu,2026.02,NWI wetland centroid 2026,Centroid res8 from NWI wetland objectid 2283 polygon
WET_2284,8846495915fffff,8,oahu,2026.02,NWI wetland centroid 2026,Centroid res8 from NWI wetland objectid 2284 polygon
WET_2285,884649591bfffff,8,oahu,2026.02,NWI wetland centroid 2026,Centroid res8 from NWI wetland objectid 2285 polygon
WET_2286,8846495823fffff,8,oahu,2026.02,NWI wetland centroid 2026,Centroid res8 from NWI wetland objectid 2286 polygon
WET_2287,884649591bfffff,8,oahu,2026.02,NWI wetland centroid 2026,Centroid res8 from NWI wetland objectid 2287 polygon
WET_2288,8846495825fffff,8,oahu,2026.02,NWI wetland centroid 2026,Centroid res8 from NWI wetland objectid 2288 polygon
WET_2289,8846495823fffff,8,oahu,2026.02,NWI wetland centroid 2026,Centroid res8 from NWI wetland objectid 2289 polygon
WET_2290,8846495827fffff,8,oahu,2026.02,NWI wetland centroid 2026,Centroid res8 from NWI wetland objectid 2290 polygon
WET_2291,8846495905fffff,8,oahu,2026.02,NWI wetland centroid 2026,Centroid res8 from NWI wetland objectid 2291 polygon
WET_2292,8846495825fffff,8,oahu,2026.02,NWI wetland centroid 2026,Centroid res8 from NWI wetland objectid 2292 polygon
WET_2293,8846495953fffff,8,oahu,2026.02,NWI wetland centroid 2026,Centroid res8 from NWI wetland objectid 2293 polygon
WET_2294,884649582bfffff,8,oahu,2026.02,NWI wetland centroid 2026,Centroid res8 from NWI wetland objectid 2294 polygon
WET_2295,8846495953fffff,8,oahu,2026.02,NWI wetland centroid 2026,Centroid res8 from NWI wetland objectid 2295 polygon
WET_2296,884649590dfffff,8,oahu,2026.02,NWI wetland centroid 2026,Centroid res8 from NWI wetland objectid 2296 polygon
WET_2297,8846482cb3fffff,8,oahu,2026.02,NWI wetland centroid 2026,Centroid res8 from NWI wetland objectid 2297 polygon
WET_2298,884649596dfffff,8,oahu,2026.02,NWI wetland centroid 2026,Centroid res8 from NWI wetland objectid 2298 polygon
WET_2299,8846495867fffff,8,oahu,2026.02,NWI wetland centroid 2026,Centroid res8 from NWI wetland objectid 2299 polygon
WET_2300,8846495865fffff,8,oahu,2026.02,NWI wetland centroid 2026,Centroid res8 from NWI wetland objectid 2300 polygon
WET_2301,8846495865fffff,8,oahu,2026.02,NWI wetland centroid 2026,Centroid res8 from NWI wetland objectid 2301 polygon
WET_2302,8846495861fffff,8,oahu,2026.02,NWI wetland centroid 2026,Centroid res8 from NWI wetland objectid 2302 polygon
WET_2303,884649586dfffff,8,oahu,2026.02,NWI wetland centroid 2026,Centroid res8 from NWI wetland objectid 2303 polygon
WET_2304,8846495b33fffff,8,oahu,2026.02,NWI wetland centroid 2026,Centroid res8 from NWI wetland objectid 2304 polygon
WET_2305,8846495b17fffff,8,oahu,2026.02,NWI wetland centroid 2026,Centroid res8 from NWI wetland objectid 2305 polygon
WET_2306,8846495b07fffff,8,oahu,2026.02,NWI wetland centroid 2026,Centroid res8 from NWI wetland objectid 2306 polygon
WET_2307,8846495b01fffff,8,oahu,2026.02,NWI wetland centroid 2026,Centroid res8 from NWI wetland objectid 2307 polygon
WET_2308,8846495b01fffff,8,oahu,2026.02,NWI wetland centroid 2026,Centroid res8 from NWI wetland objectid 2308 polygon
WET_2309,8846495b05fffff,8,oahu,2026.02,NWI wetland centroid 2026,Centroid res8 from NWI wetland objectid 2309 polygon
WET_2310,8846495b09fffff,8,oahu,2026.02,NWI wetland centroid 2026,Centroid res8 from NWI wetland objectid 2310 polygon
WET_2311,8846495b61fffff,8,oahu,2026.02,NWI wetland centroid 2026,Centroid res8 from NWI wetland objectid 2311 polygon
WET_2312,8846495b4dfffff,8,oahu,2026.02,NWI wetland centroid 2026,Centroid res8 from NWI wetland objectid 2312 polygon
WET_2313,8846482e93fffff,8,oahu,2026.02,NWI wetland centroid 2026,Centroid res8 from NWI wetland objectid 2313 polygon
WET_2314,8846482e9dfffff,8,oahu,2026.02,NWI wetland centroid 2026,Centroid res8 from NWI wetland objectid 2314 polygon
WET_2315,88464825a1fffff,8,oahu,2026.02,NWI wetland centroid 2026,Centroid res8 from NWI wetland objectid 2315 polygon
WET_2316,8846482ed5fffff,8,oahu,2026.02,NWI wetland centroid 2026,Centroid res8 from NWI wetland objectid 2316 polygon
WET_2317,88464825adfffff,8,oahu,2026.02,NWI wetland centroid 2026,Centroid res8 from NWI wetland objectid 2317 polygon
WET_2318,8846482ed1fffff,8,oahu,2026.02,NWI wetland centroid 2026,Centroid res8 from NWI wetland objectid 2318 polygon
WET_2319,8846482537fffff,8,oahu,2026.02,NWI wetland centroid 2026,Centroid res8 from NWI wetland objectid 2319 polygon
WET_2320,8846495835fffff,8,oahu,2026.02,NWI wetland centroid 2026,Centroid res8 from NWI wetland objectid 2320 polygon
WET_2321,88464959c9fffff,8,oahu,2026.02,NWI wetland centroid 2026,Centroid res8 from NWI wetland objectid 2321 polygon
WET_2322,8846495919fffff,8,oahu,2026.02,NWI wetland centroid 2026,Centroid res8 from NWI wetland objectid 2322 polygon
WET_2323,8846495823fffff,8,oahu,2026.02,NWI wetland centroid 2026,Centroid res8 from NWI wetland objectid 2323 polygon
WET_2324,8846495953fffff,8,oahu,2026.02,NWI wetland centroid 2026,Centroid res8 from NWI wetland objectid 2324 polygon
WET_2325,884649582dfffff,8,oahu,2026.02,NWI wetland centroid 2026,Centroid res8 from NWI wetland objectid 2325 polygon
WET_2326,884649582dfffff,8,oahu,2026.02,NWI wetland centroid 2026,Centroid res8 from NWI wetland objectid 2326 polygon
WET_2327,884649582dfffff,8,oahu,2026.02,NWI wetland centroid 2026,Centroid res8 from NWI wetland objectid 2327 polygon
WET_2328,884649582dfffff,8,oahu,2026.02,NWI wetland centroid 2026,Centroid res8 from NWI wetland objectid 2328 polygon
WET_2329,8846495b33fffff,8,oahu,2026.02,NWI wetland centroid 2026,Centroid res8 from NWI wetland objectid 2329 polygon
WET_2330,884649586dfffff,8,oahu,2026.02,NWI wetland centroid 2026,Centroid res8 from NWI wetland objectid 2330 polygon
WET_2331,8846495b17fffff,8,oahu,2026.02,NWI wetland centroid 2026,Centroid res8 from NWI wetland objectid 2331 polygon
WET_2332,8846495b15fffff,8,oahu,2026.02,NWI wetland centroid 2026,Centroid res8 from NWI wetland objectid 2332 polygon
WET_2333,8846495b17fffff,8,oahu,2026.02,NWI wetland centroid 2026,Centroid res8 from NWI wetland objectid 2333 polygon
WET_2334,8846495b11fffff,8,oahu,2026.02,NWI wetland centroid 2026,Centroid res8 from NWI wetland objectid 2334 polygon
WET_2335,8846495b11fffff,8,oahu,2026.02,NWI wetland centroid 2026,Centroid res8 from NWI wetland objectid 2335 polygon
WET_2336,8846495b09fffff,8,oahu,2026.02,NWI wetland centroid 2026,Centroid res8 from NWI wetland objectid 2336 polygon
WET_2337,8846495b47fffff,8,oahu,2026.02,NWI wetland centroid 2026,Centroid res8 from NWI wetland objectid 2337 polygon
WET_2338,8846495b45fffff,8,oahu,2026.02,NWI wetland centroid 2026,Centroid res8 from NWI wetland objectid 2338 polygon
WET_2339,8846495b47fffff,8,oahu,2026.02,NWI wetland centroid 2026,Centroid res8 from NWI wetland objectid 2339 polygon
WET_2340,8846495b47fffff,8,oahu,2026.02,NWI wetland centroid 2026,Centroid res8 from NWI wetland objectid 2340 polygon
WET_2341,8846495b45fffff,8,oahu,2026.02,NWI wetland centroid 2026,Centroid res8 from NWI wetland objectid 2341 polygon
WET_2342,8846495b41fffff,8,oahu,2026.02,NWI wetland centroid 2026,Centroid res8 from NWI wetland objectid 2342 polygon
WET_2343,88464825a1fffff,8,oahu,2026.02,NWI wetland centroid 2026,Centroid res8 from NWI wetland objectid 2343 polygon
WET_2344,88464825adfffff,8,oahu,2026.02,NWI wetland centroid 2026,Centroid res8 from NWI wetland objectid 2344 polygon
WET_2345,88464825adfffff,8,oahu,2026.02,NWI wetland centroid 2026,Centroid res8 from NWI wetland objectid 2345 polygon
WET_2346,8846495825fffff,8,oahu,2026.02,NWI wetland centroid 2026,Centroid res8 from NWI wetland objectid 2346 polygon
WET_2347,884649595bfffff,8,oahu,2026.02,NWI wetland centroid 2026,Centroid res8 from NWI wetland objectid 2347 polygon
WET_2348,8846495b1dfffff,8,oahu,2026.02,NWI wetland centroid 2026,Centroid res8 from NWI wetland objectid 2348 polygon
WET_2349,884649586dfffff,8,oahu,2026.02,NWI wetland centroid 2026,Centroid res8 from NWI wetland objectid 2349 polygon
WET_2350,8846495b17fffff,8,oahu,2026.02,NWI wetland centroid 2026,Centroid res8 from NWI wetland objectid 2350 polygon
WET_2351,8846495b11fffff,8,oahu,2026.02,NWI wetland centroid 2026,Centroid res8 from NWI wetland objectid 2351 polygon
WET_2352,8846495b11fffff,8,oahu,2026.02,NWI wetland centroid 2026,Centroid res8 from NWI wetland objectid 2352 polygon
WET_2353,8846495825fffff,8,oahu,2026.02,NWI wetland centroid 2026,Centroid res8 from NWI wetland objectid 2353 polygon
WET_2354,8846495b0dfffff,8,oahu,2026.02,NWI wetland centroid 2026,Centroid res8 from NWI wetland objectid 2354 polygon
WET_2355,88464959c9fffff,8,oahu,2026.02,NWI wetland centroid 2026,Centroid res8 from NWI wetland objectid 2355 polygon
WET_2356,8846495827fffff,8,oahu,2026.02,NWI wetland centroid 2026,Centroid res8 from NWI wetland objectid 2356 polygon
WET_2357,8846495823fffff,8,oahu,2026.02,NWI wetland centroid 2026,Centroid res8 from NWI wetland objectid 2357 polygon
WET_2358,8846495807fffff,8,oahu,2026.02,NWI wetland centroid 2026,Centroid res8 from NWI wetland objectid 2358 polygon
WET_2359,8846495807fffff,8,oahu,2026.02,NWI wetland centroid 2026,Centroid res8 from NWI wetland objectid 2359 polygon
WET_2360,884649582dfffff,8,oahu,2026.02,NWI wetland centroid 2026,Centroid res8 from NWI wetland objectid 2360 polygon
WET_2361,884649582dfffff,8,oahu,2026.02,NWI wetland centroid 2026,Centroid res8 from NWI wetland objectid 2361 polygon
WET_2362,8846495839fffff,8,oahu,2026.02,NWI wetland centroid 2026,Centroid res8 from NWI wetland objectid 2362 polygon
WET_2363,8846495839fffff,8,oahu,2026.02,NWI wetland centroid 2026,Centroid res8 from NWI wetland objectid 2363 polygon
WET_2364,8846495807fffff,8,oahu,2026.02,NWI wetland centroid 2026,Centroid res8 from NWI wetland objectid 2364 polygon
WET_2365,8846495803fffff,8,oahu,2026.02,NWI wetland centroid 2026,Centroid res8 from NWI wetland objectid 2365 polygon
WET_2366,8846495807fffff,8,oahu,2026.02,NWI wetland centroid 2026,Centroid res8 from NWI wetland objectid 2366 polygon
WET_2367,884649580dfffff,8,oahu,2026.02,NWI wetland centroid 2026,Centroid res8 from NWI wetland objectid 2367 polygon
WET_2368,884649580dfffff,8,oahu,2026.02,NWI wetland centroid 2026,Centroid res8 from NWI wetland objectid 2368 polygon
WET_2369,884649586dfffff,8,oahu,2026.02,NWI wetland centroid 2026,Centroid res8 from NWI wetland objectid 2369 polygon
WET_2370,884649586dfffff,8,oahu,2026.02,NWI wetland centroid 2026,Centroid res8 from NWI wetland objectid 2370 polygon
WET_2371,8846495b07fffff,8,oahu,2026.02,NWI wetland centroid 2026,Centroid res8 from NWI wetland objectid 2371 polygon
WET_2372,8846482e93fffff,8,oahu,2026.02,NWI wetland centroid 2026,Centroid res8 from NWI wetland objectid 2372 polygon
WET_2373,8846482e91fffff,8,oahu,2026.02,NWI wetland centroid 2026,Centroid res8 from NWI wetland objectid 2373 polygon
WET_2374,8846482ed7fffff,8,oahu,2026.02,NWI wetland centroid 2026,Centroid res8 from NWI wetland objectid 2374 polygon
WET_2375,88464b965bfffff,8,oahu,2026.02,NWI wetland centroid 2026,Centroid res8 from NWI wetland objectid 2375 polygon
WET_2376,8846495807fffff,8,oahu,2026.02,NWI wetland centroid 2026,Centroid res8 from NWI wetland objectid 2376 polygon
WET_2377,8846495807fffff,8,oahu,2026.02,NWI wetland centroid 2026,Centroid res8 from NWI wetland objectid 2377 polygon
WET_2378,884649582dfffff,8,oahu,2026.02,NWI wetland centroid 2026,Centroid res8 from NWI wetland objectid 2378 polygon
WET_2379,8846495905fffff,8,oahu,2026.02,NWI wetland centroid 2026,Centroid res8 from NWI wetland objectid 2379 polygon
WET_2380,8846495835fffff,8,oahu,2026.02,NWI wetland centroid 2026,Centroid res8 from NWI wetland objectid 2380 polygon
WET_2381,8846495901fffff,8,oahu,2026.02,NWI wetland centroid 2026,Centroid res8 from NWI wetland objectid 2381 polygon
WET_2382,8846495823fffff,8,oahu,2026.02,NWI wetland centroid 2026,Centroid res8 from NWI wetland objectid 2382 polygon
WET_2383,8846495823fffff,8,oahu,2026.02,NWI wetland centroid 2026,Centroid res8 from NWI wetland objectid 2383 polygon
WET_2384,884649590bfffff,8,oahu,2026.02,NWI wetland centroid 2026,Centroid res8 from NWI wetland objectid 2384 polygon
WET_2385,884649582dfffff,8,oahu,2026.02,NWI wetland centroid 2026,Centroid res8 from NWI wetland objectid 2385 polygon
WET_2386,8846495943fffff,8,oahu,2026.02,NWI wetland centroid 2026,Centroid res8 from NWI wetland objectid 2386 polygon
WET_2387,8846495b33fffff,8,oahu,2026.02,NWI wetland centroid 2026,Centroid res8 from NWI wetland objectid 2387 polygon
WET_2388,884649586dfffff,8,oahu,2026.02,NWI wetland centroid 2026,Centroid res8 from NWI wetland objectid 2388 polygon
WET_2389,8846495861fffff,8,oahu,2026.02,NWI wetland centroid 2026,Centroid res8 from NWI wetland objectid 2389 polygon
WET_2390,8846482cd5fffff,8,oahu,2026.02,NWI wetland centroid 2026,Centroid res8 from NWI wetland objectid 2390 polygon
WET_2391,8846482ec1fffff,8,oahu,2026.02,NWI wetland centroid 2026,Centroid res8 from NWI wetland objectid 2391 polygon
WET_2392,884649586dfffff,8,oahu,2026.02,NWI wetland centroid 2026,Centroid res8 from NWI wetland objectid 2392 polygon
WET_2393,8846495869fffff,8,oahu,2026.02,NWI wetland centroid 2026,Centroid res8 from NWI wetland objectid 2393 polygon
WET_2394,8846495b47fffff,8,oahu,2026.02,NWI wetland centroid 2026,Centroid res8 from NWI wetland objectid 2394 polygon
WET_2395,8846495b47fffff,8,oahu,2026.02,NWI wetland centroid 2026,Centroid res8 from NWI wetland objectid 2395 polygon
WET_2396,8846495b47fffff,8,oahu,2026.02,NWI wetland centroid 2026,Centroid res8 from NWI wetland objectid 2396 polygon
WET_2397,8846495b45fffff,8,oahu,2026.02,NWI wetland centroid 2026,Centroid res8 from NWI wetland objectid 2397 polygon
WET_2398,8846495b41fffff,8,oahu,2026.02,NWI wetland centroid 2026,Centroid res8 from NWI wetland objectid 2398 polygon
WET_2399,884649582dfffff,8,oahu,2026.02,NWI wetland centroid 2026,Centroid res8 from NWI wetland objectid 2399 polygon
WET_2400,884649582dfffff,8,oahu,2026.02,NWI wetland centroid 2026,Centroid res8 from NWI wetland objectid 2400 polygon
WET_2401,8846482ec3fffff,8,oahu,2026.02,NWI wetland centroid 2026,Centroid res8 from NWI wetland objectid 2401 polygon
WET_2402,8846482ecbfffff,8,oahu,2026.02,NWI wetland centroid 2026,Centroid res8 from NWI wetland objectid 2402 polygon
WET_2403,884649591bfffff,8,oahu,2026.02,NWI wetland centroid 2026,Centroid res8 from NWI wetland objectid 2403 polygon
WET_2404,8846495827fffff,8,oahu,2026.02,NWI wetland centroid 2026,Centroid res8 from NWI wetland objectid 2404 polygon
WET_2405,8846495827fffff,8,oahu,2026.02,NWI wetland centroid 2026,Centroid res8 from NWI wetland objectid 2405 polygon
WET_2406,8846495823fffff,8,oahu,2026.02,NWI wetland centroid 2026,Centroid res8 from NWI wetland objectid 2406 polygon
WET_2407,8846495825fffff,8,oahu,2026.02,NWI wetland centroid 2026,Centroid res8 from NWI wetland objectid 2407 polygon
WET_2408,8846495821fffff,8,oahu,2026.02,NWI wetland centroid 2026,Centroid res8 from NWI wetland objectid 2408 polygon
WET_2409,8846495825fffff,8,oahu,2026.02,NWI wetland centroid 2026,Centroid res8 from NWI wetland objectid 2409 polygon
WET_2410,8846495823fffff,8,oahu,2026.02,NWI wetland centroid 2026,Centroid res8 from NWI wetland objectid 2410 polygon
WET_2411,8846495821fffff,8,oahu,2026.02,NWI wetland centroid 2026,Centroid res8 from NWI wetland objectid 2411 polygon
WET_2412,8846495825fffff,8,oahu,2026.02,NWI wetland centroid 2026,Centroid res8 from NWI wetland objectid 2412 polygon
WET_2413,8846495821fffff,8,oahu,2026.02,NWI wetland centroid 2026,Centroid res8 from NWI wetland objectid 2413 polygon
WET_2414,8846495953fffff,8,oahu,2026.02,NWI wetland centroid 2026,Centroid res8 from NWI wetland objectid 2414 polygon
WET_2415,884649582bfffff,8,oahu,2026.02,NWI wetland centroid 2026,Centroid res8 from NWI wetland objectid 2415 polygon
WET_2416,8846495953fffff,8,oahu,2026.02,NWI wetland centroid 2026,Centroid res8 from NWI wetland objectid 2416 polygon
WET_2417,8846495951fffff,8,oahu,2026.02,NWI wetland centroid 2026,Centroid res8 from NWI wetland objectid 2417 polygon
WET_2418,8846482cbbfffff,8,oahu,2026.02,NWI wetland centroid 2026,Centroid res8 from NWI wetland objectid 2418 polygon
WET_2419,8846495865fffff,8,oahu,2026.02,NWI wetland centroid 2026,Centroid res8 from NWI wetland objectid 2419 polygon
WET_2420,8846482c91fffff,8,oahu,2026.02,NWI wetland centroid 2026,Centroid res8 from NWI wetland objectid 2420 polygon
WET_2421,884649594bfffff,8,oahu,2026.02,NWI wetland centroid 2026,Centroid res8 from NWI wetland objectid 2421 polygon
WET_2422,8846495b33fffff,8,oahu,2026.02,NWI wetland centroid 2026,Centroid res8 from NWI wetland objectid 2422 polygon
WET_2423,8846495b33fffff,8,oahu,2026.02,NWI wetland centroid 2026,Centroid res8 from NWI wetland objectid 2423 polygon
WET_2424,8846495847fffff,8,oahu,2026.02,NWI wetland centroid 2026,Centroid res8 from NWI wetland objectid 2424 polygon
WET_2425,8846495b31fffff,8,oahu,2026.02,NWI wetland centroid 2026,Centroid res8 from NWI wetland objectid 2425 polygon
WET_2426,8846495b3bfffff,8,oahu,2026.02,NWI wetland centroid 2026,Centroid res8 from NWI wetland objectid 2426 polygon
WET_2427,8846495b3bfffff,8,oahu,2026.02,NWI wetland centroid 2026,Centroid res8 from NWI wetland objectid 2427 polygon
WET_2428,8846495b17fffff,8,oahu,2026.02,NWI wetland centroid 2026,Centroid res8 from NWI wetland objectid 2428 polygon
WET_2429,8846495b15fffff,8,oahu,2026.02,NWI wetland centroid 2026,Centroid res8 from NWI wetland objectid 2429 polygon
WET_2430,8846495b07fffff,8,oahu,2026.02,NWI wetland centroid 2026,Centroid res8 from NWI wetland objectid 2430 polygon
WET_2431,8846495b11fffff,8,oahu,2026.02,NWI wetland centroid 2026,Centroid res8 from NWI wetland objectid 2431 polygon
WET_2432,8846495b05fffff,8,oahu,2026.02,NWI wetland centroid 2026,Centroid res8 from NWI wetland objectid 2432 polygon
WET_2433,8846495b05fffff,8,oahu,2026.02,NWI wetland centroid 2026,Centroid res8 from NWI wetland objectid 2433 polygon
WET_2434,8846495b6bfffff,8,oahu,2026.02,NWI wetland centroid 2026,Centroid res8 from NWI wetland objectid 2434 polygon
WET_2435,8846495b47fffff,8,oahu,2026.02,NWI wetland centroid 2026,Centroid res8 from NWI wetland objectid 2435 polygon
WET_2436,8846495b69fffff,8,oahu,2026.02,NWI wetland centroid 2026,Centroid res8 from NWI wetland objectid 2436 polygon
WET_2437,8846482e93fffff,8,oahu,2026.02,NWI wetland centroid 2026,Centroid res8 from NWI wetland objectid 2437 polygon
WET_2438,8846482e93fffff,8,oahu,2026.02,NWI wetland centroid 2026,Centroid res8 from NWI wetland objectid 2438 polygon
WET_2439,8846482e93fffff,8,oahu,2026.02,NWI wetland centroid 2026,Centroid res8 from NWI wetland objectid 2439 polygon
WET_2440,8846495b4dfffff,8,oahu,2026.02,NWI wetland centroid 2026,Centroid res8 from NWI wetland objectid 2440 polygon
WET_2441,8846482e9bfffff,8,oahu,2026.02,NWI wetland centroid 2026,Centroid res8 from NWI wetland objectid 2441 polygon
WET_2442,8846482e83fffff,8,oahu,2026.02,NWI wetland centroid 2026,Centroid res8 from NWI wetland objectid 2442 polygon
WET_2443,8846482e99fffff,8,oahu,2026.02,NWI wetland centroid 2026,Centroid res8 from NWI wetland objectid 2443 polygon
WET_2444,8846482ed7fffff,8,oahu,2026.02,NWI wetland centroid 2026,Centroid res8 from NWI wetland objectid 2444 polygon
WET_2445,8846495867fffff,8,oahu,2026.02,NWI wetland centroid 2026,Centroid res8 from NWI wetland objectid 2445 polygon
WET_2446,8846495b2bfffff,8,oahu,2026.02,NWI wetland centroid 2026,Centroid res8 from NWI wetland objectid 2446 polygon
WET_2447,8846495b47fffff,8,oahu,2026.02,NWI wetland centroid 2026,Centroid res8 from NWI wetland objectid 2447 polygon
WET_2448,8846495867fffff,8,oahu,2026.02,NWI wetland centroid 2026,Centroid res8 from NWI wetland objectid 2448 polygon
WET_2449,8846495861fffff,8,oahu,2026.02,NWI wetland centroid 2026,Centroid res8 from NWI wetland objectid 2449 polygon
WET_2450,884649586dfffff,8,oahu,2026.02,NWI wetland centroid 2026,Centroid res8 from NWI wetland objectid 2450 polygon
WET_2451,8846495861fffff,8,oahu,2026.02,NWI wetland centroid 2026,Centroid res8 from NWI wetland objectid 2451 polygon
WET_2452,8846495b05fffff,8,oahu,2026.02,NWI wetland centroid 2026,Centroid res8 from NWI wetland objectid 2452 polygon
WET_2453,8846495805fffff,8,oahu,2026.02,NWI wetland centroid 2026,Centroid res8 from NWI wetland objectid 2453 polygon
WET_2454,8846495863fffff,8,oahu,2026.02,NWI wetland centroid 2026,Centroid res8 from NWI wetland objectid 2454 polygon
WET_2455,8846495b09fffff,8,oahu,2026.02,NWI wetland centroid 2026,Centroid res8 from NWI wetland objectid 2455 polygon
WET_2456,8846495b45fffff,8,oahu,2026.02,NWI wetland centroid 2026,Centroid res8 from NWI wetland objectid 2456 polygon
WET_2457,88464825a5fffff,8,oahu,2026.02,NWI wetland centroid 2026,Centroid res8 from NWI wetland objectid 2457 polygon
WET_2458,88464825adfffff,8,oahu,2026.02,NWI wetland centroid 2026,Centroid res8 from NWI wetland objectid 2458 polygon
WET_2459,8846495805fffff,8,oahu,2026.02,NWI wetland centroid 2026,Centroid res8 from NWI wetland objectid 2459 polygon
WET_2460,8846495b17fffff,8,oahu,2026.02,NWI wetland centroid 2026,Centroid res8 from NWI wetland objectid 2460 polygon
WET_2461,8846494a31fffff,8,oahu,2026.02,NWI wetland centroid 2026,Centroid res8 from NWI wetland objectid 2461 polygon
WET_2462,8846494b11fffff,8,oahu,2026.02,NWI wetland centroid 2026,Centroid res8 from NWI wetland objectid 2462 polygon
WET_2463,8846494b1bfffff,8,oahu,2026.02,NWI wetland centroid 2026,Centroid res8 from NWI wetland objectid 2463 polygon
WET_2464,8846494a27fffff,8,oahu,2026.02,NWI wetland centroid 2026,Centroid res8 from NWI wetland objectid 2464 polygon
WET_2465,8846494ad9fffff,8,oahu,2026.02,NWI wetland centroid 2026,Centroid res8 from NWI wetland objectid 2465 polygon
WET_2466,8846494163fffff,8,oahu,2026.02,NWI wetland centroid 2026,Centroid res8 from NWI wetland objectid 2466 polygon
WET_2467,884649589dfffff,8,oahu,2026.02,NWI wetland centroid 2026,Centroid res8 from NWI wetland objectid 2467 polygon
WET_2468,8846494a31fffff,8,oahu,2026.02,NWI wetland centroid 2026,Centroid res8 from NWI wetland objectid 2468 polygon
WET_2469,8846494a35fffff,8,oahu,2026.02,NWI wetland centroid 2026,Centroid res8 from NWI wetland objectid 2469 polygon
WET_2470,8846494a3bfffff,8,oahu,2026.02,NWI wetland centroid 2026,Centroid res8 from NWI wetland objectid 2470 polygon
WET_2471,8846494acdfffff,8,oahu,2026.02,NWI wetland centroid 2026,Centroid res8 from NWI wetland objectid 2471 polygon
WET_2472,88464958bbfffff,8,oahu,2026.02,NWI wetland centroid 2026,Centroid res8 from NWI wetland objectid 2472 polygon
WET_2473,8846495883fffff,8,oahu,2026.02,NWI wetland centroid 2026,Centroid res8 from NWI wetland objectid 2473 polygon
WET_2474,884649589dfffff,8,oahu,2026.02,NWI wetland centroid 2026,Centroid res8 from NWI wetland objectid 2474 polygon
WET_2475,884649589dfffff,8,oahu,2026.02,NWI wetland centroid 2026,Centroid res8 from NWI wetland objectid 2475 polygon
WET_2476,884649589dfffff,8,oahu,2026.02,NWI wetland centroid 2026,Centroid res8 from NWI wetland objectid 2476 polygon
WET_2477,8846494ae9fffff,8,oahu,2026.02,NWI wetland centroid 2026,Centroid res8 from NWI wetland objectid 2477 polygon
WET_2478,8846494acdfffff,8,oahu,2026.02,NWI wetland centroid 2026,Centroid res8 from NWI wetland objectid 2478 polygon
WET_2479,8846494ad9fffff,8,oahu,2026.02,NWI wetland centroid 2026,Centroid res8 from NWI wetland objectid 2479 polygon
WET_2480,8846494a31fffff,8,oahu,2026.02,NWI wetland centroid 2026,Centroid res8 from NWI wetland objectid 2480 polygon
WET_2481,884649589dfffff,8,oahu,2026.02,NWI wetland centroid 2026,Centroid res8 from NWI wetland objectid 2481 polygon
WET_2482,8846494ae9fffff,8,oahu,2026.02,NWI wetland centroid 2026,Centroid res8 from NWI wetland objectid 2482 polygon
WET_2483,8846494a3bfffff,8,oahu,2026.02,NWI wetland centroid 2026,Centroid res8 from NWI wetland objectid 2483 polygon
WET_2484,8846494a3bfffff,8,oahu,2026.02,NWI wetland centroid 2026,Centroid res8 from NWI wetland objectid 2484 polygon
WET_2485,8846494ad9fffff,8,oahu,2026.02,NWI wetland centroid 2026,Centroid res8 from NWI wetland objectid 2485 polygon
WET_2486,8846494ad9fffff,8,oahu,2026.02,NWI wetland centroid 2026,Centroid res8 from NWI wetland objectid 2486 polygon
WET_2487,8846494ad9fffff,8,oahu,2026.02,NWI wetland centroid 2026,Centroid res8 from NWI wetland objectid 2487 polygon
WET_2488,8846494ad9fffff,8,oahu,2026.02,NWI wetland centroid 2026,Centroid res8 from NWI wetland objectid 2488 polygon
WET_2489,8846494ad9fffff,8,oahu,2026.02,NWI wetland centroid 2026,Centroid res8 from NWI wetland objectid 2489 polygon
WET_2490,8846494ad9fffff,8,oahu,2026.02,NWI wetland centroid 2026,Centroid res8 from NWI wetland objectid 2490 polygon
WET_2491,8846494ad9fffff,8,oahu,2026.02,NWI wetland centroid 2026,Centroid res8 from NWI wetland objectid 2491 polygon
WET_2492,8846495883fffff,8,oahu,2026.02,NWI wetland centroid 2026,Centroid res8 from NWI wetland objectid 2492 polygon
WET_2493,8846494a31fffff,8,oahu,2026.02,NWI wetland centroid 2026,Centroid res8 from NWI wetland objectid 2493 polygon
WET_2494,8846494acdfffff,8,oahu,2026.02,NWI wetland centroid 2026,Centroid res8 from NWI wetland objectid 2494 polygon
WET_2495,8846494a27fffff,8,oahu,2026.02,NWI wetland centroid 2026,Centroid res8 from NWI wetland objectid 2495 polygon
WET_2496,8846494a35fffff,8,oahu,2026.02,NWI wetland centroid 2026,Centroid res8 from NWI wetland objectid 2496 polygon
WET_2497,8846494ad9fffff,8,oahu,2026.02,NWI wetland centroid 2026,Centroid res8 from NWI wetland objectid 2497 polygon
WET_2498,8846494ad9fffff,8,oahu,2026.02,NWI wetland centroid 2026,Centroid res8 from NWI wetland objectid 2498 polygon
WET_2499,884649589dfffff,8,oahu,2026.02,NWI wetland centroid 2026,Centroid res8 from NWI wetland objectid 2499 polygon
WET_2500,8846494a3dfffff,8,oahu,2026.02,NWI wetland centroid 2026,Centroid res8 from NWI wetland objectid 2500 polygon
WET_2501,8846494acdfffff,8,oahu,2026.02,NWI wetland centroid 2026,Centroid res8 from NWI wetland objectid 2501 polygon
WET_2502,8846494163fffff,8,oahu,2026.02,NWI wetland centroid 2026,Centroid res8 from NWI wetland objectid 2502 polygon
WET_2503,8846494b11fffff,8,oahu,2026.02,NWI wetland centroid 2026,Centroid res8 from NWI wetland objectid 2503 polygon
WET_2504,8846494ad9fffff,8,oahu,2026.02,NWI wetland centroid 2026,Centroid res8 from NWI wetland objectid 2504 polygon
WET_2505,8846494a3bfffff,8,oahu,2026.02,NWI wetland centroid 2026,Centroid res8 from NWI wetland objectid 2505 polygon
WET_2506,8846494161fffff,8,oahu,2026.02,NWI wetland centroid 2026,Centroid res8 from NWI wetland objectid 2506 polygon
WET_2507,8846494ad9fffff,8,oahu,2026.02,NWI wetland centroid 2026,Centroid res8 from NWI wetland objectid 2507 polygon
WET_2508,884649413bfffff,8,oahu,2026.02,NWI wetland centroid 2026,Centroid res8 from NWI wetland objectid 2508 polygon
WET_2509,8846494105fffff,8,oahu,2026.02,NWI wetland centroid 2026,Centroid res8 from NWI wetland objectid 2509 polygon
WET_2510,8846494a31fffff,8,oahu,2026.02,NWI wetland centroid 2026,Centroid res8 from NWI wetland objectid 2510 polygon
WET_2511,8846494139fffff,8,oahu,2026.02,NWI wetland centroid 2026,Centroid res8 from NWI wetland objectid 2511 polygon
WET_2512,8846494a85fffff,8,oahu,2026.02,NWI wetland centroid 2026,Centroid res8 from NWI wetland objectid 2512 polygon
WET_2513,8846494a85fffff,8,oahu,2026.02,NWI wetland centroid 2026,Centroid res8 from NWI wetland objectid 2513 polygon
WET_2514,8846494ae3fffff,8,oahu,2026.02,NWI wetland centroid 2026,Centroid res8 from NWI wetland objectid 2514 polygon
WET_2515,8846494a85fffff,8,oahu,2026.02,NWI wetland centroid 2026,Centroid res8 from NWI wetland objectid 2515 polygon
WET_2516,8846494a85fffff,8,oahu,2026.02,NWI wetland centroid 2026,Centroid res8 from NWI wetland objectid 2516 polygon
WET_2517,8846494ae3fffff,8,oahu,2026.02,NWI wetland centroid 2026,Centroid res8 from NWI wetland objectid 2517 polygon
WET_2518,8846494ae3fffff,8,oahu,2026.02,NWI wetland centroid 2026,Centroid res8 from NWI wetland objectid 2518 polygon
WET_2519,8846494a89fffff,8,oahu,2026.02,NWI wetland centroid 2026,Centroid res8 from NWI wetland objectid 2519 polygon
WET_2520,8846494ac3fffff,8,oahu,2026.02,NWI wetland centroid 2026,Centroid res8 from NWI wetland objectid 2520 polygon
WET_2521,8846494ad5fffff,8,oahu,2026.02,NWI wetland centroid 2026,Centroid res8 from NWI wetland objectid 2521 polygon
WET_2522,8846494addfffff,8,oahu,2026.02,NWI wetland centroid 2026,Centroid res8 from NWI wetland objectid 2522 polygon
WET_2523,8846494ad1fffff,8,oahu,2026.02,NWI wetland centroid 2026,Centroid res8 from NWI wetland objectid 2523 polygon
WET_2524,8846494ad1fffff,8,oahu,2026.02,NWI wetland centroid 2026,Centroid res8 from NWI wetland objectid 2524 polygon
WET_2525,8846494addfffff,8,oahu,2026.02,NWI wetland centroid 2026,Centroid res8 from NWI wetland objectid 2525 polygon
WET_2526,8846494ad9fffff,8,oahu,2026.02,NWI wetland centroid 2026,Centroid res8 from NWI wetland objectid 2526 polygon
WET_2527,884649413bfffff,8,oahu,2026.02,NWI wetland centroid 2026,Centroid res8 from NWI wetland objectid 2527 polygon
WET_2528,8846494139fffff,8,oahu,2026.02,NWI wetland centroid 2026,Centroid res8 from NWI wetland objectid 2528 polygon
WET_2529,8846494139fffff,8,oahu,2026.02,NWI wetland centroid 2026,Centroid res8 from NWI wetland objectid 2529 polygon
WET_2530,8846494139fffff,8,oahu,2026.02,NWI wetland centroid 2026,Centroid res8 from NWI wetland objectid 2530 polygon
WET_2531,8846495897fffff,8,oahu,2026.02,NWI wetland centroid 2026,Centroid res8 from NWI wetland objectid 2531 polygon
WET_2532,8846495897fffff,8,oahu,2026.02,NWI wetland centroid 2026,Centroid res8 from NWI wetland objectid 2532 polygon
WET_2533,8846494a89fffff,8,oahu,2026.02,NWI wetland centroid 2026,Centroid res8 from NWI wetland objectid 2533 polygon
WET_2534,8846494ad9fffff,8,oahu,2026.02,NWI wetland centroid 2026,Centroid res8 from NWI wetland objectid 2534 polygon
WET_2535,8846494ad9fffff,8,oahu,2026.02,NWI wetland centroid 2026,Centroid res8 from NWI wetland objectid 2535 polygon
WET_2536,88464941e5fffff,8,oahu,2026.02,NWI wetland centroid 2026,Centroid res8 from NWI wetland objectid 2536 polygon
WET_2537,8846494ad9fffff,8,oahu,2026.02,NWI wetland centroid 2026,Centroid res8 from NWI wetland objectid 2537 polygon
WET_2538,88464941e5fffff,8,oahu,2026.02,NWI wetland centroid 2026,Centroid res8 from NWI wetland objectid 2538 polygon
WET_2539,88464941edfffff,8,oahu,2026.02,NWI wetland centroid 2026,Centroid res8 from NWI wetland objectid 2539 polygon
WET_2540,884649413bfffff,8,oahu,2026.02,NWI wetland centroid 2026,Centroid res8 from NWI wetland objectid 2540 polygon
WET_2541,88464941edfffff,8,oahu,2026.02,NWI wetland centroid 2026,Centroid res8 from NWI wetland objectid 2541 polygon
WET_2542,8846494139fffff,8,oahu,2026.02,NWI wetland centroid 2026,Centroid res8 from NWI wetland objectid 2542 polygon
WET_2543,8846494107fffff,8,oahu,2026.02,NWI wetland centroid 2026,Centroid res8 from NWI wetland objectid 2543 polygon
WET_2544,8846494107fffff,8,oahu,2026.02,NWI wetland centroid 2026,Centroid res8 from NWI wetland objectid 2544 polygon
WET_2545,8846494115fffff,8,oahu,2026.02,NWI wetland centroid 2026,Centroid res8 from NWI wetland objectid 2545 polygon
WET_2546,8846494107fffff,8,oahu,2026.02,NWI wetland centroid 2026,Centroid res8 from NWI wetland objectid 2546 polygon
WET_2547,8846494115fffff,8,oahu,2026.02,NWI wetland centroid 2026,Centroid res8 from NWI wetland objectid 2547 polygon
WET_2548,8846494105fffff,8,oahu,2026.02,NWI wetland centroid 2026,Centroid res8 from NWI wetland objectid 2548 polygon
WET_2549,8846494105fffff,8,oahu,2026.02,NWI wetland centroid 2026,Centroid res8 from NWI wetland objectid 2549 polygon
WET_2550,8846494105fffff,8,oahu,2026.02,NWI wetland centroid 2026,Centroid res8 from NWI wetland objectid 2550 polygon
WET_2551,88464941edfffff,8,oahu,2026.02,NWI wetland centroid 2026,Centroid res8 from NWI wetland objectid 2551 polygon
WET_2552,884649589dfffff,8,oahu,2026.02,NWI wetland centroid 2026,Centroid res8 from NWI wetland objectid 2552 polygon
WET_2553,884649589dfffff,8,oahu,2026.02,NWI wetland centroid 2026,Centroid res8 from NWI wetland objectid 2553 polygon
WET_2554,8846494b11fffff,8,oahu,2026.02,NWI wetland centroid 2026,Centroid res8 from NWI wetland objectid 2554 polygon
WET_2555,8846494ae3fffff,8,oahu,2026.02,NWI wetland centroid 2026,Centroid res8 from NWI wetland objectid 2555 polygon
WET_2556,8846494b11fffff,8,oahu,2026.02,NWI wetland centroid 2026,Centroid res8 from NWI wetland objectid 2556 polygon
WET_2557,8846494b11fffff,8,oahu,2026.02,NWI wetland centroid 2026,Centroid res8 from NWI wetland objectid 2557 polygon
WET_2558,8846494b1bfffff,8,oahu,2026.02,NWI wetland centroid 2026,Centroid res8 from NWI wetland objectid 2558 polygon
WET_2559,8846494b1bfffff,8,oahu,2026.02,NWI wetland centroid 2026,Centroid res8 from NWI wetland objectid 2559 polygon
WET_2560,8846494a27fffff,8,oahu,2026.02,NWI wetland centroid 2026,Centroid res8 from NWI wetland objectid 2560 polygon
WET_2561,8846494849fffff,8,oahu,2026.02,NWI wetland centroid 2026,Centroid res8 from NWI wetland objectid 2561 polygon
WET_2562,8846494a35fffff,8,oahu,2026.02,NWI wetland centroid 2026,Centroid res8 from NWI wetland objectid 2562 polygon
WET_2563,8846494a89fffff,8,oahu,2026.02,NWI wetland centroid 2026,Centroid res8 from NWI wetland objectid 2563 polygon
WET_2564,8846494a35fffff,8,oahu,2026.02,NWI wetland centroid 2026,Centroid res8 from NWI wetland objectid 2564 polygon
WET_2565,8846494a31fffff,8,oahu,2026.02,NWI wetland centroid 2026,Centroid res8 from NWI wetland objectid 2565 polygon
WET_2566,8846494a3bfffff,8,oahu,2026.02,NWI wetland centroid 2026,Centroid res8 from NWI wetland objectid 2566 polygon
WET_2567,8846494a3bfffff,8,oahu,2026.02,NWI wetland centroid 2026,Centroid res8 from NWI wetland objectid 2567 polygon
WET_2568,8846494a3bfffff,8,oahu,2026.02,NWI wetland centroid 2026,Centroid res8 from NWI wetland objectid 2568 polygon
WET_2569,8846494ad5fffff,8,oahu,2026.02,NWI wetland centroid 2026,Centroid res8 from NWI wetland objectid 2569 polygon
WET_2570,8846494addfffff,8,oahu,2026.02,NWI wetland centroid 2026,Centroid res8 from NWI wetland objectid 2570 polygon
WET_2571,8846494ad9fffff,8,oahu,2026.02,NWI wetland centroid 2026,Centroid res8 from NWI wetland objectid 2571 polygon
WET_2572,8846494ad9fffff,8,oahu,2026.02,NWI wetland centroid 2026,Centroid res8 from NWI wetland objectid 2572 polygon
WET_2573,8846494ad9fffff,8,oahu,2026.02,NWI wetland centroid 2026,Centroid res8 from NWI wetland objectid 2573 polygon
WET_2574,88464941e5fffff,8,oahu,2026.02,NWI wetland centroid 2026,Centroid res8 from NWI wetland objectid 2574 polygon
WET_2575,884649413bfffff,8,oahu,2026.02,NWI wetland centroid 2026,Centroid res8 from NWI wetland objectid 2575 polygon
WET_2576,8846494139fffff,8,oahu,2026.02,NWI wetland centroid 2026,Centroid res8 from NWI wetland objectid 2576 polygon
WET_2577,8846494139fffff,8,oahu,2026.02,NWI wetland centroid 2026,Centroid res8 from NWI wetland objectid 2577 polygon
WET_2578,8846494139fffff,8,oahu,2026.02,NWI wetland centroid 2026,Centroid res8 from NWI wetland objectid 2578 polygon
WET_2579,8846494107fffff,8,oahu,2026.02,NWI wetland centroid 2026,Centroid res8 from NWI wetland objectid 2579 polygon
WET_2580,8846494107fffff,8,oahu,2026.02,NWI wetland centroid 2026,Centroid res8 from NWI wetland objectid 2580 polygon
WET_2581,8846494107fffff,8,oahu,2026.02,NWI wetland centroid 2026,Centroid res8 from NWI wetland objectid 2581 polygon
WET_2582,8846494105fffff,8,oahu,2026.02,NWI wetland centroid 2026,Centroid res8 from NWI wetland objectid 2582 polygon
WET_2583,8846494ae3fffff,8,oahu,2026.02,NWI wetland centroid 2026,Centroid res8 from NWI wetland objectid 2583 polygon
WET_2584,8846494a89fffff,8,oahu,2026.02,NWI wetland centroid 2026,Centroid res8 from NWI wetland objectid 2584 polygon
WET_2585,8846494ac3fffff,8,oahu,2026.02,NWI wetland centroid 2026,Centroid res8 from NWI wetland objectid 2585 polygon
WET_2586,8846494addfffff,8,oahu,2026.02,NWI wetland centroid 2026,Centroid res8 from NWI wetland objectid 2586 polygon
WET_2587,8846494161fffff,8,oahu,2026.02,NWI wetland centroid 2026,Centroid res8 from NWI wetland objectid 2587 polygon
WET_2588,8846495895fffff,8,oahu,2026.02,NWI wetland centroid 2026,Centroid res8 from NWI wetland objectid 2588 polygon
WET_2589,8846495887fffff,8,oahu,2026.02,NWI wetland centroid 2026,Centroid res8 from NWI wetland objectid 2589 polygon
WET_2590,88464958b3fffff,8,oahu,2026.02,NWI wetland centroid 2026,Centroid res8 from NWI wetland objectid 2590 polygon
WET_2591,8846495887fffff,8,oahu,2026.02,NWI wetland centroid 2026,Centroid res8 from NWI wetland objectid 2591 polygon
WET_2592,8846494addfffff,8,oahu,2026.02,NWI wetland centroid 2026,Centroid res8 from NWI wetland objectid 2592 polygon
WET_2593,8846494addfffff,8,oahu,2026.02,NWI wetland centroid 2026,Centroid res8 from NWI wetland objectid 2593 polygon
WET_2594,8846494a59fffff,8,oahu,2026.02,NWI wetland centroid 2026,Centroid res8 from NWI wetland objectid 2594 polygon
WET_2595,8846494a59fffff,8,oahu,2026.02,NWI wetland centroid 2026,Centroid res8 from NWI wetland objectid 2595 polygon
WET_2596,88464958b1fffff,8,oahu,2026.02,NWI wetland centroid 2026,Centroid res8 from NWI wetland objectid 2596 polygon
WET_2597,8846495887fffff,8,oahu,2026.02,NWI wetland centroid 2026,Centroid res8 from NWI wetland objectid 2597 polygon
WET_2598,8846495887fffff,8,oahu,2026.02,NWI wetland centroid 2026,Centroid res8 from NWI wetland objectid 2598 polygon
WET_2599,88464958b1fffff,8,oahu,2026.02,NWI wetland centroid 2026,Centroid res8 from NWI wetland objectid 2599 polygon
WET_2600,88464958b1fffff,8,oahu,2026.02,NWI wetland centroid 2026,Centroid res8 from NWI wetland objectid 2600 polygon
WET_2601,88464958bdfffff,8,oahu,2026.02,NWI wetland centroid 2026,Centroid res8 from NWI wetland objectid 2601 polygon
WET_2602,88464958bdfffff,8,oahu,2026.02,NWI wetland centroid 2026,Centroid res8 from NWI wetland objectid 2602 polygon
WET_2603,8846495887fffff,8,oahu,2026.02,NWI wetland centroid 2026,Centroid res8 from NWI wetland objectid 2603 polygon
WET_2604,8846494addfffff,8,oahu,2026.02,NWI wetland centroid 2026,Centroid res8 from NWI wetland objectid 2604 polygon
WET_2605,8846495883fffff,8,oahu,2026.02,NWI wetland centroid 2026,Centroid res8 from NWI wetland objectid 2605 polygon
WET_2606,8846495887fffff,8,oahu,2026.02,NWI wetland centroid 2026,Centroid res8 from NWI wetland objectid 2606 polygon
WET_2607,8846495883fffff,8,oahu,2026.02,NWI wetland centroid 2026,Centroid res8 from NWI wetland objectid 2607 polygon
WET_2608,8846495881fffff,8,oahu,2026.02,NWI wetland centroid 2026,Centroid res8 from NWI wetland objectid 2608 polygon
WET_2609,8846494ad9fffff,8,oahu,2026.02,NWI wetland centroid 2026,Centroid res8 from NWI wetland objectid 2609 polygon
WET_2610,8846494133fffff,8,oahu,2026.02,NWI wetland centroid 2026,Centroid res8 from NWI wetland objectid 2610 polygon
WET_2611,8846494a59fffff,8,oahu,2026.02,NWI wetland centroid 2026,Centroid res8 from NWI wetland objectid 2611 polygon
WET_2612,8846494a4dfffff,8,oahu,2026.02,NWI wetland centroid 2026,Centroid res8 from NWI wetland objectid 2612 polygon
WET_2613,8846494165fffff,8,oahu,2026.02,NWI wetland centroid 2026,Centroid res8 from NWI wetland objectid 2613 polygon
WET_2614,88464958b5fffff,8,oahu,2026.02,NWI wetland centroid 2026,Centroid res8 from NWI wetland objectid 2614 polygon
WET_2615,88464958b3fffff,8,oahu,2026.02,NWI wetland centroid 2026,Centroid res8 from NWI wetland objectid 2615 polygon
WET_2616,88464958b1fffff,8,oahu,2026.02,NWI wetland centroid 2026,Centroid res8 from NWI wetland objectid 2616 polygon
WET_2617,88464958b1fffff,8,oahu,2026.02,NWI wetland centroid 2026,Centroid res8 from NWI wetland objectid 2617 polygon
WET_2618,88464958b1fffff,8,oahu,2026.02,NWI wetland centroid 2026,Centroid res8 from NWI wetland objectid 2618 polygon
WET_2619,88464958b1fffff,8,oahu,2026.02,NWI wetland centroid 2026,Centroid res8 from NWI wetland objectid 2619 polygon
WET_2620,88464958b1fffff,8,oahu,2026.02,NWI wetland centroid 2026,Centroid res8 from NWI wetland objectid 2620 polygon
WET_2621,8846495887fffff,8,oahu,2026.02,NWI wetland centroid 2026,Centroid res8 from NWI wetland objectid 2621 polygon
WET_2622,8846495887fffff,8,oahu,2026.02,NWI wetland centroid 2026,Centroid res8 from NWI wetland objectid 2622 polygon
WET_2623,8846495887fffff,8,oahu,2026.02,NWI wetland centroid 2026,Centroid res8 from NWI wetland objectid 2623 polygon
WET_2624,8846495887fffff,8,oahu,2026.02,NWI wetland centroid 2026,Centroid res8 from NWI wetland objectid 2624 polygon
WET_2625,8846495887fffff,8,oahu,2026.02,NWI wetland centroid 2026,Centroid res8 from NWI wetland objectid 2625 polygon
WET_2626,88464959dbfffff,8,oahu,2026.02,NWI wetland centroid 2026,Centroid res8 from NWI wetland objectid 2626 polygon
WET_2627,88464959d9fffff,8,oahu,2026.02,NWI wetland centroid 2026,Centroid res8 from NWI wetland objectid 2627 polygon
WET_2628,88464959d9fffff,8,oahu,2026.02,NWI wetland centroid 2026,Centroid res8 from NWI wetland objectid 2628 polygon
WET_2629,8846495885fffff,8,oahu,2026.02,NWI wetland centroid 2026,Centroid res8 from NWI wetland objectid 2629 polygon
WET_2630,8846495887fffff,8,oahu,2026.02,NWI wetland centroid 2026,Centroid res8 from NWI wetland objectid 2630 polygon
WET_2631,8846494addfffff,8,oahu,2026.02,NWI wetland centroid 2026,Centroid res8 from NWI wetland objectid 2631 polygon
WET_2632,8846494165fffff,8,oahu,2026.02,NWI wetland centroid 2026,Centroid res8 from NWI wetland objectid 2632 polygon
WET_2633,88464958b7fffff,8,oahu,2026.02,NWI wetland centroid 2026,Centroid res8 from NWI wetland objectid 2633 polygon
WET_2634,88464958b1fffff,8,oahu,2026.02,NWI wetland centroid 2026,Centroid res8 from NWI wetland objectid 2634 polygon
WET_2635,88464958b5fffff,8,oahu,2026.02,NWI wetland centroid 2026,Centroid res8 from NWI wetland objectid 2635 polygon
WET_2636,88464958b1fffff,8,oahu,2026.02,NWI wetland centroid 2026,Centroid res8 from NWI wetland objectid 2636 polygon
WET_2637,8846495887fffff,8,oahu,2026.02,NWI wetland centroid 2026,Centroid res8 from NWI wetland objectid 2637 polygon
WET_2638,8846495887fffff,8,oahu,2026.02,NWI wetland centroid 2026,Centroid res8 from NWI wetland objectid 2638 polygon
WET_2639,8846495887fffff,8,oahu,2026.02,NWI wetland centroid 2026,Centroid res8 from NWI wetland objectid 2639 polygon
WET_2640,8846495995fffff,8,oahu,2026.02,NWI wetland centroid 2026,Centroid res8 from NWI wetland objectid 2640 polygon
WET_2641,8846495883fffff,8,oahu,2026.02,NWI wetland centroid 2026,Centroid res8 from NWI wetland objectid 2641 polygon
WET_2642,8846494a49fffff,8,oahu,2026.02,NWI wetland centroid 2026,Centroid res8 from NWI wetland objectid 2642 polygon
WET_2643,8846494a49fffff,8,oahu,2026.02,NWI wetland centroid 2026,Centroid res8 from NWI wetland objectid 2643 polygon
WET_2644,88464958a7fffff,8,oahu,2026.02,NWI wetland centroid 2026,Centroid res8 from NWI wetland objectid 2644 polygon
WET_2645,8846494addfffff,8,oahu,2026.02,NWI wetland centroid 2026,Centroid res8 from NWI wetland objectid 2645 polygon
WET_2646,8846494165fffff,8,oahu,2026.02,NWI wetland centroid 2026,Centroid res8 from NWI wetland objectid 2646 polygon
WET_2647,88464958b3fffff,8,oahu,2026.02,NWI wetland centroid 2026,Centroid res8 from NWI wetland objectid 2647 polygon
WET_2648,8846495887fffff,8,oahu,2026.02,NWI wetland centroid 2026,Centroid res8 from NWI wetland objectid 2648 polygon
WET_2649,8846495887fffff,8,oahu,2026.02,NWI wetland centroid 2026,Centroid res8 from NWI wetland objectid 2649 polygon
WET_2650,8846495887fffff,8,oahu,2026.02,NWI wetland centroid 2026,Centroid res8 from NWI wetland objectid 2650 polygon
WET_2651,8846495887fffff,8,oahu,2026.02,NWI wetland centroid 2026,Centroid res8 from NWI wetland objectid 2651 polygon
WET_2652,8846494a5bfffff,8,oahu,2026.02,NWI wetland centroid 2026,Centroid res8 from NWI wetland objectid 2652 polygon
WET_2653,8846494167fffff,8,oahu,2026.02,NWI wetland centroid 2026,Centroid res8 from NWI wetland objectid 2653 polygon
WET_2654,88464958b7fffff,8,oahu,2026.02,NWI wetland centroid 2026,Centroid res8 from NWI wetland objectid 2654 polygon
WET_2655,88464958b7fffff,8,oahu,2026.02,NWI wetland centroid 2026,Centroid res8 from NWI wetland objectid 2655 polygon
WET_2656,88464958b5fffff,8,oahu,2026.02,NWI wetland centroid 2026,Centroid res8 from NWI wetland objectid 2656 polygon
WET_2657,8846495885fffff,8,oahu,2026.02,NWI wetland centroid 2026,Centroid res8 from NWI wetland objectid 2657 polygon
WET_2658,8846495885fffff,8,oahu,2026.02,NWI wetland centroid 2026,Centroid res8 from NWI wetland objectid 2658 polygon
WET_2659,8846495887fffff,8,oahu,2026.02,NWI wetland centroid 2026,Centroid res8 from NWI wetland objectid 2659 polygon
WET_2660,8846494a5bfffff,8,oahu,2026.02,NWI wetland centroid 2026,Centroid res8 from NWI wetland objectid 2660 polygon
WET_2661,88464958e5fffff,8,oahu,2026.02,NWI wetland centroid 2026,Centroid res8 from NWI wetland objectid 2661 polygon
WET_2662,8846494b19fffff,8,oahu,2026.02,NWI wetland centroid 2026,Centroid res8 from NWI wetland objectid 2662 polygon
WET_2663,8846494b5bfffff,8,oahu,2026.02,NWI wetland centroid 2026,Centroid res8 from NWI wetland objectid 2663 polygon
WET_2664,8846494a01fffff,8,oahu,2026.02,NWI wetland centroid 2026,Centroid res8 from NWI wetland objectid 2664 polygon
WET_2665,8846494a0dfffff,8,oahu,2026.02,NWI wetland centroid 2026,Centroid res8 from NWI wetland objectid 2665 polygon
WET_2666,8846494a63fffff,8,oahu,2026.02,NWI wetland centroid 2026,Centroid res8 from NWI wetland objectid 2666 polygon
WET_2667,8846494a6bfffff,8,oahu,2026.02,NWI wetland centroid 2026,Centroid res8 from NWI wetland objectid 2667 polygon
WET_2668,8846494a65fffff,8,oahu,2026.02,NWI wetland centroid 2026,Centroid res8 from NWI wetland objectid 2668 polygon
WET_2669,8846494a6dfffff,8,oahu,2026.02,NWI wetland centroid 2026,Centroid res8 from NWI wetland objectid 2669 polygon
WET_2670,88464959bbfffff,8,oahu,2026.02,NWI wetland centroid 2026,Centroid res8 from NWI wetland objectid 2670 polygon
WET_2671,8846494a59fffff,8,oahu,2026.02,NWI wetland centroid 2026,Centroid res8 from NWI wetland objectid 2671 polygon
WET_2672,8846494a4dfffff,8,oahu,2026.02,NWI wetland centroid 2026,Centroid res8 from NWI wetland objectid 2672 polygon
WET_2673,88464958b3fffff,8,oahu,2026.02,NWI wetland centroid 2026,Centroid res8 from NWI wetland objectid 2673 polygon
WET_2674,88464958a7fffff,8,oahu,2026.02,NWI wetland centroid 2026,Centroid res8 from NWI wetland objectid 2674 polygon
WET_2675,8846494a49fffff,8,oahu,2026.02,NWI wetland centroid 2026,Centroid res8 from NWI wetland objectid 2675 polygon
WET_2676,8846494a49fffff,8,oahu,2026.02,NWI wetland centroid 2026,Centroid res8 from NWI wetland objectid 2676 polygon
WET_2677,88464958b5fffff,8,oahu,2026.02,NWI wetland centroid 2026,Centroid res8 from NWI wetland objectid 2677 polygon
WET_2678,88464958a3fffff,8,oahu,2026.02,NWI wetland centroid 2026,Centroid res8 from NWI wetland objectid 2678 polygon
WET_2679,88464959d5fffff,8,oahu,2026.02,NWI wetland centroid 2026,Centroid res8 from NWI wetland objectid 2679 polygon
WET_2680,88464958adfffff,8,oahu,2026.02,NWI wetland centroid 2026,Centroid res8 from NWI wetland objectid 2680 polygon
WET_2681,8846495887fffff,8,oahu,2026.02,NWI wetland centroid 2026,Centroid res8 from NWI wetland objectid 2681 polygon
WET_2682,88464959d7fffff,8,oahu,2026.02,NWI wetland centroid 2026,Centroid res8 from NWI wetland objectid 2682 polygon
WET_2683,8846495887fffff,8,oahu,2026.02,NWI wetland centroid 2026,Centroid res8 from NWI wetland objectid 2683 polygon
WET_2684,88464959d5fffff,8,oahu,2026.02,NWI wetland centroid 2026,Centroid res8 from NWI wetland objectid 2684 polygon
WET_2685,88464959dbfffff,8,oahu,2026.02,NWI wetland centroid 2026,Centroid res8 from NWI wetland objectid 2685 polygon
WET_2686,88464959dbfffff,8,oahu,2026.02,NWI wetland centroid 2026,Centroid res8 from NWI wetland objectid 2686 polygon
WET_2687,88464958a9fffff,8,oahu,2026.02,NWI wetland centroid 2026,Centroid res8 from NWI wetland objectid 2687 polygon
WET_2688,88464959d9fffff,8,oahu,2026.02,NWI wetland centroid 2026,Centroid res8 from NWI wetland objectid 2688 polygon
WET_2689,88464958a9fffff,8,oahu,2026.02,NWI wetland centroid 2026,Centroid res8 from NWI wetland objectid 2689 polygon
WET_2690,88464958e5fffff,8,oahu,2026.02,NWI wetland centroid 2026,Centroid res8 from NWI wetland objectid 2690 polygon
WET_2691,88464958e5fffff,8,oahu,2026.02,NWI wetland centroid 2026,Centroid res8 from NWI wetland objectid 2691 polygon
WET_2692,8846495999fffff,8,oahu,2026.02,NWI wetland centroid 2026,Centroid res8 from NWI wetland objectid 2692 polygon
WET_2693,88464958e5fffff,8,oahu,2026.02,NWI wetland centroid 2026,Centroid res8 from NWI wetland objectid 2693 polygon
WET_2694,88464959d3fffff,8,oahu,2026.02,NWI wetland centroid 2026,Centroid res8 from NWI wetland objectid 2694 polygon
WET_2695,8846495887fffff,8,oahu,2026.02,NWI wetland centroid 2026,Centroid res8 from NWI wetland objectid 2695 polygon
WET_2696,8846494a4bfffff,8,oahu,2026.02,NWI wetland centroid 2026,Centroid res8 from NWI wetland objectid 2696 polygon
WET_2697,88464958b3fffff,8,oahu,2026.02,NWI wetland centroid 2026,Centroid res8 from NWI wetland objectid 2697 polygon
WET_2698,88464958b1fffff,8,oahu,2026.02,NWI wetland centroid 2026,Centroid res8 from NWI wetland objectid 2698 polygon
WET_2699,88464958b1fffff,8,oahu,2026.02,NWI wetland centroid 2026,Centroid res8 from NWI wetland objectid 2699 polygon
WET_2700,88464958b5fffff,8,oahu,2026.02,NWI wetland centroid 2026,Centroid res8 from NWI wetland objectid 2700 polygon
WET_2701,88464958b5fffff,8,oahu,2026.02,NWI wetland centroid 2026,Centroid res8 from NWI wetland objectid 2701 polygon
WET_2702,88464958a3fffff,8,oahu,2026.02,NWI wetland centroid 2026,Centroid res8 from NWI wetland objectid 2702 polygon
WET_2703,8846495883fffff,8,oahu,2026.02,NWI wetland centroid 2026,Centroid res8 from NWI wetland objectid 2703 polygon
WET_2704,8846494a5bfffff,8,oahu,2026.02,NWI wetland centroid 2026,Centroid res8 from NWI wetland objectid 2704 polygon
WET_2705,88464958b1fffff,8,oahu,2026.02,NWI wetland centroid 2026,Centroid res8 from NWI wetland objectid 2705 polygon
WET_2706,8846495883fffff,8,oahu,2026.02,NWI wetland centroid 2026,Centroid res8 from NWI wetland objectid 2706 polygon
WET_2707,8846494aa9fffff,8,oahu,2026.02,NWI wetland centroid 2026,Centroid res8 from NWI wetland objectid 2707 polygon
WET_2708,8846494123fffff,8,oahu,2026.02,NWI wetland centroid 2026,Centroid res8 from NWI wetland objectid 2708 polygon
WET_2709,8846495883fffff,8,oahu,2026.02,NWI wetland centroid 2026,Centroid res8 from NWI wetland objectid 2709 polygon
WET_2710,8846495887fffff,8,oahu,2026.02,NWI wetland centroid 2026,Centroid res8 from NWI wetland objectid 2710 polygon
WET_2711,8846494a1bfffff,8,oahu,2026.02,NWI wetland centroid 2026,Centroid res8 from NWI wetland objectid 2711 polygon
WET_2712,8846494131fffff,8,oahu,2026.02,NWI wetland centroid 2026,Centroid res8 from NWI wetland objectid 2712 polygon
WET_2713,8846494125fffff,8,oahu,2026.02,NWI wetland centroid 2026,Centroid res8 from NWI wetland objectid 2713 polygon
WET_2714,8846494a57fffff,8,oahu,2026.02,NWI wetland centroid 2026,Centroid res8 from NWI wetland objectid 2714 polygon
WET_2715,8846494a53fffff,8,oahu,2026.02,NWI wetland centroid 2026,Centroid res8 from NWI wetland objectid 2715 polygon
WET_2716,8846494a1dfffff,8,oahu,2026.02,NWI wetland centroid 2026,Centroid res8 from NWI wetland objectid 2716 polygon
WET_2717,8846494125fffff,8,oahu,2026.02,NWI wetland centroid 2026,Centroid res8 from NWI wetland objectid 2717 polygon
WET_2718,8846494125fffff,8,oahu,2026.02,NWI wetland centroid 2026,Centroid res8 from NWI wetland objectid 2718 polygon
WET_2719,8846494a01fffff,8,oahu,2026.02,NWI wetland centroid 2026,Centroid res8 from NWI wetland objectid 2719 polygon
WET_2720,8846494a55fffff,8,oahu,2026.02,NWI wetland centroid 2026,Centroid res8 from NWI wetland objectid 2720 polygon
WET_2721,8846494165fffff,8,oahu,2026.02,NWI wetland centroid 2026,Centroid res8 from NWI wetland objectid 2721 polygon
WET_2722,8846494a4dfffff,8,oahu,2026.02,NWI wetland centroid 2026,Centroid res8 from NWI wetland objectid 2722 polygon
WET_2723,88464958b7fffff,8,oahu,2026.02,NWI wetland centroid 2026,Centroid res8 from NWI wetland objectid 2723 polygon
WET_2724,8846495887fffff,8,oahu,2026.02,NWI wetland centroid 2026,Centroid res8 from NWI wetland objectid 2724 polygon
WET_2725,88464959d9fffff,8,oahu,2026.02,NWI wetland centroid 2026,Centroid res8 from NWI wetland objectid 2725 polygon
WET_2726,88464958e5fffff,8,oahu,2026.02,NWI wetland centroid 2026,Centroid res8 from NWI wetland objectid 2726 polygon
WET_2727,88464958e5fffff,8,oahu,2026.02,NWI wetland centroid 2026,Centroid res8 from NWI wetland objectid 2727 polygon
WET_2728,8846494a2bfffff,8,oahu,2026.02,NWI wetland centroid 2026,Centroid res8 from NWI wetland objectid 2728 polygon
WET_2729,88464959d3fffff,8,oahu,2026.02,NWI wetland centroid 2026,Centroid res8 from NWI wetland objectid 2729 polygon
WET_2730,8846494ad9fffff,8,oahu,2026.02,NWI wetland centroid 2026,Centroid res8 from NWI wetland objectid 2730 polygon
WET_2731,88464958b1fffff,8,oahu,2026.02,NWI wetland centroid 2026,Centroid res8 from NWI wetland objectid 2731 polygon
WET_2732,88464958b1fffff,8,oahu,2026.02,NWI wetland centroid 2026,Centroid res8 from NWI wetland objectid 2732 polygon
WET_2733,8846495995fffff,8,oahu,2026.02,NWI wetland centroid 2026,Centroid res8 from NWI wetland objectid 2733 polygon
WET_2734,8846494a3dfffff,8,oahu,2026.02,NWI wetland centroid 2026,Centroid res8 from NWI wetland objectid 2734 polygon
WET_2735,8846494a3dfffff,8,oahu,2026.02,NWI wetland centroid 2026,Centroid res8 from NWI wetland objectid 2735 polygon
WET_2736,88464958a7fffff,8,oahu,2026.02,NWI wetland centroid 2026,Centroid res8 from NWI wetland objectid 2736 polygon
WET_2737,88464958b9fffff,8,oahu,2026.02,NWI wetland centroid 2026,Centroid res8 from NWI wetland objectid 2737 polygon
WET_2738,8846494ad9fffff,8,oahu,2026.02,NWI wetland centroid 2026,Centroid res8 from NWI wetland objectid 2738 polygon
WET_2739,8846494a59fffff,8,oahu,2026.02,NWI wetland centroid 2026,Centroid res8 from NWI wetland objectid 2739 polygon
WET_2740,8846494a5bfffff,8,oahu,2026.02,NWI wetland centroid 2026,Centroid res8 from NWI wetland objectid 2740 polygon
WET_2741,8846494addfffff,8,oahu,2026.02,NWI wetland centroid 2026,Centroid res8 from NWI wetland objectid 2741 polygon
WET_2742,8846494addfffff,8,oahu,2026.02,NWI wetland centroid 2026,Centroid res8 from NWI wetland objectid 2742 polygon
WET_2743,8846494139fffff,8,oahu,2026.02,NWI wetland centroid 2026,Centroid res8 from NWI wetland objectid 2743 polygon
WET_2744,8846494a5bfffff,8,oahu,2026.02,NWI wetland centroid 2026,Centroid res8 from NWI wetland objectid 2744 polygon
WET_2745,8846494a59fffff,8,oahu,2026.02,NWI wetland centroid 2026,Centroid res8 from NWI wetland objectid 2745 polygon
WET_2746,8846494165fffff,8,oahu,2026.02,NWI wetland centroid 2026,Centroid res8 from NWI wetland objectid 2746 polygon
WET_2747,8846494165fffff,8,oahu,2026.02,NWI wetland centroid 2026,Centroid res8 from NWI wetland objectid 2747 polygon
WET_2748,8846494a41fffff,8,oahu,2026.02,NWI wetland centroid 2026,Centroid res8 from NWI wetland objectid 2748 polygon
WET_2749,8846494a4dfffff,8,oahu,2026.02,NWI wetland centroid 2026,Centroid res8 from NWI wetland objectid 2749 polygon
WET_2750,88464958b7fffff,8,oahu,2026.02,NWI wetland centroid 2026,Centroid res8 from NWI wetland objectid 2750 polygon
WET_2751,8846494a49fffff,8,oahu,2026.02,NWI wetland centroid 2026,Centroid res8 from NWI wetland objectid 2751 polygon
WET_2752,88464959d3fffff,8,oahu,2026.02,NWI wetland centroid 2026,Centroid res8 from NWI wetland objectid 2752 polygon
WET_2753,88464959d3fffff,8,oahu,2026.02,NWI wetland centroid 2026,Centroid res8 from NWI wetland objectid 2753 polygon
WET_2754,8846495887fffff,8,oahu,2026.02,NWI wetland centroid 2026,Centroid res8 from NWI wetland objectid 2754 polygon
WET_2755,8846495887fffff,8,oahu,2026.02,NWI wetland centroid 2026,Centroid res8 from NWI wetland objectid 2755 polygon
WET_2756,8846495887fffff,8,oahu,2026.02,NWI wetland centroid 2026,Centroid res8 from NWI wetland objectid 2756 polygon
WET_2757,8846494addfffff,8,oahu,2026.02,NWI wetland centroid 2026,Centroid res8 from NWI wetland objectid 2757 polygon
WET_2758,8846494addfffff,8,oahu,2026.02,NWI wetland centroid 2026,Centroid res8 from NWI wetland objectid 2758 polygon
WET_2759,8846494ac3fffff,8,oahu,2026.02,NWI wetland centroid 2026,Centroid res8 from NWI wetland objectid 2759 polygon
WET_2760,8846494addfffff,8,oahu,2026.02,NWI wetland centroid 2026,Centroid res8 from NWI wetland objectid 2760 polygon
WET_2761,8846494addfffff,8,oahu,2026.02,NWI wetland centroid 2026,Centroid res8 from NWI wetland objectid 2761 polygon
WET_2762,8846494ac3fffff,8,oahu,2026.02,NWI wetland centroid 2026,Centroid res8 from NWI wetland objectid 2762 polygon
WET_2763,8846494ac3fffff,8,oahu,2026.02,NWI wetland centroid 2026,Centroid res8 from NWI wetland objectid 2763 polygon
WET_2764,8846494139fffff,8,oahu,2026.02,NWI wetland centroid 2026,Centroid res8 from NWI wetland objectid 2764 polygon
WET_2765,884649413bfffff,8,oahu,2026.02,NWI wetland centroid 2026,Centroid res8 from NWI wetland objectid 2765 polygon
WET_2766,8846494139fffff,8,oahu,2026.02,NWI wetland centroid 2026,Centroid res8 from NWI wetland objectid 2766 polygon
WET_2767,8846494139fffff,8,oahu,2026.02,NWI wetland centroid 2026,Centroid res8 from NWI wetland objectid 2767 polygon
WET_2768,8846494139fffff,8,oahu,2026.02,NWI wetland centroid 2026,Centroid res8 from NWI wetland objectid 2768 polygon
WET_2769,8846494139fffff,8,oahu,2026.02,NWI wetland centroid 2026,Centroid res8 from NWI wetland objectid 2769 polygon
WET_2770,8846494139fffff,8,oahu,2026.02,NWI wetland centroid 2026,Centroid res8 from NWI wetland objectid 2770 polygon
WET_2771,8846494139fffff,8,oahu,2026.02,NWI wetland centroid 2026,Centroid res8 from NWI wetland objectid 2771 polygon
WET_2772,8846494139fffff,8,oahu,2026.02,NWI wetland centroid 2026,Centroid res8 from NWI wetland objectid 2772 polygon
WET_2773,8846494139fffff,8,oahu,2026.02,NWI wetland centroid 2026,Centroid res8 from NWI wetland objectid 2773 polygon
WET_2774,8846494139fffff,8,oahu,2026.02,NWI wetland centroid 2026,Centroid res8 from NWI wetland objectid 2774 polygon
WET_2775,8846494a13fffff,8,oahu,2026.02,NWI wetland centroid 2026,Centroid res8 from NWI wetland objectid 2775 polygon
WET_2776,8846494b53fffff,8,oahu,2026.02,NWI wetland centroid 2026,Centroid res8 from NWI wetland objectid 2776 polygon
WET_2777,8846494a3dfffff,8,oahu,2026.02,NWI wetland centroid 2026,Centroid res8 from NWI wetland objectid 2777 polygon
WET_2778,8846494a29fffff,8,oahu,2026.02,NWI wetland centroid 2026,Centroid res8 from NWI wetland objectid 2778 polygon
WET_2779,8846494a03fffff,8,oahu,2026.02,NWI wetland centroid 2026,Centroid res8 from NWI wetland objectid 2779 polygon
WET_2780,8846494a19fffff,8,oahu,2026.02,NWI wetland centroid 2026,Centroid res8 from NWI wetland objectid 2780 polygon
WET_2781,8846494123fffff,8,oahu,2026.02,NWI wetland centroid 2026,Centroid res8 from NWI wetland objectid 2781 polygon
WET_2782,88464958b3fffff,8,oahu,2026.02,NWI wetland centroid 2026,Centroid res8 from NWI wetland objectid 2782 polygon
WET_2783,8846494b11fffff,8,oahu,2026.02,NWI wetland centroid 2026,Centroid res8 from NWI wetland objectid 2783 polygon
WET_2784,8846494b19fffff,8,oahu,2026.02,NWI wetland centroid 2026,Centroid res8 from NWI wetland objectid 2784 polygon
WET_2785,8846494b19fffff,8,oahu,2026.02,NWI wetland centroid 2026,Centroid res8 from NWI wetland objectid 2785 polygon
WET_2786,8846494b53fffff,8,oahu,2026.02,NWI wetland centroid 2026,Centroid res8 from NWI wetland objectid 2786 polygon
WET_2787,8846494a25fffff,8,oahu,2026.02,NWI wetland centroid 2026,Centroid res8 from NWI wetland objectid 2787 polygon
WET_2788,8846494b53fffff,8,oahu,2026.02,NWI wetland centroid 2026,Centroid res8 from NWI wetland objectid 2788 polygon
WET_2789,8846494a13fffff,8,oahu,2026.02,NWI wetland centroid 2026,Centroid res8 from NWI wetland objectid 2789 polygon
WET_2790,8846494acdfffff,8,oahu,2026.02,NWI wetland centroid 2026,Centroid res8 from NWI wetland objectid 2790 polygon
WET_2791,8846494acdfffff,8,oahu,2026.02,NWI wetland centroid 2026,Centroid res8 from NWI wetland objectid 2791 polygon
WET_2792,8846494b5bfffff,8,oahu,2026.02,NWI wetland centroid 2026,Centroid res8 from NWI wetland objectid 2792 polygon
WET_2793,8846494ac9fffff,8,oahu,2026.02,NWI wetland centroid 2026,Centroid res8 from NWI wetland objectid 2793 polygon
WET_2794,8846494137fffff,8,oahu,2026.02,NWI wetland centroid 2026,Centroid res8 from NWI wetland objectid 2794 polygon
WET_2795,8846494ac9fffff,8,oahu,2026.02,NWI wetland centroid 2026,Centroid res8 from NWI wetland objectid 2795 polygon
WET_2796,8846494b5bfffff,8,oahu,2026.02,NWI wetland centroid 2026,Centroid res8 from NWI wetland objectid 2796 polygon
WET_2797,8846494127fffff,8,oahu,2026.02,NWI wetland centroid 2026,Centroid res8 from NWI wetland objectid 2797 polygon
WET_2798,8846494a01fffff,8,oahu,2026.02,NWI wetland centroid 2026,Centroid res8 from NWI wetland objectid 2798 polygon
WET_2799,8846494123fffff,8,oahu,2026.02,NWI wetland centroid 2026,Centroid res8 from NWI wetland objectid 2799 polygon
WET_2800,8846494a55fffff,8,oahu,2026.02,NWI wetland centroid 2026,Centroid res8 from NWI wetland objectid 2800 polygon
WET_2801,8846494a51fffff,8,oahu,2026.02,NWI wetland centroid 2026,Centroid res8 from NWI wetland objectid 2801 polygon
WET_2802,88464958b3fffff,8,oahu,2026.02,NWI wetland centroid 2026,Centroid res8 from NWI wetland objectid 2802 polygon
WET_2803,88464958b7fffff,8,oahu,2026.02,NWI wetland centroid 2026,Centroid res8 from NWI wetland objectid 2803 polygon
WET_2804,88464958b7fffff,8,oahu,2026.02,NWI wetland centroid 2026,Centroid res8 from NWI wetland objectid 2804 polygon
WET_2805,88464958a7fffff,8,oahu,2026.02,NWI wetland centroid 2026,Centroid res8 from NWI wetland objectid 2805 polygon
WET_2806,88464958b5fffff,8,oahu,2026.02,NWI wetland centroid 2026,Centroid res8 from NWI wetland objectid 2806 polygon
WET_2807,88464958b5fffff,8,oahu,2026.02,NWI wetland centroid 2026,Centroid res8 from NWI wetland objectid 2807 polygon
WET_2808,88464958b5fffff,8,oahu,2026.02,NWI wetland centroid 2026,Centroid res8 from NWI wetland objectid 2808 polygon
WET_2809,88464958b3fffff,8,oahu,2026.02,NWI wetland centroid 2026,Centroid res8 from NWI wetland objectid 2809 polygon
WET_2810,88464958bbfffff,8,oahu,2026.02,NWI wetland centroid 2026,Centroid res8 from NWI wetland objectid 2810 polygon
WET_2811,8846495885fffff,8,oahu,2026.02,NWI wetland centroid 2026,Centroid res8 from NWI wetland objectid 2811 polygon
WET_2812,88464959dbfffff,8,oahu,2026.02,NWI wetland centroid 2026,Centroid res8 from NWI wetland objectid 2812 polygon
WET_2813,8846495885fffff,8,oahu,2026.02,NWI wetland centroid 2026,Centroid res8 from NWI wetland objectid 2813 polygon
WET_2814,88464959dbfffff,8,oahu,2026.02,NWI wetland centroid 2026,Centroid res8 from NWI wetland objectid 2814 polygon
WET_2815,88464958e3fffff,8,oahu,2026.02,NWI wetland centroid 2026,Centroid res8 from NWI wetland objectid 2815 polygon
WET_2816,8846494a3dfffff,8,oahu,2026.02,NWI wetland centroid 2026,Centroid res8 from NWI wetland objectid 2816 polygon
WET_2817,8846494a3dfffff,8,oahu,2026.02,NWI wetland centroid 2026,Centroid res8 from NWI wetland objectid 2817 polygon
WET_2818,8846494ac5fffff,8,oahu,2026.02,NWI wetland centroid 2026,Centroid res8 from NWI wetland objectid 2818 polygon
WET_2819,8846494a15fffff,8,oahu,2026.02,NWI wetland centroid 2026,Centroid res8 from NWI wetland objectid 2819 polygon
WET_2820,8846494a39fffff,8,oahu,2026.02,NWI wetland centroid 2026,Centroid res8 from NWI wetland objectid 2820 polygon
WET_2821,8846494a11fffff,8,oahu,2026.02,NWI wetland centroid 2026,Centroid res8 from NWI wetland objectid 2821 polygon
WET_2822,8846494137fffff,8,oahu,2026.02,NWI wetland centroid 2026,Centroid res8 from NWI wetland objectid 2822 polygon
WET_2823,8846494123fffff,8,oahu,2026.02,NWI wetland centroid 2026,Centroid res8 from NWI wetland objectid 2823 polygon
WET_2824,8846494123fffff,8,oahu,2026.02,NWI wetland centroid 2026,Centroid res8 from NWI wetland objectid 2824 polygon
WET_2825,88464958a7fffff,8,oahu,2026.02,NWI wetland centroid 2026,Centroid res8 from NWI wetland objectid 2825 polygon
WET_2826,88464958a7fffff,8,oahu,2026.02,NWI wetland centroid 2026,Centroid res8 from NWI wetland objectid 2826 polygon
WET_2827,88464959d1fffff,8,oahu,2026.02,NWI wetland centroid 2026,Centroid res8 from NWI wetland objectid 2827 polygon
WET_2828,88464959d1fffff,8,oahu,2026.02,NWI wetland centroid 2026,Centroid res8 from NWI wetland objectid 2828 polygon
WET_2829,8846494a51fffff,8,oahu,2026.02,NWI wetland centroid 2026,Centroid res8 from NWI wetland objectid 2829 polygon
WET_2830,8846494a5bfffff,8,oahu,2026.02,NWI wetland centroid 2026,Centroid res8 from NWI wetland objectid 2830 polygon
WET_2831,8846494a5bfffff,8,oahu,2026.02,NWI wetland centroid 2026,Centroid res8 from NWI wetland objectid 2831 polygon
WET_2832,8846494a5bfffff,8,oahu,2026.02,NWI wetland centroid 2026,Centroid res8 from NWI wetland objectid 2832 polygon
WET_2833,8846494a4bfffff,8,oahu,2026.02,NWI wetland centroid 2026,Centroid res8 from NWI wetland objectid 2833 polygon
WET_2834,8846494a49fffff,8,oahu,2026.02,NWI wetland centroid 2026,Centroid res8 from NWI wetland objectid 2834 polygon
WET_2835,8846494a4dfffff,8,oahu,2026.02,NWI wetland centroid 2026,Centroid res8 from NWI wetland objectid 2835 polygon
WET_2836,88464958b7fffff,8,oahu,2026.02,NWI wetland centroid 2026,Centroid res8 from NWI wetland objectid 2836 polygon
WET_2837,8846494a4dfffff,8,oahu,2026.02,NWI wetland centroid 2026,Centroid res8 from NWI wetland objectid 2837 polygon
WET_2838,8846494a4bfffff,8,oahu,2026.02,NWI wetland centroid 2026,Centroid res8 from NWI wetland objectid 2838 polygon
WET_2839,8846494a4dfffff,8,oahu,2026.02,NWI wetland centroid 2026,Centroid res8 from NWI wetland objectid 2839 polygon
WET_2840,8846494a49fffff,8,oahu,2026.02,NWI wetland centroid 2026,Centroid res8 from NWI wetland objectid 2840 polygon
WET_2841,88464958b3fffff,8,oahu,2026.02,NWI wetland centroid 2026,Centroid res8 from NWI wetland objectid 2841 polygon
WET_2842,88464958b7fffff,8,oahu,2026.02,NWI wetland centroid 2026,Centroid res8 from NWI wetland objectid 2842 polygon
WET_2843,8846494a49fffff,8,oahu,2026.02,NWI wetland centroid 2026,Centroid res8 from NWI wetland objectid 2843 polygon
WET_2844,88464958b7fffff,8,oahu,2026.02,NWI wetland centroid 2026,Centroid res8 from NWI wetland objectid 2844 polygon
WET_2845,884649599bfffff,8,oahu,2026.02,NWI wetland centroid 2026,Centroid res8 from NWI wetland objectid 2845 polygon
WET_2846,8846494a49fffff,8,oahu,2026.02,NWI wetland centroid 2026,Centroid res8 from NWI wetland objectid 2846 polygon
WET_2847,88464958a7fffff,8,oahu,2026.02,NWI wetland centroid 2026,Centroid res8 from NWI wetland objectid 2847 polygon
WET_2848,88464958b5fffff,8,oahu,2026.02,NWI wetland centroid 2026,Centroid res8 from NWI wetland objectid 2848 polygon
WET_2849,88464958b3fffff,8,oahu,2026.02,NWI wetland centroid 2026,Centroid res8 from NWI wetland objectid 2849 polygon
WET_2850,884649599bfffff,8,oahu,2026.02,NWI wetland centroid 2026,Centroid res8 from NWI wetland objectid 2850 polygon
WET_2851,88464958b5fffff,8,oahu,2026.02,NWI wetland centroid 2026,Centroid res8 from NWI wetland objectid 2851 polygon
WET_2852,88464958a5fffff,8,oahu,2026.02,NWI wetland centroid 2026,Centroid res8 from NWI wetland objectid 2852 polygon
WET_2853,88464958a3fffff,8,oahu,2026.02,NWI wetland centroid 2026,Centroid res8 from NWI wetland objectid 2853 polygon
WET_2854,88464958a3fffff,8,oahu,2026.02,NWI wetland centroid 2026,Centroid res8 from NWI wetland objectid 2854 polygon
WET_2855,8846495999fffff,8,oahu,2026.02,NWI wetland centroid 2026,Centroid res8 from NWI wetland objectid 2855 polygon
WET_2856,88464959d7fffff,8,oahu,2026.02,NWI wetland centroid 2026,Centroid res8 from NWI wetland objectid 2856 polygon
WET_2857,8846494a3bfffff,8,oahu,2026.02,NWI wetland centroid 2026,Centroid res8 from NWI wetland objectid 2857 polygon
WET_2858,8846495991fffff,8,oahu,2026.02,NWI wetland centroid 2026,Centroid res8 from NWI wetland objectid 2858 polygon
WET_2859,8846495991fffff,8,oahu,2026.02,NWI wetland centroid 2026,Centroid res8 from NWI wetland objectid 2859 polygon
WET_2860,88464958a7fffff,8,oahu,2026.02,NWI wetland centroid 2026,Centroid res8 from NWI wetland objectid 2860 polygon
WET_2861,884649599dfffff,8,oahu,2026.02,NWI wetland centroid 2026,Centroid res8 from NWI wetland objectid 2861 polygon
WET_2862,88464959d3fffff,8,oahu,2026.02,NWI wetland centroid 2026,Centroid res8 from NWI wetland objectid 2862 polygon
WET_2863,88464958b9fffff,8,oahu,2026.02,NWI wetland centroid 2026,Centroid res8 from NWI wetland objectid 2863 polygon
WET_2864,8846495883fffff,8,oahu,2026.02,NWI wetland centroid 2026,Centroid res8 from NWI wetland objectid 2864 polygon
WET_2865,88464959d9fffff,8,oahu,2026.02,NWI wetland centroid 2026,Centroid res8 from NWI wetland objectid 2865 polygon
WET_2866,8846494aebfffff,8,oahu,2026.02,NWI wetland centroid 2026,Centroid res8 from NWI wetland objectid 2866 polygon
WET_2867,8846494a21fffff,8,oahu,2026.02,NWI wetland centroid 2026,Centroid res8 from NWI wetland objectid 2867 polygon
WET_2868,8846494ac9fffff,8,oahu,2026.02,NWI wetland centroid 2026,Centroid res8 from NWI wetland objectid 2868 polygon
WET_2869,88464958bbfffff,8,oahu,2026.02,NWI wetland centroid 2026,Centroid res8 from NWI wetland objectid 2869 polygon
WET_2870,88464958bdfffff,8,oahu,2026.02,NWI wetland centroid 2026,Centroid res8 from NWI wetland objectid 2870 polygon
WET_2871,8846494a15fffff,8,oahu,2026.02,NWI wetland centroid 2026,Centroid res8 from NWI wetland objectid 2871 polygon
WET_2872,8846494167fffff,8,oahu,2026.02,NWI wetland centroid 2026,Centroid res8 from NWI wetland objectid 2872 polygon
WET_2873,8846495819fffff,8,oahu,2026.02,NWI wetland centroid 2026,Centroid res8 from NWI wetland objectid 2873 polygon
WET_2874,8846495ae7fffff,8,oahu,2026.02,NWI wetland centroid 2026,Centroid res8 from NWI wetland objectid 2874 polygon
WET_2875,8846495ae7fffff,8,oahu,2026.02,NWI wetland centroid 2026,Centroid res8 from NWI wetland objectid 2875 polygon
WET_2876,8846495ae7fffff,8,oahu,2026.02,NWI wetland centroid 2026,Centroid res8 from NWI wetland objectid 2876 polygon
WET_2877,8846495ae3fffff,8,oahu,2026.02,NWI wetland centroid 2026,Centroid res8 from NWI wetland objectid 2877 polygon
WET_2878,88464958d1fffff,8,oahu,2026.02,NWI wetland centroid 2026,Centroid res8 from NWI wetland objectid 2878 polygon
WET_2879,88464958c1fffff,8,oahu,2026.02,NWI wetland centroid 2026,Centroid res8 from NWI wetland objectid 2879 polygon
WET_2880,8846495aedfffff,8,oahu,2026.02,NWI wetland centroid 2026,Centroid res8 from NWI wetland objectid 2880 polygon
WET_2881,8846495ae9fffff,8,oahu,2026.02,NWI wetland centroid 2026,Centroid res8 from NWI wetland objectid 2881 polygon
WET_2882,8846495ae5fffff,8,oahu,2026.02,NWI wetland centroid 2026,Centroid res8 from NWI wetland objectid 2882 polygon
WET_2883,8846495ab5fffff,8,oahu,2026.02,NWI wetland centroid 2026,Centroid res8 from NWI wetland objectid 2883 polygon
WET_2884,8846495ab5fffff,8,oahu,2026.02,NWI wetland centroid 2026,Centroid res8 from NWI wetland objectid 2884 polygon
WET_2885,8846495ab5fffff,8,oahu,2026.02,NWI wetland centroid 2026,Centroid res8 from NWI wetland objectid 2885 polygon
WET_2886,8846495819fffff,8,oahu,2026.02,NWI wetland centroid 2026,Centroid res8 from NWI wetland objectid 2886 polygon
WET_2887,8846495819fffff,8,oahu,2026.02,NWI wetland centroid 2026,Centroid res8 from NWI wetland objectid 2887 polygon
WET_2888,8846495819fffff,8,oahu,2026.02,NWI wetland centroid 2026,Centroid res8 from NWI wetland objectid 2888 polygon
WET_2889,8846495819fffff,8,oahu,2026.02,NWI wetland centroid 2026,Centroid res8 from NWI wetland objectid 2889 polygon
WET_2890,8846495819fffff,8,oahu,2026.02,NWI wetland centroid 2026,Centroid res8 from NWI wetland objectid 2890 polygon
WET_2891,8846495819fffff,8,oahu,2026.02,NWI wetland centroid 2026,Centroid res8 from NWI wetland objectid 2891 polygon
WET_2892,8846495819fffff,8,oahu,2026.02,NWI wetland centroid 2026,Centroid res8 from NWI wetland objectid 2892 polygon
WET_2893,8846495ae7fffff,8,oahu,2026.02,NWI wetland centroid 2026,Centroid res8 from NWI wetland objectid 2893 polygon
WET_2894,8846495ae5fffff,8,oahu,2026.02,NWI wetland centroid 2026,Centroid res8 from NWI wetland objectid 2894 polygon
WET_2895,8846495ae5fffff,8,oahu,2026.02,NWI wetland centroid 2026,Centroid res8 from NWI wetland objectid 2895 polygon
WET_2896,8846495ae5fffff,8,oahu,2026.02,NWI wetland centroid 2026,Centroid res8 from NWI wetland objectid 2896 polygon
WET_2897,8846495ae7fffff,8,oahu,2026.02,NWI wetland centroid 2026,Centroid res8 from NWI wetland objectid 2897 polygon
WET_2898,8846495ae7fffff,8,oahu,2026.02,NWI wetland centroid 2026,Centroid res8 from NWI wetland objectid 2898 polygon
WET_2899,8846495ae5fffff,8,oahu,2026.02,NWI wetland centroid 2026,Centroid res8 from NWI wetland objectid 2899 polygon
WET_2900,8846495ae7fffff,8,oahu,2026.02,NWI wetland centroid 2026,Centroid res8 from NWI wetland objectid 2900 polygon
WET_2901,8846495ae5fffff,8,oahu,2026.02,NWI wetland centroid 2026,Centroid res8 from NWI wetland objectid 2901 polygon
WET_2902,8846495ae1fffff,8,oahu,2026.02,NWI wetland centroid 2026,Centroid res8 from NWI wetland objectid 2902 polygon
WET_2903,8846495a17fffff,8,oahu,2026.02,NWI wetland centroid 2026,Centroid res8 from NWI wetland objectid 2903 polygon
WET_2904,8846495a17fffff,8,oahu,2026.02,NWI wetland centroid 2026,Centroid res8 from NWI wetland objectid 2904 polygon
WET_2905,8846495a17fffff,8,oahu,2026.02,NWI wetland centroid 2026,Centroid res8 from NWI wetland objectid 2905 polygon
WET_2906,8846495ae7fffff,8,oahu,2026.02,NWI wetland centroid 2026,Centroid res8 from NWI wetland objectid 2906 polygon
WET_2907,8846495855fffff,8,oahu,2026.02,NWI wetland centroid 2026,Centroid res8 from NWI wetland objectid 2907 polygon
WET_2908,8846495855fffff,8,oahu,2026.02,NWI wetland centroid 2026,Centroid res8 from NWI wetland objectid 2908 polygon
WET_2909,8846495ae5fffff,8,oahu,2026.02,NWI wetland centroid 2026,Centroid res8 from NWI wetland objectid 2909 polygon
WET_2910,8846495ae5fffff,8,oahu,2026.02,NWI wetland centroid 2026,Centroid res8 from NWI wetland objectid 2910 polygon
WET_2911,8846495aedfffff,8,oahu,2026.02,NWI wetland centroid 2026,Centroid res8 from NWI wetland objectid 2911 polygon
WET_2912,8846495ae7fffff,8,oahu,2026.02,NWI wetland centroid 2026,Centroid res8 from NWI wetland objectid 2912 polygon
WET_2913,8846495ae7fffff,8,oahu,2026.02,NWI wetland centroid 2026,Centroid res8 from NWI wetland objectid 2913 polygon
WET_2914,8846495ae7fffff,8,oahu,2026.02,NWI wetland centroid 2026,Centroid res8 from NWI wetland objectid 2914 polygon
WET_2915,8846495ae1fffff,8,oahu,2026.02,NWI wetland centroid 2026,Centroid res8 from NWI wetland objectid 2915 polygon
WET_2916,8846495ae3fffff,8,oahu,2026.02,NWI wetland centroid 2026,Centroid res8 from NWI wetland objectid 2916 polygon
WET_2917,8846495ae3fffff,8,oahu,2026.02,NWI wetland centroid 2026,Centroid res8 from NWI wetland objectid 2917 polygon
WET_2918,88464958c9fffff,8,oahu,2026.02,NWI wetland centroid 2026,Centroid res8 from NWI wetland objectid 2918 polygon
WET_2919,88464958d1fffff,8,oahu,2026.02,NWI wetland centroid 2026,Centroid res8 from NWI wetland objectid 2919 polygon
WET_2920,8846495ae7fffff,8,oahu,2026.02,NWI wetland centroid 2026,Centroid res8 from NWI wetland objectid 2920 polygon
WET_2921,8846495ae7fffff,8,oahu,2026.02,NWI wetland centroid 2026,Centroid res8 from NWI wetland objectid 2921 polygon
WET_2922,8846495ae7fffff,8,oahu,2026.02,NWI wetland centroid 2026,Centroid res8 from NWI wetland objectid 2922 polygon
WET_2923,8846495ae3fffff,8,oahu,2026.02,NWI wetland centroid 2026,Centroid res8 from NWI wetland objectid 2923 polygon
WET_2924,88464958ebfffff,8,oahu,2026.02,NWI wetland centroid 2026,Centroid res8 from NWI wetland objectid 2924 polygon
WET_2925,8846495ae3fffff,8,oahu,2026.02,NWI wetland centroid 2026,Centroid res8 from NWI wetland objectid 2925 polygon
WET_2926,8846495aebfffff,8,oahu,2026.02,NWI wetland centroid 2026,Centroid res8 from NWI wetland objectid 2926 polygon
WET_2927,8846495aebfffff,8,oahu,2026.02,NWI wetland centroid 2026,Centroid res8 from NWI wetland objectid 2927 polygon
WET_2928,8846495ac5fffff,8,oahu,2026.02,NWI wetland centroid 2026,Centroid res8 from NWI wetland objectid 2928 polygon
WET_2929,8846495ac5fffff,8,oahu,2026.02,NWI wetland centroid 2026,Centroid res8 from NWI wetland objectid 2929 polygon
WET_2930,8846495ac1fffff,8,oahu,2026.02,NWI wetland centroid 2026,Centroid res8 from NWI wetland objectid 2930 polygon
WET_2931,8846495ac1fffff,8,oahu,2026.02,NWI wetland centroid 2026,Centroid res8 from NWI wetland objectid 2931 polygon
WET_2932,8846495a13fffff,8,oahu,2026.02,NWI wetland centroid 2026,Centroid res8 from NWI wetland objectid 2932 polygon
WET_2933,8846495ac1fffff,8,oahu,2026.02,NWI wetland centroid 2026,Centroid res8 from NWI wetland objectid 2933 polygon
WET_2934,8846495a15fffff,8,oahu,2026.02,NWI wetland centroid 2026,Centroid res8 from NWI wetland objectid 2934 polygon
WET_2935,8846495aadfffff,8,oahu,2026.02,NWI wetland centroid 2026,Centroid res8 from NWI wetland objectid 2935 polygon
WET_2936,8846495ae7fffff,8,oahu,2026.02,NWI wetland centroid 2026,Centroid res8 from NWI wetland objectid 2936 polygon
WET_2937,8846495aa9fffff,8,oahu,2026.02,NWI wetland centroid 2026,Centroid res8 from NWI wetland objectid 2937 polygon
WET_2938,8846495ae3fffff,8,oahu,2026.02,NWI wetland centroid 2026,Centroid res8 from NWI wetland objectid 2938 polygon
WET_2939,8846495ae3fffff,8,oahu,2026.02,NWI wetland centroid 2026,Centroid res8 from NWI wetland objectid 2939 polygon
WET_2940,8846495ac5fffff,8,oahu,2026.02,NWI wetland centroid 2026,Centroid res8 from NWI wetland objectid 2940 polygon
WET_2941,8846495ac1fffff,8,oahu,2026.02,NWI wetland centroid 2026,Centroid res8 from NWI wetland objectid 2941 polygon
WET_2942,8846495ac1fffff,8,oahu,2026.02,NWI wetland centroid 2026,Centroid res8 from NWI wetland objectid 2942 polygon
WET_2943,8846495ac5fffff,8,oahu,2026.02,NWI wetland centroid 2026,Centroid res8 from NWI wetland objectid 2943 polygon
WET_2944,88464958d1fffff,8,oahu,2026.02,NWI wetland centroid 2026,Centroid res8 from NWI wetland objectid 2944 polygon
WET_2945,88464958d1fffff,8,oahu,2026.02,NWI wetland centroid 2026,Centroid res8 from NWI wetland objectid 2945 polygon
WET_2946,88464958d1fffff,8,oahu,2026.02,NWI wetland centroid 2026,Centroid res8 from NWI wetland objectid 2946 polygon
WET_2947,88464958d1fffff,8,oahu,2026.02,NWI wetland centroid 2026,Centroid res8 from NWI wetland objectid 2947 polygon
WET_2948,88464958ddfffff,8,oahu,2026.02,NWI wetland centroid 2026,Centroid res8 from NWI wetland objectid 2948 polygon
WET_2949,88464958cbfffff,8,oahu,2026.02,NWI wetland centroid 2026,Centroid res8 from NWI wetland objectid 2949 polygon
WET_2950,8846495ab5fffff,8,oahu,2026.02,NWI wetland centroid 2026,Centroid res8 from NWI wetland objectid 2950 polygon
WET_2951,8846495a15fffff,8,oahu,2026.02,NWI wetland centroid 2026,Centroid res8 from NWI wetland objectid 2951 polygon
WET_2952,8846495855fffff,8,oahu,2026.02,NWI wetland centroid 2026,Centroid res8 from NWI wetland objectid 2952 polygon
WET_2953,8846495855fffff,8,oahu,2026.02,NWI wetland centroid 2026,Centroid res8 from NWI wetland objectid 2953 polygon
WET_2954,8846495855fffff,8,oahu,2026.02,NWI wetland centroid 2026,Centroid res8 from NWI wetland objectid 2954 polygon
WET_2955,88464958d7fffff,8,oahu,2026.02,NWI wetland centroid 2026,Centroid res8 from NWI wetland objectid 2955 polygon
WET_2956,88464958d1fffff,8,oahu,2026.02,NWI wetland centroid 2026,Centroid res8 from NWI wetland objectid 2956 polygon
WET_2957,88464958d1fffff,8,oahu,2026.02,NWI wetland centroid 2026,Centroid res8 from NWI wetland objectid 2957 polygon
WET_2958,88464958d1fffff,8,oahu,2026.02,NWI wetland centroid 2026,Centroid res8 from NWI wetland objectid 2958 polygon
WET_2959,88464958ddfffff,8,oahu,2026.02,NWI wetland centroid 2026,Centroid res8 from NWI wetland objectid 2959 polygon
WET_2960,88464958dbfffff,8,oahu,2026.02,NWI wetland centroid 2026,Centroid res8 from NWI wetland objectid 2960 polygon
WET_2961,88464958ddfffff,8,oahu,2026.02,NWI wetland centroid 2026,Centroid res8 from NWI wetland objectid 2961 polygon
WET_2962,8846495aa7fffff,8,oahu,2026.02,NWI wetland centroid 2026,Centroid res8 from NWI wetland objectid 2962 polygon
WET_2963,8846495ae7fffff,8,oahu,2026.02,NWI wetland centroid 2026,Centroid res8 from NWI wetland objectid 2963 polygon
WET_2964,8846495ae7fffff,8,oahu,2026.02,NWI wetland centroid 2026,Centroid res8 from NWI wetland objectid 2964 polygon
WET_2965,8846495ae7fffff,8,oahu,2026.02,NWI wetland centroid 2026,Centroid res8 from NWI wetland objectid 2965 polygon
WET_2966,8846495ae3fffff,8,oahu,2026.02,NWI wetland centroid 2026,Centroid res8 from NWI wetland objectid 2966 polygon
WET_2967,8846495aebfffff,8,oahu,2026.02,NWI wetland centroid 2026,Centroid res8 from NWI wetland objectid 2967 polygon
WET_2968,8846495aebfffff,8,oahu,2026.02,NWI wetland centroid 2026,Centroid res8 from NWI wetland objectid 2968 polygon
WET_2969,8846495ac5fffff,8,oahu,2026.02,NWI wetland centroid 2026,Centroid res8 from NWI wetland objectid 2969 polygon
WET_2970,8846495ac5fffff,8,oahu,2026.02,NWI wetland centroid 2026,Centroid res8 from NWI wetland objectid 2970 polygon
WET_2971,8846495ac1fffff,8,oahu,2026.02,NWI wetland centroid 2026,Centroid res8 from NWI wetland objectid 2971 polygon
WET_2972,8846495a13fffff,8,oahu,2026.02,NWI wetland centroid 2026,Centroid res8 from NWI wetland objectid 2972 polygon
WET_2973,8846495ac1fffff,8,oahu,2026.02,NWI wetland centroid 2026,Centroid res8 from NWI wetland objectid 2973 polygon
WET_2974,8846495a17fffff,8,oahu,2026.02,NWI wetland centroid 2026,Centroid res8 from NWI wetland objectid 2974 polygon
WET_2975,8846495a15fffff,8,oahu,2026.02,NWI wetland centroid 2026,Centroid res8 from NWI wetland objectid 2975 polygon
WET_2976,8846495817fffff,8,oahu,2026.02,NWI wetland centroid 2026,Centroid res8 from NWI wetland objectid 2976 polygon
WET_2977,8846495817fffff,8,oahu,2026.02,NWI wetland centroid 2026,Centroid res8 from NWI wetland objectid 2977 polygon
WET_2978,8846495817fffff,8,oahu,2026.02,NWI wetland centroid 2026,Centroid res8 from NWI wetland objectid 2978 polygon
WET_2979,8846495817fffff,8,oahu,2026.02,NWI wetland centroid 2026,Centroid res8 from NWI wetland objectid 2979 polygon
WET_2980,88464958e5fffff,8,oahu,2026.02,NWI wetland centroid 2026,Centroid res8 from NWI wetland objectid 2980 polygon
WET_2981,8846495833fffff,8,oahu,2026.02,NWI wetland centroid 2026,Centroid res8 from NWI wetland objectid 2981 polygon
WET_2982,8846495833fffff,8,oahu,2026.02,NWI wetland centroid 2026,Centroid res8 from NWI wetland objectid 2982 polygon
WET_2983,8846495833fffff,8,oahu,2026.02,NWI wetland centroid 2026,Centroid res8 from NWI wetland objectid 2983 polygon
WET_2984,88464958edfffff,8,oahu,2026.02,NWI wetland centroid 2026,Centroid res8 from NWI wetland objectid 2984 polygon
WET_2985,88464958e5fffff,8,oahu,2026.02,NWI wetland centroid 2026,Centroid res8 from NWI wetland objectid 2985 polygon
WET_2986,8846495833fffff,8,oahu,2026.02,NWI wetland centroid 2026,Centroid res8 from NWI wetland objectid 2986 polygon
WET_2987,8846495833fffff,8,oahu,2026.02,NWI wetland centroid 2026,Centroid res8 from NWI wetland objectid 2987 polygon
WET_2988,884649583bfffff,8,oahu,2026.02,NWI wetland centroid 2026,Centroid res8 from NWI wetland objectid 2988 polygon
WET_2989,8846495817fffff,8,oahu,2026.02,NWI wetland centroid 2026,Centroid res8 from NWI wetland objectid 2989 polygon
WET_2990,88464958c5fffff,8,oahu,2026.02,NWI wetland centroid 2026,Centroid res8 from NWI wetland objectid 2990 polygon
WET_2991,884649583bfffff,8,oahu,2026.02,NWI wetland centroid 2026,Centroid res8 from NWI wetland objectid 2991 polygon
WET_2992,8846495817fffff,8,oahu,2026.02,NWI wetland centroid 2026,Centroid res8 from NWI wetland objectid 2992 polygon
WET_2993,88464958c5fffff,8,oahu,2026.02,NWI wetland centroid 2026,Centroid res8 from NWI wetland objectid 2993 polygon
WET_2994,88464958c5fffff,8,oahu,2026.02,NWI wetland centroid 2026,Centroid res8 from NWI wetland objectid 2994 polygon
WET_2995,884649581dfffff,8,oahu,2026.02,NWI wetland centroid 2026,Centroid res8 from NWI wetland objectid 2995 polygon
WET_2996,8846495819fffff,8,oahu,2026.02,NWI wetland centroid 2026,Centroid res8 from NWI wetland objectid 2996 polygon
WET_2997,8846495833fffff,8,oahu,2026.02,NWI wetland centroid 2026,Centroid res8 from NWI wetland objectid 2997 polygon
WET_2998,88464958ebfffff,8,oahu,2026.02,NWI wetland centroid 2026,Centroid res8 from NWI wetland objectid 2998 polygon
WET_2999,88464958ebfffff,8,oahu,2026.02,NWI wetland centroid 2026,Centroid res8 from NWI wetland objectid 2999 polygon
WET_3000,8846495a17fffff,8,oahu,2026.02,NWI wetland centroid 2026,Centroid res8 from NWI wetland objectid 3000 polygon
WET_3001,8846495817fffff,8,oahu,2026.02,NWI wetland centroid 2026,Centroid res8 from NWI wetland objectid 3001 polygon
WET_3002,8846495815fffff,8,oahu,2026.02,NWI wetland centroid 2026,Centroid res8 from NWI wetland objectid 3002 polygon
WET_3003,8846495817fffff,8,oahu,2026.02,NWI wetland centroid 2026,Centroid res8 from NWI wetland objectid 3003 polygon
WET_3004,8846495811fffff,8,oahu,2026.02,NWI wetland centroid 2026,Centroid res8 from NWI wetland objectid 3004 polygon
WET_3005,88464958ebfffff,8,oahu,2026.02,NWI wetland centroid 2026,Centroid res8 from NWI wetland objectid 3005 polygon
WET_3006,88464958ebfffff,8,oahu,2026.02,NWI wetland centroid 2026,Centroid res8 from NWI wetland objectid 3006 polygon
WET_3007,88464958ebfffff,8,oahu,2026.02,NWI wetland centroid 2026,Centroid res8 from NWI wetland objectid 3007 polygon
WET_3008,8846495a17fffff,8,oahu,2026.02,NWI wetland centroid 2026,Centroid res8 from NWI wetland objectid 3008 polygon
WET_3009,8846495833fffff,8,oahu,2026.02,NWI wetland centroid 2026,Centroid res8 from NWI wetland objectid 3009 polygon
WET_3010,88464959ddfffff,8,oahu,2026.02,NWI wetland centroid 2026,Centroid res8 from NWI wetland objectid 3010 polygon
WET_3011,8846495833fffff,8,oahu,2026.02,NWI wetland centroid 2026,Centroid res8 from NWI wetland objectid 3011 polygon
WET_3012,8846495833fffff,8,oahu,2026.02,NWI wetland centroid 2026,Centroid res8 from NWI wetland objectid 3012 polygon
WET_3013,8846495833fffff,8,oahu,2026.02,NWI wetland centroid 2026,Centroid res8 from NWI wetland objectid 3013 polygon
WET_3014,8846495833fffff,8,oahu,2026.02,NWI wetland centroid 2026,Centroid res8 from NWI wetland objectid 3014 polygon
WET_3015,88464958d5fffff,8,oahu,2026.02,NWI wetland centroid 2026,Centroid res8 from NWI wetland objectid 3015 polygon
WET_3016,8846495813fffff,8,oahu,2026.02,NWI wetland centroid 2026,Centroid res8 from NWI wetland objectid 3016 polygon
WET_3017,8846495833fffff,8,oahu,2026.02,NWI wetland centroid 2026,Centroid res8 from NWI wetland objectid 3017 polygon
WET_3018,8846495817fffff,8,oahu,2026.02,NWI wetland centroid 2026,Centroid res8 from NWI wetland objectid 3018 polygon
WET_3019,88464958ebfffff,8,oahu,2026.02,NWI wetland centroid 2026,Centroid res8 from NWI wetland objectid 3019 polygon
WET_3020,88464958ebfffff,8,oahu,2026.02,NWI wetland centroid 2026,Centroid res8 from NWI wetland objectid 3020 polygon
WET_3021,8846495833fffff,8,oahu,2026.02,NWI wetland centroid 2026,Centroid res8 from NWI wetland objectid 3021 polygon
WET_3022,8846495833fffff,8,oahu,2026.02,NWI wetland centroid 2026,Centroid res8 from NWI wetland objectid 3022 polygon
WET_3023,88464958e5fffff,8,oahu,2026.02,NWI wetland centroid 2026,Centroid res8 from NWI wetland objectid 3023 polygon
WET_3024,88464958e5fffff,8,oahu,2026.02,NWI wetland centroid 2026,Centroid res8 from NWI wetland objectid 3024 polygon
WET_3025,88464958e5fffff,8,oahu,2026.02,NWI wetland centroid 2026,Centroid res8 from NWI wetland objectid 3025 polygon
WET_3026,8846495833fffff,8,oahu,2026.02,NWI wetland centroid 2026,Centroid res8 from NWI wetland objectid 3026 polygon
WET_3027,88464958d5fffff,8,oahu,2026.02,NWI wetland centroid 2026,Centroid res8 from NWI wetland objectid 3027 polygon
WET_3028,88464958d5fffff,8,oahu,2026.02,NWI wetland centroid 2026,Centroid res8 from NWI wetland objectid 3028 polygon
WET_3029,88464958d5fffff,8,oahu,2026.02,NWI wetland centroid 2026,Centroid res8 from NWI wetland objectid 3029 polygon
WET_3030,88464958c5fffff,8,oahu,2026.02,NWI wetland centroid 2026,Centroid res8 from NWI wetland objectid 3030 polygon
WET_3031,88464958c5fffff,8,oahu,2026.02,NWI wetland centroid 2026,Centroid res8 from NWI wetland objectid 3031 polygon
WET_3032,88464958c1fffff,8,oahu,2026.02,NWI wetland centroid 2026,Centroid res8 from NWI wetland objectid 3032 polygon
WET_3033,8846495a17fffff,8,oahu,2026.02,NWI wetland centroid 2026,Centroid res8 from NWI wetland objectid 3033 polygon
WET_3034,8846495833fffff,8,oahu,2026.02,NWI wetland centroid 2026,Centroid res8 from NWI wetland objectid 3034 polygon
WET_3035,88464958d5fffff,8,oahu,2026.02,NWI wetland centroid 2026,Centroid res8 from NWI wetland objectid 3035 polygon
WET_3036,88464958d5fffff,8,oahu,2026.02,NWI wetland centroid 2026,Centroid res8 from NWI wetland objectid 3036 polygon
WET_3037,884649583dfffff,8,oahu,2026.02,NWI wetland centroid 2026,Centroid res8 from NWI wetland objectid 3037 polygon
WET_3038,8846495851fffff,8,oahu,2026.02,NWI wetland centroid 2026,Centroid res8 from NWI wetland objectid 3038 polygon
WET_3039,8846495853fffff,8,oahu,2026.02,NWI wetland centroid 2026,Centroid res8 from NWI wetland objectid 3039 polygon
WET_3040,8846495ac1fffff,8,oahu,2026.02,NWI wetland centroid 2026,Centroid res8 from NWI wetland objectid 3040 polygon
WET_3041,88464958e9fffff,8,oahu,2026.02,NWI wetland centroid 2026,Centroid res8 from NWI wetland objectid 3041 polygon
WET_3042,8846495833fffff,8,oahu,2026.02,NWI wetland centroid 2026,Centroid res8 from NWI wetland objectid 3042 polygon
WET_3043,8846495833fffff,8,oahu,2026.02,NWI wetland centroid 2026,Centroid res8 from NWI wetland objectid 3043 polygon
WET_3044,88464958c7fffff,8,oahu,2026.02,NWI wetland centroid 2026,Centroid res8 from NWI wetland objectid 3044 polygon
WET_3045,88464958c7fffff,8,oahu,2026.02,NWI wetland centroid 2026,Centroid res8 from NWI wetland objectid 3045 polygon
WET_3046,88464958c7fffff,8,oahu,2026.02,NWI wetland centroid 2026,Centroid res8 from NWI wetland objectid 3046 polygon
WET_3047,88464958c3fffff,8,oahu,2026.02,NWI wetland centroid 2026,Centroid res8 from NWI wetland objectid 3047 polygon
WET_3048,88464958c3fffff,8,oahu,2026.02,NWI wetland centroid 2026,Centroid res8 from NWI wetland objectid 3048 polygon
WET_3049,88464958c3fffff,8,oahu,2026.02,NWI wetland centroid 2026,Centroid res8 from NWI wetland objectid 3049 polygon
WET_3050,88464958c3fffff,8,oahu,2026.02,NWI wetland centroid 2026,Centroid res8 from NWI wetland objectid 3050 polygon
WET_3051,88464958c3fffff,8,oahu,2026.02,NWI wetland centroid 2026,Centroid res8 from NWI wetland objectid 3051 polygon
WET_3052,88464958c3fffff,8,oahu,2026.02,NWI wetland centroid 2026,Centroid res8 from NWI wetland objectid 3052 polygon
WET_3053,8846495813fffff,8,oahu,2026.02,NWI wetland centroid 2026,Centroid res8 from NWI wetland objectid 3053 polygon
WET_3054,8846495813fffff,8,oahu,2026.02,NWI wetland centroid 2026,Centroid res8 from NWI wetland objectid 3054 polygon
WET_3055,8846495813fffff,8,oahu,2026.02,NWI wetland centroid 2026,Centroid res8 from NWI wetland objectid 3055 polygon
WET_3056,884649581dfffff,8,oahu,2026.02,NWI wetland centroid 2026,Centroid res8 from NWI wetland objectid 3056 polygon
WET_3057,8846495803fffff,8,oahu,2026.02,NWI wetland centroid 2026,Centroid res8 from NWI wetland objectid 3057 polygon
WET_3058,8846495819fffff,8,oahu,2026.02,NWI wetland centroid 2026,Centroid res8 from NWI wetland objectid 3058 polygon
WET_3059,88464958edfffff,8,oahu,2026.02,NWI wetland centroid 2026,Centroid res8 from NWI wetland objectid 3059 polygon
WET_3060,884649588dfffff,8,oahu,2026.02,NWI wetland centroid 2026,Centroid res8 from NWI wetland objectid 3060 polygon
WET_3061,884649588dfffff,8,oahu,2026.02,NWI wetland centroid 2026,Centroid res8 from NWI wetland objectid 3061 polygon
WET_3062,88464958c7fffff,8,oahu,2026.02,NWI wetland centroid 2026,Centroid res8 from NWI wetland objectid 3062 polygon
WET_3063,88464958c5fffff,8,oahu,2026.02,NWI wetland centroid 2026,Centroid res8 from NWI wetland objectid 3063 polygon
WET_3064,88464b96e3fffff,8,oahu,2026.02,NWI wetland centroid 2026,Centroid res8 from NWI wetland objectid 3064 polygon
WET_3065,88464b96e1fffff,8,oahu,2026.02,NWI wetland centroid 2026,Centroid res8 from NWI wetland objectid 3065 polygon
WET_3066,88464b9151fffff,8,oahu,2026.02,NWI wetland centroid 2026,Centroid res8 from NWI wetland objectid 3066 polygon
WET_3067,8846495a33fffff,8,oahu,2026.02,NWI wetland centroid 2026,Centroid res8 from NWI wetland objectid 3067 polygon
WET_3068,8846495a33fffff,8,oahu,2026.02,NWI wetland centroid 2026,Centroid res8 from NWI wetland objectid 3068 polygon
WET_3069,8846495a33fffff,8,oahu,2026.02,NWI wetland centroid 2026,Centroid res8 from NWI wetland objectid 3069 polygon
WET_3070,88464874c3fffff,8,oahu,2026.02,NWI wetland centroid 2026,Centroid res8 from NWI wetland objectid 3070 polygon
WET_3071,88464874cbfffff,8,oahu,2026.02,NWI wetland centroid 2026,Centroid res8 from NWI wetland objectid 3071 polygon
WET_3072,884648389dfffff,8,oahu,2026.02,NWI wetland centroid 2026,Centroid res8 from NWI wetland objectid 3072 polygon
WET_3073,8846495ae5fffff,8,oahu,2026.02,NWI wetland centroid 2026,Centroid res8 from NWI wetland objectid 3073 polygon
WET_3074,8846495a33fffff,8,oahu,2026.02,NWI wetland centroid 2026,Centroid res8 from NWI wetland objectid 3074 polygon
WET_3075,88464b933dfffff,8,oahu,2026.02,NWI wetland centroid 2026,Centroid res8 from NWI wetland objectid 3075 polygon
WET_3076,88464b96b5fffff,8,oahu,2026.02,NWI wetland centroid 2026,Centroid res8 from NWI wetland objectid 3076 polygon
WET_3077,88464b96a7fffff,8,oahu,2026.02,NWI wetland centroid 2026,Centroid res8 from NWI wetland objectid 3077 polygon
WET_3078,88464b91c5fffff,8,oahu,2026.02,NWI wetland centroid 2026,Centroid res8 from NWI wetland objectid 3078 polygon
WET_3079,8846494a17fffff,8,oahu,2026.02,NWI wetland centroid 2026,Centroid res8 from NWI wetland objectid 3079 polygon
WET_3080,88464b91cbfffff,8,oahu,2026.02,NWI wetland centroid 2026,Centroid res8 from NWI wetland objectid 3080 polygon
WET_3081,8846495a33fffff,8,oahu,2026.02,NWI wetland centroid 2026,Centroid res8 from NWI wetland objectid 3081 polygon
WET_3082,8846495aedfffff,8,oahu,2026.02,NWI wetland centroid 2026,Centroid res8 from NWI wetland objectid 3082 polygon
WET_3083,8846495859fffff,8,oahu,2026.02,NWI wetland centroid 2026,Centroid res8 from NWI wetland objectid 3083 polygon
WET_3084,8846495ae5fffff,8,oahu,2026.02,NWI wetland centroid 2026,Centroid res8 from NWI wetland objectid 3084 polygon
WET_3085,8846495ae5fffff,8,oahu,2026.02,NWI wetland centroid 2026,Centroid res8 from NWI wetland objectid 3085 polygon
WET_3086,8846495a33fffff,8,oahu,2026.02,NWI wetland centroid 2026,Centroid res8 from NWI wetland objectid 3086 polygon
WET_3087,8846495ae5fffff,8,oahu,2026.02,NWI wetland centroid 2026,Centroid res8 from NWI wetland objectid 3087 polygon
WET_3088,88464b9631fffff,8,oahu,2026.02,NWI wetland centroid 2026,Centroid res8 from NWI wetland objectid 3088 polygon
WET_3089,8846495a33fffff,8,oahu,2026.02,NWI wetland centroid 2026,Centroid res8 from NWI wetland objectid 3089 polygon
WET_3090,8846495a33fffff,8,oahu,2026.02,NWI wetland centroid 2026,Centroid res8 from NWI wetland objectid 3090 polygon
WET_3091,884648389dfffff,8,oahu,2026.02,NWI wetland centroid 2026,Centroid res8 from NWI wetland objectid 3091 polygon
WET_3092,884648389dfffff,8,oahu,2026.02,NWI wetland centroid 2026,Centroid res8 from NWI wetland objectid 3092 polygon
WET_3093,884648389dfffff,8,oahu,2026.02,NWI wetland centroid 2026,Centroid res8 from NWI wetland objectid 3093 polygon
WET_3094,8846482249fffff,8,oahu,2026.02,NWI wetland centroid 2026,Centroid res8 from NWI wetland objectid 3094 polygon
WET_3095,8846495859fffff,8,oahu,2026.02,NWI wetland centroid 2026,Centroid res8 from NWI wetland objectid 3095 polygon
WET_3096,8846495859fffff,8,oahu,2026.02,NWI wetland centroid 2026,Centroid res8 from NWI wetland objectid 3096 polygon
WET_3097,8846495859fffff,8,oahu,2026.02,NWI wetland centroid 2026,Centroid res8 from NWI wetland objectid 3097 polygon
WET_3098,8846495859fffff,8,oahu,2026.02,NWI wetland centroid 2026,Centroid res8 from NWI wetland objectid 3098 polygon
WET_3099,8846495ae5fffff,8,oahu,2026.02,NWI wetland centroid 2026,Centroid res8 from NWI wetland objectid 3099 polygon
WET_3100,8846495859fffff,8,oahu,2026.02,NWI wetland centroid 2026,Centroid res8 from NWI wetland objectid 3100 polygon
WET_3101,8846495ae5fffff,8,oahu,2026.02,NWI wetland centroid 2026,Centroid res8 from NWI wetland objectid 3101 polygon
WET_3102,8846495ae5fffff,8,oahu,2026.02,NWI wetland centroid 2026,Centroid res8 from NWI wetland objectid 3102 polygon
WET_3103,8846495ae5fffff,8,oahu,2026.02,NWI wetland centroid 2026,Centroid res8 from NWI wetland objectid 3103 polygon
WET_3104,8846495ae5fffff,8,oahu,2026.02,NWI wetland centroid 2026,Centroid res8 from NWI wetland objectid 3104 polygon
WET_3105,8846495ae5fffff,8,oahu,2026.02,NWI wetland centroid 2026,Centroid res8 from NWI wetland objectid 3105 polygon
WET_3106,8846495ae5fffff,8,oahu,2026.02,NWI wetland centroid 2026,Centroid res8 from NWI wetland objectid 3106 polygon
WET_3107,8846495ae5fffff,8,oahu,2026.02,NWI wetland centroid 2026,Centroid res8 from NWI wetland objectid 3107 polygon
WET_3108,8846495ae5fffff,8,oahu,2026.02,NWI wetland centroid 2026,Centroid res8 from NWI wetland objectid 3108 polygon
WET_3109,8846495ae5fffff,8,oahu,2026.02,NWI wetland centroid 2026,Centroid res8 from NWI wetland objectid 3109 polygon
WET_3110,88464b9119fffff,8,oahu,2026.02,NWI wetland centroid 2026,Centroid res8 from NWI wetland objectid 3110 polygon
WET_3111,88464b9119fffff,8,oahu,2026.02,NWI wetland centroid 2026,Centroid res8 from NWI wetland objectid 3111 polygon
WET_3112,88464b9119fffff,8,oahu,2026.02,NWI wetland centroid 2026,Centroid res8 from NWI wetland objectid 3112 polygon
WET_3113,88464b9113fffff,8,oahu,2026.02,NWI wetland centroid 2026,Centroid res8 from NWI wetland objectid 3113 polygon
WET_3114,88464b9631fffff,8,oahu,2026.02,NWI wetland centroid 2026,Centroid res8 from NWI wetland objectid 3114 polygon
WET_3115,88464b9631fffff,8,oahu,2026.02,NWI wetland centroid 2026,Centroid res8 from NWI wetland objectid 3115 polygon
WET_3116,88464b963bfffff,8,oahu,2026.02,NWI wetland centroid 2026,Centroid res8 from NWI wetland objectid 3116 polygon
WET_3117,88464b963bfffff,8,oahu,2026.02,NWI wetland centroid 2026,Centroid res8 from NWI wetland objectid 3117 polygon
WET_3118,884649585dfffff,8,oahu,2026.02,NWI wetland centroid 2026,Centroid res8 from NWI wetland objectid 3118 polygon
WET_3119,88464b9119fffff,8,oahu,2026.02,NWI wetland centroid 2026,Centroid res8 from NWI wetland objectid 3119 polygon
WET_3120,88464b9119fffff,8,oahu,2026.02,NWI wetland centroid 2026,Centroid res8 from NWI wetland objectid 3120 polygon
WET_3121,88464b9119fffff,8,oahu,2026.02,NWI wetland centroid 2026,Centroid res8 from NWI wetland objectid 3121 polygon
WET_3122,88464b9151fffff,8,oahu,2026.02,NWI wetland centroid 2026,Centroid res8 from NWI wetland objectid 3122 polygon
WET_3123,88464b9151fffff,8,oahu,2026.02,NWI wetland centroid 2026,Centroid res8 from NWI wetland objectid 3123 polygon
WET_3124,88464b9151fffff,8,oahu,2026.02,NWI wetland centroid 2026,Centroid res8 from NWI wetland objectid 3124 polygon
WET_3125,88464b96b5fffff,8,oahu,2026.02,NWI wetland centroid 2026,Centroid res8 from NWI wetland objectid 3125 polygon
WET_3126,88464b96b5fffff,8,oahu,2026.02,NWI wetland centroid 2026,Centroid res8 from NWI wetland objectid 3126 polygon
WET_3127,88464b96b5fffff,8,oahu,2026.02,NWI wetland centroid 2026,Centroid res8 from NWI wetland objectid 3127 polygon
WET_3128,88464b9451fffff,8,oahu,2026.02,NWI wetland centroid 2026,Centroid res8 from NWI wetland objectid 3128 polygon
WET_3129,88464b9451fffff,8,oahu,2026.02,NWI wetland centroid 2026,Centroid res8 from NWI wetland objectid 3129 polygon
WET_3130,88464b9451fffff,8,oahu,2026.02,NWI wetland centroid 2026,Centroid res8 from NWI wetland objectid 3130 polygon
WET_3131,88464b9451fffff,8,oahu,2026.02,NWI wetland centroid 2026,Centroid res8 from NWI wetland objectid 3131 polygon
WET_3132,88464b96e5fffff,8,oahu,2026.02,NWI wetland centroid 2026,Centroid res8 from NWI wetland objectid 3132 polygon
WET_3133,88464b96e5fffff,8,oahu,2026.02,NWI wetland centroid 2026,Centroid res8 from NWI wetland objectid 3133 polygon
WET_3134,88464b96e5fffff,8,oahu,2026.02,NWI wetland centroid 2026,Centroid res8 from NWI wetland objectid 3134 polygon
WET_3135,8846495851fffff,8,oahu,2026.02,NWI wetland centroid 2026,Centroid res8 from NWI wetland objectid 3135 polygon
WET_3136,8846495851fffff,8,oahu,2026.02,NWI wetland centroid 2026,Centroid res8 from NWI wetland objectid 3136 polygon
WET_3137,8846495851fffff,8,oahu,2026.02,NWI wetland centroid 2026,Centroid res8 from NWI wetland objectid 3137 polygon
WET_3138,8846495851fffff,8,oahu,2026.02,NWI wetland centroid 2026,Centroid res8 from NWI wetland objectid 3138 polygon
WET_3139,8846495851fffff,8,oahu,2026.02,NWI wetland centroid 2026,Centroid res8 from NWI wetland objectid 3139 polygon
WET_3140,884649585dfffff,8,oahu,2026.02,NWI wetland centroid 2026,Centroid res8 from NWI wetland objectid 3140 polygon
WET_3141,884649585dfffff,8,oahu,2026.02,NWI wetland centroid 2026,Centroid res8 from NWI wetland objectid 3141 polygon
WET_3142,8846495859fffff,8,oahu,2026.02,NWI wetland centroid 2026,Centroid res8 from NWI wetland objectid 3142 polygon
WET_3143,8846495859fffff,8,oahu,2026.02,NWI wetland centroid 2026,Centroid res8 from NWI wetland objectid 3143 polygon
WET_3144,8846495859fffff,8,oahu,2026.02,NWI wetland centroid 2026,Centroid res8 from NWI wetland objectid 3144 polygon
WET_3145,8846495859fffff,8,oahu,2026.02,NWI wetland centroid 2026,Centroid res8 from NWI wetland objectid 3145 polygon
WET_3146,8846495859fffff,8,oahu,2026.02,NWI wetland centroid 2026,Centroid res8 from NWI wetland objectid 3146 polygon
WET_3147,8846495859fffff,8,oahu,2026.02,NWI wetland centroid 2026,Centroid res8 from NWI wetland objectid 3147 polygon
WET_3148,8846495a33fffff,8,oahu,2026.02,NWI wetland centroid 2026,Centroid res8 from NWI wetland objectid 3148 polygon
WET_3149,8846495a33fffff,8,oahu,2026.02,NWI wetland centroid 2026,Centroid res8 from NWI wetland objectid 3149 polygon
WET_3150,8846495a33fffff,8,oahu,2026.02,NWI wetland centroid 2026,Centroid res8 from NWI wetland objectid 3150 polygon
WET_3151,8846495a33fffff,8,oahu,2026.02,NWI wetland centroid 2026,Centroid res8 from NWI wetland objectid 3151 polygon
WET_3152,8846495a33fffff,8,oahu,2026.02,NWI wetland centroid 2026,Centroid res8 from NWI wetland objectid 3152 polygon
WET_3153,8846495a33fffff,8,oahu,2026.02,NWI wetland centroid 2026,Centroid res8 from NWI wetland objectid 3153 polygon
WET_3154,8846495859fffff,8,oahu,2026.02,NWI wetland centroid 2026,Centroid res8 from NWI wetland objectid 3154 polygon
WET_3155,88464b96e5fffff,8,oahu,2026.02,NWI wetland centroid 2026,Centroid res8 from NWI wetland objectid 3155 polygon
WET_3156,88464b963bfffff,8,oahu,2026.02,NWI wetland centroid 2026,Centroid res8 from NWI wetland objectid 3156 polygon
WET_3157,88464b963bfffff,8,oahu,2026.02,NWI wetland centroid 2026,Centroid res8 from NWI wetland objectid 3157 polygon
WET_3158,88464874cbfffff,8,oahu,2026.02,NWI wetland centroid 2026,Centroid res8 from NWI wetland objectid 3158 polygon
WET_3159,884648389dfffff,8,oahu,2026.02,NWI wetland centroid 2026,Centroid res8 from NWI wetland objectid 3159 polygon
WET_3160,88464831bbfffff,8,oahu,2026.02,NWI wetland centroid 2026,Centroid res8 from NWI wetland objectid 3160 polygon
WET_3161,8846495a33fffff,8,oahu,2026.02,NWI wetland centroid 2026,Centroid res8 from NWI wetland objectid 3161 polygon
WET_3162,8846495a33fffff,8,oahu,2026.02,NWI wetland centroid 2026,Centroid res8 from NWI wetland objectid 3162 polygon
WET_3163,8846495a33fffff,8,oahu,2026.02,NWI wetland centroid 2026,Centroid res8 from NWI wetland objectid 3163 polygon
WET_3164,8846495ae5fffff,8,oahu,2026.02,NWI wetland centroid 2026,Centroid res8 from NWI wetland objectid 3164 polygon
WET_3165,8846495aedfffff,8,oahu,2026.02,NWI wetland centroid 2026,Centroid res8 from NWI wetland objectid 3165 polygon
WET_3166,88464b96b7fffff,8,oahu,2026.02,NWI wetland centroid 2026,Centroid res8 from NWI wetland objectid 3166 polygon
WET_3167,88464b96b7fffff,8,oahu,2026.02,NWI wetland centroid 2026,Centroid res8 from NWI wetland objectid 3167 polygon
WET_3168,88464874c3fffff,8,oahu,2026.02,NWI wetland centroid 2026,Centroid res8 from NWI wetland objectid 3168 polygon
WET_3169,884649485bfffff,8,oahu,2026.02,NWI wetland centroid 2026,Centroid res8 from NWI wetland objectid 3169 polygon
WET_3170,8846494b15fffff,8,oahu,2026.02,NWI wetland centroid 2026,Centroid res8 from NWI wetland objectid 3170 polygon
WET_3171,8846494b15fffff,8,oahu,2026.02,NWI wetland centroid 2026,Centroid res8 from NWI wetland objectid 3171 polygon
WET_3172,88464b94d9fffff,8,oahu,2026.02,NWI wetland centroid 2026,Centroid res8 from NWI wetland objectid 3172 polygon
WET_3173,88464b94d9fffff,8,oahu,2026.02,NWI wetland centroid 2026,Centroid res8 from NWI wetland objectid 3173 polygon
WET_3174,88464b96b7fffff,8,oahu,2026.02,NWI wetland centroid 2026,Centroid res8 from NWI wetland objectid 3174 polygon
WET_3175,88464b96b7fffff,8,oahu,2026.02,NWI wetland centroid 2026,Centroid res8 from NWI wetland objectid 3175 polygon
WET_3176,88464b96b7fffff,8,oahu,2026.02,NWI wetland centroid 2026,Centroid res8 from NWI wetland objectid 3176 polygon
WET_3177,88464b96b7fffff,8,oahu,2026.02,NWI wetland centroid 2026,Centroid res8 from NWI wetland objectid 3177 polygon
WET_3178,88464b96b5fffff,8,oahu,2026.02,NWI wetland centroid 2026,Centroid res8 from NWI wetland objectid 3178 polygon
WET_3179,88464b96b5fffff,8,oahu,2026.02,NWI wetland centroid 2026,Centroid res8 from NWI wetland objectid 3179 polygon
WET_3180,88464b94d9fffff,8,oahu,2026.02,NWI wetland centroid 2026,Centroid res8 from NWI wetland objectid 3180 polygon
WET_3181,884649485bfffff,8,oahu,2026.02,NWI wetland centroid 2026,Centroid res8 from NWI wetland objectid 3181 polygon
WET_3182,8846494aedfffff,8,oahu,2026.02,NWI wetland centroid 2026,Centroid res8 from NWI wetland objectid 3182 polygon
WET_3183,88464b96b7fffff,8,oahu,2026.02,NWI wetland centroid 2026,Centroid res8 from NWI wetland objectid 3183 polygon
WET_3184,8846494b07fffff,8,oahu,2026.02,NWI wetland centroid 2026,Centroid res8 from NWI wetland objectid 3184 polygon
WET_3185,88464b9453fffff,8,oahu,2026.02,NWI wetland centroid 2026,Centroid res8 from NWI wetland objectid 3185 polygon
WET_3186,88464b9337fffff,8,oahu,2026.02,NWI wetland centroid 2026,Centroid res8 from NWI wetland objectid 3186 polygon
WET_3187,8846494addfffff,8,oahu,2026.02,NWI wetland centroid 2026,Centroid res8 from NWI wetland objectid 3187 polygon
WET_3188,88464b933dfffff,8,oahu,2026.02,NWI wetland centroid 2026,Centroid res8 from NWI wetland objectid 3188 polygon
WET_3189,88464958d1fffff,8,oahu,2026.02,NWI wetland centroid 2026,Centroid res8 from NWI wetland objectid 3189 polygon
WET_3190,884649584dfffff,8,oahu,2026.02,NWI wetland centroid 2026,Centroid res8 from NWI wetland objectid 3190 polygon
WET_3191,884649584dfffff,8,oahu,2026.02,NWI wetland centroid 2026,Centroid res8 from NWI wetland objectid 3191 polygon
WET_3192,8846495849fffff,8,oahu,2026.02,NWI wetland centroid 2026,Centroid res8 from NWI wetland objectid 3192 polygon
WET_3193,884649584dfffff,8,oahu,2026.02,NWI wetland centroid 2026,Centroid res8 from NWI wetland objectid 3193 polygon
WET_3194,8846495b1bfffff,8,oahu,2026.02,NWI wetland centroid 2026,Centroid res8 from NWI wetland objectid 3194 polygon
WET_3195,8846495a25fffff,8,oahu,2026.02,NWI wetland centroid 2026,Centroid res8 from NWI wetland objectid 3195 polygon
WET_3196,8846495a27fffff,8,oahu,2026.02,NWI wetland centroid 2026,Centroid res8 from NWI wetland objectid 3196 polygon
WET_3197,8846495a25fffff,8,oahu,2026.02,NWI wetland centroid 2026,Centroid res8 from NWI wetland objectid 3197 polygon
WET_3198,8846495a3dfffff,8,oahu,2026.02,NWI wetland centroid 2026,Centroid res8 from NWI wetland objectid 3198 polygon
WET_3199,8846495a3dfffff,8,oahu,2026.02,NWI wetland centroid 2026,Centroid res8 from NWI wetland objectid 3199 polygon
WET_3200,8846495a2bfffff,8,oahu,2026.02,NWI wetland centroid 2026,Centroid res8 from NWI wetland objectid 3200 polygon
WET_3201,8846495a2dfffff,8,oahu,2026.02,NWI wetland centroid 2026,Centroid res8 from NWI wetland objectid 3201 polygon
WET_3202,8846495a2dfffff,8,oahu,2026.02,NWI wetland centroid 2026,Centroid res8 from NWI wetland objectid 3202 polygon
WET_3203,8846495a2dfffff,8,oahu,2026.02,NWI wetland centroid 2026,Centroid res8 from NWI wetland objectid 3203 polygon
WET_3204,8846495b59fffff,8,oahu,2026.02,NWI wetland centroid 2026,Centroid res8 from NWI wetland objectid 3204 polygon
WET_3205,8846495b5bfffff,8,oahu,2026.02,NWI wetland centroid 2026,Centroid res8 from NWI wetland objectid 3205 polygon
WET_3206,8846495b59fffff,8,oahu,2026.02,NWI wetland centroid 2026,Centroid res8 from NWI wetland objectid 3206 polygon
WET_3207,8846495b59fffff,8,oahu,2026.02,NWI wetland centroid 2026,Centroid res8 from NWI wetland objectid 3207 polygon
WET_3208,88464825b7fffff,8,oahu,2026.02,NWI wetland centroid 2026,Centroid res8 from NWI wetland objectid 3208 polygon
WET_3209,88464825b7fffff,8,oahu,2026.02,NWI wetland centroid 2026,Centroid res8 from NWI wetland objectid 3209 polygon
WET_3210,88464825b7fffff,8,oahu,2026.02,NWI wetland centroid 2026,Centroid res8 from NWI wetland objectid 3210 polygon
WET_3211,88464825b7fffff,8,oahu,2026.02,NWI wetland centroid 2026,Centroid res8 from NWI wetland objectid 3211 polygon
WET_3212,88464825b5fffff,8,oahu,2026.02,NWI wetland centroid 2026,Centroid res8 from NWI wetland objectid 3212 polygon
WET_3213,88464825b5fffff,8,oahu,2026.02,NWI wetland centroid 2026,Centroid res8 from NWI wetland objectid 3213 polygon
WET_3214,88464825b5fffff,8,oahu,2026.02,NWI wetland centroid 2026,Centroid res8 from NWI wetland objectid 3214 polygon
WET_3215,88464825b7fffff,8,oahu,2026.02,NWI wetland centroid 2026,Centroid res8 from NWI wetland objectid 3215 polygon
WET_3216,88464825b5fffff,8,oahu,2026.02,NWI wetland centroid 2026,Centroid res8 from NWI wetland objectid 3216 polygon
WET_3217,88464825b1fffff,8,oahu,2026.02,NWI wetland centroid 2026,Centroid res8 from NWI wetland objectid 3217 polygon
WET_3218,88464825b1fffff,8,oahu,2026.02,NWI wetland centroid 2026,Centroid res8 from NWI wetland objectid 3218 polygon
WET_3219,88464825b5fffff,8,oahu,2026.02,NWI wetland centroid 2026,Centroid res8 from NWI wetland objectid 3219 polygon
WET_3220,88464825b5fffff,8,oahu,2026.02,NWI wetland centroid 2026,Centroid res8 from NWI wetland objectid 3220 polygon
WET_3221,88464825a3fffff,8,oahu,2026.02,NWI wetland centroid 2026,Centroid res8 from NWI wetland objectid 3221 polygon
WET_3222,88464825bdfffff,8,oahu,2026.02,NWI wetland centroid 2026,Centroid res8 from NWI wetland objectid 3222 polygon
WET_3223,8846495a05fffff,8,oahu,2026.02,NWI wetland centroid 2026,Centroid res8 from NWI wetland objectid 3223 polygon
WET_3224,88464825abfffff,8,oahu,2026.02,NWI wetland centroid 2026,Centroid res8 from NWI wetland objectid 3224 polygon
WET_3225,8846482585fffff,8,oahu,2026.02,NWI wetland centroid 2026,Centroid res8 from NWI wetland objectid 3225 polygon
WET_3226,88464825abfffff,8,oahu,2026.02,NWI wetland centroid 2026,Centroid res8 from NWI wetland objectid 3226 polygon
WET_3227,88464825a1fffff,8,oahu,2026.02,NWI wetland centroid 2026,Centroid res8 from NWI wetland objectid 3227 polygon
WET_3228,8846482427fffff,8,oahu,2026.02,NWI wetland centroid 2026,Centroid res8 from NWI wetland objectid 3228 polygon
WET_3229,8846483995fffff,8,oahu,2026.02,NWI wetland centroid 2026,Centroid res8 from NWI wetland objectid 3229 polygon
WET_3230,8846482a4dfffff,8,oahu,2026.02,NWI wetland centroid 2026,Centroid res8 from NWI wetland objectid 3230 polygon
WET_3231,88464b9453fffff,8,oahu,2026.02,NWI wetland centroid 2026,Centroid res8 from NWI wetland objectid 3231 polygon
WET_3232,8846494b35fffff,8,oahu,2026.02,NWI wetland centroid 2026,Centroid res8 from NWI wetland objectid 3232 polygon
WET_3233,88464b949bfffff,8,oahu,2026.02,NWI wetland centroid 2026,Centroid res8 from NWI wetland objectid 3233 polygon
WET_3234,8846494b25fffff,8,oahu,2026.02,NWI wetland centroid 2026,Centroid res8 from NWI wetland objectid 3234 polygon
WET_3235,8846494b25fffff,8,oahu,2026.02,NWI wetland centroid 2026,Centroid res8 from NWI wetland objectid 3235 polygon
WET_3236,8846494b2dfffff,8,oahu,2026.02,NWI wetland centroid 2026,Centroid res8 from NWI wetland objectid 3236 polygon
WET_3237,8846494b2dfffff,8,oahu,2026.02,NWI wetland centroid 2026,Centroid res8 from NWI wetland objectid 3237 polygon
WET_3238,88464b94dbfffff,8,oahu,2026.02,NWI wetland centroid 2026,Centroid res8 from NWI wetland objectid 3238 polygon
WET_3239,8846494849fffff,8,oahu,2026.02,NWI wetland centroid 2026,Centroid res8 from NWI wetland objectid 3239 polygon
WET_3240,8846494aedfffff,8,oahu,2026.02,NWI wetland centroid 2026,Centroid res8 from NWI wetland objectid 3240 polygon
WET_3241,88464b94d9fffff,8,oahu,2026.02,NWI wetland centroid 2026,Centroid res8 from NWI wetland objectid 3241 polygon
WET_3242,8846494a33fffff,8,oahu,2026.02,NWI wetland centroid 2026,Centroid res8 from NWI wetland objectid 3242 polygon
WET_3243,88464b96b7fffff,8,oahu,2026.02,NWI wetland centroid 2026,Centroid res8 from NWI wetland objectid 3243 polygon
WET_3244,88464b96b5fffff,8,oahu,2026.02,NWI wetland centroid 2026,Centroid res8 from NWI wetland objectid 3244 polygon
WET_3245,88464b9451fffff,8,oahu,2026.02,NWI wetland centroid 2026,Centroid res8 from NWI wetland objectid 3245 polygon
WET_3246,88464b945dfffff,8,oahu,2026.02,NWI wetland centroid 2026,Centroid res8 from NWI wetland objectid 3246 polygon
WET_3247,88464b9151fffff,8,oahu,2026.02,NWI wetland centroid 2026,Centroid res8 from NWI wetland objectid 3247 polygon
WET_3248,88464b9159fffff,8,oahu,2026.02,NWI wetland centroid 2026,Centroid res8 from NWI wetland objectid 3248 polygon
WET_3249,88464b9159fffff,8,oahu,2026.02,NWI wetland centroid 2026,Centroid res8 from NWI wetland objectid 3249 polygon
WET_3250,88464b9337fffff,8,oahu,2026.02,NWI wetland centroid 2026,Centroid res8 from NWI wetland objectid 3250 polygon
WET_3251,88464b9337fffff,8,oahu,2026.02,NWI wetland centroid 2026,Centroid res8 from NWI wetland objectid 3251 polygon
WET_3252,88464b933dfffff,8,oahu,2026.02,NWI wetland centroid 2026,Centroid res8 from NWI wetland objectid 3252 polygon
WET_3253,88464958d1fffff,8,oahu,2026.02,NWI wetland centroid 2026,Centroid res8 from NWI wetland objectid 3253 polygon
WET_3254,884649584dfffff,8,oahu,2026.02,NWI wetland centroid 2026,Centroid res8 from NWI wetland objectid 3254 polygon
WET_3255,884649584dfffff,8,oahu,2026.02,NWI wetland centroid 2026,Centroid res8 from NWI wetland objectid 3255 polygon
WET_3256,884649584dfffff,8,oahu,2026.02,NWI wetland centroid 2026,Centroid res8 from NWI wetland objectid 3256 polygon
WET_3257,8846495a15fffff,8,oahu,2026.02,NWI wetland centroid 2026,Centroid res8 from NWI wetland objectid 3257 polygon
WET_3258,88464874cbfffff,8,oahu,2026.02,NWI wetland centroid 2026,Centroid res8 from NWI wetland objectid 3258 polygon
WET_3259,88464876a7fffff,8,oahu,2026.02,NWI wetland centroid 2026,Centroid res8 from NWI wetland objectid 3259 polygon
WET_3260,8846494b25fffff,8,oahu,2026.02,NWI wetland centroid 2026,Centroid res8 from NWI wetland objectid 3260 polygon
WET_3261,8846494ae7fffff,8,oahu,2026.02,NWI wetland centroid 2026,Centroid res8 from NWI wetland objectid 3261 polygon
WET_3262,884649484dfffff,8,oahu,2026.02,NWI wetland centroid 2026,Centroid res8 from NWI wetland objectid 3262 polygon
WET_3263,8846494a3bfffff,8,oahu,2026.02,NWI wetland centroid 2026,Centroid res8 from NWI wetland objectid 3263 polygon
WET_3264,88464b96b7fffff,8,oahu,2026.02,NWI wetland centroid 2026,Centroid res8 from NWI wetland objectid 3264 polygon
WET_3265,88464b96a3fffff,8,oahu,2026.02,NWI wetland centroid 2026,Centroid res8 from NWI wetland objectid 3265 polygon
WET_3266,88464b9451fffff,8,oahu,2026.02,NWI wetland centroid 2026,Centroid res8 from NWI wetland objectid 3266 polygon
WET_3267,88464838b5fffff,8,oahu,2026.02,NWI wetland centroid 2026,Centroid res8 from NWI wetland objectid 3267 polygon
WET_3268,884649485bfffff,8,oahu,2026.02,NWI wetland centroid 2026,Centroid res8 from NWI wetland objectid 3268 polygon
WET_3269,884649485bfffff,8,oahu,2026.02,NWI wetland centroid 2026,Centroid res8 from NWI wetland objectid 3269 polygon
WET_3270,8846482a49fffff,8,oahu,2026.02,NWI wetland centroid 2026,Centroid res8 from NWI wetland objectid 3270 polygon
WET_3271,8846494b23fffff,8,oahu,2026.02,NWI wetland centroid 2026,Centroid res8 from NWI wetland objectid 3271 polygon
WET_3272,8846494b27fffff,8,oahu,2026.02,NWI wetland centroid 2026,Centroid res8 from NWI wetland objectid 3272 polygon
WET_3273,88464b94d9fffff,8,oahu,2026.02,NWI wetland centroid 2026,Centroid res8 from NWI wetland objectid 3273 polygon
WET_3274,88464b9151fffff,8,oahu,2026.02,NWI wetland centroid 2026,Centroid res8 from NWI wetland objectid 3274 polygon
WET_3275,88464b9159fffff,8,oahu,2026.02,NWI wetland centroid 2026,Centroid res8 from NWI wetland objectid 3275 polygon
WET_3276,88464b9159fffff,8,oahu,2026.02,NWI wetland centroid 2026,Centroid res8 from NWI wetland objectid 3276 polygon
WET_3277,88464b9337fffff,8,oahu,2026.02,NWI wetland centroid 2026,Centroid res8 from NWI wetland objectid 3277 polygon
WET_3278,8846495acdfffff,8,oahu,2026.02,NWI wetland centroid 2026,Centroid res8 from NWI wetland objectid 3278 polygon
WET_3279,8846483883fffff,8,oahu,2026.02,NWI wetland centroid 2026,Centroid res8 from NWI wetland objectid 3279 polygon
WET_3280,884648389dfffff,8,oahu,2026.02,NWI wetland centroid 2026,Centroid res8 from NWI wetland objectid 3280 polygon
WET_3281,8846483195fffff,8,oahu,2026.02,NWI wetland centroid 2026,Centroid res8 from NWI wetland objectid 3281 polygon
WET_3282,8846483193fffff,8,oahu,2026.02,NWI wetland centroid 2026,Centroid res8 from NWI wetland objectid 3282 polygon
WET_3283,884648319bfffff,8,oahu,2026.02,NWI wetland centroid 2026,Centroid res8 from NWI wetland objectid 3283 polygon
WET_3284,8846483191fffff,8,oahu,2026.02,NWI wetland centroid 2026,Centroid res8 from NWI wetland objectid 3284 polygon
WET_3285,884648319bfffff,8,oahu,2026.02,NWI wetland centroid 2026,Centroid res8 from NWI wetland objectid 3285 polygon
WET_3286,884648319bfffff,8,oahu,2026.02,NWI wetland centroid 2026,Centroid res8 from NWI wetland objectid 3286 polygon
WET_3287,884648319bfffff,8,oahu,2026.02,NWI wetland centroid 2026,Centroid res8 from NWI wetland objectid 3287 polygon
WET_3288,88464830b1fffff,8,oahu,2026.02,NWI wetland centroid 2026,Centroid res8 from NWI wetland objectid 3288 polygon
WET_3289,88464830a3fffff,8,oahu,2026.02,NWI wetland centroid 2026,Centroid res8 from NWI wetland objectid 3289 polygon
WET_3290,8846494b23fffff,8,oahu,2026.02,NWI wetland centroid 2026,Centroid res8 from NWI wetland objectid 3290 polygon
WET_3291,8846494b23fffff,8,oahu,2026.02,NWI wetland centroid 2026,Centroid res8 from NWI wetland objectid 3291 polygon
WET_3292,8846494b27fffff,8,oahu,2026.02,NWI wetland centroid 2026,Centroid res8 from NWI wetland objectid 3292 polygon
WET_3293,8846494b31fffff,8,oahu,2026.02,NWI wetland centroid 2026,Centroid res8 from NWI wetland objectid 3293 polygon
WET_3294,8846494b35fffff,8,oahu,2026.02,NWI wetland centroid 2026,Centroid res8 from NWI wetland objectid 3294 polygon
WET_3295,8846494a8dfffff,8,oahu,2026.02,NWI wetland centroid 2026,Centroid res8 from NWI wetland objectid 3295 polygon
WET_3296,8846494a8dfffff,8,oahu,2026.02,NWI wetland centroid 2026,Centroid res8 from NWI wetland objectid 3296 polygon
WET_3297,88464b91ddfffff,8,oahu,2026.02,NWI wetland centroid 2026,Centroid res8 from NWI wetland objectid 3297 polygon
WET_3298,88464b91ddfffff,8,oahu,2026.02,NWI wetland centroid 2026,Centroid res8 from NWI wetland objectid 3298 polygon
WET_3299,88464b91d9fffff,8,oahu,2026.02,NWI wetland centroid 2026,Centroid res8 from NWI wetland objectid 3299 polygon
WET_3300,88464b91d9fffff,8,oahu,2026.02,NWI wetland centroid 2026,Centroid res8 from NWI wetland objectid 3300 polygon
WET_3301,88464b91d9fffff,8,oahu,2026.02,NWI wetland centroid 2026,Centroid res8 from NWI wetland objectid 3301 polygon
WET_3302,88464b91d9fffff,8,oahu,2026.02,NWI wetland centroid 2026,Centroid res8 from NWI wetland objectid 3302 polygon
WET_3303,88464b91d9fffff,8,oahu,2026.02,NWI wetland centroid 2026,Centroid res8 from NWI wetland objectid 3303 polygon
WET_3304,88464b90e5fffff,8,oahu,2026.02,NWI wetland centroid 2026,Centroid res8 from NWI wetland objectid 3304 polygon
WET_3305,88464b90e7fffff,8,oahu,2026.02,NWI wetland centroid 2026,Centroid res8 from NWI wetland objectid 3305 polygon
WET_3306,88464b9089fffff,8,oahu,2026.02,NWI wetland centroid 2026,Centroid res8 from NWI wetland objectid 3306 polygon
WET_3307,88464b9111fffff,8,oahu,2026.02,NWI wetland centroid 2026,Centroid res8 from NWI wetland objectid 3307 polygon
WET_3308,88464b9157fffff,8,oahu,2026.02,NWI wetland centroid 2026,Centroid res8 from NWI wetland objectid 3308 polygon
WET_3309,884649411dfffff,8,oahu,2026.02,NWI wetland centroid 2026,Centroid res8 from NWI wetland objectid 3309 polygon
WET_3310,884649411dfffff,8,oahu,2026.02,NWI wetland centroid 2026,Centroid res8 from NWI wetland objectid 3310 polygon
WET_3311,884649411dfffff,8,oahu,2026.02,NWI wetland centroid 2026,Centroid res8 from NWI wetland objectid 3311 polygon
WET_3312,884649411dfffff,8,oahu,2026.02,NWI wetland centroid 2026,Centroid res8 from NWI wetland objectid 3312 polygon
WET_3313,884649411dfffff,8,oahu,2026.02,NWI wetland centroid 2026,Centroid res8 from NWI wetland objectid 3313 polygon
WET_3314,88464b9151fffff,8,oahu,2026.02,NWI wetland centroid 2026,Centroid res8 from NWI wetland objectid 3314 polygon
WET_3315,88464b9337fffff,8,oahu,2026.02,NWI wetland centroid 2026,Centroid res8 from NWI wetland objectid 3315 polygon
WET_3316,88464b9337fffff,8,oahu,2026.02,NWI wetland centroid 2026,Centroid res8 from NWI wetland objectid 3316 polygon
WET_3317,88464b9337fffff,8,oahu,2026.02,NWI wetland centroid 2026,Centroid res8 from NWI wetland objectid 3317 polygon
WET_3318,88464b9337fffff,8,oahu,2026.02,NWI wetland centroid 2026,Centroid res8 from NWI wetland objectid 3318 polygon
WET_3319,88464b9331fffff,8,oahu,2026.02,NWI wetland centroid 2026,Centroid res8 from NWI wetland objectid 3319 polygon
WET_3320,88464b933dfffff,8,oahu,2026.02,NWI wetland centroid 2026,Centroid res8 from NWI wetland objectid 3320 polygon
WET_3321,88464b933dfffff,8,oahu,2026.02,NWI wetland centroid 2026,Centroid res8 from NWI wetland objectid 3321 polygon
WET_3322,88464b9307fffff,8,oahu,2026.02,NWI wetland centroid 2026,Centroid res8 from NWI wetland objectid 3322 polygon
WET_3323,8846487489fffff,8,oahu,2026.02,NWI wetland centroid 2026,Centroid res8 from NWI wetland objectid 3323 polygon
WET_3324,88464874c3fffff,8,oahu,2026.02,NWI wetland centroid 2026,Centroid res8 from NWI wetland objectid 3324 polygon
WET_3325,88464874cbfffff,8,oahu,2026.02,NWI wetland centroid 2026,Centroid res8 from NWI wetland objectid 3325 polygon
WET_3326,88464876b5fffff,8,oahu,2026.02,NWI wetland centroid 2026,Centroid res8 from NWI wetland objectid 3326 polygon
WET_3327,88464838bdfffff,8,oahu,2026.02,NWI wetland centroid 2026,Centroid res8 from NWI wetland objectid 3327 polygon
WET_3328,8846483883fffff,8,oahu,2026.02,NWI wetland centroid 2026,Centroid res8 from NWI wetland objectid 3328 polygon
WET_3329,884648389dfffff,8,oahu,2026.02,NWI wetland centroid 2026,Centroid res8 from NWI wetland objectid 3329 polygon
WET_3330,884648319bfffff,8,oahu,2026.02,NWI wetland centroid 2026,Centroid res8 from NWI wetland objectid 3330 polygon
WET_3331,88464830a7fffff,8,oahu,2026.02,NWI wetland centroid 2026,Centroid res8 from NWI wetland objectid 3331 polygon
WET_3332,88464b9159fffff,8,oahu,2026.02,NWI wetland centroid 2026,Centroid res8 from NWI wetland objectid 3332 polygon
WET_3333,8846494aadfffff,8,oahu,2026.02,NWI wetland centroid 2026,Centroid res8 from NWI wetland objectid 3333 polygon
WET_3334,8846494aadfffff,8,oahu,2026.02,NWI wetland centroid 2026,Centroid res8 from NWI wetland objectid 3334 polygon
WET_3335,884649485bfffff,8,oahu,2026.02,NWI wetland centroid 2026,Centroid res8 from NWI wetland objectid 3335 polygon
WET_3336,8846494aadfffff,8,oahu,2026.02,NWI wetland centroid 2026,Centroid res8 from NWI wetland objectid 3336 polygon
WET_3337,884649485bfffff,8,oahu,2026.02,NWI wetland centroid 2026,Centroid res8 from NWI wetland objectid 3337 polygon
WET_3338,8846494aa9fffff,8,oahu,2026.02,NWI wetland centroid 2026,Centroid res8 from NWI wetland objectid 3338 polygon
WET_3339,8846494aa9fffff,8,oahu,2026.02,NWI wetland centroid 2026,Centroid res8 from NWI wetland objectid 3339 polygon
WET_3340,8846494a85fffff,8,oahu,2026.02,NWI wetland centroid 2026,Centroid res8 from NWI wetland objectid 3340 polygon
WET_3341,884649485bfffff,8,oahu,2026.02,NWI wetland centroid 2026,Centroid res8 from NWI wetland objectid 3341 polygon
WET_3342,8846494aedfffff,8,oahu,2026.02,NWI wetland centroid 2026,Centroid res8 from NWI wetland objectid 3342 polygon
WET_3343,88464b96b7fffff,8,oahu,2026.02,NWI wetland centroid 2026,Centroid res8 from NWI wetland objectid 3343 polygon
WET_3344,88464b96a3fffff,8,oahu,2026.02,NWI wetland centroid 2026,Centroid res8 from NWI wetland objectid 3344 polygon
WET_3345,88464b96a3fffff,8,oahu,2026.02,NWI wetland centroid 2026,Centroid res8 from NWI wetland objectid 3345 polygon
WET_3346,88464b96a7fffff,8,oahu,2026.02,NWI wetland centroid 2026,Centroid res8 from NWI wetland objectid 3346 polygon
WET_3347,88464b96a7fffff,8,oahu,2026.02,NWI wetland centroid 2026,Centroid res8 from NWI wetland objectid 3347 polygon
WET_3348,88464b91c1fffff,8,oahu,2026.02,NWI wetland centroid 2026,Centroid res8 from NWI wetland objectid 3348 polygon
WET_3349,88464b91cbfffff,8,oahu,2026.02,NWI wetland centroid 2026,Centroid res8 from NWI wetland objectid 3349 polygon
WET_3350,88464b9453fffff,8,oahu,2026.02,NWI wetland centroid 2026,Centroid res8 from NWI wetland objectid 3350 polygon
WET_3351,88464b908dfffff,8,oahu,2026.02,NWI wetland centroid 2026,Centroid res8 from NWI wetland objectid 3351 polygon
WET_3352,884649411dfffff,8,oahu,2026.02,NWI wetland centroid 2026,Centroid res8 from NWI wetland objectid 3352 polygon
WET_3353,884649411dfffff,8,oahu,2026.02,NWI wetland centroid 2026,Centroid res8 from NWI wetland objectid 3353 polygon
WET_3354,884649411dfffff,8,oahu,2026.02,NWI wetland centroid 2026,Centroid res8 from NWI wetland objectid 3354 polygon
WET_3355,88464b9159fffff,8,oahu,2026.02,NWI wetland centroid 2026,Centroid res8 from NWI wetland objectid 3355 polygon
WET_3356,88464958dbfffff,8,oahu,2026.02,NWI wetland centroid 2026,Centroid res8 from NWI wetland objectid 3356 polygon
WET_3357,88464958dbfffff,8,oahu,2026.02,NWI wetland centroid 2026,Centroid res8 from NWI wetland objectid 3357 polygon
WET_3358,8846495a81fffff,8,oahu,2026.02,NWI wetland centroid 2026,Centroid res8 from NWI wetland objectid 3358 polygon
WET_3359,8846495a03fffff,8,oahu,2026.02,NWI wetland centroid 2026,Centroid res8 from NWI wetland objectid 3359 polygon
WET_3360,8846495a03fffff,8,oahu,2026.02,NWI wetland centroid 2026,Centroid res8 from NWI wetland objectid 3360 polygon
WET_3361,88464876b5fffff,8,oahu,2026.02,NWI wetland centroid 2026,Centroid res8 from NWI wetland objectid 3361 polygon
WET_3362,88464874c9fffff,8,oahu,2026.02,NWI wetland centroid 2026,Centroid res8 from NWI wetland objectid 3362 polygon
WET_3363,88464874c9fffff,8,oahu,2026.02,NWI wetland centroid 2026,Centroid res8 from NWI wetland objectid 3363 polygon
WET_3364,88464874c9fffff,8,oahu,2026.02,NWI wetland centroid 2026,Centroid res8 from NWI wetland objectid 3364 polygon
WET_3365,88464874c9fffff,8,oahu,2026.02,NWI wetland centroid 2026,Centroid res8 from NWI wetland objectid 3365 polygon
WET_3366,88464874c9fffff,8,oahu,2026.02,NWI wetland centroid 2026,Centroid res8 from NWI wetland objectid 3366 polygon
WET_3367,88464876a3fffff,8,oahu,2026.02,NWI wetland centroid 2026,Centroid res8 from NWI wetland objectid 3367 polygon
WET_3368,88464876a3fffff,8,oahu,2026.02,NWI wetland centroid 2026,Centroid res8 from NWI wetland objectid 3368 polygon
WET_3369,88464876a3fffff,8,oahu,2026.02,NWI wetland centroid 2026,Centroid res8 from NWI wetland objectid 3369 polygon
WET_3370,88464876a3fffff,8,oahu,2026.02,NWI wetland centroid 2026,Centroid res8 from NWI wetland objectid 3370 polygon
WET_3371,88464876a3fffff,8,oahu,2026.02,NWI wetland centroid 2026,Centroid res8 from NWI wetland objectid 3371 polygon
WET_3372,88464876a3fffff,8,oahu,2026.02,NWI wetland centroid 2026,Centroid res8 from NWI wetland objectid 3372 polygon
WET_3373,88464876a3fffff,8,oahu,2026.02,NWI wetland centroid 2026,Centroid res8 from NWI wetland objectid 3373 polygon
WET_3374,88464876a3fffff,8,oahu,2026.02,NWI wetland centroid 2026,Centroid res8 from NWI wetland objectid 3374 polygon
WET_3375,88464876a3fffff,8,oahu,2026.02,NWI wetland centroid 2026,Centroid res8 from NWI wetland objectid 3375 polygon
WET_3376,88464876a1fffff,8,oahu,2026.02,NWI wetland centroid 2026,Centroid res8 from NWI wetland objectid 3376 polygon
WET_3377,88464876adfffff,8,oahu,2026.02,NWI wetland centroid 2026,Centroid res8 from NWI wetland objectid 3377 polygon
WET_3378,88464876adfffff,8,oahu,2026.02,NWI wetland centroid 2026,Centroid res8 from NWI wetland objectid 3378 polygon
WET_3379,88464876adfffff,8,oahu,2026.02,NWI wetland centroid 2026,Centroid res8 from NWI wetland objectid 3379 polygon
WET_3380,88464876adfffff,8,oahu,2026.02,NWI wetland centroid 2026,Centroid res8 from NWI wetland objectid 3380 polygon
WET_3381,88464876adfffff,8,oahu,2026.02,NWI wetland centroid 2026,Centroid res8 from NWI wetland objectid 3381 polygon
WET_3382,88464876adfffff,8,oahu,2026.02,NWI wetland centroid 2026,Centroid res8 from NWI wetland objectid 3382 polygon
WET_3383,88464876adfffff,8,oahu,2026.02,NWI wetland centroid 2026,Centroid res8 from NWI wetland objectid 3383 polygon
WET_3384,88464876adfffff,8,oahu,2026.02,NWI wetland centroid 2026,Centroid res8 from NWI wetland objectid 3384 polygon
WET_3385,88464876adfffff,8,oahu,2026.02,NWI wetland centroid 2026,Centroid res8 from NWI wetland objectid 3385 polygon
WET_3386,884648745bfffff,8,oahu,2026.02,NWI wetland centroid 2026,Centroid res8 from NWI wetland objectid 3386 polygon
WET_3387,884648745bfffff,8,oahu,2026.02,NWI wetland centroid 2026,Centroid res8 from NWI wetland objectid 3387 polygon
WET_3388,884648745bfffff,8,oahu,2026.02,NWI wetland centroid 2026,Centroid res8 from NWI wetland objectid 3388 polygon
WET_3389,884648745bfffff,8,oahu,2026.02,NWI wetland centroid 2026,Centroid res8 from NWI wetland objectid 3389 polygon
WET_3390,8846487459fffff,8,oahu,2026.02,NWI wetland centroid 2026,Centroid res8 from NWI wetland objectid 3390 polygon
WET_3391,8846487459fffff,8,oahu,2026.02,NWI wetland centroid 2026,Centroid res8 from NWI wetland objectid 3391 polygon
WET_3392,88464876edfffff,8,oahu,2026.02,NWI wetland centroid 2026,Centroid res8 from NWI wetland objectid 3392 polygon
WET_3393,88464838b5fffff,8,oahu,2026.02,NWI wetland centroid 2026,Centroid res8 from NWI wetland objectid 3393 polygon
WET_3394,88464838bdfffff,8,oahu,2026.02,NWI wetland centroid 2026,Centroid res8 from NWI wetland objectid 3394 polygon
WET_3395,884648389dfffff,8,oahu,2026.02,NWI wetland centroid 2026,Centroid res8 from NWI wetland objectid 3395 polygon
WET_3396,88464831bbfffff,8,oahu,2026.02,NWI wetland centroid 2026,Centroid res8 from NWI wetland objectid 3396 polygon
WET_3397,8846483195fffff,8,oahu,2026.02,NWI wetland centroid 2026,Centroid res8 from NWI wetland objectid 3397 polygon
WET_3398,8846483195fffff,8,oahu,2026.02,NWI wetland centroid 2026,Centroid res8 from NWI wetland objectid 3398 polygon
WET_3399,8846483191fffff,8,oahu,2026.02,NWI wetland centroid 2026,Centroid res8 from NWI wetland objectid 3399 polygon
WET_3400,8846483191fffff,8,oahu,2026.02,NWI wetland centroid 2026,Centroid res8 from NWI wetland objectid 3400 polygon
WET_3401,8846483193fffff,8,oahu,2026.02,NWI wetland centroid 2026,Centroid res8 from NWI wetland objectid 3401 polygon
WET_3402,884648319bfffff,8,oahu,2026.02,NWI wetland centroid 2026,Centroid res8 from NWI wetland objectid 3402 polygon
WET_3403,884648319bfffff,8,oahu,2026.02,NWI wetland centroid 2026,Centroid res8 from NWI wetland objectid 3403 polygon
WET_3404,88464830b5fffff,8,oahu,2026.02,NWI wetland centroid 2026,Centroid res8 from NWI wetland objectid 3404 polygon
WET_3405,88464b9337fffff,8,oahu,2026.02,NWI wetland centroid 2026,Centroid res8 from NWI wetland objectid 3405 polygon
WET_3406,88464838b5fffff,8,oahu,2026.02,NWI wetland centroid 2026,Centroid res8 from NWI wetland objectid 3406 polygon
WET_3407,88464b91c5fffff,8,oahu,2026.02,NWI wetland centroid 2026,Centroid res8 from NWI wetland objectid 3407 polygon
WET_3408,88464b91c5fffff,8,oahu,2026.02,NWI wetland centroid 2026,Centroid res8 from NWI wetland objectid 3408 polygon
WET_3409,88464b91c5fffff,8,oahu,2026.02,NWI wetland centroid 2026,Centroid res8 from NWI wetland objectid 3409 polygon
WET_3410,88464b91c1fffff,8,oahu,2026.02,NWI wetland centroid 2026,Centroid res8 from NWI wetland objectid 3410 polygon
WET_3411,88464b91c5fffff,8,oahu,2026.02,NWI wetland centroid 2026,Centroid res8 from NWI wetland objectid 3411 polygon
WET_3412,88464b9089fffff,8,oahu,2026.02,NWI wetland centroid 2026,Centroid res8 from NWI wetland objectid 3412 polygon
WET_3413,88464b9113fffff,8,oahu,2026.02,NWI wetland centroid 2026,Centroid res8 from NWI wetland objectid 3413 polygon
WET_3414,88464b9119fffff,8,oahu,2026.02,NWI wetland centroid 2026,Centroid res8 from NWI wetland objectid 3414 polygon
WET_3415,88464b9157fffff,8,oahu,2026.02,NWI wetland centroid 2026,Centroid res8 from NWI wetland objectid 3415 polygon
WET_3416,88464b9157fffff,8,oahu,2026.02,NWI wetland centroid 2026,Centroid res8 from NWI wetland objectid 3416 polygon
WET_3417,88464b9151fffff,8,oahu,2026.02,NWI wetland centroid 2026,Centroid res8 from NWI wetland objectid 3417 polygon
WET_3418,88464b9151fffff,8,oahu,2026.02,NWI wetland centroid 2026,Centroid res8 from NWI wetland objectid 3418 polygon
WET_3419,88464b9159fffff,8,oahu,2026.02,NWI wetland centroid 2026,Centroid res8 from NWI wetland objectid 3419 polygon
WET_3420,88464b9337fffff,8,oahu,2026.02,NWI wetland centroid 2026,Centroid res8 from NWI wetland objectid 3420 polygon
WET_3421,88464b9337fffff,8,oahu,2026.02,NWI wetland centroid 2026,Centroid res8 from NWI wetland objectid 3421 polygon
WET_3422,88464b9337fffff,8,oahu,2026.02,NWI wetland centroid 2026,Centroid res8 from NWI wetland objectid 3422 polygon
WET_3423,88464b9337fffff,8,oahu,2026.02,NWI wetland centroid 2026,Centroid res8 from NWI wetland objectid 3423 polygon
WET_3424,88464b9305fffff,8,oahu,2026.02,NWI wetland centroid 2026,Centroid res8 from NWI wetland objectid 3424 polygon
WET_3425,88464b9305fffff,8,oahu,2026.02,NWI wetland centroid 2026,Centroid res8 from NWI wetland objectid 3425 polygon
WET_3426,88464b9305fffff,8,oahu,2026.02,NWI wetland centroid 2026,Centroid res8 from NWI wetland objectid 3426 polygon
WET_3427,88464874c3fffff,8,oahu,2026.02,NWI wetland centroid 2026,Centroid res8 from NWI wetland objectid 3427 polygon
WET_3428,88464874c3fffff,8,oahu,2026.02,NWI wetland centroid 2026,Centroid res8 from NWI wetland objectid 3428 polygon
WET_3429,88464876b5fffff,8,oahu,2026.02,NWI wetland centroid 2026,Centroid res8 from NWI wetland objectid 3429 polygon
WET_3430,88464876b5fffff,8,oahu,2026.02,NWI wetland centroid 2026,Centroid res8 from NWI wetland objectid 3430 polygon
WET_3431,88464874c9fffff,8,oahu,2026.02,NWI wetland centroid 2026,Centroid res8 from NWI wetland objectid 3431 polygon
WET_3432,88464874c9fffff,8,oahu,2026.02,NWI wetland centroid 2026,Centroid res8 from NWI wetland objectid 3432 polygon
WET_3433,88464874c9fffff,8,oahu,2026.02,NWI wetland centroid 2026,Centroid res8 from NWI wetland objectid 3433 polygon
WET_3434,88464874c9fffff,8,oahu,2026.02,NWI wetland centroid 2026,Centroid res8 from NWI wetland objectid 3434 polygon
WET_3435,88464874c9fffff,8,oahu,2026.02,NWI wetland centroid 2026,Centroid res8 from NWI wetland objectid 3435 polygon
WET_3436,88464876a3fffff,8,oahu,2026.02,NWI wetland centroid 2026,Centroid res8 from NWI wetland objectid 3436 polygon
WET_3437,88464876a3fffff,8,oahu,2026.02,NWI wetland centroid 2026,Centroid res8 from NWI wetland objectid 3437 polygon
WET_3438,88464876a3fffff,8,oahu,2026.02,NWI wetland centroid 2026,Centroid res8 from NWI wetland objectid 3438 polygon
WET_3439,88464876a3fffff,8,oahu,2026.02,NWI wetland centroid 2026,Centroid res8 from NWI wetland objectid 3439 polygon
WET_3440,88464876a3fffff,8,oahu,2026.02,NWI wetland centroid 2026,Centroid res8 from NWI wetland objectid 3440 polygon
WET_3441,88464876adfffff,8,oahu,2026.02,NWI wetland centroid 2026,Centroid res8 from NWI wetland objectid 3441 polygon
WET_3442,88464876adfffff,8,oahu,2026.02,NWI wetland centroid 2026,Centroid res8 from NWI wetland objectid 3442 polygon
WET_3443,884648745bfffff,8,oahu,2026.02,NWI wetland centroid 2026,Centroid res8 from NWI wetland objectid 3443 polygon
WET_3444,884648745bfffff,8,oahu,2026.02,NWI wetland centroid 2026,Centroid res8 from NWI wetland objectid 3444 polygon
WET_3445,884648745bfffff,8,oahu,2026.02,NWI wetland centroid 2026,Centroid res8 from NWI wetland objectid 3445 polygon
WET_3446,884648745bfffff,8,oahu,2026.02,NWI wetland centroid 2026,Centroid res8 from NWI wetland objectid 3446 polygon
WET_3447,884648745bfffff,8,oahu,2026.02,NWI wetland centroid 2026,Centroid res8 from NWI wetland objectid 3447 polygon
WET_3448,884648745bfffff,8,oahu,2026.02,NWI wetland centroid 2026,Centroid res8 from NWI wetland objectid 3448 polygon
WET_3449,8846487459fffff,8,oahu,2026.02,NWI wetland centroid 2026,Centroid res8 from NWI wetland objectid 3449 polygon
WET_3450,8846487459fffff,8,oahu,2026.02,NWI wetland centroid 2026,Centroid res8 from NWI wetland objectid 3450 polygon
WET_3451,8846482a49fffff,8,oahu,2026.02,NWI wetland centroid 2026,Centroid res8 from NWI wetland objectid 3451 polygon
WET_3452,88464838bdfffff,8,oahu,2026.02,NWI wetland centroid 2026,Centroid res8 from NWI wetland objectid 3452 polygon
WET_3453,88464838b9fffff,8,oahu,2026.02,NWI wetland centroid 2026,Centroid res8 from NWI wetland objectid 3453 polygon
WET_3454,8846483883fffff,8,oahu,2026.02,NWI wetland centroid 2026,Centroid res8 from NWI wetland objectid 3454 polygon
WET_3455,88464830a7fffff,8,oahu,2026.02,NWI wetland centroid 2026,Centroid res8 from NWI wetland objectid 3455 polygon
WET_3456,88464830a7fffff,8,oahu,2026.02,NWI wetland centroid 2026,Centroid res8 from NWI wetland objectid 3456 polygon
WET_3457,88464830b1fffff,8,oahu,2026.02,NWI wetland centroid 2026,Centroid res8 from NWI wetland objectid 3457 polygon
WET_3458,88464830b1fffff,8,oahu,2026.02,NWI wetland centroid 2026,Centroid res8 from NWI wetland objectid 3458 polygon
WET_3459,88464830a3fffff,8,oahu,2026.02,NWI wetland centroid 2026,Centroid res8 from NWI wetland objectid 3459 polygon
WET_3460,88464830a3fffff,8,oahu,2026.02,NWI wetland centroid 2026,Centroid res8 from NWI wetland objectid 3460 polygon
WET_3461,88464b9111fffff,8,oahu,2026.02,NWI wetland centroid 2026,Centroid res8 from NWI wetland objectid 3461 polygon
WET_3462,88464b9151fffff,8,oahu,2026.02,NWI wetland centroid 2026,Centroid res8 from NWI wetland objectid 3462 polygon
WET_3463,88464b9151fffff,8,oahu,2026.02,NWI wetland centroid 2026,Centroid res8 from NWI wetland objectid 3463 polygon
WET_3464,88464b9151fffff,8,oahu,2026.02,NWI wetland centroid 2026,Centroid res8 from NWI wetland objectid 3464 polygon
WET_3465,88464b9151fffff,8,oahu,2026.02,NWI wetland centroid 2026,Centroid res8 from NWI wetland objectid 3465 polygon
WET_3466,88464b9151fffff,8,oahu,2026.02,NWI wetland centroid 2026,Centroid res8 from NWI wetland objectid 3466 polygon
WET_3467,88464b9159fffff,8,oahu,2026.02,NWI wetland centroid 2026,Centroid res8 from NWI wetland objectid 3467 polygon
WET_3468,88464b9159fffff,8,oahu,2026.02,NWI wetland centroid 2026,Centroid res8 from NWI wetland objectid 3468 polygon
WET_3469,88464b9159fffff,8,oahu,2026.02,NWI wetland centroid 2026,Centroid res8 from NWI wetland objectid 3469 polygon
WET_3470,88464b9159fffff,8,oahu,2026.02,NWI wetland centroid 2026,Centroid res8 from NWI wetland objectid 3470 polygon
WET_3471,88464b9159fffff,8,oahu,2026.02,NWI wetland centroid 2026,Centroid res8 from NWI wetland objectid 3471 polygon
WET_3472,88464b9159fffff,8,oahu,2026.02,NWI wetland centroid 2026,Centroid res8 from NWI wetland objectid 3472 polygon
WET_3473,88464b9159fffff,8,oahu,2026.02,NWI wetland centroid 2026,Centroid res8 from NWI wetland objectid 3473 polygon
WET_3474,88464b9337fffff,8,oahu,2026.02,NWI wetland centroid 2026,Centroid res8 from NWI wetland objectid 3474 polygon
WET_3475,88464b9337fffff,8,oahu,2026.02,NWI wetland centroid 2026,Centroid res8 from NWI wetland objectid 3475 polygon
WET_3476,88464b9337fffff,8,oahu,2026.02,NWI wetland centroid 2026,Centroid res8 from NWI wetland objectid 3476 polygon
WET_3477,88464b945dfffff,8,oahu,2026.02,NWI wetland centroid 2026,Centroid res8 from NWI wetland objectid 3477 polygon
WET_3478,8846495855fffff,8,oahu,2026.02,NWI wetland centroid 2026,Centroid res8 from NWI wetland objectid 3478 polygon
WET_3479,8846495855fffff,8,oahu,2026.02,NWI wetland centroid 2026,Centroid res8 from NWI wetland objectid 3479 polygon
WET_3480,8846495855fffff,8,oahu,2026.02,NWI wetland centroid 2026,Centroid res8 from NWI wetland objectid 3480 polygon
WET_3481,884649585dfffff,8,oahu,2026.02,NWI wetland centroid 2026,Centroid res8 from NWI wetland objectid 3481 polygon
WET_3482,8846495a33fffff,8,oahu,2026.02,NWI wetland centroid 2026,Centroid res8 from NWI wetland objectid 3482 polygon
WET_3483,8846494b27fffff,8,oahu,2026.02,NWI wetland centroid 2026,Centroid res8 from NWI wetland objectid 3483 polygon
WET_3484,8846494b27fffff,8,oahu,2026.02,NWI wetland centroid 2026,Centroid res8 from NWI wetland objectid 3484 polygon
WET_3485,8846494b23fffff,8,oahu,2026.02,NWI wetland centroid 2026,Centroid res8 from NWI wetland objectid 3485 polygon
WET_3486,8846494b27fffff,8,oahu,2026.02,NWI wetland centroid 2026,Centroid res8 from NWI wetland objectid 3486 polygon
WET_3487,8846494b25fffff,8,oahu,2026.02,NWI wetland centroid 2026,Centroid res8 from NWI wetland objectid 3487 polygon
WET_3488,8846494b25fffff,8,oahu,2026.02,NWI wetland centroid 2026,Centroid res8 from NWI wetland objectid 3488 polygon
WET_3489,8846494b25fffff,8,oahu,2026.02,NWI wetland centroid 2026,Centroid res8 from NWI wetland objectid 3489 polygon
WET_3490,8846494b25fffff,8,oahu,2026.02,NWI wetland centroid 2026,Centroid res8 from NWI wetland objectid 3490 polygon
WET_3491,8846494b25fffff,8,oahu,2026.02,NWI wetland centroid 2026,Centroid res8 from NWI wetland objectid 3491 polygon
WET_3492,8846494b25fffff,8,oahu,2026.02,NWI wetland centroid 2026,Centroid res8 from NWI wetland objectid 3492 polygon
WET_3493,8846494b2dfffff,8,oahu,2026.02,NWI wetland centroid 2026,Centroid res8 from NWI wetland objectid 3493 polygon
WET_3494,884649485bfffff,8,oahu,2026.02,NWI wetland centroid 2026,Centroid res8 from NWI wetland objectid 3494 polygon
WET_3495,8846494b2dfffff,8,oahu,2026.02,NWI wetland centroid 2026,Centroid res8 from NWI wetland objectid 3495 polygon
WET_3496,8846494b2dfffff,8,oahu,2026.02,NWI wetland centroid 2026,Centroid res8 from NWI wetland objectid 3496 polygon
WET_3497,8846494b2dfffff,8,oahu,2026.02,NWI wetland centroid 2026,Centroid res8 from NWI wetland objectid 3497 polygon
WET_3498,88464b94dbfffff,8,oahu,2026.02,NWI wetland centroid 2026,Centroid res8 from NWI wetland objectid 3498 polygon
WET_3499,88464b94dbfffff,8,oahu,2026.02,NWI wetland centroid 2026,Centroid res8 from NWI wetland objectid 3499 polygon
WET_3500,8846494aedfffff,8,oahu,2026.02,NWI wetland centroid 2026,Centroid res8 from NWI wetland objectid 3500 polygon
WET_3501,88464b94dbfffff,8,oahu,2026.02,NWI wetland centroid 2026,Centroid res8 from NWI wetland objectid 3501 polygon
WET_3502,88464b94d9fffff,8,oahu,2026.02,NWI wetland centroid 2026,Centroid res8 from NWI wetland objectid 3502 polygon
WET_3503,8846494aedfffff,8,oahu,2026.02,NWI wetland centroid 2026,Centroid res8 from NWI wetland objectid 3503 polygon
WET_3504,8846494aedfffff,8,oahu,2026.02,NWI wetland centroid 2026,Centroid res8 from NWI wetland objectid 3504 polygon
WET_3505,8846494aedfffff,8,oahu,2026.02,NWI wetland centroid 2026,Centroid res8 from NWI wetland objectid 3505 polygon
WET_3506,88464b94d9fffff,8,oahu,2026.02,NWI wetland centroid 2026,Centroid res8 from NWI wetland objectid 3506 polygon
WET_3507,88464b96b7fffff,8,oahu,2026.02,NWI wetland centroid 2026,Centroid res8 from NWI wetland objectid 3507 polygon
WET_3508,8846494a3bfffff,8,oahu,2026.02,NWI wetland centroid 2026,Centroid res8 from NWI wetland objectid 3508 polygon
WET_3509,88464b94d9fffff,8,oahu,2026.02,NWI wetland centroid 2026,Centroid res8 from NWI wetland objectid 3509 polygon
WET_3510,88464b96b7fffff,8,oahu,2026.02,NWI wetland centroid 2026,Centroid res8 from NWI wetland objectid 3510 polygon
WET_3511,88464b96b5fffff,8,oahu,2026.02,NWI wetland centroid 2026,Centroid res8 from NWI wetland objectid 3511 polygon
WET_3512,88464b91c1fffff,8,oahu,2026.02,NWI wetland centroid 2026,Centroid res8 from NWI wetland objectid 3512 polygon
WET_3513,88464b96a5fffff,8,oahu,2026.02,NWI wetland centroid 2026,Centroid res8 from NWI wetland objectid 3513 polygon
WET_3514,88464b9453fffff,8,oahu,2026.02,NWI wetland centroid 2026,Centroid res8 from NWI wetland objectid 3514 polygon
WET_3515,88464b91d9fffff,8,oahu,2026.02,NWI wetland centroid 2026,Centroid res8 from NWI wetland objectid 3515 polygon
WET_3516,88464b96adfffff,8,oahu,2026.02,NWI wetland centroid 2026,Centroid res8 from NWI wetland objectid 3516 polygon
WET_3517,88464b90e5fffff,8,oahu,2026.02,NWI wetland centroid 2026,Centroid res8 from NWI wetland objectid 3517 polygon
WET_3518,88464b9111fffff,8,oahu,2026.02,NWI wetland centroid 2026,Centroid res8 from NWI wetland objectid 3518 polygon
WET_3519,88464b908dfffff,8,oahu,2026.02,NWI wetland centroid 2026,Centroid res8 from NWI wetland objectid 3519 polygon
WET_3520,88464b9451fffff,8,oahu,2026.02,NWI wetland centroid 2026,Centroid res8 from NWI wetland objectid 3520 polygon
WET_3521,88464b9451fffff,8,oahu,2026.02,NWI wetland centroid 2026,Centroid res8 from NWI wetland objectid 3521 polygon
WET_3522,88464b9451fffff,8,oahu,2026.02,NWI wetland centroid 2026,Centroid res8 from NWI wetland objectid 3522 polygon
WET_3523,88464b9451fffff,8,oahu,2026.02,NWI wetland centroid 2026,Centroid res8 from NWI wetland objectid 3523 polygon
WET_3524,88464b9459fffff,8,oahu,2026.02,NWI wetland centroid 2026,Centroid res8 from NWI wetland objectid 3524 polygon
WET_3525,88464b9151fffff,8,oahu,2026.02,NWI wetland centroid 2026,Centroid res8 from NWI wetland objectid 3525 polygon
WET_3526,88464b9159fffff,8,oahu,2026.02,NWI wetland centroid 2026,Centroid res8 from NWI wetland objectid 3526 polygon
WET_3527,88464b9159fffff,8,oahu,2026.02,NWI wetland centroid 2026,Centroid res8 from NWI wetland objectid 3527 polygon
WET_3528,88464b9159fffff,8,oahu,2026.02,NWI wetland centroid 2026,Centroid res8 from NWI wetland objectid 3528 polygon
WET_3529,88464b9337fffff,8,oahu,2026.02,NWI wetland centroid 2026,Centroid res8 from NWI wetland objectid 3529 polygon
WET_3530,88464b9337fffff,8,oahu,2026.02,NWI wetland centroid 2026,Centroid res8 from NWI wetland objectid 3530 polygon
WET_3531,88464b9337fffff,8,oahu,2026.02,NWI wetland centroid 2026,Centroid res8 from NWI wetland objectid 3531 polygon
WET_3532,88464b9337fffff,8,oahu,2026.02,NWI wetland centroid 2026,Centroid res8 from NWI wetland objectid 3532 polygon
WET_3533,88464b9337fffff,8,oahu,2026.02,NWI wetland centroid 2026,Centroid res8 from NWI wetland objectid 3533 polygon
WET_3534,88464b933dfffff,8,oahu,2026.02,NWI wetland centroid 2026,Centroid res8 from NWI wetland objectid 3534 polygon
WET_3535,88464b9307fffff,8,oahu,2026.02,NWI wetland centroid 2026,Centroid res8 from NWI wetland objectid 3535 polygon
WET_3536,88464b9307fffff,8,oahu,2026.02,NWI wetland centroid 2026,Centroid res8 from NWI wetland objectid 3536 polygon
WET_3537,88464b9305fffff,8,oahu,2026.02,NWI wetland centroid 2026,Centroid res8 from NWI wetland objectid 3537 polygon
WET_3538,8846495849fffff,8,oahu,2026.02,NWI wetland centroid 2026,Centroid res8 from NWI wetland objectid 3538 polygon
WET_3539,8846495a3dfffff,8,oahu,2026.02,NWI wetland centroid 2026,Centroid res8 from NWI wetland objectid 3539 polygon
WET_3540,8846495a3dfffff,8,oahu,2026.02,NWI wetland centroid 2026,Centroid res8 from NWI wetland objectid 3540 polygon
WET_3541,8846495a07fffff,8,oahu,2026.02,NWI wetland centroid 2026,Centroid res8 from NWI wetland objectid 3541 polygon
WET_3542,8846495a07fffff,8,oahu,2026.02,NWI wetland centroid 2026,Centroid res8 from NWI wetland objectid 3542 polygon
WET_3543,8846495a03fffff,8,oahu,2026.02,NWI wetland centroid 2026,Centroid res8 from NWI wetland objectid 3543 polygon
WET_3544,88464825e1fffff,8,oahu,2026.02,NWI wetland centroid 2026,Centroid res8 from NWI wetland objectid 3544 polygon
WET_3545,8846487481fffff,8,oahu,2026.02,NWI wetland centroid 2026,Centroid res8 from NWI wetland objectid 3545 polygon
WET_3546,88464825c7fffff,8,oahu,2026.02,NWI wetland centroid 2026,Centroid res8 from NWI wetland objectid 3546 polygon
WET_3547,88464874cbfffff,8,oahu,2026.02,NWI wetland centroid 2026,Centroid res8 from NWI wetland objectid 3547 polygon
WET_3548,88464876b5fffff,8,oahu,2026.02,NWI wetland centroid 2026,Centroid res8 from NWI wetland objectid 3548 polygon
WET_3549,88464876a3fffff,8,oahu,2026.02,NWI wetland centroid 2026,Centroid res8 from NWI wetland objectid 3549 polygon
WET_3550,88464876a1fffff,8,oahu,2026.02,NWI wetland centroid 2026,Centroid res8 from NWI wetland objectid 3550 polygon
WET_3551,8846482a49fffff,8,oahu,2026.02,NWI wetland centroid 2026,Centroid res8 from NWI wetland objectid 3551 polygon
WET_3552,88464838b5fffff,8,oahu,2026.02,NWI wetland centroid 2026,Centroid res8 from NWI wetland objectid 3552 polygon
WET_3553,88464838b5fffff,8,oahu,2026.02,NWI wetland centroid 2026,Centroid res8 from NWI wetland objectid 3553 polygon
WET_3554,88464838b5fffff,8,oahu,2026.02,NWI wetland centroid 2026,Centroid res8 from NWI wetland objectid 3554 polygon
WET_3555,88464838b5fffff,8,oahu,2026.02,NWI wetland centroid 2026,Centroid res8 from NWI wetland objectid 3555 polygon
WET_3556,88464838bdfffff,8,oahu,2026.02,NWI wetland centroid 2026,Centroid res8 from NWI wetland objectid 3556 polygon
WET_3557,88464838bdfffff,8,oahu,2026.02,NWI wetland centroid 2026,Centroid res8 from NWI wetland objectid 3557 polygon
WET_3558,88464838bdfffff,8,oahu,2026.02,NWI wetland centroid 2026,Centroid res8 from NWI wetland objectid 3558 polygon
WET_3559,8846483887fffff,8,oahu,2026.02,NWI wetland centroid 2026,Centroid res8 from NWI wetland objectid 3559 polygon
WET_3560,88464838b9fffff,8,oahu,2026.02,NWI wetland centroid 2026,Centroid res8 from NWI wetland objectid 3560 polygon
WET_3561,8846483883fffff,8,oahu,2026.02,NWI wetland centroid 2026,Centroid res8 from NWI wetland objectid 3561 polygon
WET_3562,884648389dfffff,8,oahu,2026.02,NWI wetland centroid 2026,Centroid res8 from NWI wetland objectid 3562 polygon
WET_3563,8846483195fffff,8,oahu,2026.02,NWI wetland centroid 2026,Centroid res8 from NWI wetland objectid 3563 polygon
WET_3564,8846483191fffff,8,oahu,2026.02,NWI wetland centroid 2026,Centroid res8 from NWI wetland objectid 3564 polygon
WET_3565,8846483193fffff,8,oahu,2026.02,NWI wetland centroid 2026,Centroid res8 from NWI wetland objectid 3565 polygon
WET_3566,8846483191fffff,8,oahu,2026.02,NWI wetland centroid 2026,Centroid res8 from NWI wetland objectid 3566 polygon
WET_3567,88464830a7fffff,8,oahu,2026.02,NWI wetland centroid 2026,Centroid res8 from NWI wetland objectid 3567 polygon
WET_3568,884648319bfffff,8,oahu,2026.02,NWI wetland centroid 2026,Centroid res8 from NWI wetland objectid 3568 polygon
WET_3569,88464830b5fffff,8,oahu,2026.02,NWI wetland centroid 2026,Centroid res8 from NWI wetland objectid 3569 polygon
WET_3570,88464b91c5fffff,8,oahu,2026.02,NWI wetland centroid 2026,Centroid res8 from NWI wetland objectid 3570 polygon
WET_3571,88464b91c1fffff,8,oahu,2026.02,NWI wetland centroid 2026,Centroid res8 from NWI wetland objectid 3571 polygon
WET_3572,88464b9113fffff,8,oahu,2026.02,NWI wetland centroid 2026,Centroid res8 from NWI wetland objectid 3572 polygon
WET_3573,88464b91d9fffff,8,oahu,2026.02,NWI wetland centroid 2026,Centroid res8 from NWI wetland objectid 3573 polygon
WET_3574,88464b9113fffff,8,oahu,2026.02,NWI wetland centroid 2026,Centroid res8 from NWI wetland objectid 3574 polygon
WET_3575,88464b90e7fffff,8,oahu,2026.02,NWI wetland centroid 2026,Centroid res8 from NWI wetland objectid 3575 polygon
WET_3576,88464b908dfffff,8,oahu,2026.02,NWI wetland centroid 2026,Centroid res8 from NWI wetland objectid 3576 polygon
WET_3577,88464b9157fffff,8,oahu,2026.02,NWI wetland centroid 2026,Centroid res8 from NWI wetland objectid 3577 polygon
WET_3578,88464b9151fffff,8,oahu,2026.02,NWI wetland centroid 2026,Centroid res8 from NWI wetland objectid 3578 polygon
WET_3579,884649411dfffff,8,oahu,2026.02,NWI wetland centroid 2026,Centroid res8 from NWI wetland objectid 3579 polygon
WET_3580,88464b9151fffff,8,oahu,2026.02,NWI wetland centroid 2026,Centroid res8 from NWI wetland objectid 3580 polygon
WET_3581,88464b9159fffff,8,oahu,2026.02,NWI wetland centroid 2026,Centroid res8 from NWI wetland objectid 3581 polygon
WET_3582,88464b9159fffff,8,oahu,2026.02,NWI wetland centroid 2026,Centroid res8 from NWI wetland objectid 3582 polygon
WET_3583,88464b9337fffff,8,oahu,2026.02,NWI wetland centroid 2026,Centroid res8 from NWI wetland objectid 3583 polygon
WET_3584,88464b9337fffff,8,oahu,2026.02,NWI wetland centroid 2026,Centroid res8 from NWI wetland objectid 3584 polygon
WET_3585,88464b9337fffff,8,oahu,2026.02,NWI wetland centroid 2026,Centroid res8 from NWI wetland objectid 3585 polygon
WET_3586,88464b933dfffff,8,oahu,2026.02,NWI wetland centroid 2026,Centroid res8 from NWI wetland objectid 3586 polygon
WET_3587,88464b9307fffff,8,oahu,2026.02,NWI wetland centroid 2026,Centroid res8 from NWI wetland objectid 3587 polygon
WET_3588,8846495a33fffff,8,oahu,2026.02,NWI wetland centroid 2026,Centroid res8 from NWI wetland objectid 3588 polygon
WET_3589,8846495a07fffff,8,oahu,2026.02,NWI wetland centroid 2026,Centroid res8 from NWI wetland objectid 3589 polygon
WET_3590,8846487481fffff,8,oahu,2026.02,NWI wetland centroid 2026,Centroid res8 from NWI wetland objectid 3590 polygon
WET_3591,8846487489fffff,8,oahu,2026.02,NWI wetland centroid 2026,Centroid res8 from NWI wetland objectid 3591 polygon
WET_3592,88464874cbfffff,8,oahu,2026.02,NWI wetland centroid 2026,Centroid res8 from NWI wetland objectid 3592 polygon
WET_3593,88464874cbfffff,8,oahu,2026.02,NWI wetland centroid 2026,Centroid res8 from NWI wetland objectid 3593 polygon
WET_3594,88464876a3fffff,8,oahu,2026.02,NWI wetland centroid 2026,Centroid res8 from NWI wetland objectid 3594 polygon
WET_3595,88464876a1fffff,8,oahu,2026.02,NWI wetland centroid 2026,Centroid res8 from NWI wetland objectid 3595 polygon
WET_3596,88464838b9fffff,8,oahu,2026.02,NWI wetland centroid 2026,Centroid res8 from NWI wetland objectid 3596 polygon
WET_3597,884648319bfffff,8,oahu,2026.02,NWI wetland centroid 2026,Centroid res8 from NWI wetland objectid 3597 polygon
WET_3598,88464830a7fffff,8,oahu,2026.02,NWI wetland centroid 2026,Centroid res8 from NWI wetland objectid 3598 polygon
WET_3599,88464830b5fffff,8,oahu,2026.02,NWI wetland centroid 2026,Centroid res8 from NWI wetland objectid 3599 polygon
WET_3600,88464b911bfffff,8,oahu,2026.02,NWI wetland centroid 2026,Centroid res8 from NWI wetland objectid 3600 polygon
WET_3601,88464b9119fffff,8,oahu,2026.02,NWI wetland centroid 2026,Centroid res8 from NWI wetland objectid 3601 polygon
WET_3602,88464b9153fffff,8,oahu,2026.02,NWI wetland centroid 2026,Centroid res8 from NWI wetland objectid 3602 polygon
WET_3603,88464b9111fffff,8,oahu,2026.02,NWI wetland centroid 2026,Centroid res8 from NWI wetland objectid 3603 polygon
WET_3604,88464b9119fffff,8,oahu,2026.02,NWI wetland centroid 2026,Centroid res8 from NWI wetland objectid 3604 polygon
WET_3605,88464b9617fffff,8,oahu,2026.02,NWI wetland centroid 2026,Centroid res8 from NWI wetland objectid 3605 polygon
WET_3606,8846495a3dfffff,8,oahu,2026.02,NWI wetland centroid 2026,Centroid res8 from NWI wetland objectid 3606 polygon
WET_3607,884648258dfffff,8,oahu,2026.02,NWI wetland centroid 2026,Centroid res8 from NWI wetland objectid 3607 polygon
WET_3608,8846482a49fffff,8,oahu,2026.02,NWI wetland centroid 2026,Centroid res8 from NWI wetland objectid 3608 polygon
WET_3609,88464838b9fffff,8,oahu,2026.02,NWI wetland centroid 2026,Centroid res8 from NWI wetland objectid 3609 polygon
WET_3610,88464838b1fffff,8,oahu,2026.02,NWI wetland centroid 2026,Centroid res8 from NWI wetland objectid 3610 polygon
WET_3611,88464b9111fffff,8,oahu,2026.02,NWI wetland centroid 2026,Centroid res8 from NWI wetland objectid 3611 polygon
WET_3612,88464b9111fffff,8,oahu,2026.02,NWI wetland centroid 2026,Centroid res8 from NWI wetland objectid 3612 polygon
WET_3613,8846482a4bfffff,8,oahu,2026.02,NWI wetland centroid 2026,Centroid res8 from NWI wetland objectid 3613 polygon
WET_3614,8846495a3dfffff,8,oahu,2026.02,NWI wetland centroid 2026,Centroid res8 from NWI wetland objectid 3614 polygon
WET_3615,8846495a07fffff,8,oahu,2026.02,NWI wetland centroid 2026,Centroid res8 from NWI wetland objectid 3615 polygon
WET_3616,88464876bdfffff,8,oahu,2026.02,NWI wetland centroid 2026,Centroid res8 from NWI wetland objectid 3616 polygon
WET_3617,8846494b67fffff,8,oahu,2026.02,NWI wetland centroid 2026,Centroid res8 from NWI wetland objectid 3617 polygon
WET_3618,8846483893fffff,8,oahu,2026.02,NWI wetland centroid 2026,Centroid res8 from NWI wetland objectid 3618 polygon
WET_3619,8846482265fffff,8,oahu,2026.02,NWI wetland centroid 2026,Centroid res8 from NWI wetland objectid 3619 polygon
WET_3620,8846482261fffff,8,oahu,2026.02,NWI wetland centroid 2026,Centroid res8 from NWI wetland objectid 3620 polygon
WET_3621,8846494b67fffff,8,oahu,2026.02,NWI wetland centroid 2026,Centroid res8 from NWI wetland objectid 3621 polygon
WET_3622,88464838b9fffff,8,oahu,2026.02,NWI wetland centroid 2026,Centroid res8 from NWI wetland objectid 3622 polygon
WET_3623,88464b9119fffff,8,oahu,2026.02,NWI wetland centroid 2026,Centroid res8 from NWI wetland objectid 3623 polygon
WET_3624,8846494aa9fffff,8,oahu,2026.02,NWI wetland centroid 2026,Centroid res8 from NWI wetland objectid 3624 polygon
WET_3625,88464b9157fffff,8,oahu,2026.02,NWI wetland centroid 2026,Centroid res8 from NWI wetland objectid 3625 polygon
WET_3626,88464b9157fffff,8,oahu,2026.02,NWI wetland centroid 2026,Centroid res8 from NWI wetland objectid 3626 polygon
WET_3627,88464874d1fffff,8,oahu,2026.02,NWI wetland centroid 2026,Centroid res8 from NWI wetland objectid 3627 polygon
WET_3628,88464876a3fffff,8,oahu,2026.02,NWI wetland centroid 2026,Centroid res8 from NWI wetland objectid 3628 polygon
WET_3629,88464b9113fffff,8,oahu,2026.02,NWI wetland centroid 2026,Centroid res8 from NWI wetland objectid 3629 polygon
WET_3630,88464b9339fffff,8,oahu,2026.02,NWI wetland centroid 2026,Centroid res8 from NWI wetland objectid 3630 polygon
WET_3631,88464b9119fffff,8,oahu,2026.02,NWI wetland centroid 2026,Centroid res8 from NWI wetland objectid 3631 polygon
WET_3632,88464b9119fffff,8,oahu,2026.02,NWI wetland centroid 2026,Centroid res8 from NWI wetland objectid 3632 polygon
WET_3633,88464b9119fffff,8,oahu,2026.02,NWI wetland centroid 2026,Centroid res8 from NWI wetland objectid 3633 polygon
WET_3634,88464b9331fffff,8,oahu,2026.02,NWI wetland centroid 2026,Centroid res8 from NWI wetland objectid 3634 polygon
WET_3635,88464876b7fffff,8,oahu,2026.02,NWI wetland centroid 2026,Centroid res8 from NWI wetland objectid 3635 polygon
WET_3636,88464b9331fffff,8,oahu,2026.02,NWI wetland centroid 2026,Centroid res8 from NWI wetland objectid 3636 polygon
WET_3637,88464838b1fffff,8,oahu,2026.02,NWI wetland centroid 2026,Centroid res8 from NWI wetland objectid 3637 polygon
WET_3638,88464838b1fffff,8,oahu,2026.02,NWI wetland centroid 2026,Centroid res8 from NWI wetland objectid 3638 polygon
WET_3639,88464b91c5fffff,8,oahu,2026.02,NWI wetland centroid 2026,Centroid res8 from NWI wetland objectid 3639 polygon
WET_3640,88464b9453fffff,8,oahu,2026.02,NWI wetland centroid 2026,Centroid res8 from NWI wetland objectid 3640 polygon
WET_3641,88464b945bfffff,8,oahu,2026.02,NWI wetland centroid 2026,Centroid res8 from NWI wetland objectid 3641 polygon
WET_3642,88464b9339fffff,8,oahu,2026.02,NWI wetland centroid 2026,Centroid res8 from NWI wetland objectid 3642 polygon
WET_3643,88464b968dfffff,8,oahu,2026.02,NWI wetland centroid 2026,Centroid res8 from NWI wetland objectid 3643 polygon
WET_3644,8846495a3dfffff,8,oahu,2026.02,NWI wetland centroid 2026,Centroid res8 from NWI wetland objectid 3644 polygon
WET_3645,8846495a3dfffff,8,oahu,2026.02,NWI wetland centroid 2026,Centroid res8 from NWI wetland objectid 3645 polygon
WET_3646,88464825ebfffff,8,oahu,2026.02,NWI wetland centroid 2026,Centroid res8 from NWI wetland objectid 3646 polygon
WET_3647,88464825ebfffff,8,oahu,2026.02,NWI wetland centroid 2026,Centroid res8 from NWI wetland objectid 3647 polygon
WET_3648,8846483191fffff,8,oahu,2026.02,NWI wetland centroid 2026,Centroid res8 from NWI wetland objectid 3648 polygon
WET_3649,88464838b1fffff,8,oahu,2026.02,NWI wetland centroid 2026,Centroid res8 from NWI wetland objectid 3649 polygon
WET_3650,88464b9113fffff,8,oahu,2026.02,NWI wetland centroid 2026,Centroid res8 from NWI wetland objectid 3650 polygon
WET_3651,88464b9453fffff,8,oahu,2026.02,NWI wetland centroid 2026,Centroid res8 from NWI wetland objectid 3651 polygon
WET_3652,88464b9111fffff,8,oahu,2026.02,NWI wetland centroid 2026,Centroid res8 from NWI wetland objectid 3652 polygon
WET_3653,88464b9111fffff,8,oahu,2026.02,NWI wetland centroid 2026,Centroid res8 from NWI wetland objectid 3653 polygon
WET_3654,88464b9111fffff,8,oahu,2026.02,NWI wetland centroid 2026,Centroid res8 from NWI wetland objectid 3654 polygon
WET_3655,88464b9111fffff,8,oahu,2026.02,NWI wetland centroid 2026,Centroid res8 from NWI wetland objectid 3655 polygon
WET_3656,88464b911bfffff,8,oahu,2026.02,NWI wetland centroid 2026,Centroid res8 from NWI wetland objectid 3656 polygon
WET_3657,88464b911bfffff,8,oahu,2026.02,NWI wetland centroid 2026,Centroid res8 from NWI wetland objectid 3657 polygon
WET_3658,88464b9119fffff,8,oahu,2026.02,NWI wetland centroid 2026,Centroid res8 from NWI wetland objectid 3658 polygon
WET_3659,88464b9159fffff,8,oahu,2026.02,NWI wetland centroid 2026,Centroid res8 from NWI wetland objectid 3659 polygon
WET_3660,88464b915bfffff,8,oahu,2026.02,NWI wetland centroid 2026,Centroid res8 from NWI wetland objectid 3660 polygon
WET_3661,88464b9159fffff,8,oahu,2026.02,NWI wetland centroid 2026,Centroid res8 from NWI wetland objectid 3661 polygon
WET_3662,88464b9333fffff,8,oahu,2026.02,NWI wetland centroid 2026,Centroid res8 from NWI wetland objectid 3662 polygon
WET_3663,88464b9333fffff,8,oahu,2026.02,NWI wetland centroid 2026,Centroid res8 from NWI wetland objectid 3663 polygon
WET_3664,88464b9333fffff,8,oahu,2026.02,NWI wetland centroid 2026,Centroid res8 from NWI wetland objectid 3664 polygon
WET_3665,88464b9337fffff,8,oahu,2026.02,NWI wetland centroid 2026,Centroid res8 from NWI wetland objectid 3665 polygon
WET_3666,88464b9331fffff,8,oahu,2026.02,NWI wetland centroid 2026,Centroid res8 from NWI wetland objectid 3666 polygon
WET_3667,88464b9331fffff,8,oahu,2026.02,NWI wetland centroid 2026,Centroid res8 from NWI wetland objectid 3667 polygon
WET_3668,88464b9339fffff,8,oahu,2026.02,NWI wetland centroid 2026,Centroid res8 from NWI wetland objectid 3668 polygon
WET_3669,88464b9339fffff,8,oahu,2026.02,NWI wetland centroid 2026,Centroid res8 from NWI wetland objectid 3669 polygon
WET_3670,88464b9339fffff,8,oahu,2026.02,NWI wetland centroid 2026,Centroid res8 from NWI wetland objectid 3670 polygon
WET_3671,88464b9339fffff,8,oahu,2026.02,NWI wetland centroid 2026,Centroid res8 from NWI wetland objectid 3671 polygon
WET_3672,884648224dfffff,8,oahu,2026.02,NWI wetland centroid 2026,Centroid res8 from NWI wetland objectid 3672 polygon
WET_3673,88464b9339fffff,8,oahu,2026.02,NWI wetland centroid 2026,Centroid res8 from NWI wetland objectid 3673 polygon
WET_3674,88464b9339fffff,8,oahu,2026.02,NWI wetland centroid 2026,Centroid res8 from NWI wetland objectid 3674 polygon
WET_3675,88464b9339fffff,8,oahu,2026.02,NWI wetland centroid 2026,Centroid res8 from NWI wetland objectid 3675 polygon
WET_3676,88464b9339fffff,8,oahu,2026.02,NWI wetland centroid 2026,Centroid res8 from NWI wetland objectid 3676 polygon
WET_3677,88464b91c5fffff,8,oahu,2026.02,NWI wetland centroid 2026,Centroid res8 from NWI wetland objectid 3677 polygon
WET_3678,88464b9119fffff,8,oahu,2026.02,NWI wetland centroid 2026,Centroid res8 from NWI wetland objectid 3678 polygon
WET_3679,88464825ebfffff,8,oahu,2026.02,NWI wetland centroid 2026,Centroid res8 from NWI wetland objectid 3679 polygon
WET_3680,884648258dfffff,8,oahu,2026.02,NWI wetland centroid 2026,Centroid res8 from NWI wetland objectid 3680 polygon
WET_3681,88464825ebfffff,8,oahu,2026.02,NWI wetland centroid 2026,Centroid res8 from NWI wetland objectid 3681 polygon
WET_3682,88464b911bfffff,8,oahu,2026.02,NWI wetland centroid 2026,Centroid res8 from NWI wetland objectid 3682 polygon
WET_3683,88464b9331fffff,8,oahu,2026.02,NWI wetland centroid 2026,Centroid res8 from NWI wetland objectid 3683 polygon
WET_3684,8846494ae7fffff,8,oahu,2026.02,NWI wetland centroid 2026,Centroid res8 from NWI wetland objectid 3684 polygon
WET_3685,88464b9331fffff,8,oahu,2026.02,NWI wetland centroid 2026,Centroid res8 from NWI wetland objectid 3685 polygon
WET_3686,88464b9303fffff,8,oahu,2026.02,NWI wetland centroid 2026,Centroid res8 from NWI wetland objectid 3686 polygon
WET_3687,884648749dfffff,8,oahu,2026.02,NWI wetland centroid 2026,Centroid res8 from NWI wetland objectid 3687 polygon
WET_3688,88464874dbfffff,8,oahu,2026.02,NWI wetland centroid 2026,Centroid res8 from NWI wetland objectid 3688 polygon
WET_3689,88464874cbfffff,8,oahu,2026.02,NWI wetland centroid 2026,Centroid res8 from NWI wetland objectid 3689 polygon
WET_3690,88464876a3fffff,8,oahu,2026.02,NWI wetland centroid 2026,Centroid res8 from NWI wetland objectid 3690 polygon
WET_3691,88464b91cdfffff,8,oahu,2026.02,NWI wetland centroid 2026,Centroid res8 from NWI wetland objectid 3691 polygon
WET_3692,88464b91cdfffff,8,oahu,2026.02,NWI wetland centroid 2026,Centroid res8 from NWI wetland objectid 3692 polygon
WET_3693,88464b933bfffff,8,oahu,2026.02,NWI wetland centroid 2026,Centroid res8 from NWI wetland objectid 3693 polygon
WET_3694,88464b9113fffff,8,oahu,2026.02,NWI wetland centroid 2026,Centroid res8 from NWI wetland objectid 3694 polygon
WET_3695,88464b96adfffff,8,oahu,2026.02,NWI wetland centroid 2026,Centroid res8 from NWI wetland objectid 3695 polygon
WET_3696,88464b96a1fffff,8,oahu,2026.02,NWI wetland centroid 2026,Centroid res8 from NWI wetland objectid 3696 polygon
WET_3697,88464b9685fffff,8,oahu,2026.02,NWI wetland centroid 2026,Centroid res8 from NWI wetland objectid 3697 polygon
WET_3698,88464b968dfffff,8,oahu,2026.02,NWI wetland centroid 2026,Centroid res8 from NWI wetland objectid 3698 polygon
WET_3699,88464b96e1fffff,8,oahu,2026.02,NWI wetland centroid 2026,Centroid res8 from NWI wetland objectid 3699 polygon
WET_3700,8846495a33fffff,8,oahu,2026.02,NWI wetland centroid 2026,Centroid res8 from NWI wetland objectid 3700 polygon
WET_3701,8846495aedfffff,8,oahu,2026.02,NWI wetland centroid 2026,Centroid res8 from NWI wetland objectid 3701 polygon
WET_3702,8846494b65fffff,8,oahu,2026.02,NWI wetland centroid 2026,Centroid res8 from NWI wetland objectid 3702 polygon
WET_3703,8846482a4bfffff,8,oahu,2026.02,NWI wetland centroid 2026,Centroid res8 from NWI wetland objectid 3703 polygon
WET_3704,88464b968dfffff,8,oahu,2026.02,NWI wetland centroid 2026,Centroid res8 from NWI wetland objectid 3704 polygon
WET_3705,88464b9689fffff,8,oahu,2026.02,NWI wetland centroid 2026,Centroid res8 from NWI wetland objectid 3705 polygon
WET_3706,88464b96cdfffff,8,oahu,2026.02,NWI wetland centroid 2026,Centroid res8 from NWI wetland objectid 3706 polygon
WET_3707,88464b96c3fffff,8,oahu,2026.02,NWI wetland centroid 2026,Centroid res8 from NWI wetland objectid 3707 polygon
WET_3708,88464876b5fffff,8,oahu,2026.02,NWI wetland centroid 2026,Centroid res8 from NWI wetland objectid 3708 polygon
WET_3709,88464876b5fffff,8,oahu,2026.02,NWI wetland centroid 2026,Centroid res8 from NWI wetland objectid 3709 polygon
WET_3710,88464876b5fffff,8,oahu,2026.02,NWI wetland centroid 2026,Centroid res8 from NWI wetland objectid 3710 polygon
WET_3711,88464876b5fffff,8,oahu,2026.02,NWI wetland centroid 2026,Centroid res8 from NWI wetland objectid 3711 polygon
WET_3712,88464876a3fffff,8,oahu,2026.02,NWI wetland centroid 2026,Centroid res8 from NWI wetland objectid 3712 polygon
WET_3713,88464876a1fffff,8,oahu,2026.02,NWI wetland centroid 2026,Centroid res8 from NWI wetland objectid 3713 polygon
WET_3714,88464b9113fffff,8,oahu,2026.02,NWI wetland centroid 2026,Centroid res8 from NWI wetland objectid 3714 polygon
WET_3715,88464b974bfffff,8,oahu,2026.02,NWI wetland centroid 2026,Centroid res8 from NWI wetland objectid 3715 polygon
WET_3716,88464b974bfffff,8,oahu,2026.02,NWI wetland centroid 2026,Centroid res8 from NWI wetland objectid 3716 polygon
WET_3717,88464b974bfffff,8,oahu,2026.02,NWI wetland centroid 2026,Centroid res8 from NWI wetland objectid 3717 polygon
WET_3718,88464b9713fffff,8,oahu,2026.02,NWI wetland centroid 2026,Centroid res8 from NWI wetland objectid 3718 polygon
WET_3719,88464b963bfffff,8,oahu,2026.02,NWI wetland centroid 2026,Centroid res8 from NWI wetland objectid 3719 polygon
WET_3720,88464b9283fffff,8,oahu,2026.02,NWI wetland centroid 2026,Centroid res8 from NWI wetland objectid 3720 polygon
WET_3721,88464b928bfffff,8,oahu,2026.02,NWI wetland centroid 2026,Centroid res8 from NWI wetland objectid 3721 polygon
WET_3722,88464b928dfffff,8,oahu,2026.02,NWI wetland centroid 2026,Centroid res8 from NWI wetland objectid 3722 polygon
WET_3723,88464b928dfffff,8,oahu,2026.02,NWI wetland centroid 2026,Centroid res8 from NWI wetland objectid 3723 polygon
WET_3724,8846482dbdfffff,8,oahu,2026.02,NWI wetland centroid 2026,Centroid res8 from NWI wetland objectid 3724 polygon
WET_3725,88464b908bfffff,8,oahu,2026.02,NWI wetland centroid 2026,Centroid res8 from NWI wetland objectid 3725 polygon
WET_3726,88464b9445fffff,8,oahu,2026.02,NWI wetland centroid 2026,Centroid res8 from NWI wetland objectid 3726 polygon
WET_3727,88464b90d7fffff,8,oahu,2026.02,NWI wetland centroid 2026,Centroid res8 from NWI wetland objectid 3727 polygon
WET_3728,88464b9701fffff,8,oahu,2026.02,NWI wetland centroid 2026,Centroid res8 from NWI wetland objectid 3728 polygon
WET_3729,88464b9287fffff,8,oahu,2026.02,NWI wetland centroid 2026,Centroid res8 from NWI wetland objectid 3729 polygon
WET_3730,8846482db1fffff,8,oahu,2026.02,NWI wetland centroid 2026,Centroid res8 from NWI wetland objectid 3730 polygon
WET_3731,88464b9701fffff,8,oahu,2026.02,NWI wetland centroid 2026,Centroid res8 from NWI wetland objectid 3731 polygon
WET_3732,88464b970dfffff,8,oahu,2026.02,NWI wetland centroid 2026,Centroid res8 from NWI wetland objectid 3732 polygon
WET_3733,88464b970dfffff,8,oahu,2026.02,NWI wetland centroid 2026,Centroid res8 from NWI wetland objectid 3733 polygon
WET_3734,88464b976bfffff,8,oahu,2026.02,NWI wetland centroid 2026,Centroid res8 from NWI wetland objectid 3734 polygon
WET_3735,88464b9741fffff,8,oahu,2026.02,NWI wetland centroid 2026,Centroid res8 from NWI wetland objectid 3735 polygon
WET_3736,88464b974bfffff,8,oahu,2026.02,NWI wetland centroid 2026,Centroid res8 from NWI wetland objectid 3736 polygon
WET_3737,88464b974bfffff,8,oahu,2026.02,NWI wetland centroid 2026,Centroid res8 from NWI wetland objectid 3737 polygon
WET_3738,88464b9749fffff,8,oahu,2026.02,NWI wetland centroid 2026,Centroid res8 from NWI wetland objectid 3738 polygon
WET_3739,88464b9749fffff,8,oahu,2026.02,NWI wetland centroid 2026,Centroid res8 from NWI wetland objectid 3739 polygon
WET_3740,8846482da3fffff,8,oahu,2026.02,NWI wetland centroid 2026,Centroid res8 from NWI wetland objectid 3740 polygon
WET_3741,88464b974dfffff,8,oahu,2026.02,NWI wetland centroid 2026,Centroid res8 from NWI wetland objectid 3741 polygon
WET_3742,8846482da7fffff,8,oahu,2026.02,NWI wetland centroid 2026,Centroid res8 from NWI wetland objectid 3742 polygon
WET_3743,88464b974bfffff,8,oahu,2026.02,NWI wetland centroid 2026,Centroid res8 from NWI wetland objectid 3743 polygon
WET_3744,88464b9745fffff,8,oahu,2026.02,NWI wetland centroid 2026,Centroid res8 from NWI wetland objectid 3744 polygon
WET_3745,88464b9299fffff,8,oahu,2026.02,NWI wetland centroid 2026,Centroid res8 from NWI wetland objectid 3745 polygon
WET_3746,88464b976bfffff,8,oahu,2026.02,NWI wetland centroid 2026,Centroid res8 from NWI wetland objectid 3746 polygon
WET_3747,8846482db5fffff,8,oahu,2026.02,NWI wetland centroid 2026,Centroid res8 from NWI wetland objectid 3747 polygon
WET_3748,88464b9285fffff,8,oahu,2026.02,NWI wetland centroid 2026,Centroid res8 from NWI wetland objectid 3748 polygon
WET_3749,88464b9285fffff,8,oahu,2026.02,NWI wetland centroid 2026,Centroid res8 from NWI wetland objectid 3749 polygon
WET_3750,88464b9299fffff,8,oahu,2026.02,NWI wetland centroid 2026,Centroid res8 from NWI wetland objectid 3750 polygon
WET_3751,88464b9299fffff,8,oahu,2026.02,NWI wetland centroid 2026,Centroid res8 from NWI wetland objectid 3751 polygon
WET_3752,88464b928dfffff,8,oahu,2026.02,NWI wetland centroid 2026,Centroid res8 from NWI wetland objectid 3752 polygon
WET_3753,8846482da3fffff,8,oahu,2026.02,NWI wetland centroid 2026,Centroid res8 from NWI wetland objectid 3753 polygon
WET_3754,8846482dbdfffff,8,oahu,2026.02,NWI wetland centroid 2026,Centroid res8 from NWI wetland objectid 3754 polygon
WET_3755,88464b92d7fffff,8,oahu,2026.02,NWI wetland centroid 2026,Centroid res8 from NWI wetland objectid 3755 polygon
WET_3756,8846482dbdfffff,8,oahu,2026.02,NWI wetland centroid 2026,Centroid res8 from NWI wetland objectid 3756 polygon
WET_3757,88464b9729fffff,8,oahu,2026.02,NWI wetland centroid 2026,Centroid res8 from NWI wetland objectid 3757 polygon
WET_3758,88464b9705fffff,8,oahu,2026.02,NWI wetland centroid 2026,Centroid res8 from NWI wetland objectid 3758 polygon
WET_3759,88464b9705fffff,8,oahu,2026.02,NWI wetland centroid 2026,Centroid res8 from NWI wetland objectid 3759 polygon
WET_3760,88464b9705fffff,8,oahu,2026.02,NWI wetland centroid 2026,Centroid res8 from NWI wetland objectid 3760 polygon
WET_3761,88464b976bfffff,8,oahu,2026.02,NWI wetland centroid 2026,Centroid res8 from NWI wetland objectid 3761 polygon
WET_3762,88464b9745fffff,8,oahu,2026.02,NWI wetland centroid 2026,Centroid res8 from NWI wetland objectid 3762 polygon
WET_3763,88464b9745fffff,8,oahu,2026.02,NWI wetland centroid 2026,Centroid res8 from NWI wetland objectid 3763 polygon
WET_3764,88464b9297fffff,8,oahu,2026.02,NWI wetland centroid 2026,Centroid res8 from NWI wetland objectid 3764 polygon
WET_3765,88464b9297fffff,8,oahu,2026.02,NWI wetland centroid 2026,Centroid res8 from NWI wetland objectid 3765 polygon
WET_3766,88464b9295fffff,8,oahu,2026.02,NWI wetland centroid 2026,Centroid res8 from NWI wetland objectid 3766 polygon
WET_3767,88464b929dfffff,8,oahu,2026.02,NWI wetland centroid 2026,Centroid res8 from NWI wetland objectid 3767 polygon
WET_3768,88464b9291fffff,8,oahu,2026.02,NWI wetland centroid 2026,Centroid res8 from NWI wetland objectid 3768 polygon
WET_3769,88464b9287fffff,8,oahu,2026.02,NWI wetland centroid 2026,Centroid res8 from NWI wetland objectid 3769 polygon
WET_3770,8846482db5fffff,8,oahu,2026.02,NWI wetland centroid 2026,Centroid res8 from NWI wetland objectid 3770 polygon
WET_3771,8846482db5fffff,8,oahu,2026.02,NWI wetland centroid 2026,Centroid res8 from NWI wetland objectid 3771 polygon
WET_3772,88464b9299fffff,8,oahu,2026.02,NWI wetland centroid 2026,Centroid res8 from NWI wetland objectid 3772 polygon
WET_3773,88464b928dfffff,8,oahu,2026.02,NWI wetland centroid 2026,Centroid res8 from NWI wetland objectid 3773 polygon
WET_3774,88464b928dfffff,8,oahu,2026.02,NWI wetland centroid 2026,Centroid res8 from NWI wetland objectid 3774 polygon
WET_3775,88464b928dfffff,8,oahu,2026.02,NWI wetland centroid 2026,Centroid res8 from NWI wetland objectid 3775 polygon
WET_3776,8846482da7fffff,8,oahu,2026.02,NWI wetland centroid 2026,Centroid res8 from NWI wetland objectid 3776 polygon
WET_3777,88464b929dfffff,8,oahu,2026.02,NWI wetland centroid 2026,Centroid res8 from NWI wetland objectid 3777 polygon
WET_3778,88464b976bfffff,8,oahu,2026.02,NWI wetland centroid 2026,Centroid res8 from NWI wetland objectid 3778 polygon
WET_3779,88464b9745fffff,8,oahu,2026.02,NWI wetland centroid 2026,Centroid res8 from NWI wetland objectid 3779 polygon
WET_3780,88464b9745fffff,8,oahu,2026.02,NWI wetland centroid 2026,Centroid res8 from NWI wetland objectid 3780 polygon
WET_3781,88464b9741fffff,8,oahu,2026.02,NWI wetland centroid 2026,Centroid res8 from NWI wetland objectid 3781 polygon
WET_3782,88464b9741fffff,8,oahu,2026.02,NWI wetland centroid 2026,Centroid res8 from NWI wetland objectid 3782 polygon
WET_3783,88464b9745fffff,8,oahu,2026.02,NWI wetland centroid 2026,Centroid res8 from NWI wetland objectid 3783 polygon
WET_3784,88464b9293fffff,8,oahu,2026.02,NWI wetland centroid 2026,Centroid res8 from NWI wetland objectid 3784 polygon
WET_3785,88464b9741fffff,8,oahu,2026.02,NWI wetland centroid 2026,Centroid res8 from NWI wetland objectid 3785 polygon
WET_3786,88464b9741fffff,8,oahu,2026.02,NWI wetland centroid 2026,Centroid res8 from NWI wetland objectid 3786 polygon
WET_3787,88464b9749fffff,8,oahu,2026.02,NWI wetland centroid 2026,Centroid res8 from NWI wetland objectid 3787 polygon
WET_3788,88464b9293fffff,8,oahu,2026.02,NWI wetland centroid 2026,Centroid res8 from NWI wetland objectid 3788 polygon
WET_3789,88464b9291fffff,8,oahu,2026.02,NWI wetland centroid 2026,Centroid res8 from NWI wetland objectid 3789 polygon
WET_3790,8846482da7fffff,8,oahu,2026.02,NWI wetland centroid 2026,Centroid res8 from NWI wetland objectid 3790 polygon
WET_3791,8846482da7fffff,8,oahu,2026.02,NWI wetland centroid 2026,Centroid res8 from NWI wetland objectid 3791 polygon
WET_3792,8846482db1fffff,8,oahu,2026.02,NWI wetland centroid 2026,Centroid res8 from NWI wetland objectid 3792 polygon
WET_3793,8846482db1fffff,8,oahu,2026.02,NWI wetland centroid 2026,Centroid res8 from NWI wetland objectid 3793 polygon
WET_3794,88464b9441fffff,8,oahu,2026.02,NWI wetland centroid 2026,Centroid res8 from NWI wetland objectid 3794 polygon
WET_3795,88464b9441fffff,8,oahu,2026.02,NWI wetland centroid 2026,Centroid res8 from NWI wetland objectid 3795 polygon
WET_3796,88464b9441fffff,8,oahu,2026.02,NWI wetland centroid 2026,Centroid res8 from NWI wetland objectid 3796 polygon
WET_3797,88464b9713fffff,8,oahu,2026.02,NWI wetland centroid 2026,Centroid res8 from NWI wetland objectid 3797 polygon
WET_3798,88464b9441fffff,8,oahu,2026.02,NWI wetland centroid 2026,Centroid res8 from NWI wetland objectid 3798 polygon
WET_3799,88464b944bfffff,8,oahu,2026.02,NWI wetland centroid 2026,Centroid res8 from NWI wetland objectid 3799 polygon
WET_3800,88464b944bfffff,8,oahu,2026.02,NWI wetland centroid 2026,Centroid res8 from NWI wetland objectid 3800 polygon
WET_3801,88464b944bfffff,8,oahu,2026.02,NWI wetland centroid 2026,Centroid res8 from NWI wetland objectid 3801 polygon
WET_3802,88464b944bfffff,8,oahu,2026.02,NWI wetland centroid 2026,Centroid res8 from NWI wetland objectid 3802 polygon
WET_3803,88464b944bfffff,8,oahu,2026.02,NWI wetland centroid 2026,Centroid res8 from NWI wetland objectid 3803 polygon
WET_3804,88464b944bfffff,8,oahu,2026.02,NWI wetland centroid 2026,Centroid res8 from NWI wetland objectid 3804 polygon
WET_3805,88464b944bfffff,8,oahu,2026.02,NWI wetland centroid 2026,Centroid res8 from NWI wetland objectid 3805 polygon
WET_3806,88464b944bfffff,8,oahu,2026.02,NWI wetland centroid 2026,Centroid res8 from NWI wetland objectid 3806 polygon
WET_3807,88464b944bfffff,8,oahu,2026.02,NWI wetland centroid 2026,Centroid res8 from NWI wetland objectid 3807 polygon
WET_3808,88464b9739fffff,8,oahu,2026.02,NWI wetland centroid 2026,Centroid res8 from NWI wetland objectid 3808 polygon
WET_3809,88464b9739fffff,8,oahu,2026.02,NWI wetland centroid 2026,Centroid res8 from NWI wetland objectid 3809 polygon
WET_3810,88464b9739fffff,8,oahu,2026.02,NWI wetland centroid 2026,Centroid res8 from NWI wetland objectid 3810 polygon
WET_3811,88464b9739fffff,8,oahu,2026.02,NWI wetland centroid 2026,Centroid res8 from NWI wetland objectid 3811 polygon
WET_3812,88464b9707fffff,8,oahu,2026.02,NWI wetland centroid 2026,Centroid res8 from NWI wetland objectid 3812 polygon
WET_3813,88464b9707fffff,8,oahu,2026.02,NWI wetland centroid 2026,Centroid res8 from NWI wetland objectid 3813 polygon
WET_3814,88464b9739fffff,8,oahu,2026.02,NWI wetland centroid 2026,Centroid res8 from NWI wetland objectid 3814 polygon
WET_3815,88464b9739fffff,8,oahu,2026.02,NWI wetland centroid 2026,Centroid res8 from NWI wetland objectid 3815 polygon
WET_3816,88464b9703fffff,8,oahu,2026.02,NWI wetland centroid 2026,Centroid res8 from NWI wetland objectid 3816 polygon
WET_3817,88464b9703fffff,8,oahu,2026.02,NWI wetland centroid 2026,Centroid res8 from NWI wetland objectid 3817 polygon
WET_3818,88464b9707fffff,8,oahu,2026.02,NWI wetland centroid 2026,Centroid res8 from NWI wetland objectid 3818 polygon
WET_3819,88464b9703fffff,8,oahu,2026.02,NWI wetland centroid 2026,Centroid res8 from NWI wetland objectid 3819 polygon
WET_3820,88464b9703fffff,8,oahu,2026.02,NWI wetland centroid 2026,Centroid res8 from NWI wetland objectid 3820 polygon
WET_3821,88464b9703fffff,8,oahu,2026.02,NWI wetland centroid 2026,Centroid res8 from NWI wetland objectid 3821 polygon
WET_3822,88464b9703fffff,8,oahu,2026.02,NWI wetland centroid 2026,Centroid res8 from NWI wetland objectid 3822 polygon
WET_3823,88464b9707fffff,8,oahu,2026.02,NWI wetland centroid 2026,Centroid res8 from NWI wetland objectid 3823 polygon
WET_3824,88464b9707fffff,8,oahu,2026.02,NWI wetland centroid 2026,Centroid res8 from NWI wetland objectid 3824 polygon
WET_3825,88464b9707fffff,8,oahu,2026.02,NWI wetland centroid 2026,Centroid res8 from NWI wetland objectid 3825 polygon
WET_3826,88464b9707fffff,8,oahu,2026.02,NWI wetland centroid 2026,Centroid res8 from NWI wetland objectid 3826 polygon
WET_3827,88464b9703fffff,8,oahu,2026.02,NWI wetland centroid 2026,Centroid res8 from NWI wetland objectid 3827 polygon
WET_3828,88464b9637fffff,8,oahu,2026.02,NWI wetland centroid 2026,Centroid res8 from NWI wetland objectid 3828 polygon
WET_3829,88464b9637fffff,8,oahu,2026.02,NWI wetland centroid 2026,Centroid res8 from NWI wetland objectid 3829 polygon
WET_3830,88464b9637fffff,8,oahu,2026.02,NWI wetland centroid 2026,Centroid res8 from NWI wetland objectid 3830 polygon
WET_3831,88464b9637fffff,8,oahu,2026.02,NWI wetland centroid 2026,Centroid res8 from NWI wetland objectid 3831 polygon
WET_3832,88464b9637fffff,8,oahu,2026.02,NWI wetland centroid 2026,Centroid res8 from NWI wetland objectid 3832 polygon
WET_3833,88464b9637fffff,8,oahu,2026.02,NWI wetland centroid 2026,Centroid res8 from NWI wetland objectid 3833 polygon
WET_3834,88464b9637fffff,8,oahu,2026.02,NWI wetland centroid 2026,Centroid res8 from NWI wetland objectid 3834 polygon
WET_3835,88464b9637fffff,8,oahu,2026.02,NWI wetland centroid 2026,Centroid res8 from NWI wetland objectid 3835 polygon
WET_3836,88464b9637fffff,8,oahu,2026.02,NWI wetland centroid 2026,Centroid res8 from NWI wetland objectid 3836 polygon
WET_3837,88464b9637fffff,8,oahu,2026.02,NWI wetland centroid 2026,Centroid res8 from NWI wetland objectid 3837 polygon
WET_3838,88464b9637fffff,8,oahu,2026.02,NWI wetland centroid 2026,Centroid res8 from NWI wetland objectid 3838 polygon
WET_3839,88464b9637fffff,8,oahu,2026.02,NWI wetland centroid 2026,Centroid res8 from NWI wetland objectid 3839 polygon
WET_3840,88464b9637fffff,8,oahu,2026.02,NWI wetland centroid 2026,Centroid res8 from NWI wetland objectid 3840 polygon
WET_3841,88464b9637fffff,8,oahu,2026.02,NWI wetland centroid 2026,Centroid res8 from NWI wetland objectid 3841 polygon
WET_3842,88464b9701fffff,8,oahu,2026.02,NWI wetland centroid 2026,Centroid res8 from NWI wetland objectid 3842 polygon
WET_3843,88464b976bfffff,8,oahu,2026.02,NWI wetland centroid 2026,Centroid res8 from NWI wetland objectid 3843 polygon
WET_3844,88464b976bfffff,8,oahu,2026.02,NWI wetland centroid 2026,Centroid res8 from NWI wetland objectid 3844 polygon
WET_3845,88464b9295fffff,8,oahu,2026.02,NWI wetland centroid 2026,Centroid res8 from NWI wetland objectid 3845 polygon
WET_3846,88464b9295fffff,8,oahu,2026.02,NWI wetland centroid 2026,Centroid res8 from NWI wetland objectid 3846 polygon
WET_3847,88464b9295fffff,8,oahu,2026.02,NWI wetland centroid 2026,Centroid res8 from NWI wetland objectid 3847 polygon
WET_3848,88464b9283fffff,8,oahu,2026.02,NWI wetland centroid 2026,Centroid res8 from NWI wetland objectid 3848 polygon
WET_3849,88464b9283fffff,8,oahu,2026.02,NWI wetland centroid 2026,Centroid res8 from NWI wetland objectid 3849 polygon
WET_3850,88464b9283fffff,8,oahu,2026.02,NWI wetland centroid 2026,Centroid res8 from NWI wetland objectid 3850 polygon
WET_3851,88464b9287fffff,8,oahu,2026.02,NWI wetland centroid 2026,Centroid res8 from NWI wetland objectid 3851 polygon
WET_3852,88464b9291fffff,8,oahu,2026.02,NWI wetland centroid 2026,Centroid res8 from NWI wetland objectid 3852 polygon
WET_3853,88464b9287fffff,8,oahu,2026.02,NWI wetland centroid 2026,Centroid res8 from NWI wetland objectid 3853 polygon
WET_3854,88464b9283fffff,8,oahu,2026.02,NWI wetland centroid 2026,Centroid res8 from NWI wetland objectid 3854 polygon
WET_3855,8846482db5fffff,8,oahu,2026.02,NWI wetland centroid 2026,Centroid res8 from NWI wetland objectid 3855 polygon
WET_3856,88464b9291fffff,8,oahu,2026.02,NWI wetland centroid 2026,Centroid res8 from NWI wetland objectid 3856 polygon
WET_3857,88464b9285fffff,8,oahu,2026.02,NWI wetland centroid 2026,Centroid res8 from NWI wetland objectid 3857 polygon
WET_3858,88464b966dfffff,8,oahu,2026.02,NWI wetland centroid 2026,Centroid res8 from NWI wetland objectid 3858 polygon
WET_3859,88464b928dfffff,8,oahu,2026.02,NWI wetland centroid 2026,Centroid res8 from NWI wetland objectid 3859 polygon
WET_3860,8846482db1fffff,8,oahu,2026.02,NWI wetland centroid 2026,Centroid res8 from NWI wetland objectid 3860 polygon
WET_3861,88464b928bfffff,8,oahu,2026.02,NWI wetland centroid 2026,Centroid res8 from NWI wetland objectid 3861 polygon
WET_3862,88464b966dfffff,8,oahu,2026.02,NWI wetland centroid 2026,Centroid res8 from NWI wetland objectid 3862 polygon
WET_3863,88464b928bfffff,8,oahu,2026.02,NWI wetland centroid 2026,Centroid res8 from NWI wetland objectid 3863 polygon
WET_3864,8846482da7fffff,8,oahu,2026.02,NWI wetland centroid 2026,Centroid res8 from NWI wetland objectid 3864 polygon
WET_3865,88464b928dfffff,8,oahu,2026.02,NWI wetland centroid 2026,Centroid res8 from NWI wetland objectid 3865 polygon
WET_3866,88464b928dfffff,8,oahu,2026.02,NWI wetland centroid 2026,Centroid res8 from NWI wetland objectid 3866 polygon
WET_3867,88464b928bfffff,8,oahu,2026.02,NWI wetland centroid 2026,Centroid res8 from NWI wetland objectid 3867 polygon
WET_3868,88464b928dfffff,8,oahu,2026.02,NWI wetland centroid 2026,Centroid res8 from NWI wetland objectid 3868 polygon
WET_3869,88464b9281fffff,8,oahu,2026.02,NWI wetland centroid 2026,Centroid res8 from NWI wetland objectid 3869 polygon
WET_3870,88464b9281fffff,8,oahu,2026.02,NWI wetland centroid 2026,Centroid res8 from NWI wetland objectid 3870 polygon
WET_3871,88464b9281fffff,8,oahu,2026.02,NWI wetland centroid 2026,Centroid res8 from NWI wetland objectid 3871 polygon
WET_3872,88464b9281fffff,8,oahu,2026.02,NWI wetland centroid 2026,Centroid res8 from NWI wetland objectid 3872 polygon
WET_3873,8846482db1fffff,8,oahu,2026.02,NWI wetland centroid 2026,Centroid res8 from NWI wetland objectid 3873 polygon
WET_3874,88464b9289fffff,8,oahu,2026.02,NWI wetland centroid 2026,Centroid res8 from NWI wetland objectid 3874 polygon
WET_3875,8846482db1fffff,8,oahu,2026.02,NWI wetland centroid 2026,Centroid res8 from NWI wetland objectid 3875 polygon
WET_3876,88464b9637fffff,8,oahu,2026.02,NWI wetland centroid 2026,Centroid res8 from NWI wetland objectid 3876 polygon
WET_3877,88464b9705fffff,8,oahu,2026.02,NWI wetland centroid 2026,Centroid res8 from NWI wetland objectid 3877 polygon
WET_3878,88464b945dfffff,8,oahu,2026.02,NWI wetland centroid 2026,Centroid res8 from NWI wetland objectid 3878 polygon
WET_3879,88464b9713fffff,8,oahu,2026.02,NWI wetland centroid 2026,Centroid res8 from NWI wetland objectid 3879 polygon
WET_3880,88464b9713fffff,8,oahu,2026.02,NWI wetland centroid 2026,Centroid res8 from NWI wetland objectid 3880 polygon
WET_3881,88464b9713fffff,8,oahu,2026.02,NWI wetland centroid 2026,Centroid res8 from NWI wetland objectid 3881 polygon
WET_3882,88464b9711fffff,8,oahu,2026.02,NWI wetland centroid 2026,Centroid res8 from NWI wetland objectid 3882 polygon
WET_3883,88464b9707fffff,8,oahu,2026.02,NWI wetland centroid 2026,Centroid res8 from NWI wetland objectid 3883 polygon
WET_3884,88464b9701fffff,8,oahu,2026.02,NWI wetland centroid 2026,Centroid res8 from NWI wetland objectid 3884 polygon
WET_3885,88464b970dfffff,8,oahu,2026.02,NWI wetland centroid 2026,Centroid res8 from NWI wetland objectid 3885 polygon
WET_3886,88464b9631fffff,8,oahu,2026.02,NWI wetland centroid 2026,Centroid res8 from NWI wetland objectid 3886 polygon
WET_3887,88464b9747fffff,8,oahu,2026.02,NWI wetland centroid 2026,Centroid res8 from NWI wetland objectid 3887 polygon
WET_3888,8846482db3fffff,8,oahu,2026.02,NWI wetland centroid 2026,Centroid res8 from NWI wetland objectid 3888 polygon
WET_3889,88464b966dfffff,8,oahu,2026.02,NWI wetland centroid 2026,Centroid res8 from NWI wetland objectid 3889 polygon
WET_3890,88464b966dfffff,8,oahu,2026.02,NWI wetland centroid 2026,Centroid res8 from NWI wetland objectid 3890 polygon
WET_3891,88464b966dfffff,8,oahu,2026.02,NWI wetland centroid 2026,Centroid res8 from NWI wetland objectid 3891 polygon
WET_3892,8846482dbdfffff,8,oahu,2026.02,NWI wetland centroid 2026,Centroid res8 from NWI wetland objectid 3892 polygon
WET_3893,88464b9605fffff,8,oahu,2026.02,NWI wetland centroid 2026,Centroid res8 from NWI wetland objectid 3893 polygon
WET_3894,88464b9745fffff,8,oahu,2026.02,NWI wetland centroid 2026,Centroid res8 from NWI wetland objectid 3894 polygon
WET_3895,88464b9745fffff,8,oahu,2026.02,NWI wetland centroid 2026,Centroid res8 from NWI wetland objectid 3895 polygon
WET_3896,88464b9455fffff,8,oahu,2026.02,NWI wetland centroid 2026,Centroid res8 from NWI wetland objectid 3896 polygon
WET_3897,88464b9715fffff,8,oahu,2026.02,NWI wetland centroid 2026,Centroid res8 from NWI wetland objectid 3897 polygon
WET_3898,88464b9715fffff,8,oahu,2026.02,NWI wetland centroid 2026,Centroid res8 from NWI wetland objectid 3898 polygon
WET_3899,88464b9089fffff,8,oahu,2026.02,NWI wetland centroid 2026,Centroid res8 from NWI wetland objectid 3899 polygon
WET_3900,88464b9455fffff,8,oahu,2026.02,NWI wetland centroid 2026,Centroid res8 from NWI wetland objectid 3900 polygon
WET_3901,88464b9739fffff,8,oahu,2026.02,NWI wetland centroid 2026,Centroid res8 from NWI wetland objectid 3901 polygon
WET_3902,88464b9703fffff,8,oahu,2026.02,NWI wetland centroid 2026,Centroid res8 from NWI wetland objectid 3902 polygon
WET_3903,88464b9707fffff,8,oahu,2026.02,NWI wetland centroid 2026,Centroid res8 from NWI wetland objectid 3903 polygon
WET_3904,88464b9459fffff,8,oahu,2026.02,NWI wetland centroid 2026,Centroid res8 from NWI wetland objectid 3904 polygon
WET_3905,88464b970dfffff,8,oahu,2026.02,NWI wetland centroid 2026,Centroid res8 from NWI wetland objectid 3905 polygon
WET_3906,88464b9447fffff,8,oahu,2026.02,NWI wetland centroid 2026,Centroid res8 from NWI wetland objectid 3906 polygon
WET_3907,88464b9089fffff,8,oahu,2026.02,NWI wetland centroid 2026,Centroid res8 from NWI wetland objectid 3907 polygon
WET_3908,88464b9729fffff,8,oahu,2026.02,NWI wetland centroid 2026,Centroid res8 from NWI wetland objectid 3908 polygon
WET_3909,88464b9729fffff,8,oahu,2026.02,NWI wetland centroid 2026,Centroid res8 from NWI wetland objectid 3909 polygon
WET_3910,88464b908bfffff,8,oahu,2026.02,NWI wetland centroid 2026,Centroid res8 from NWI wetland objectid 3910 polygon
WET_3911,88464b908bfffff,8,oahu,2026.02,NWI wetland centroid 2026,Centroid res8 from NWI wetland objectid 3911 polygon
WET_3912,88464b908bfffff,8,oahu,2026.02,NWI wetland centroid 2026,Centroid res8 from NWI wetland objectid 3912 polygon
WET_3913,88464b90d5fffff,8,oahu,2026.02,NWI wetland centroid 2026,Centroid res8 from NWI wetland objectid 3913 polygon
WET_3914,88464b90d5fffff,8,oahu,2026.02,NWI wetland centroid 2026,Centroid res8 from NWI wetland objectid 3914 polygon
WET_3915,88464b90d7fffff,8,oahu,2026.02,NWI wetland centroid 2026,Centroid res8 from NWI wetland objectid 3915 polygon
WET_3916,88464b9715fffff,8,oahu,2026.02,NWI wetland centroid 2026,Centroid res8 from NWI wetland objectid 3916 polygon
WET_3917,88464b9089fffff,8,oahu,2026.02,NWI wetland centroid 2026,Centroid res8 from NWI wetland objectid 3917 polygon
WET_3918,88464b908bfffff,8,oahu,2026.02,NWI wetland centroid 2026,Centroid res8 from NWI wetland objectid 3918 polygon
WET_3919,88464b90d5fffff,8,oahu,2026.02,NWI wetland centroid 2026,Centroid res8 from NWI wetland objectid 3919 polygon
WET_3920,88464b945dfffff,8,oahu,2026.02,NWI wetland centroid 2026,Centroid res8 from NWI wetland objectid 3920 polygon
WET_3921,88464b945dfffff,8,oahu,2026.02,NWI wetland centroid 2026,Centroid res8 from NWI wetland objectid 3921 polygon
WET_3922,88464b944bfffff,8,oahu,2026.02,NWI wetland centroid 2026,Centroid res8 from NWI wetland objectid 3922 polygon
WET_3923,88464b9447fffff,8,oahu,2026.02,NWI wetland centroid 2026,Centroid res8 from NWI wetland objectid 3923 polygon
WET_3924,88464b9447fffff,8,oahu,2026.02,NWI wetland centroid 2026,Centroid res8 from NWI wetland objectid 3924 polygon
WET_3925,88464b9455fffff,8,oahu,2026.02,NWI wetland centroid 2026,Centroid res8 from NWI wetland objectid 3925 polygon
WET_3926,88464b9443fffff,8,oahu,2026.02,NWI wetland centroid 2026,Centroid res8 from NWI wetland objectid 3926 polygon
WET_3927,88464b9443fffff,8,oahu,2026.02,NWI wetland centroid 2026,Centroid res8 from NWI wetland objectid 3927 polygon
WET_3928,88464b90d5fffff,8,oahu,2026.02,NWI wetland centroid 2026,Centroid res8 from NWI wetland objectid 3928 polygon
WET_3929,88464b90d7fffff,8,oahu,2026.02,NWI wetland centroid 2026,Centroid res8 from NWI wetland objectid 3929 polygon
WET_3930,88464b90d7fffff,8,oahu,2026.02,NWI wetland centroid 2026,Centroid res8 from NWI wetland objectid 3930 polygon
WET_3931,88464b9739fffff,8,oahu,2026.02,NWI wetland centroid 2026,Centroid res8 from NWI wetland objectid 3931 polygon
WET_3932,88464b9703fffff,8,oahu,2026.02,NWI wetland centroid 2026,Centroid res8 from NWI wetland objectid 3932 polygon
WET_3933,88464b9703fffff,8,oahu,2026.02,NWI wetland centroid 2026,Centroid res8 from NWI wetland objectid 3933 polygon
WET_3934,88464b9703fffff,8,oahu,2026.02,NWI wetland centroid 2026,Centroid res8 from NWI wetland objectid 3934 polygon
WET_3935,88464b9703fffff,8,oahu,2026.02,NWI wetland centroid 2026,Centroid res8 from NWI wetland objectid 3935 polygon
WET_3936,88464b9637fffff,8,oahu,2026.02,NWI wetland centroid 2026,Centroid res8 from NWI wetland objectid 3936 polygon
WET_3937,88464b9703fffff,8,oahu,2026.02,NWI wetland centroid 2026,Centroid res8 from NWI wetland objectid 3937 polygon
WET_3938,88464b9637fffff,8,oahu,2026.02,NWI wetland centroid 2026,Centroid res8 from NWI wetland objectid 3938 polygon
WET_3939,88464b9637fffff,8,oahu,2026.02,NWI wetland centroid 2026,Centroid res8 from NWI wetland objectid 3939 polygon
WET_3940,88464b9729fffff,8,oahu,2026.02,NWI wetland centroid 2026,Centroid res8 from NWI wetland objectid 3940 polygon
WET_3941,88464b9715fffff,8,oahu,2026.02,NWI wetland centroid 2026,Centroid res8 from NWI wetland objectid 3941 polygon
WET_3942,88464b9623fffff,8,oahu,2026.02,NWI wetland centroid 2026,Centroid res8 from NWI wetland objectid 3942 polygon
WET_3943,88464b9629fffff,8,oahu,2026.02,NWI wetland centroid 2026,Centroid res8 from NWI wetland objectid 3943 polygon
WET_3944,88464b9287fffff,8,oahu,2026.02,NWI wetland centroid 2026,Centroid res8 from NWI wetland objectid 3944 polygon
WET_3945,88464b929bfffff,8,oahu,2026.02,NWI wetland centroid 2026,Centroid res8 from NWI wetland objectid 3945 polygon
WET_3946,88464b9447fffff,8,oahu,2026.02,NWI wetland centroid 2026,Centroid res8 from NWI wetland objectid 3946 polygon
WET_3947,88464b9287fffff,8,oahu,2026.02,NWI wetland centroid 2026,Centroid res8 from NWI wetland objectid 3947 polygon
WET_3948,88464b929bfffff,8,oahu,2026.02,NWI wetland centroid 2026,Centroid res8 from NWI wetland objectid 3948 polygon
WET_3949,88464b946bfffff,8,oahu,2026.02,NWI wetland centroid 2026,Centroid res8 from NWI wetland objectid 3949 polygon
WET_3950,88464b9447fffff,8,oahu,2026.02,NWI wetland centroid 2026,Centroid res8 from NWI wetland objectid 3950 polygon
WET_3951,88464b9447fffff,8,oahu,2026.02,NWI wetland centroid 2026,Centroid res8 from NWI wetland objectid 3951 polygon
WET_3952,88464b9447fffff,8,oahu,2026.02,NWI wetland centroid 2026,Centroid res8 from NWI wetland objectid 3952 polygon
WET_3953,88464b9601fffff,8,oahu,2026.02,NWI wetland centroid 2026,Centroid res8 from NWI wetland objectid 3953 polygon
WET_3954,88464b974dfffff,8,oahu,2026.02,NWI wetland centroid 2026,Centroid res8 from NWI wetland objectid 3954 polygon
WET_3955,88464b92d7fffff,8,oahu,2026.02,NWI wetland centroid 2026,Centroid res8 from NWI wetland objectid 3955 polygon
WET_3956,88464b92d7fffff,8,oahu,2026.02,NWI wetland centroid 2026,Centroid res8 from NWI wetland objectid 3956 polygon
WET_3957,88464b929bfffff,8,oahu,2026.02,NWI wetland centroid 2026,Centroid res8 from NWI wetland objectid 3957 polygon
WET_3958,88464b960dfffff,8,oahu,2026.02,NWI wetland centroid 2026,Centroid res8 from NWI wetland objectid 3958 polygon
WET_3959,88464b929dfffff,8,oahu,2026.02,NWI wetland centroid 2026,Centroid res8 from NWI wetland objectid 3959 polygon
WET_3960,88464b9299fffff,8,oahu,2026.02,NWI wetland centroid 2026,Centroid res8 from NWI wetland objectid 3960 polygon
WET_3961,8846482da7fffff,8,oahu,2026.02,NWI wetland centroid 2026,Centroid res8 from NWI wetland objectid 3961 polygon
WET_3962,88464b92d3fffff,8,oahu,2026.02,NWI wetland centroid 2026,Centroid res8 from NWI wetland objectid 3962 polygon
WET_3963,88464b9623fffff,8,oahu,2026.02,NWI wetland centroid 2026,Centroid res8 from NWI wetland objectid 3963 polygon
WET_3964,88464b976bfffff,8,oahu,2026.02,NWI wetland centroid 2026,Centroid res8 from NWI wetland objectid 3964 polygon
WET_3965,88464b9287fffff,8,oahu,2026.02,NWI wetland centroid 2026,Centroid res8 from NWI wetland objectid 3965 polygon
WET_3966,88464b92d7fffff,8,oahu,2026.02,NWI wetland centroid 2026,Centroid res8 from NWI wetland objectid 3966 polygon
WET_3967,88464b9299fffff,8,oahu,2026.02,NWI wetland centroid 2026,Centroid res8 from NWI wetland objectid 3967 polygon
WET_3968,88464b92d7fffff,8,oahu,2026.02,NWI wetland centroid 2026,Centroid res8 from NWI wetland objectid 3968 polygon
WET_3969,88464b9655fffff,8,oahu,2026.02,NWI wetland centroid 2026,Centroid res8 from NWI wetland objectid 3969 polygon
WET_3970,88464b929dfffff,8,oahu,2026.02,NWI wetland centroid 2026,Centroid res8 from NWI wetland objectid 3970 polygon
WET_3971,88464b9299fffff,8,oahu,2026.02,NWI wetland centroid 2026,Centroid res8 from NWI wetland objectid 3971 polygon
WET_3972,88464b972dfffff,8,oahu,2026.02,NWI wetland centroid 2026,Centroid res8 from NWI wetland objectid 3972 polygon
WET_3973,88464b90dbfffff,8,oahu,2026.02,NWI wetland centroid 2026,Centroid res8 from NWI wetland objectid 3973 polygon
WET_3974,88464b90dbfffff,8,oahu,2026.02,NWI wetland centroid 2026,Centroid res8 from NWI wetland objectid 3974 polygon
WET_3975,88464b90ddfffff,8,oahu,2026.02,NWI wetland centroid 2026,Centroid res8 from NWI wetland objectid 3975 polygon
WET_3976,88464b9765fffff,8,oahu,2026.02,NWI wetland centroid 2026,Centroid res8 from NWI wetland objectid 3976 polygon
WET_3977,88464b90d9fffff,8,oahu,2026.02,NWI wetland centroid 2026,Centroid res8 from NWI wetland objectid 3977 polygon
WET_3978,88464b9765fffff,8,oahu,2026.02,NWI wetland centroid 2026,Centroid res8 from NWI wetland objectid 3978 polygon
WET_3979,88464b92b7fffff,8,oahu,2026.02,NWI wetland centroid 2026,Centroid res8 from NWI wetland objectid 3979 polygon
WET_3980,88464b92b7fffff,8,oahu,2026.02,NWI wetland centroid 2026,Centroid res8 from NWI wetland objectid 3980 polygon
WET_3981,88464b90d9fffff,8,oahu,2026.02,NWI wetland centroid 2026,Centroid res8 from NWI wetland objectid 3981 polygon
WET_3982,88464b90cbfffff,8,oahu,2026.02,NWI wetland centroid 2026,Centroid res8 from NWI wetland objectid 3982 polygon
WET_3983,88464b90d9fffff,8,oahu,2026.02,NWI wetland centroid 2026,Centroid res8 from NWI wetland objectid 3983 polygon
WET_3984,88464b90d9fffff,8,oahu,2026.02,NWI wetland centroid 2026,Centroid res8 from NWI wetland objectid 3984 polygon
WET_3985,88464b92b7fffff,8,oahu,2026.02,NWI wetland centroid 2026,Centroid res8 from NWI wetland objectid 3985 polygon
WET_3986,88464b92b3fffff,8,oahu,2026.02,NWI wetland centroid 2026,Centroid res8 from NWI wetland objectid 3986 polygon
WET_3987,88464b9629fffff,8,oahu,2026.02,NWI wetland centroid 2026,Centroid res8 from NWI wetland objectid 3987 polygon
WET_3988,88464b962dfffff,8,oahu,2026.02,NWI wetland centroid 2026,Centroid res8 from NWI wetland objectid 3988 polygon
WET_3989,88464b9629fffff,8,oahu,2026.02,NWI wetland centroid 2026,Centroid res8 from NWI wetland objectid 3989 polygon
WET_3990,88464b9291fffff,8,oahu,2026.02,NWI wetland centroid 2026,Centroid res8 from NWI wetland objectid 3990 polygon
WET_3991,88464b9601fffff,8,oahu,2026.02,NWI wetland centroid 2026,Centroid res8 from NWI wetland objectid 3991 polygon
WET_3992,88464b9601fffff,8,oahu,2026.02,NWI wetland centroid 2026,Centroid res8 from NWI wetland objectid 3992 polygon
WET_3993,8846482db5fffff,8,oahu,2026.02,NWI wetland centroid 2026,Centroid res8 from NWI wetland objectid 3993 polygon
WET_3994,88464b92d7fffff,8,oahu,2026.02,NWI wetland centroid 2026,Centroid res8 from NWI wetland objectid 3994 polygon
WET_3995,88464b9447fffff,8,oahu,2026.02,NWI wetland centroid 2026,Centroid res8 from NWI wetland objectid 3995 polygon
WET_3996,88464b9745fffff,8,oahu,2026.02,NWI wetland centroid 2026,Centroid res8 from NWI wetland objectid 3996 polygon
WET_3997,88464b929dfffff,8,oahu,2026.02,NWI wetland centroid 2026,Centroid res8 from NWI wetland objectid 3997 polygon
WET_3998,88464b92d7fffff,8,oahu,2026.02,NWI wetland centroid 2026,Centroid res8 from NWI wetland objectid 3998 polygon
WET_3999,88464b9715fffff,8,oahu,2026.02,NWI wetland centroid 2026,Centroid res8 from NWI wetland objectid 3999 polygon
WET_4000,88464b966dfffff,8,oahu,2026.02,NWI wetland centroid 2026,Centroid res8 from NWI wetland objectid 4000 polygon
WET_4001,88464b9669fffff,8,oahu,2026.02,NWI wetland centroid 2026,Centroid res8 from NWI wetland objectid 4001 polygon
WET_4002,88464b9641fffff,8,oahu,2026.02,NWI wetland centroid 2026,Centroid res8 from NWI wetland objectid 4002 polygon
WET_4003,88464b90d1fffff,8,oahu,2026.02,NWI wetland centroid 2026,Centroid res8 from NWI wetland objectid 4003 polygon
WET_4004,8846482db1fffff,8,oahu,2026.02,NWI wetland centroid 2026,Centroid res8 from NWI wetland objectid 4004 polygon
WET_4005,88464b9655fffff,8,oahu,2026.02,NWI wetland centroid 2026,Centroid res8 from NWI wetland objectid 4005 polygon
WET_4006,88464b971bfffff,8,oahu,2026.02,NWI wetland centroid 2026,Centroid res8 from NWI wetland objectid 4006 polygon
WET_4007,88464b971dfffff,8,oahu,2026.02,NWI wetland centroid 2026,Centroid res8 from NWI wetland objectid 4007 polygon
WET_4008,88464b971dfffff,8,oahu,2026.02,NWI wetland centroid 2026,Centroid res8 from NWI wetland objectid 4008 polygon
WET_4009,88464b971dfffff,8,oahu,2026.02,NWI wetland centroid 2026,Centroid res8 from NWI wetland objectid 4009 polygon
WET_4010,88464b9625fffff,8,oahu,2026.02,NWI wetland centroid 2026,Centroid res8 from NWI wetland objectid 4010 polygon
WET_4011,88464b92b3fffff,8,oahu,2026.02,NWI wetland centroid 2026,Centroid res8 from NWI wetland objectid 4011 polygon
WET_4012,88464b92bdfffff,8,oahu,2026.02,NWI wetland centroid 2026,Centroid res8 from NWI wetland objectid 4012 polygon
WET_4013,88464b9287fffff,8,oahu,2026.02,NWI wetland centroid 2026,Centroid res8 from NWI wetland objectid 4013 polygon
WET_4014,88464b974dfffff,8,oahu,2026.02,NWI wetland centroid 2026,Centroid res8 from NWI wetland objectid 4014 polygon
WET_4015,88464b9299fffff,8,oahu,2026.02,NWI wetland centroid 2026,Centroid res8 from NWI wetland objectid 4015 polygon
WET_4016,8846482da5fffff,8,oahu,2026.02,NWI wetland centroid 2026,Centroid res8 from NWI wetland objectid 4016 polygon
WET_4017,88464b971bfffff,8,oahu,2026.02,NWI wetland centroid 2026,Centroid res8 from NWI wetland objectid 4017 polygon
WET_4018,88464b971dfffff,8,oahu,2026.02,NWI wetland centroid 2026,Centroid res8 from NWI wetland objectid 4018 polygon
WET_4019,88464b971dfffff,8,oahu,2026.02,NWI wetland centroid 2026,Centroid res8 from NWI wetland objectid 4019 polygon
WET_4020,88464b960dfffff,8,oahu,2026.02,NWI wetland centroid 2026,Centroid res8 from NWI wetland objectid 4020 polygon
WET_4021,88464b966dfffff,8,oahu,2026.02,NWI wetland centroid 2026,Centroid res8 from NWI wetland objectid 4021 polygon
WET_4022,88464b9669fffff,8,oahu,2026.02,NWI wetland centroid 2026,Centroid res8 from NWI wetland objectid 4022 polygon
WET_4023,88464b9713fffff,8,oahu,2026.02,NWI wetland centroid 2026,Centroid res8 from NWI wetland objectid 4023 polygon
WET_4024,88464b970bfffff,8,oahu,2026.02,NWI wetland centroid 2026,Centroid res8 from NWI wetland objectid 4024 polygon
WET_4025,88464b963dfffff,8,oahu,2026.02,NWI wetland centroid 2026,Centroid res8 from NWI wetland objectid 4025 polygon
WET_4026,88464b930dfffff,8,oahu,2026.02,NWI wetland centroid 2026,Centroid res8 from NWI wetland objectid 4026 polygon
WET_4027,88464b936bfffff,8,oahu,2026.02,NWI wetland centroid 2026,Centroid res8 from NWI wetland objectid 4027 polygon
WET_4028,88464b930dfffff,8,oahu,2026.02,NWI wetland centroid 2026,Centroid res8 from NWI wetland objectid 4028 polygon
WET_4029,88464b930dfffff,8,oahu,2026.02,NWI wetland centroid 2026,Centroid res8 from NWI wetland objectid 4029 polygon
WET_4030,88464b930dfffff,8,oahu,2026.02,NWI wetland centroid 2026,Centroid res8 from NWI wetland objectid 4030 polygon
WET_4031,88464b930dfffff,8,oahu,2026.02,NWI wetland centroid 2026,Centroid res8 from NWI wetland objectid 4031 polygon
WET_4032,88464b930dfffff,8,oahu,2026.02,NWI wetland centroid 2026,Centroid res8 from NWI wetland objectid 4032 polygon
WET_4033,88464b930dfffff,8,oahu,2026.02,NWI wetland centroid 2026,Centroid res8 from NWI wetland objectid 4033 polygon
WET_4034,88464b930dfffff,8,oahu,2026.02,NWI wetland centroid 2026,Centroid res8 from NWI wetland objectid 4034 polygon
WET_4035,88464b9331fffff,8,oahu,2026.02,NWI wetland centroid 2026,Centroid res8 from NWI wetland objectid 4035 polygon
WET_4036,88464b9305fffff,8,oahu,2026.02,NWI wetland centroid 2026,Centroid res8 from NWI wetland objectid 4036 polygon
WET_4037,88464b9305fffff,8,oahu,2026.02,NWI wetland centroid 2026,Centroid res8 from NWI wetland objectid 4037 polygon
WET_4038,88464b930dfffff,8,oahu,2026.02,NWI wetland centroid 2026,Centroid res8 from NWI wetland objectid 4038 polygon
WET_4039,88464b9305fffff,8,oahu,2026.02,NWI wetland centroid 2026,Centroid res8 from NWI wetland objectid 4039 polygon
WET_4040,88464b936bfffff,8,oahu,2026.02,NWI wetland centroid 2026,Centroid res8 from NWI wetland objectid 4040 polygon
WET_4041,88464b936bfffff,8,oahu,2026.02,NWI wetland centroid 2026,Centroid res8 from NWI wetland objectid 4041 polygon
WET_4042,88464b9305fffff,8,oahu,2026.02,NWI wetland centroid 2026,Centroid res8 from NWI wetland objectid 4042 polygon
WET_4043,88464b930dfffff,8,oahu,2026.02,NWI wetland centroid 2026,Centroid res8 from NWI wetland objectid 4043 polygon
WET_4044,88464b930dfffff,8,oahu,2026.02,NWI wetland centroid 2026,Centroid res8 from NWI wetland objectid 4044 polygon
WET_4045,88464829c9fffff,8,oahu,2026.02,NWI wetland centroid 2026,Centroid res8 from NWI wetland objectid 4045 polygon
WET_4046,88464b92ebfffff,8,oahu,2026.02,NWI wetland centroid 2026,Centroid res8 from NWI wetland objectid 4046 polygon
WET_4047,88464829a1fffff,8,oahu,2026.02,NWI wetland centroid 2026,Centroid res8 from NWI wetland objectid 4047 polygon
WET_4048,88464829a1fffff,8,oahu,2026.02,NWI wetland centroid 2026,Centroid res8 from NWI wetland objectid 4048 polygon
WET_4049,8846482f25fffff,8,oahu,2026.02,NWI wetland centroid 2026,Centroid res8 from NWI wetland objectid 4049 polygon
WET_4050,8846482d2dfffff,8,oahu,2026.02,NWI wetland centroid 2026,Centroid res8 from NWI wetland objectid 4050 polygon
WET_4051,88464b9209fffff,8,oahu,2026.02,NWI wetland centroid 2026,Centroid res8 from NWI wetland objectid 4051 polygon
WET_4052,8846482d2dfffff,8,oahu,2026.02,NWI wetland centroid 2026,Centroid res8 from NWI wetland objectid 4052 polygon
WET_4053,88464829a1fffff,8,oahu,2026.02,NWI wetland centroid 2026,Centroid res8 from NWI wetland objectid 4053 polygon
WET_4054,88464b924bfffff,8,oahu,2026.02,NWI wetland centroid 2026,Centroid res8 from NWI wetland objectid 4054 polygon
WET_4055,88464829a9fffff,8,oahu,2026.02,NWI wetland centroid 2026,Centroid res8 from NWI wetland objectid 4055 polygon
WET_4056,88464828bbfffff,8,oahu,2026.02,NWI wetland centroid 2026,Centroid res8 from NWI wetland objectid 4056 polygon
WET_4057,88464828bbfffff,8,oahu,2026.02,NWI wetland centroid 2026,Centroid res8 from NWI wetland objectid 4057 polygon
WET_4058,88464828bbfffff,8,oahu,2026.02,NWI wetland centroid 2026,Centroid res8 from NWI wetland objectid 4058 polygon
WET_4059,884648289dfffff,8,oahu,2026.02,NWI wetland centroid 2026,Centroid res8 from NWI wetland objectid 4059 polygon
WET_4060,8846482883fffff,8,oahu,2026.02,NWI wetland centroid 2026,Centroid res8 from NWI wetland objectid 4060 polygon
WET_4061,88464828c1fffff,8,oahu,2026.02,NWI wetland centroid 2026,Centroid res8 from NWI wetland objectid 4061 polygon
WET_4062,884648280bfffff,8,oahu,2026.02,NWI wetland centroid 2026,Centroid res8 from NWI wetland objectid 4062 polygon
WET_4063,88464b9217fffff,8,oahu,2026.02,NWI wetland centroid 2026,Centroid res8 from NWI wetland objectid 4063 polygon
WET_4064,88464b9213fffff,8,oahu,2026.02,NWI wetland centroid 2026,Centroid res8 from NWI wetland objectid 4064 polygon
WET_4065,8846482d25fffff,8,oahu,2026.02,NWI wetland centroid 2026,Centroid res8 from NWI wetland objectid 4065 polygon
WET_4066,88464b9257fffff,8,oahu,2026.02,NWI wetland centroid 2026,Centroid res8 from NWI wetland objectid 4066 polygon
WET_4067,8846482d2dfffff,8,oahu,2026.02,NWI wetland centroid 2026,Centroid res8 from NWI wetland objectid 4067 polygon
WET_4068,88464829a9fffff,8,oahu,2026.02,NWI wetland centroid 2026,Centroid res8 from NWI wetland objectid 4068 polygon
WET_4069,8846482ab3fffff,8,oahu,2026.02,NWI wetland centroid 2026,Centroid res8 from NWI wetland objectid 4069 polygon
WET_4070,8846482ab3fffff,8,oahu,2026.02,NWI wetland centroid 2026,Centroid res8 from NWI wetland objectid 4070 polygon
WET_4071,88464b921bfffff,8,oahu,2026.02,NWI wetland centroid 2026,Centroid res8 from NWI wetland objectid 4071 polygon
WET_4072,8846482d21fffff,8,oahu,2026.02,NWI wetland centroid 2026,Centroid res8 from NWI wetland objectid 4072 polygon
WET_4073,88464829a1fffff,8,oahu,2026.02,NWI wetland centroid 2026,Centroid res8 from NWI wetland objectid 4073 polygon
WET_4074,88464829a1fffff,8,oahu,2026.02,NWI wetland centroid 2026,Centroid res8 from NWI wetland objectid 4074 polygon
WET_4075,88464829a9fffff,8,oahu,2026.02,NWI wetland centroid 2026,Centroid res8 from NWI wetland objectid 4075 polygon
WET_4076,8846482887fffff,8,oahu,2026.02,NWI wetland centroid 2026,Centroid res8 from NWI wetland objectid 4076 polygon
WET_4077,88464829a9fffff,8,oahu,2026.02,NWI wetland centroid 2026,Centroid res8 from NWI wetland objectid 4077 polygon
WET_4078,88464829a9fffff,8,oahu,2026.02,NWI wetland centroid 2026,Centroid res8 from NWI wetland objectid 4078 polygon
WET_4079,88464829a7fffff,8,oahu,2026.02,NWI wetland centroid 2026,Centroid res8 from NWI wetland objectid 4079 polygon
WET_4080,8846482f61fffff,8,oahu,2026.02,NWI wetland centroid 2026,Centroid res8 from NWI wetland objectid 4080 polygon
WET_4081,8846482f61fffff,8,oahu,2026.02,NWI wetland centroid 2026,Centroid res8 from NWI wetland objectid 4081 polygon
WET_4082,8846482f65fffff,8,oahu,2026.02,NWI wetland centroid 2026,Centroid res8 from NWI wetland objectid 4082 polygon
WET_4083,8846482ab1fffff,8,oahu,2026.02,NWI wetland centroid 2026,Centroid res8 from NWI wetland objectid 4083 polygon
WET_4084,8846482ab3fffff,8,oahu,2026.02,NWI wetland centroid 2026,Centroid res8 from NWI wetland objectid 4084 polygon
WET_4085,88464b922bfffff,8,oahu,2026.02,NWI wetland centroid 2026,Centroid res8 from NWI wetland objectid 4085 polygon
WET_4086,88464b9203fffff,8,oahu,2026.02,NWI wetland centroid 2026,Centroid res8 from NWI wetland objectid 4086 polygon
WET_4087,88464b9243fffff,8,oahu,2026.02,NWI wetland centroid 2026,Centroid res8 from NWI wetland objectid 4087 polygon
WET_4088,88464829a3fffff,8,oahu,2026.02,NWI wetland centroid 2026,Centroid res8 from NWI wetland objectid 4088 polygon
WET_4089,88464b9241fffff,8,oahu,2026.02,NWI wetland centroid 2026,Centroid res8 from NWI wetland objectid 4089 polygon
WET_4090,88464b9249fffff,8,oahu,2026.02,NWI wetland centroid 2026,Centroid res8 from NWI wetland objectid 4090 polygon
WET_4091,884648299dfffff,8,oahu,2026.02,NWI wetland centroid 2026,Centroid res8 from NWI wetland objectid 4091 polygon
WET_4092,8846482d6dfffff,8,oahu,2026.02,NWI wetland centroid 2026,Centroid res8 from NWI wetland objectid 4092 polygon
WET_4093,88464828bbfffff,8,oahu,2026.02,NWI wetland centroid 2026,Centroid res8 from NWI wetland objectid 4093 polygon
WET_4094,88464829d1fffff,8,oahu,2026.02,NWI wetland centroid 2026,Centroid res8 from NWI wetland objectid 4094 polygon
WET_4095,8846482895fffff,8,oahu,2026.02,NWI wetland centroid 2026,Centroid res8 from NWI wetland objectid 4095 polygon
WET_4096,88464828a9fffff,8,oahu,2026.02,NWI wetland centroid 2026,Centroid res8 from NWI wetland objectid 4096 polygon
WET_4097,88464828a9fffff,8,oahu,2026.02,NWI wetland centroid 2026,Centroid res8 from NWI wetland objectid 4097 polygon
WET_4098,884648289dfffff,8,oahu,2026.02,NWI wetland centroid 2026,Centroid res8 from NWI wetland objectid 4098 polygon
WET_4099,88464829ddfffff,8,oahu,2026.02,NWI wetland centroid 2026,Centroid res8 from NWI wetland objectid 4099 polygon
WET_4100,8846482885fffff,8,oahu,2026.02,NWI wetland centroid 2026,Centroid res8 from NWI wetland objectid 4100 polygon
WET_4101,884648288dfffff,8,oahu,2026.02,NWI wetland centroid 2026,Centroid res8 from NWI wetland objectid 4101 polygon
WET_4102,88464829c9fffff,8,oahu,2026.02,NWI wetland centroid 2026,Centroid res8 from NWI wetland objectid 4102 polygon
WET_4103,88464828ebfffff,8,oahu,2026.02,NWI wetland centroid 2026,Centroid res8 from NWI wetland objectid 4103 polygon
WET_4104,8846482823fffff,8,oahu,2026.02,NWI wetland centroid 2026,Centroid res8 from NWI wetland objectid 4104 polygon
WET_4105,8846482823fffff,8,oahu,2026.02,NWI wetland centroid 2026,Centroid res8 from NWI wetland objectid 4105 polygon
WET_4106,88464828ddfffff,8,oahu,2026.02,NWI wetland centroid 2026,Centroid res8 from NWI wetland objectid 4106 polygon
WET_4107,8846482817fffff,8,oahu,2026.02,NWI wetland centroid 2026,Centroid res8 from NWI wetland objectid 4107 polygon
WET_4108,8846482801fffff,8,oahu,2026.02,NWI wetland centroid 2026,Centroid res8 from NWI wetland objectid 4108 polygon
WET_4109,884648281bfffff,8,oahu,2026.02,NWI wetland centroid 2026,Centroid res8 from NWI wetland objectid 4109 polygon
WET_4110,8846482863fffff,8,oahu,2026.02,NWI wetland centroid 2026,Centroid res8 from NWI wetland objectid 4110 polygon
WET_4111,884648281dfffff,8,oahu,2026.02,NWI wetland centroid 2026,Centroid res8 from NWI wetland objectid 4111 polygon
WET_4112,88464828d1fffff,8,oahu,2026.02,NWI wetland centroid 2026,Centroid res8 from NWI wetland objectid 4112 polygon
WET_4113,88464b9059fffff,8,oahu,2026.02,NWI wetland centroid 2026,Centroid res8 from NWI wetland objectid 4113 polygon
WET_4114,88464b9313fffff,8,oahu,2026.02,NWI wetland centroid 2026,Centroid res8 from NWI wetland objectid 4114 polygon
WET_4115,88464b9231fffff,8,oahu,2026.02,NWI wetland centroid 2026,Centroid res8 from NWI wetland objectid 4115 polygon
WET_4116,88464b9235fffff,8,oahu,2026.02,NWI wetland centroid 2026,Centroid res8 from NWI wetland objectid 4116 polygon
WET_4117,88464b904dfffff,8,oahu,2026.02,NWI wetland centroid 2026,Centroid res8 from NWI wetland objectid 4117 polygon
WET_4118,88464b9239fffff,8,oahu,2026.02,NWI wetland centroid 2026,Centroid res8 from NWI wetland objectid 4118 polygon
WET_4119,8846482985fffff,8,oahu,2026.02,NWI wetland centroid 2026,Centroid res8 from NWI wetland objectid 4119 polygon
WET_4120,8846482989fffff,8,oahu,2026.02,NWI wetland centroid 2026,Centroid res8 from NWI wetland objectid 4120 polygon
WET_4121,8846482913fffff,8,oahu,2026.02,NWI wetland centroid 2026,Centroid res8 from NWI wetland objectid 4121 polygon
WET_4122,884648291bfffff,8,oahu,2026.02,NWI wetland centroid 2026,Centroid res8 from NWI wetland objectid 4122 polygon
WET_4123,88464829e3fffff,8,oahu,2026.02,NWI wetland centroid 2026,Centroid res8 from NWI wetland objectid 4123 polygon
WET_4124,88464829ebfffff,8,oahu,2026.02,NWI wetland centroid 2026,Centroid res8 from NWI wetland objectid 4124 polygon
WET_4125,88464b9317fffff,8,oahu,2026.02,NWI wetland centroid 2026,Centroid res8 from NWI wetland objectid 4125 polygon
WET_4126,88464b931dfffff,8,oahu,2026.02,NWI wetland centroid 2026,Centroid res8 from NWI wetland objectid 4126 polygon
WET_4127,88464b9223fffff,8,oahu,2026.02,NWI wetland centroid 2026,Centroid res8 from NWI wetland objectid 4127 polygon
WET_4128,88464b9223fffff,8,oahu,2026.02,NWI wetland centroid 2026,Centroid res8 from NWI wetland objectid 4128 polygon
WET_4129,88464b9359fffff,8,oahu,2026.02,NWI wetland centroid 2026,Centroid res8 from NWI wetland objectid 4129 polygon
WET_4130,88464b925dfffff,8,oahu,2026.02,NWI wetland centroid 2026,Centroid res8 from NWI wetland objectid 4130 polygon
WET_4131,88464b9251fffff,8,oahu,2026.02,NWI wetland centroid 2026,Centroid res8 from NWI wetland objectid 4131 polygon
WET_4132,88464b925dfffff,8,oahu,2026.02,NWI wetland centroid 2026,Centroid res8 from NWI wetland objectid 4132 polygon
WET_4133,8846482885fffff,8,oahu,2026.02,NWI wetland centroid 2026,Centroid res8 from NWI wetland objectid 4133 polygon
WET_4134,88464829c1fffff,8,oahu,2026.02,NWI wetland centroid 2026,Centroid res8 from NWI wetland objectid 4134 polygon
WET_4135,88464829c9fffff,8,oahu,2026.02,NWI wetland centroid 2026,Centroid res8 from NWI wetland objectid 4135 polygon
WET_4136,88464b9209fffff,8,oahu,2026.02,NWI wetland centroid 2026,Centroid res8 from NWI wetland objectid 4136 polygon
WET_4137,8846482f25fffff,8,oahu,2026.02,NWI wetland centroid 2026,Centroid res8 from NWI wetland objectid 4137 polygon
WET_4138,88464b9257fffff,8,oahu,2026.02,NWI wetland centroid 2026,Centroid res8 from NWI wetland objectid 4138 polygon
WET_4139,88464b920bfffff,8,oahu,2026.02,NWI wetland centroid 2026,Centroid res8 from NWI wetland objectid 4139 polygon
WET_4140,88464b92ebfffff,8,oahu,2026.02,NWI wetland centroid 2026,Centroid res8 from NWI wetland objectid 4140 polygon
WET_4141,88464b9345fffff,8,oahu,2026.02,NWI wetland centroid 2026,Centroid res8 from NWI wetland objectid 4141 polygon
WET_4142,88464b934dfffff,8,oahu,2026.02,NWI wetland centroid 2026,Centroid res8 from NWI wetland objectid 4142 polygon
WET_4143,88464b934dfffff,8,oahu,2026.02,NWI wetland centroid 2026,Centroid res8 from NWI wetland objectid 4143 polygon
WET_4144,88464b934dfffff,8,oahu,2026.02,NWI wetland centroid 2026,Centroid res8 from NWI wetland objectid 4144 polygon
WET_4145,88464b934dfffff,8,oahu,2026.02,NWI wetland centroid 2026,Centroid res8 from NWI wetland objectid 4145 polygon
WET_4146,88464b934dfffff,8,oahu,2026.02,NWI wetland centroid 2026,Centroid res8 from NWI wetland objectid 4146 polygon
WET_4147,8846482d23fffff,8,oahu,2026.02,NWI wetland centroid 2026,Centroid res8 from NWI wetland objectid 4147 polygon
WET_4148,88464b9257fffff,8,oahu,2026.02,NWI wetland centroid 2026,Centroid res8 from NWI wetland objectid 4148 polygon
WET_4149,8846482d21fffff,8,oahu,2026.02,NWI wetland centroid 2026,Centroid res8 from NWI wetland objectid 4149 polygon
WET_4150,88464b9257fffff,8,oahu,2026.02,NWI wetland centroid 2026,Centroid res8 from NWI wetland objectid 4150 polygon
WET_4151,8846482d21fffff,8,oahu,2026.02,NWI wetland centroid 2026,Centroid res8 from NWI wetland objectid 4151 polygon
WET_4152,8846482d21fffff,8,oahu,2026.02,NWI wetland centroid 2026,Centroid res8 from NWI wetland objectid 4152 polygon
WET_4153,88464b9251fffff,8,oahu,2026.02,NWI wetland centroid 2026,Centroid res8 from NWI wetland objectid 4153 polygon
WET_4154,88464829a1fffff,8,oahu,2026.02,NWI wetland centroid 2026,Centroid res8 from NWI wetland objectid 4154 polygon
WET_4155,88464b925dfffff,8,oahu,2026.02,NWI wetland centroid 2026,Centroid res8 from NWI wetland objectid 4155 polygon
WET_4156,88464b9259fffff,8,oahu,2026.02,NWI wetland centroid 2026,Centroid res8 from NWI wetland objectid 4156 polygon
WET_4157,88464b924bfffff,8,oahu,2026.02,NWI wetland centroid 2026,Centroid res8 from NWI wetland objectid 4157 polygon
WET_4158,8846482d6dfffff,8,oahu,2026.02,NWI wetland centroid 2026,Centroid res8 from NWI wetland objectid 4158 polygon
WET_4159,88464828b1fffff,8,oahu,2026.02,NWI wetland centroid 2026,Centroid res8 from NWI wetland objectid 4159 polygon
WET_4160,8846482897fffff,8,oahu,2026.02,NWI wetland centroid 2026,Centroid res8 from NWI wetland objectid 4160 polygon
WET_4161,8846482d45fffff,8,oahu,2026.02,NWI wetland centroid 2026,Centroid res8 from NWI wetland objectid 4161 polygon
WET_4162,8846482f27fffff,8,oahu,2026.02,NWI wetland centroid 2026,Centroid res8 from NWI wetland objectid 4162 polygon
WET_4163,88464828c7fffff,8,oahu,2026.02,NWI wetland centroid 2026,Centroid res8 from NWI wetland objectid 4163 polygon
WET_4164,88464b9223fffff,8,oahu,2026.02,NWI wetland centroid 2026,Centroid res8 from NWI wetland objectid 4164 polygon
WET_4165,88464b9227fffff,8,oahu,2026.02,NWI wetland centroid 2026,Centroid res8 from NWI wetland objectid 4165 polygon
WET_4166,88464b9301fffff,8,oahu,2026.02,NWI wetland centroid 2026,Centroid res8 from NWI wetland objectid 4166 polygon
WET_4167,88464b9217fffff,8,oahu,2026.02,NWI wetland centroid 2026,Centroid res8 from NWI wetland objectid 4167 polygon
WET_4168,88464b9303fffff,8,oahu,2026.02,NWI wetland centroid 2026,Centroid res8 from NWI wetland objectid 4168 polygon
WET_4169,88464b9309fffff,8,oahu,2026.02,NWI wetland centroid 2026,Centroid res8 from NWI wetland objectid 4169 polygon
WET_4170,88464b9217fffff,8,oahu,2026.02,NWI wetland centroid 2026,Centroid res8 from NWI wetland objectid 4170 polygon
WET_4171,88464b9343fffff,8,oahu,2026.02,NWI wetland centroid 2026,Centroid res8 from NWI wetland objectid 4171 polygon
WET_4172,88464b9207fffff,8,oahu,2026.02,NWI wetland centroid 2026,Centroid res8 from NWI wetland objectid 4172 polygon
WET_4173,88464b9203fffff,8,oahu,2026.02,NWI wetland centroid 2026,Centroid res8 from NWI wetland objectid 4173 polygon
WET_4174,8846482d25fffff,8,oahu,2026.02,NWI wetland centroid 2026,Centroid res8 from NWI wetland objectid 4174 polygon
WET_4175,88464829a7fffff,8,oahu,2026.02,NWI wetland centroid 2026,Centroid res8 from NWI wetland objectid 4175 polygon
WET_4176,88464b9243fffff,8,oahu,2026.02,NWI wetland centroid 2026,Centroid res8 from NWI wetland objectid 4176 polygon
WET_4177,88464b9251fffff,8,oahu,2026.02,NWI wetland centroid 2026,Centroid res8 from NWI wetland objectid 4177 polygon
WET_4178,88464829abfffff,8,oahu,2026.02,NWI wetland centroid 2026,Centroid res8 from NWI wetland objectid 4178 polygon
WET_4179,8846482d63fffff,8,oahu,2026.02,NWI wetland centroid 2026,Centroid res8 from NWI wetland objectid 4179 polygon
WET_4180,8846482d65fffff,8,oahu,2026.02,NWI wetland centroid 2026,Centroid res8 from NWI wetland objectid 4180 polygon
WET_4181,88464829a9fffff,8,oahu,2026.02,NWI wetland centroid 2026,Centroid res8 from NWI wetland objectid 4181 polygon
WET_4182,8846482985fffff,8,oahu,2026.02,NWI wetland centroid 2026,Centroid res8 from NWI wetland objectid 4182 polygon
WET_4183,8846482983fffff,8,oahu,2026.02,NWI wetland centroid 2026,Centroid res8 from NWI wetland objectid 4183 polygon
WET_4184,8846482d6dfffff,8,oahu,2026.02,NWI wetland centroid 2026,Centroid res8 from NWI wetland objectid 4184 polygon
WET_4185,88464829ebfffff,8,oahu,2026.02,NWI wetland centroid 2026,Centroid res8 from NWI wetland objectid 4185 polygon
WET_4186,88464829ebfffff,8,oahu,2026.02,NWI wetland centroid 2026,Centroid res8 from NWI wetland objectid 4186 polygon
WET_4187,8846482887fffff,8,oahu,2026.02,NWI wetland centroid 2026,Centroid res8 from NWI wetland objectid 4187 polygon
WET_4188,8846482883fffff,8,oahu,2026.02,NWI wetland centroid 2026,Centroid res8 from NWI wetland objectid 4188 polygon
WET_4189,8846482895fffff,8,oahu,2026.02,NWI wetland centroid 2026,Centroid res8 from NWI wetland objectid 4189 polygon
WET_4190,8846482883fffff,8,oahu,2026.02,NWI wetland centroid 2026,Centroid res8 from NWI wetland objectid 4190 polygon
WET_4191,88464829c1fffff,8,oahu,2026.02,NWI wetland centroid 2026,Centroid res8 from NWI wetland objectid 4191 polygon
WET_4192,8846482883fffff,8,oahu,2026.02,NWI wetland centroid 2026,Centroid res8 from NWI wetland objectid 4192 polygon
WET_4193,8846482913fffff,8,oahu,2026.02,NWI wetland centroid 2026,Centroid res8 from NWI wetland objectid 4193 polygon
WET_4194,88464829c1fffff,8,oahu,2026.02,NWI wetland centroid 2026,Centroid res8 from NWI wetland objectid 4194 polygon
WET_4195,8846482887fffff,8,oahu,2026.02,NWI wetland centroid 2026,Centroid res8 from NWI wetland objectid 4195 polygon
WET_4196,88464829ddfffff,8,oahu,2026.02,NWI wetland centroid 2026,Centroid res8 from NWI wetland objectid 4196 polygon
WET_4197,8846482883fffff,8,oahu,2026.02,NWI wetland centroid 2026,Centroid res8 from NWI wetland objectid 4197 polygon
WET_4198,8846482f27fffff,8,oahu,2026.02,NWI wetland centroid 2026,Centroid res8 from NWI wetland objectid 4198 polygon
WET_4199,8846482899fffff,8,oahu,2026.02,NWI wetland centroid 2026,Centroid res8 from NWI wetland objectid 4199 polygon
WET_4200,88464829cdfffff,8,oahu,2026.02,NWI wetland centroid 2026,Centroid res8 from NWI wetland objectid 4200 polygon
WET_4201,884648288bfffff,8,oahu,2026.02,NWI wetland centroid 2026,Centroid res8 from NWI wetland objectid 4201 polygon
WET_4202,88464829c9fffff,8,oahu,2026.02,NWI wetland centroid 2026,Centroid res8 from NWI wetland objectid 4202 polygon
WET_4203,8846482803fffff,8,oahu,2026.02,NWI wetland centroid 2026,Centroid res8 from NWI wetland objectid 4203 polygon
WET_4204,884648281bfffff,8,oahu,2026.02,NWI wetland centroid 2026,Centroid res8 from NWI wetland objectid 4204 polygon
WET_4205,8846482801fffff,8,oahu,2026.02,NWI wetland centroid 2026,Centroid res8 from NWI wetland objectid 4205 polygon
WET_4206,8846482aa1fffff,8,oahu,2026.02,NWI wetland centroid 2026,Centroid res8 from NWI wetland objectid 4206 polygon
WET_4207,88464b921bfffff,8,oahu,2026.02,NWI wetland centroid 2026,Centroid res8 from NWI wetland objectid 4207 polygon
WET_4208,88464b9347fffff,8,oahu,2026.02,NWI wetland centroid 2026,Centroid res8 from NWI wetland objectid 4208 polygon
WET_4209,8846482d25fffff,8,oahu,2026.02,NWI wetland centroid 2026,Centroid res8 from NWI wetland objectid 4209 polygon
WET_4210,88464b920bfffff,8,oahu,2026.02,NWI wetland centroid 2026,Centroid res8 from NWI wetland objectid 4210 polygon
WET_4211,88464b9251fffff,8,oahu,2026.02,NWI wetland centroid 2026,Centroid res8 from NWI wetland objectid 4211 polygon
WET_4212,8846482d6dfffff,8,oahu,2026.02,NWI wetland centroid 2026,Centroid res8 from NWI wetland objectid 4212 polygon
WET_4213,8846482897fffff,8,oahu,2026.02,NWI wetland centroid 2026,Centroid res8 from NWI wetland objectid 4213 polygon
WET_4214,88464828b9fffff,8,oahu,2026.02,NWI wetland centroid 2026,Centroid res8 from NWI wetland objectid 4214 polygon
WET_4215,8846482893fffff,8,oahu,2026.02,NWI wetland centroid 2026,Centroid res8 from NWI wetland objectid 4215 polygon
WET_4216,8846482889fffff,8,oahu,2026.02,NWI wetland centroid 2026,Centroid res8 from NWI wetland objectid 4216 polygon
WET_4217,88464b9231fffff,8,oahu,2026.02,NWI wetland centroid 2026,Centroid res8 from NWI wetland objectid 4217 polygon
WET_4218,88464b92e5fffff,8,oahu,2026.02,NWI wetland centroid 2026,Centroid res8 from NWI wetland objectid 4218 polygon
WET_4219,88464b92e9fffff,8,oahu,2026.02,NWI wetland centroid 2026,Centroid res8 from NWI wetland objectid 4219 polygon
WET_4220,88464b92e9fffff,8,oahu,2026.02,NWI wetland centroid 2026,Centroid res8 from NWI wetland objectid 4220 polygon
WET_4221,88464b9231fffff,8,oahu,2026.02,NWI wetland centroid 2026,Centroid res8 from NWI wetland objectid 4221 polygon
WET_4222,88464b92c5fffff,8,oahu,2026.02,NWI wetland centroid 2026,Centroid res8 from NWI wetland objectid 4222 polygon
WET_4223,88464b923dfffff,8,oahu,2026.02,NWI wetland centroid 2026,Centroid res8 from NWI wetland objectid 4223 polygon
WET_4224,88464b9239fffff,8,oahu,2026.02,NWI wetland centroid 2026,Centroid res8 from NWI wetland objectid 4224 polygon
WET_4225,88464b9217fffff,8,oahu,2026.02,NWI wetland centroid 2026,Centroid res8 from NWI wetland objectid 4225 polygon
WET_4226,88464b9239fffff,8,oahu,2026.02,NWI wetland centroid 2026,Centroid res8 from NWI wetland objectid 4226 polygon
WET_4227,88464b9239fffff,8,oahu,2026.02,NWI wetland centroid 2026,Centroid res8 from NWI wetland objectid 4227 polygon
WET_4228,88464b922bfffff,8,oahu,2026.02,NWI wetland centroid 2026,Centroid res8 from NWI wetland objectid 4228 polygon
WET_4229,88464b9207fffff,8,oahu,2026.02,NWI wetland centroid 2026,Centroid res8 from NWI wetland objectid 4229 polygon
WET_4230,88464b9215fffff,8,oahu,2026.02,NWI wetland centroid 2026,Centroid res8 from NWI wetland objectid 4230 polygon
WET_4231,88464b9215fffff,8,oahu,2026.02,NWI wetland centroid 2026,Centroid res8 from NWI wetland objectid 4231 polygon
WET_4232,88464b9207fffff,8,oahu,2026.02,NWI wetland centroid 2026,Centroid res8 from NWI wetland objectid 4232 polygon
WET_4233,88464b9213fffff,8,oahu,2026.02,NWI wetland centroid 2026,Centroid res8 from NWI wetland objectid 4233 polygon
WET_4234,88464b9211fffff,8,oahu,2026.02,NWI wetland centroid 2026,Centroid res8 from NWI wetland objectid 4234 polygon
WET_4235,88464b921bfffff,8,oahu,2026.02,NWI wetland centroid 2026,Centroid res8 from NWI wetland objectid 4235 polygon
WET_4236,88464b9203fffff,8,oahu,2026.02,NWI wetland centroid 2026,Centroid res8 from NWI wetland objectid 4236 polygon
WET_4237,88464b920bfffff,8,oahu,2026.02,NWI wetland centroid 2026,Centroid res8 from NWI wetland objectid 4237 polygon
WET_4238,88464b920bfffff,8,oahu,2026.02,NWI wetland centroid 2026,Centroid res8 from NWI wetland objectid 4238 polygon
WET_4239,88464b920bfffff,8,oahu,2026.02,NWI wetland centroid 2026,Centroid res8 from NWI wetland objectid 4239 polygon
WET_4240,88464b921dfffff,8,oahu,2026.02,NWI wetland centroid 2026,Centroid res8 from NWI wetland objectid 4240 polygon
WET_4241,88464b9209fffff,8,oahu,2026.02,NWI wetland centroid 2026,Centroid res8 from NWI wetland objectid 4241 polygon
WET_4242,88464b9253fffff,8,oahu,2026.02,NWI wetland centroid 2026,Centroid res8 from NWI wetland objectid 4242 polygon
WET_4243,8846482d2dfffff,8,oahu,2026.02,NWI wetland centroid 2026,Centroid res8 from NWI wetland objectid 4243 polygon
WET_4244,8846482d4dfffff,8,oahu,2026.02,NWI wetland centroid 2026,Centroid res8 from NWI wetland objectid 4244 polygon
WET_4245,884648282dfffff,8,oahu,2026.02,NWI wetland centroid 2026,Centroid res8 from NWI wetland objectid 4245 polygon
WET_4246,8846482ab1fffff,8,oahu,2026.02,NWI wetland centroid 2026,Centroid res8 from NWI wetland objectid 4246 polygon
WET_4247,88464b92ebfffff,8,oahu,2026.02,NWI wetland centroid 2026,Centroid res8 from NWI wetland objectid 4247 polygon
WET_4248,88464b923dfffff,8,oahu,2026.02,NWI wetland centroid 2026,Centroid res8 from NWI wetland objectid 4248 polygon
WET_4249,88464b9207fffff,8,oahu,2026.02,NWI wetland centroid 2026,Centroid res8 from NWI wetland objectid 4249 polygon
WET_4250,88464b920bfffff,8,oahu,2026.02,NWI wetland centroid 2026,Centroid res8 from NWI wetland objectid 4250 polygon
WET_4251,88464b9257fffff,8,oahu,2026.02,NWI wetland centroid 2026,Centroid res8 from NWI wetland objectid 4251 polygon
WET_4252,88464b9259fffff,8,oahu,2026.02,NWI wetland centroid 2026,Centroid res8 from NWI wetland objectid 4252 polygon
WET_4253,88464b9259fffff,8,oahu,2026.02,NWI wetland centroid 2026,Centroid res8 from NWI wetland objectid 4253 polygon
WET_4254,88464829a9fffff,8,oahu,2026.02,NWI wetland centroid 2026,Centroid res8 from NWI wetland objectid 4254 polygon
WET_4255,884648289bfffff,8,oahu,2026.02,NWI wetland centroid 2026,Centroid res8 from NWI wetland objectid 4255 polygon
WET_4256,8846482f27fffff,8,oahu,2026.02,NWI wetland centroid 2026,Centroid res8 from NWI wetland objectid 4256 polygon
WET_4257,8846482f65fffff,8,oahu,2026.02,NWI wetland centroid 2026,Centroid res8 from NWI wetland objectid 4257 polygon
WET_4258,8846482f61fffff,8,oahu,2026.02,NWI wetland centroid 2026,Centroid res8 from NWI wetland objectid 4258 polygon
WET_4259,88464b9309fffff,8,oahu,2026.02,NWI wetland centroid 2026,Centroid res8 from NWI wetland objectid 4259 polygon
WET_4260,884648668bfffff,8,oahu,2026.02,NWI wetland centroid 2026,Centroid res8 from NWI wetland objectid 4260 polygon
WET_4261,88464866ddfffff,8,oahu,2026.02,NWI wetland centroid 2026,Centroid res8 from NWI wetland objectid 4261 polygon
WET_4262,88464866c9fffff,8,oahu,2026.02,NWI wetland centroid 2026,Centroid res8 from NWI wetland objectid 4262 polygon
WET_4263,88464874b3fffff,8,oahu,2026.02,NWI wetland centroid 2026,Centroid res8 from NWI wetland objectid 4263 polygon
WET_4264,8846486693fffff,8,oahu,2026.02,NWI wetland centroid 2026,Centroid res8 from NWI wetland objectid 4264 polygon
WET_4265,884648668bfffff,8,oahu,2026.02,NWI wetland centroid 2026,Centroid res8 from NWI wetland objectid 4265 polygon
WET_4266,88464866c9fffff,8,oahu,2026.02,NWI wetland centroid 2026,Centroid res8 from NWI wetland objectid 4266 polygon
WET_4267,8846482923fffff,8,oahu,2026.02,NWI wetland centroid 2026,Centroid res8 from NWI wetland objectid 4267 polygon
WET_4268,88464874b3fffff,8,oahu,2026.02,NWI wetland centroid 2026,Centroid res8 from NWI wetland objectid 4268 polygon
WET_4269,88464874b3fffff,8,oahu,2026.02,NWI wetland centroid 2026,Centroid res8 from NWI wetland objectid 4269 polygon
WET_4270,88464874b3fffff,8,oahu,2026.02,NWI wetland centroid 2026,Centroid res8 from NWI wetland objectid 4270 polygon
WET_4271,8846487487fffff,8,oahu,2026.02,NWI wetland centroid 2026,Centroid res8 from NWI wetland objectid 4271 polygon
WET_4272,88464866c9fffff,8,oahu,2026.02,NWI wetland centroid 2026,Centroid res8 from NWI wetland objectid 4272 polygon
WET_4273,884648668bfffff,8,oahu,2026.02,NWI wetland centroid 2026,Centroid res8 from NWI wetland objectid 4273 polygon
WET_4274,884648668bfffff,8,oahu,2026.02,NWI wetland centroid 2026,Centroid res8 from NWI wetland objectid 4274 polygon
WET_4275,88464866c9fffff,8,oahu,2026.02,NWI wetland centroid 2026,Centroid res8 from NWI wetland objectid 4275 polygon
WET_4276,8846486693fffff,8,oahu,2026.02,NWI wetland centroid 2026,Centroid res8 from NWI wetland objectid 4276 polygon
WET_4277,8846486693fffff,8,oahu,2026.02,NWI wetland centroid 2026,Centroid res8 from NWI wetland objectid 4277 polygon
WET_4278,8846486693fffff,8,oahu,2026.02,NWI wetland centroid 2026,Centroid res8 from NWI wetland objectid 4278 polygon
WET_4279,88464866cbfffff,8,oahu,2026.02,NWI wetland centroid 2026,Centroid res8 from NWI wetland objectid 4279 polygon
WET_4280,884648668bfffff,8,oahu,2026.02,NWI wetland centroid 2026,Centroid res8 from NWI wetland objectid 4280 polygon
WET_4281,88464866c3fffff,8,oahu,2026.02,NWI wetland centroid 2026,Centroid res8 from NWI wetland objectid 4281 polygon
WET_4282,88464874b9fffff,8,oahu,2026.02,NWI wetland centroid 2026,Centroid res8 from NWI wetland objectid 4282 polygon
WET_4283,8846482923fffff,8,oahu,2026.02,NWI wetland centroid 2026,Centroid res8 from NWI wetland objectid 4283 polygon
WET_4284,8846482921fffff,8,oahu,2026.02,NWI wetland centroid 2026,Centroid res8 from NWI wetland objectid 4284 polygon
WET_4285,88464866d5fffff,8,oahu,2026.02,NWI wetland centroid 2026,Centroid res8 from NWI wetland objectid 4285 polygon
WET_4286,88464b936bfffff,8,oahu,2026.02,NWI wetland centroid 2026,Centroid res8 from NWI wetland objectid 4286 polygon
WET_4287,88464b936bfffff,8,oahu,2026.02,NWI wetland centroid 2026,Centroid res8 from NWI wetland objectid 4287 polygon
WET_4288,88464b9369fffff,8,oahu,2026.02,NWI wetland centroid 2026,Centroid res8 from NWI wetland objectid 4288 polygon
WET_4289,8846486697fffff,8,oahu,2026.02,NWI wetland centroid 2026,Centroid res8 from NWI wetland objectid 4289 polygon
WET_4290,8846486695fffff,8,oahu,2026.02,NWI wetland centroid 2026,Centroid res8 from NWI wetland objectid 4290 polygon
WET_4291,8846486697fffff,8,oahu,2026.02,NWI wetland centroid 2026,Centroid res8 from NWI wetland objectid 4291 polygon
WET_4292,8846486695fffff,8,oahu,2026.02,NWI wetland centroid 2026,Centroid res8 from NWI wetland objectid 4292 polygon
WET_4293,884648668bfffff,8,oahu,2026.02,NWI wetland centroid 2026,Centroid res8 from NWI wetland objectid 4293 polygon
WET_4294,88464866cbfffff,8,oahu,2026.02,NWI wetland centroid 2026,Centroid res8 from NWI wetland objectid 4294 polygon
WET_4295,88464866c9fffff,8,oahu,2026.02,NWI wetland centroid 2026,Centroid res8 from NWI wetland objectid 4295 polygon
WET_4296,8846482923fffff,8,oahu,2026.02,NWI wetland centroid 2026,Centroid res8 from NWI wetland objectid 4296 polygon
WET_4297,8846482921fffff,8,oahu,2026.02,NWI wetland centroid 2026,Centroid res8 from NWI wetland objectid 4297 polygon
WET_4298,884648292dfffff,8,oahu,2026.02,NWI wetland centroid 2026,Centroid res8 from NWI wetland objectid 4298 polygon
WET_4299,884648665bfffff,8,oahu,2026.02,NWI wetland centroid 2026,Centroid res8 from NWI wetland objectid 4299 polygon
WET_4300,884648665bfffff,8,oahu,2026.02,NWI wetland centroid 2026,Centroid res8 from NWI wetland objectid 4300 polygon
WET_4301,884648665bfffff,8,oahu,2026.02,NWI wetland centroid 2026,Centroid res8 from NWI wetland objectid 4301 polygon
WET_4302,8846486659fffff,8,oahu,2026.02,NWI wetland centroid 2026,Centroid res8 from NWI wetland objectid 4302 polygon
WET_4303,88464874b3fffff,8,oahu,2026.02,NWI wetland centroid 2026,Centroid res8 from NWI wetland objectid 4303 polygon
WET_4304,88464874b1fffff,8,oahu,2026.02,NWI wetland centroid 2026,Centroid res8 from NWI wetland objectid 4304 polygon
WET_4305,88464874b9fffff,8,oahu,2026.02,NWI wetland centroid 2026,Centroid res8 from NWI wetland objectid 4305 polygon
WET_4306,8846487483fffff,8,oahu,2026.02,NWI wetland centroid 2026,Centroid res8 from NWI wetland objectid 4306 polygon
WET_4307,8846486697fffff,8,oahu,2026.02,NWI wetland centroid 2026,Centroid res8 from NWI wetland objectid 4307 polygon
WET_4308,88464866d5fffff,8,oahu,2026.02,NWI wetland centroid 2026,Centroid res8 from NWI wetland objectid 4308 polygon
WET_4309,8846482921fffff,8,oahu,2026.02,NWI wetland centroid 2026,Centroid res8 from NWI wetland objectid 4309 polygon
WET_4310,8846486697fffff,8,oahu,2026.02,NWI wetland centroid 2026,Centroid res8 from NWI wetland objectid 4310 polygon
WET_4311,8846486697fffff,8,oahu,2026.02,NWI wetland centroid 2026,Centroid res8 from NWI wetland objectid 4311 polygon
WET_4312,88464874b1fffff,8,oahu,2026.02,NWI wetland centroid 2026,Centroid res8 from NWI wetland objectid 4312 polygon
WET_4313,88464b936bfffff,8,oahu,2026.02,NWI wetland centroid 2026,Centroid res8 from NWI wetland objectid 4313 polygon
WET_4314,88464b9369fffff,8,oahu,2026.02,NWI wetland centroid 2026,Centroid res8 from NWI wetland objectid 4314 polygon
WET_4315,8846486697fffff,8,oahu,2026.02,NWI wetland centroid 2026,Centroid res8 from NWI wetland objectid 4315 polygon
WET_4316,8846486697fffff,8,oahu,2026.02,NWI wetland centroid 2026,Centroid res8 from NWI wetland objectid 4316 polygon
WET_4317,8846486683fffff,8,oahu,2026.02,NWI wetland centroid 2026,Centroid res8 from NWI wetland objectid 4317 polygon
WET_4318,884648668bfffff,8,oahu,2026.02,NWI wetland centroid 2026,Centroid res8 from NWI wetland objectid 4318 polygon
WET_4319,884648668bfffff,8,oahu,2026.02,NWI wetland centroid 2026,Centroid res8 from NWI wetland objectid 4319 polygon
WET_4320,88464866d5fffff,8,oahu,2026.02,NWI wetland centroid 2026,Centroid res8 from NWI wetland objectid 4320 polygon
WET_4321,8846482923fffff,8,oahu,2026.02,NWI wetland centroid 2026,Centroid res8 from NWI wetland objectid 4321 polygon
WET_4322,8846482923fffff,8,oahu,2026.02,NWI wetland centroid 2026,Centroid res8 from NWI wetland objectid 4322 polygon
WET_4323,884648292dfffff,8,oahu,2026.02,NWI wetland centroid 2026,Centroid res8 from NWI wetland objectid 4323 polygon
WET_4324,884648665bfffff,8,oahu,2026.02,NWI wetland centroid 2026,Centroid res8 from NWI wetland objectid 4324 polygon
WET_4325,8846486659fffff,8,oahu,2026.02,NWI wetland centroid 2026,Centroid res8 from NWI wetland objectid 4325 polygon
WET_4326,88464874b3fffff,8,oahu,2026.02,NWI wetland centroid 2026,Centroid res8 from NWI wetland objectid 4326 polygon
WET_4327,88464874b3fffff,8,oahu,2026.02,NWI wetland centroid 2026,Centroid res8 from NWI wetland objectid 4327 polygon
WET_4328,8846487487fffff,8,oahu,2026.02,NWI wetland centroid 2026,Centroid res8 from NWI wetland objectid 4328 polygon
WET_4329,88464b9369fffff,8,oahu,2026.02,NWI wetland centroid 2026,Centroid res8 from NWI wetland objectid 4329 polygon
WET_4330,8846486697fffff,8,oahu,2026.02,NWI wetland centroid 2026,Centroid res8 from NWI wetland objectid 4330 polygon
WET_4331,8846486697fffff,8,oahu,2026.02,NWI wetland centroid 2026,Centroid res8 from NWI wetland objectid 4331 polygon
WET_4332,8846486683fffff,8,oahu,2026.02,NWI wetland centroid 2026,Centroid res8 from NWI wetland objectid 4332 polygon
WET_4333,88464866d5fffff,8,oahu,2026.02,NWI wetland centroid 2026,Centroid res8 from NWI wetland objectid 4333 polygon
WET_4334,88464866c9fffff,8,oahu,2026.02,NWI wetland centroid 2026,Centroid res8 from NWI wetland objectid 4334 polygon
WET_4335,88464866c9fffff,8,oahu,2026.02,NWI wetland centroid 2026,Centroid res8 from NWI wetland objectid 4335 polygon
WET_4336,8846482921fffff,8,oahu,2026.02,NWI wetland centroid 2026,Centroid res8 from NWI wetland objectid 4336 polygon
WET_4337,884648292dfffff,8,oahu,2026.02,NWI wetland centroid 2026,Centroid res8 from NWI wetland objectid 4337 polygon
WET_4338,884648292dfffff,8,oahu,2026.02,NWI wetland centroid 2026,Centroid res8 from NWI wetland objectid 4338 polygon
WET_4339,88464829e9fffff,8,oahu,2026.02,NWI wetland centroid 2026,Centroid res8 from NWI wetland objectid 4339 polygon
WET_4340,88464b9345fffff,8,oahu,2026.02,NWI wetland centroid 2026,Centroid res8 from NWI wetland objectid 4340 polygon
WET_4341,8846486693fffff,8,oahu,2026.02,NWI wetland centroid 2026,Centroid res8 from NWI wetland objectid 4341 polygon
WET_4342,88464b934dfffff,8,oahu,2026.02,NWI wetland centroid 2026,Centroid res8 from NWI wetland objectid 4342 polygon
WET_4343,88464866d3fffff,8,oahu,2026.02,NWI wetland centroid 2026,Centroid res8 from NWI wetland objectid 4343 polygon
WET_4344,88464829a5fffff,8,oahu,2026.02,NWI wetland centroid 2026,Centroid res8 from NWI wetland objectid 4344 polygon
WET_4345,88464866d3fffff,8,oahu,2026.02,NWI wetland centroid 2026,Centroid res8 from NWI wetland objectid 4345 polygon
WET_4346,88464866d3fffff,8,oahu,2026.02,NWI wetland centroid 2026,Centroid res8 from NWI wetland objectid 4346 polygon
WET_4347,88464829a9fffff,8,oahu,2026.02,NWI wetland centroid 2026,Centroid res8 from NWI wetland objectid 4347 polygon
WET_4348,88464866dbfffff,8,oahu,2026.02,NWI wetland centroid 2026,Centroid res8 from NWI wetland objectid 4348 polygon
WET_4349,88464866d1fffff,8,oahu,2026.02,NWI wetland centroid 2026,Centroid res8 from NWI wetland objectid 4349 polygon
WET_4350,88464829e5fffff,8,oahu,2026.02,NWI wetland centroid 2026,Centroid res8 from NWI wetland objectid 4350 polygon
WET_4351,8846482917fffff,8,oahu,2026.02,NWI wetland centroid 2026,Centroid res8 from NWI wetland objectid 4351 polygon
WET_4352,8846482911fffff,8,oahu,2026.02,NWI wetland centroid 2026,Centroid res8 from NWI wetland objectid 4352 polygon
WET_4353,884648292dfffff,8,oahu,2026.02,NWI wetland centroid 2026,Centroid res8 from NWI wetland objectid 4353 polygon
WET_4354,8846482931fffff,8,oahu,2026.02,NWI wetland centroid 2026,Centroid res8 from NWI wetland objectid 4354 polygon
WET_4355,8846482931fffff,8,oahu,2026.02,NWI wetland centroid 2026,Centroid res8 from NWI wetland objectid 4355 polygon
WET_4356,8846482963fffff,8,oahu,2026.02,NWI wetland centroid 2026,Centroid res8 from NWI wetland objectid 4356 polygon
WET_4357,8846482963fffff,8,oahu,2026.02,NWI wetland centroid 2026,Centroid res8 from NWI wetland objectid 4357 polygon
WET_4358,88464829e5fffff,8,oahu,2026.02,NWI wetland centroid 2026,Centroid res8 from NWI wetland objectid 4358 polygon
WET_4359,88464829a7fffff,8,oahu,2026.02,NWI wetland centroid 2026,Centroid res8 from NWI wetland objectid 4359 polygon
WET_4360,88464866d9fffff,8,oahu,2026.02,NWI wetland centroid 2026,Centroid res8 from NWI wetland objectid 4360 polygon
WET_4361,884648293dfffff,8,oahu,2026.02,NWI wetland centroid 2026,Centroid res8 from NWI wetland objectid 4361 polygon
WET_4362,8846482911fffff,8,oahu,2026.02,NWI wetland centroid 2026,Centroid res8 from NWI wetland objectid 4362 polygon
WET_4363,88464874b3fffff,8,oahu,2026.02,NWI wetland centroid 2026,Centroid res8 from NWI wetland objectid 4363 polygon
WET_4364,88464874b3fffff,8,oahu,2026.02,NWI wetland centroid 2026,Centroid res8 from NWI wetland objectid 4364 polygon
WET_4365,88464874b3fffff,8,oahu,2026.02,NWI wetland centroid 2026,Centroid res8 from NWI wetland objectid 4365 polygon
WET_4366,88464874b3fffff,8,oahu,2026.02,NWI wetland centroid 2026,Centroid res8 from NWI wetland objectid 4366 polygon
WET_4367,884648293dfffff,8,oahu,2026.02,NWI wetland centroid 2026,Centroid res8 from NWI wetland objectid 4367 polygon
WET_4368,8846482961fffff,8,oahu,2026.02,NWI wetland centroid 2026,Centroid res8 from NWI wetland objectid 4368 polygon
WET_4369,8846486693fffff,8,oahu,2026.02,NWI wetland centroid 2026,Centroid res8 from NWI wetland objectid 4369 polygon
WET_4370,88464829a7fffff,8,oahu,2026.02,NWI wetland centroid 2026,Centroid res8 from NWI wetland objectid 4370 polygon
WET_4371,8846486699fffff,8,oahu,2026.02,NWI wetland centroid 2026,Centroid res8 from NWI wetland objectid 4371 polygon
WET_4372,88464866d9fffff,8,oahu,2026.02,NWI wetland centroid 2026,Centroid res8 from NWI wetland objectid 4372 polygon
WET_4373,8846482931fffff,8,oahu,2026.02,NWI wetland centroid 2026,Centroid res8 from NWI wetland objectid 4373 polygon
WET_4374,8846482931fffff,8,oahu,2026.02,NWI wetland centroid 2026,Centroid res8 from NWI wetland objectid 4374 polygon
WET_4375,8846482931fffff,8,oahu,2026.02,NWI wetland centroid 2026,Centroid res8 from NWI wetland objectid 4375 polygon
WET_4376,8846482931fffff,8,oahu,2026.02,NWI wetland centroid 2026,Centroid res8 from NWI wetland objectid 4376 polygon
WET_4377,8846482931fffff,8,oahu,2026.02,NWI wetland centroid 2026,Centroid res8 from NWI wetland objectid 4377 polygon
WET_4378,8846482931fffff,8,oahu,2026.02,NWI wetland centroid 2026,Centroid res8 from NWI wetland objectid 4378 polygon
WET_4379,884648293dfffff,8,oahu,2026.02,NWI wetland centroid 2026,Centroid res8 from NWI wetland objectid 4379 polygon
WET_4380,8846482961fffff,8,oahu,2026.02,NWI wetland centroid 2026,Centroid res8 from NWI wetland objectid 4380 polygon
WET_4381,8846482911fffff,8,oahu,2026.02,NWI wetland centroid 2026,Centroid res8 from NWI wetland objectid 4381 polygon
WET_4382,8846482911fffff,8,oahu,2026.02,NWI wetland centroid 2026,Centroid res8 from NWI wetland objectid 4382 polygon
WET_4383,884648291dfffff,8,oahu,2026.02,NWI wetland centroid 2026,Centroid res8 from NWI wetland objectid 4383 polygon
WET_4384,88464829e9fffff,8,oahu,2026.02,NWI wetland centroid 2026,Centroid res8 from NWI wetland objectid 4384 polygon
WET_4385,8846482931fffff,8,oahu,2026.02,NWI wetland centroid 2026,Centroid res8 from NWI wetland objectid 4385 polygon
WET_4386,8846486693fffff,8,oahu,2026.02,NWI wetland centroid 2026,Centroid res8 from NWI wetland objectid 4386 polygon
WET_4387,8846486693fffff,8,oahu,2026.02,NWI wetland centroid 2026,Centroid res8 from NWI wetland objectid 4387 polygon
WET_4388,88464829a5fffff,8,oahu,2026.02,NWI wetland centroid 2026,Centroid res8 from NWI wetland objectid 4388 polygon
WET_4389,884648293dfffff,8,oahu,2026.02,NWI wetland centroid 2026,Centroid res8 from NWI wetland objectid 4389 polygon
WET_4390,884648293dfffff,8,oahu,2026.02,NWI wetland centroid 2026,Centroid res8 from NWI wetland objectid 4390 polygon
WET_4391,8846482907fffff,8,oahu,2026.02,NWI wetland centroid 2026,Centroid res8 from NWI wetland objectid 4391 polygon
WET_4392,8846482907fffff,8,oahu,2026.02,NWI wetland centroid 2026,Centroid res8 from NWI wetland objectid 4392 polygon
WET_4393,8846482907fffff,8,oahu,2026.02,NWI wetland centroid 2026,Centroid res8 from NWI wetland objectid 4393 polygon
WET_4394,8846486699fffff,8,oahu,2026.02,NWI wetland centroid 2026,Centroid res8 from NWI wetland objectid 4394 polygon
WET_4395,8846486699fffff,8,oahu,2026.02,NWI wetland centroid 2026,Centroid res8 from NWI wetland objectid 4395 polygon
WET_4396,8846486699fffff,8,oahu,2026.02,NWI wetland centroid 2026,Centroid res8 from NWI wetland objectid 4396 polygon
WET_4397,8846486699fffff,8,oahu,2026.02,NWI wetland centroid 2026,Centroid res8 from NWI wetland objectid 4397 polygon
WET_4398,8846486699fffff,8,oahu,2026.02,NWI wetland centroid 2026,Centroid res8 from NWI wetland objectid 4398 polygon
WET_4399,8846486699fffff,8,oahu,2026.02,NWI wetland centroid 2026,Centroid res8 from NWI wetland objectid 4399 polygon
WET_4400,8846486699fffff,8,oahu,2026.02,NWI wetland centroid 2026,Centroid res8 from NWI wetland objectid 4400 polygon
WET_4401,8846486699fffff,8,oahu,2026.02,NWI wetland centroid 2026,Centroid res8 from NWI wetland objectid 4401 polygon
WET_4402,88464829a5fffff,8,oahu,2026.02,NWI wetland centroid 2026,Centroid res8 from NWI wetland objectid 4402 polygon
WET_4403,88464829a5fffff,8,oahu,2026.02,NWI wetland centroid 2026,Centroid res8 from NWI wetland objectid 4403 polygon
WET_4404,88464b9345fffff,8,oahu,2026.02,NWI wetland centroid 2026,Centroid res8 from NWI wetland objectid 4404 polygon
WET_4405,88464829e5fffff,8,oahu,2026.02,NWI wetland centroid 2026,Centroid res8 from NWI wetland objectid 4405 polygon
WET_4406,8846482907fffff,8,oahu,2026.02,NWI wetland centroid 2026,Centroid res8 from NWI wetland objectid 4406 polygon
WET_4407,88464829e9fffff,8,oahu,2026.02,NWI wetland centroid 2026,Centroid res8 from NWI wetland objectid 4407 polygon
WET_4408,8846482929fffff,8,oahu,2026.02,NWI wetland centroid 2026,Centroid res8 from NWI wetland objectid 4408 polygon
WET_4409,884648295bfffff,8,oahu,2026.02,NWI wetland centroid 2026,Centroid res8 from NWI wetland objectid 4409 polygon
WET_4410,884648749bfffff,8,oahu,2026.02,NWI wetland centroid 2026,Centroid res8 from NWI wetland objectid 4410 polygon
WET_4411,8846482b35fffff,8,oahu,2026.02,NWI wetland centroid 2026,Centroid res8 from NWI wetland objectid 4411 polygon
WET_4412,88464866d9fffff,8,oahu,2026.02,NWI wetland centroid 2026,Centroid res8 from NWI wetland objectid 4412 polygon
WET_4413,88464866d9fffff,8,oahu,2026.02,NWI wetland centroid 2026,Centroid res8 from NWI wetland objectid 4413 polygon
WET_4414,88464866d9fffff,8,oahu,2026.02,NWI wetland centroid 2026,Centroid res8 from NWI wetland objectid 4414 polygon
WET_4415,8846482963fffff,8,oahu,2026.02,NWI wetland centroid 2026,Centroid res8 from NWI wetland objectid 4415 polygon
WET_4416,8846482963fffff,8,oahu,2026.02,NWI wetland centroid 2026,Centroid res8 from NWI wetland objectid 4416 polygon
WET_4417,8846482901fffff,8,oahu,2026.02,NWI wetland centroid 2026,Centroid res8 from NWI wetland objectid 4417 polygon
WET_4418,8846482963fffff,8,oahu,2026.02,NWI wetland centroid 2026,Centroid res8 from NWI wetland objectid 4418 polygon
WET_4419,884648290bfffff,8,oahu,2026.02,NWI wetland centroid 2026,Centroid res8 from NWI wetland objectid 4419 polygon
WET_4420,884648291dfffff,8,oahu,2026.02,NWI wetland centroid 2026,Centroid res8 from NWI wetland objectid 4420 polygon
WET_4421,884648290dfffff,8,oahu,2026.02,NWI wetland centroid 2026,Centroid res8 from NWI wetland objectid 4421 polygon
WET_4422,884648296dfffff,8,oahu,2026.02,NWI wetland centroid 2026,Centroid res8 from NWI wetland objectid 4422 polygon
WET_4423,8846482957fffff,8,oahu,2026.02,NWI wetland centroid 2026,Centroid res8 from NWI wetland objectid 4423 polygon
WET_4424,8846482969fffff,8,oahu,2026.02,NWI wetland centroid 2026,Centroid res8 from NWI wetland objectid 4424 polygon
WET_4425,8846482941fffff,8,oahu,2026.02,NWI wetland centroid 2026,Centroid res8 from NWI wetland objectid 4425 polygon
WET_4426,884648294dfffff,8,oahu,2026.02,NWI wetland centroid 2026,Centroid res8 from NWI wetland objectid 4426 polygon
WET_4427,8846482957fffff,8,oahu,2026.02,NWI wetland centroid 2026,Centroid res8 from NWI wetland objectid 4427 polygon
WET_4428,88464829a7fffff,8,oahu,2026.02,NWI wetland centroid 2026,Centroid res8 from NWI wetland objectid 4428 polygon
WET_4429,8846482915fffff,8,oahu,2026.02,NWI wetland centroid 2026,Centroid res8 from NWI wetland objectid 4429 polygon
WET_4430,8846482961fffff,8,oahu,2026.02,NWI wetland centroid 2026,Centroid res8 from NWI wetland objectid 4430 polygon
WET_4431,8846482825fffff,8,oahu,2026.02,NWI wetland centroid 2026,Centroid res8 from NWI wetland objectid 4431 polygon
WET_4432,8846482943fffff,8,oahu,2026.02,NWI wetland centroid 2026,Centroid res8 from NWI wetland objectid 4432 polygon
WET_4433,8846486699fffff,8,oahu,2026.02,NWI wetland centroid 2026,Centroid res8 from NWI wetland objectid 4433 polygon
WET_4434,884648293dfffff,8,oahu,2026.02,NWI wetland centroid 2026,Centroid res8 from NWI wetland objectid 4434 polygon
WET_4435,88464829a7fffff,8,oahu,2026.02,NWI wetland centroid 2026,Centroid res8 from NWI wetland objectid 4435 polygon
WET_4436,8846482931fffff,8,oahu,2026.02,NWI wetland centroid 2026,Centroid res8 from NWI wetland objectid 4436 polygon
WET_4437,88464829a7fffff,8,oahu,2026.02,NWI wetland centroid 2026,Centroid res8 from NWI wetland objectid 4437 polygon
WET_4438,88464874b3fffff,8,oahu,2026.02,NWI wetland centroid 2026,Centroid res8 from NWI wetland objectid 4438 polygon
WET_4439,88464866dbfffff,8,oahu,2026.02,NWI wetland centroid 2026,Centroid res8 from NWI wetland objectid 4439 polygon
WET_4440,884648293dfffff,8,oahu,2026.02,NWI wetland centroid 2026,Centroid res8 from NWI wetland objectid 4440 polygon
WET_4441,884648293dfffff,8,oahu,2026.02,NWI wetland centroid 2026,Centroid res8 from NWI wetland objectid 4441 polygon
WET_4442,884648291dfffff,8,oahu,2026.02,NWI wetland centroid 2026,Centroid res8 from NWI wetland objectid 4442 polygon
WET_4443,8846482947fffff,8,oahu,2026.02,NWI wetland centroid 2026,Centroid res8 from NWI wetland objectid 4443 polygon
WET_4444,88464b934dfffff,8,oahu,2026.02,NWI wetland centroid 2026,Centroid res8 from NWI wetland objectid 4444 polygon
WET_4445,88464b934dfffff,8,oahu,2026.02,NWI wetland centroid 2026,Centroid res8 from NWI wetland objectid 4445 polygon
WET_4446,88464b934dfffff,8,oahu,2026.02,NWI wetland centroid 2026,Centroid res8 from NWI wetland objectid 4446 polygon
WET_4447,88464829a7fffff,8,oahu,2026.02,NWI wetland centroid 2026,Centroid res8 from NWI wetland objectid 4447 polygon
WET_4448,88464829a7fffff,8,oahu,2026.02,NWI wetland centroid 2026,Centroid res8 from NWI wetland objectid 4448 polygon
WET_4449,88464829a7fffff,8,oahu,2026.02,NWI wetland centroid 2026,Centroid res8 from NWI wetland objectid 4449 polygon
WET_4450,88464829a7fffff,8,oahu,2026.02,NWI wetland centroid 2026,Centroid res8 from NWI wetland objectid 4450 polygon
WET_4451,88464829a5fffff,8,oahu,2026.02,NWI wetland centroid 2026,Centroid res8 from NWI wetland objectid 4451 polygon
WET_4452,88464829a5fffff,8,oahu,2026.02,NWI wetland centroid 2026,Centroid res8 from NWI wetland objectid 4452 polygon
WET_4453,8846486699fffff,8,oahu,2026.02,NWI wetland centroid 2026,Centroid res8 from NWI wetland objectid 4453 polygon
WET_4454,8846486699fffff,8,oahu,2026.02,NWI wetland centroid 2026,Centroid res8 from NWI wetland objectid 4454 polygon
WET_4455,8846486699fffff,8,oahu,2026.02,NWI wetland centroid 2026,Centroid res8 from NWI wetland objectid 4455 polygon
WET_4456,8846486699fffff,8,oahu,2026.02,NWI wetland centroid 2026,Centroid res8 from NWI wetland objectid 4456 polygon
WET_4457,88464829a5fffff,8,oahu,2026.02,NWI wetland centroid 2026,Centroid res8 from NWI wetland objectid 4457 polygon
WET_4458,8846486699fffff,8,oahu,2026.02,NWI wetland centroid 2026,Centroid res8 from NWI wetland objectid 4458 polygon
WET_4459,88464866d7fffff,8,oahu,2026.02,NWI wetland centroid 2026,Centroid res8 from NWI wetland objectid 4459 polygon
WET_4460,88464866d3fffff,8,oahu,2026.02,NWI wetland centroid 2026,Centroid res8 from NWI wetland objectid 4460 polygon
WET_4461,88464866d9fffff,8,oahu,2026.02,NWI wetland centroid 2026,Centroid res8 from NWI wetland objectid 4461 polygon
WET_4462,8846482931fffff,8,oahu,2026.02,NWI wetland centroid 2026,Centroid res8 from NWI wetland objectid 4462 polygon
WET_4463,8846482931fffff,8,oahu,2026.02,NWI wetland centroid 2026,Centroid res8 from NWI wetland objectid 4463 polygon
WET_4464,8846482931fffff,8,oahu,2026.02,NWI wetland centroid 2026,Centroid res8 from NWI wetland objectid 4464 polygon
WET_4465,8846482931fffff,8,oahu,2026.02,NWI wetland centroid 2026,Centroid res8 from NWI wetland objectid 4465 polygon
WET_4466,8846482931fffff,8,oahu,2026.02,NWI wetland centroid 2026,Centroid res8 from NWI wetland objectid 4466 polygon
WET_4467,8846482931fffff,8,oahu,2026.02,NWI wetland centroid 2026,Centroid res8 from NWI wetland objectid 4467 polygon
WET_4468,88464829e9fffff,8,oahu,2026.02,NWI wetland centroid 2026,Centroid res8 from NWI wetland objectid 4468 polygon
WET_4469,8846482931fffff,8,oahu,2026.02,NWI wetland centroid 2026,Centroid res8 from NWI wetland objectid 4469 polygon
WET_4470,88464829e9fffff,8,oahu,2026.02,NWI wetland centroid 2026,Centroid res8 from NWI wetland objectid 4470 polygon
WET_4471,8846482931fffff,8,oahu,2026.02,NWI wetland centroid 2026,Centroid res8 from NWI wetland objectid 4471 polygon
WET_4472,8846482931fffff,8,oahu,2026.02,NWI wetland centroid 2026,Centroid res8 from NWI wetland objectid 4472 polygon
WET_4473,8846482931fffff,8,oahu,2026.02,NWI wetland centroid 2026,Centroid res8 from NWI wetland objectid 4473 polygon
WET_4474,8846482963fffff,8,oahu,2026.02,NWI wetland centroid 2026,Centroid res8 from NWI wetland objectid 4474 polygon
WET_4475,8846482963fffff,8,oahu,2026.02,NWI wetland centroid 2026,Centroid res8 from NWI wetland objectid 4475 polygon
WET_4476,8846482963fffff,8,oahu,2026.02,NWI wetland centroid 2026,Centroid res8 from NWI wetland objectid 4476 polygon
WET_4477,8846482961fffff,8,oahu,2026.02,NWI wetland centroid 2026,Centroid res8 from NWI wetland objectid 4477 polygon
WET_4478,8846482961fffff,8,oahu,2026.02,NWI wetland centroid 2026,Centroid res8 from NWI wetland objectid 4478 polygon
WET_4479,8846482961fffff,8,oahu,2026.02,NWI wetland centroid 2026,Centroid res8 from NWI wetland objectid 4479 polygon
WET_4480,8846482961fffff,8,oahu,2026.02,NWI wetland centroid 2026,Centroid res8 from NWI wetland objectid 4480 polygon
WET_4481,8846482961fffff,8,oahu,2026.02,NWI wetland centroid 2026,Centroid res8 from NWI wetland objectid 4481 polygon
WET_4482,884648296bfffff,8,oahu,2026.02,NWI wetland centroid 2026,Centroid res8 from NWI wetland objectid 4482 polygon
WET_4483,884648296bfffff,8,oahu,2026.02,NWI wetland centroid 2026,Centroid res8 from NWI wetland objectid 4483 polygon
WET_4484,884648296bfffff,8,oahu,2026.02,NWI wetland centroid 2026,Centroid res8 from NWI wetland objectid 4484 polygon
WET_4485,88464874b3fffff,8,oahu,2026.02,NWI wetland centroid 2026,Centroid res8 from NWI wetland objectid 4485 polygon
WET_4486,884648296bfffff,8,oahu,2026.02,NWI wetland centroid 2026,Centroid res8 from NWI wetland objectid 4486 polygon
WET_4487,884648296bfffff,8,oahu,2026.02,NWI wetland centroid 2026,Centroid res8 from NWI wetland objectid 4487 polygon
WET_4488,884648296bfffff,8,oahu,2026.02,NWI wetland centroid 2026,Centroid res8 from NWI wetland objectid 4488 polygon
WET_4489,8846482939fffff,8,oahu,2026.02,NWI wetland centroid 2026,Centroid res8 from NWI wetland objectid 4489 polygon
WET_4490,8846482907fffff,8,oahu,2026.02,NWI wetland centroid 2026,Centroid res8 from NWI wetland objectid 4490 polygon
WET_4491,8846482931fffff,8,oahu,2026.02,NWI wetland centroid 2026,Centroid res8 from NWI wetland objectid 4491 polygon
WET_4492,8846486699fffff,8,oahu,2026.02,NWI wetland centroid 2026,Centroid res8 from NWI wetland objectid 4492 polygon
WET_4493,88464866d7fffff,8,oahu,2026.02,NWI wetland centroid 2026,Centroid res8 from NWI wetland objectid 4493 polygon
WET_4494,88464866ddfffff,8,oahu,2026.02,NWI wetland centroid 2026,Centroid res8 from NWI wetland objectid 4494 polygon
WET_4495,88464866d9fffff,8,oahu,2026.02,NWI wetland centroid 2026,Centroid res8 from NWI wetland objectid 4495 polygon
WET_4496,88464866d9fffff,8,oahu,2026.02,NWI wetland centroid 2026,Centroid res8 from NWI wetland objectid 4496 polygon
WET_4497,88464b934dfffff,8,oahu,2026.02,NWI wetland centroid 2026,Centroid res8 from NWI wetland objectid 4497 polygon
WET_4498,88464b934dfffff,8,oahu,2026.02,NWI wetland centroid 2026,Centroid res8 from NWI wetland objectid 4498 polygon
WET_4499,88464866d9fffff,8,oahu,2026.02,NWI wetland centroid 2026,Centroid res8 from NWI wetland objectid 4499 polygon
WET_4500,88464829e5fffff,8,oahu,2026.02,NWI wetland centroid 2026,Centroid res8 from NWI wetland objectid 4500 polygon
WET_4501,88464829e5fffff,8,oahu,2026.02,NWI wetland centroid 2026,Centroid res8 from NWI wetland objectid 4501 polygon
WET_4502,88464829e5fffff,8,oahu,2026.02,NWI wetland centroid 2026,Centroid res8 from NWI wetland objectid 4502 polygon
WET_4503,88464829e5fffff,8,oahu,2026.02,NWI wetland centroid 2026,Centroid res8 from NWI wetland objectid 4503 polygon
WET_4504,88464829e5fffff,8,oahu,2026.02,NWI wetland centroid 2026,Centroid res8 from NWI wetland objectid 4504 polygon
WET_4505,8846482917fffff,8,oahu,2026.02,NWI wetland centroid 2026,Centroid res8 from NWI wetland objectid 4505 polygon
WET_4506,8846482917fffff,8,oahu,2026.02,NWI wetland centroid 2026,Centroid res8 from NWI wetland objectid 4506 polygon
WET_4507,8846482915fffff,8,oahu,2026.02,NWI wetland centroid 2026,Centroid res8 from NWI wetland objectid 4507 polygon
WET_4508,8846482907fffff,8,oahu,2026.02,NWI wetland centroid 2026,Centroid res8 from NWI wetland objectid 4508 polygon
WET_4509,8846482907fffff,8,oahu,2026.02,NWI wetland centroid 2026,Centroid res8 from NWI wetland objectid 4509 polygon
WET_4510,8846482903fffff,8,oahu,2026.02,NWI wetland centroid 2026,Centroid res8 from NWI wetland objectid 4510 polygon
WET_4511,8846482903fffff,8,oahu,2026.02,NWI wetland centroid 2026,Centroid res8 from NWI wetland objectid 4511 polygon
WET_4512,884648291dfffff,8,oahu,2026.02,NWI wetland centroid 2026,Centroid res8 from NWI wetland objectid 4512 polygon
WET_4513,884648291bfffff,8,oahu,2026.02,NWI wetland centroid 2026,Centroid res8 from NWI wetland objectid 4513 polygon
WET_4514,8846482901fffff,8,oahu,2026.02,NWI wetland centroid 2026,Centroid res8 from NWI wetland objectid 4514 polygon
WET_4515,8846482919fffff,8,oahu,2026.02,NWI wetland centroid 2026,Centroid res8 from NWI wetland objectid 4515 polygon
WET_4516,884648291dfffff,8,oahu,2026.02,NWI wetland centroid 2026,Centroid res8 from NWI wetland objectid 4516 polygon
WET_4517,8846482919fffff,8,oahu,2026.02,NWI wetland centroid 2026,Centroid res8 from NWI wetland objectid 4517 polygon
WET_4518,8846482919fffff,8,oahu,2026.02,NWI wetland centroid 2026,Centroid res8 from NWI wetland objectid 4518 polygon
WET_4519,8846482961fffff,8,oahu,2026.02,NWI wetland centroid 2026,Centroid res8 from NWI wetland objectid 4519 polygon
WET_4520,8846482965fffff,8,oahu,2026.02,NWI wetland centroid 2026,Centroid res8 from NWI wetland objectid 4520 polygon
WET_4521,884648296bfffff,8,oahu,2026.02,NWI wetland centroid 2026,Centroid res8 from NWI wetland objectid 4521 polygon
WET_4522,8846482961fffff,8,oahu,2026.02,NWI wetland centroid 2026,Centroid res8 from NWI wetland objectid 4522 polygon
WET_4523,8846482953fffff,8,oahu,2026.02,NWI wetland centroid 2026,Centroid res8 from NWI wetland objectid 4523 polygon
WET_4524,88464874b3fffff,8,oahu,2026.02,NWI wetland centroid 2026,Centroid res8 from NWI wetland objectid 4524 polygon
WET_4525,8846482961fffff,8,oahu,2026.02,NWI wetland centroid 2026,Centroid res8 from NWI wetland objectid 4525 polygon
WET_4526,8846482953fffff,8,oahu,2026.02,NWI wetland centroid 2026,Centroid res8 from NWI wetland objectid 4526 polygon
WET_4527,8846482969fffff,8,oahu,2026.02,NWI wetland centroid 2026,Centroid res8 from NWI wetland objectid 4527 polygon
WET_4528,884648295bfffff,8,oahu,2026.02,NWI wetland centroid 2026,Centroid res8 from NWI wetland objectid 4528 polygon
WET_4529,884648295bfffff,8,oahu,2026.02,NWI wetland centroid 2026,Centroid res8 from NWI wetland objectid 4529 polygon
WET_4530,8846482945fffff,8,oahu,2026.02,NWI wetland centroid 2026,Centroid res8 from NWI wetland objectid 4530 polygon
WET_4531,8846487495fffff,8,oahu,2026.02,NWI wetland centroid 2026,Centroid res8 from NWI wetland objectid 4531 polygon
WET_4532,88464866d7fffff,8,oahu,2026.02,NWI wetland centroid 2026,Centroid res8 from NWI wetland objectid 4532 polygon
WET_4533,884648293dfffff,8,oahu,2026.02,NWI wetland centroid 2026,Centroid res8 from NWI wetland objectid 4533 polygon
WET_4534,88464829edfffff,8,oahu,2026.02,NWI wetland centroid 2026,Centroid res8 from NWI wetland objectid 4534 polygon
WET_4535,88464829edfffff,8,oahu,2026.02,NWI wetland centroid 2026,Centroid res8 from NWI wetland objectid 4535 polygon
WET_4536,8846482921fffff,8,oahu,2026.02,NWI wetland centroid 2026,Centroid res8 from NWI wetland objectid 4536 polygon
WET_4537,88464866d7fffff,8,oahu,2026.02,NWI wetland centroid 2026,Centroid res8 from NWI wetland objectid 4537 polygon
WET_4538,884648293bfffff,8,oahu,2026.02,NWI wetland centroid 2026,Centroid res8 from NWI wetland objectid 4538 polygon
WET_4539,8846482907fffff,8,oahu,2026.02,NWI wetland centroid 2026,Centroid res8 from NWI wetland objectid 4539 polygon
WET_4540,8846482929fffff,8,oahu,2026.02,NWI wetland centroid 2026,Centroid res8 from NWI wetland objectid 4540 polygon
WET_4541,8846482939fffff,8,oahu,2026.02,NWI wetland centroid 2026,Centroid res8 from NWI wetland objectid 4541 polygon
WET_4542,8846482911fffff,8,oahu,2026.02,NWI wetland centroid 2026,Centroid res8 from NWI wetland objectid 4542 polygon
WET_4543,8846482963fffff,8,oahu,2026.02,NWI wetland centroid 2026,Centroid res8 from NWI wetland objectid 4543 polygon
WET_4544,8846482953fffff,8,oahu,2026.02,NWI wetland centroid 2026,Centroid res8 from NWI wetland objectid 4544 polygon
WET_4545,8846482961fffff,8,oahu,2026.02,NWI wetland centroid 2026,Centroid res8 from NWI wetland objectid 4545 polygon
WET_4546,8846482941fffff,8,oahu,2026.02,NWI wetland centroid 2026,Centroid res8 from NWI wetland objectid 4546 polygon
WET_4547,8846482941fffff,8,oahu,2026.02,NWI wetland centroid 2026,Centroid res8 from NWI wetland objectid 4547 polygon
WET_4548,8846486693fffff,8,oahu,2026.02,NWI wetland centroid 2026,Centroid res8 from NWI wetland objectid 4548 polygon
WET_4549,88464b9345fffff,8,oahu,2026.02,NWI wetland centroid 2026,Centroid res8 from NWI wetland objectid 4549 polygon
WET_4550,8846486693fffff,8,oahu,2026.02,NWI wetland centroid 2026,Centroid res8 from NWI wetland objectid 4550 polygon
WET_4551,88464866d5fffff,8,oahu,2026.02,NWI wetland centroid 2026,Centroid res8 from NWI wetland objectid 4551 polygon
WET_4552,88464866d9fffff,8,oahu,2026.02,NWI wetland centroid 2026,Centroid res8 from NWI wetland objectid 4552 polygon
WET_4553,88464829e7fffff,8,oahu,2026.02,NWI wetland centroid 2026,Centroid res8 from NWI wetland objectid 4553 polygon
WET_4554,8846482913fffff,8,oahu,2026.02,NWI wetland centroid 2026,Centroid res8 from NWI wetland objectid 4554 polygon
WET_4555,8846482329fffff,8,oahu,2026.02,NWI wetland centroid 2026,Centroid res8 from NWI wetland objectid 4555 polygon
WET_4556,884648234bfffff,8,oahu,2026.02,NWI wetland centroid 2026,Centroid res8 from NWI wetland objectid 4556 polygon
WET_4557,8846482329fffff,8,oahu,2026.02,NWI wetland centroid 2026,Centroid res8 from NWI wetland objectid 4557 polygon
WET_4558,8846482329fffff,8,oahu,2026.02,NWI wetland centroid 2026,Centroid res8 from NWI wetland objectid 4558 polygon
WET_4559,8846482329fffff,8,oahu,2026.02,NWI wetland centroid 2026,Centroid res8 from NWI wetland objectid 4559 polygon
WET_4560,8846482329fffff,8,oahu,2026.02,NWI wetland centroid 2026,Centroid res8 from NWI wetland objectid 4560 polygon
WET_4561,8846482329fffff,8,oahu,2026.02,NWI wetland centroid 2026,Centroid res8 from NWI wetland objectid 4561 polygon
WET_4562,8846482329fffff,8,oahu,2026.02,NWI wetland centroid 2026,Centroid res8 from NWI wetland objectid 4562 polygon
WET_4563,8846482329fffff,8,oahu,2026.02,NWI wetland centroid 2026,Centroid res8 from NWI wetland objectid 4563 polygon
WET_4564,8846482329fffff,8,oahu,2026.02,NWI wetland centroid 2026,Centroid res8 from NWI wetland objectid 4564 polygon
WET_4565,8846482329fffff,8,oahu,2026.02,NWI wetland centroid 2026,Centroid res8 from NWI wetland objectid 4565 polygon
WET_4566,8846482329fffff,8,oahu,2026.02,NWI wetland centroid 2026,Centroid res8 from NWI wetland objectid 4566 polygon
WET_4567,8846482329fffff,8,oahu,2026.02,NWI wetland centroid 2026,Centroid res8 from NWI wetland objectid 4567 polygon
WET_4568,8846482329fffff,8,oahu,2026.02,NWI wetland centroid 2026,Centroid res8 from NWI wetland objectid 4568 polygon
WET_4569,8846482329fffff,8,oahu,2026.02,NWI wetland centroid 2026,Centroid res8 from NWI wetland objectid 4569 polygon
WET_4570,8846482329fffff,8,oahu,2026.02,NWI wetland centroid 2026,Centroid res8 from NWI wetland objectid 4570 polygon
WET_4571,8846482329fffff,8,oahu,2026.02,NWI wetland centroid 2026,Centroid res8 from NWI wetland objectid 4571 polygon
WET_4572,8846482329fffff,8,oahu,2026.02,NWI wetland centroid 2026,Centroid res8 from NWI wetland objectid 4572 polygon
WET_4573,8846482329fffff,8,oahu,2026.02,NWI wetland centroid 2026,Centroid res8 from NWI wetland objectid 4573 polygon
WET_4574,884648234bfffff,8,oahu,2026.02,NWI wetland centroid 2026,Centroid res8 from NWI wetland objectid 4574 polygon
WET_4575,8846483883fffff,8,oahu,2026.02,NWI wetland centroid 2026,Centroid res8 from NWI wetland objectid 4575 polygon
WET_4576,8846482245fffff,8,oahu,2026.02,NWI wetland centroid 2026,Centroid res8 from NWI wetland objectid 4576 polygon
WET_4577,88464831b1fffff,8,oahu,2026.02,NWI wetland centroid 2026,Centroid res8 from NWI wetland objectid 4577 polygon
WET_4578,8846482361fffff,8,oahu,2026.02,NWI wetland centroid 2026,Centroid res8 from NWI wetland objectid 4578 polygon
WET_4579,8846482361fffff,8,oahu,2026.02,NWI wetland centroid 2026,Centroid res8 from NWI wetland objectid 4579 polygon
WET_4580,88464831b5fffff,8,oahu,2026.02,NWI wetland centroid 2026,Centroid res8 from NWI wetland objectid 4580 polygon
WET_4581,8846482345fffff,8,oahu,2026.02,NWI wetland centroid 2026,Centroid res8 from NWI wetland objectid 4581 polygon
WET_4582,88464831b9fffff,8,oahu,2026.02,NWI wetland centroid 2026,Centroid res8 from NWI wetland objectid 4582 polygon
WET_4583,8846483899fffff,8,oahu,2026.02,NWI wetland centroid 2026,Centroid res8 from NWI wetland objectid 4583 polygon
WET_4584,88464838d3fffff,8,oahu,2026.02,NWI wetland centroid 2026,Centroid res8 from NWI wetland objectid 4584 polygon
WET_4585,884648232dfffff,8,oahu,2026.02,NWI wetland centroid 2026,Centroid res8 from NWI wetland objectid 4585 polygon
WET_4586,884648232dfffff,8,oahu,2026.02,NWI wetland centroid 2026,Centroid res8 from NWI wetland objectid 4586 polygon
WET_4587,8846482367fffff,8,oahu,2026.02,NWI wetland centroid 2026,Centroid res8 from NWI wetland objectid 4587 polygon
WET_4588,884648232dfffff,8,oahu,2026.02,NWI wetland centroid 2026,Centroid res8 from NWI wetland objectid 4588 polygon
WET_4589,8846482367fffff,8,oahu,2026.02,NWI wetland centroid 2026,Centroid res8 from NWI wetland objectid 4589 polygon
WET_4590,8846482367fffff,8,oahu,2026.02,NWI wetland centroid 2026,Centroid res8 from NWI wetland objectid 4590 polygon
WET_4591,8846482367fffff,8,oahu,2026.02,NWI wetland centroid 2026,Centroid res8 from NWI wetland objectid 4591 polygon
WET_4592,8846482367fffff,8,oahu,2026.02,NWI wetland centroid 2026,Centroid res8 from NWI wetland objectid 4592 polygon
WET_4593,8846482367fffff,8,oahu,2026.02,NWI wetland centroid 2026,Centroid res8 from NWI wetland objectid 4593 polygon
WET_4594,8846482367fffff,8,oahu,2026.02,NWI wetland centroid 2026,Centroid res8 from NWI wetland objectid 4594 polygon
WET_4595,8846482367fffff,8,oahu,2026.02,NWI wetland centroid 2026,Centroid res8 from NWI wetland objectid 4595 polygon
WET_4596,8846482367fffff,8,oahu,2026.02,NWI wetland centroid 2026,Centroid res8 from NWI wetland objectid 4596 polygon
WET_4597,8846482363fffff,8,oahu,2026.02,NWI wetland centroid 2026,Centroid res8 from NWI wetland objectid 4597 polygon
WET_4598,8846482361fffff,8,oahu,2026.02,NWI wetland centroid 2026,Centroid res8 from NWI wetland objectid 4598 polygon
WET_4599,8846482361fffff,8,oahu,2026.02,NWI wetland centroid 2026,Centroid res8 from NWI wetland objectid 4599 polygon
WET_4600,8846482361fffff,8,oahu,2026.02,NWI wetland centroid 2026,Centroid res8 from NWI wetland objectid 4600 polygon
WET_4601,884648236bfffff,8,oahu,2026.02,NWI wetland centroid 2026,Centroid res8 from NWI wetland objectid 4601 polygon
WET_4602,884648236bfffff,8,oahu,2026.02,NWI wetland centroid 2026,Centroid res8 from NWI wetland objectid 4602 polygon
WET_4603,8846482345fffff,8,oahu,2026.02,NWI wetland centroid 2026,Centroid res8 from NWI wetland objectid 4603 polygon
WET_4604,88464831b5fffff,8,oahu,2026.02,NWI wetland centroid 2026,Centroid res8 from NWI wetland objectid 4604 polygon
WET_4605,88464831b1fffff,8,oahu,2026.02,NWI wetland centroid 2026,Centroid res8 from NWI wetland objectid 4605 polygon
WET_4606,88464831bbfffff,8,oahu,2026.02,NWI wetland centroid 2026,Centroid res8 from NWI wetland objectid 4606 polygon
WET_4607,88464838d3fffff,8,oahu,2026.02,NWI wetland centroid 2026,Centroid res8 from NWI wetland objectid 4607 polygon
WET_4608,884648232dfffff,8,oahu,2026.02,NWI wetland centroid 2026,Centroid res8 from NWI wetland objectid 4608 polygon
WET_4609,884648232dfffff,8,oahu,2026.02,NWI wetland centroid 2026,Centroid res8 from NWI wetland objectid 4609 polygon
WET_4610,8846482367fffff,8,oahu,2026.02,NWI wetland centroid 2026,Centroid res8 from NWI wetland objectid 4610 polygon
WET_4611,8846482367fffff,8,oahu,2026.02,NWI wetland centroid 2026,Centroid res8 from NWI wetland objectid 4611 polygon
WET_4612,8846482361fffff,8,oahu,2026.02,NWI wetland centroid 2026,Centroid res8 from NWI wetland objectid 4612 polygon
WET_4613,884648236bfffff,8,oahu,2026.02,NWI wetland centroid 2026,Centroid res8 from NWI wetland objectid 4613 polygon
WET_4614,8846483899fffff,8,oahu,2026.02,NWI wetland centroid 2026,Centroid res8 from NWI wetland objectid 4614 polygon
WET_4615,88464838d3fffff,8,oahu,2026.02,NWI wetland centroid 2026,Centroid res8 from NWI wetland objectid 4615 polygon
WET_4616,88464838d3fffff,8,oahu,2026.02,NWI wetland centroid 2026,Centroid res8 from NWI wetland objectid 4616 polygon
WET_4617,884648232dfffff,8,oahu,2026.02,NWI wetland centroid 2026,Centroid res8 from NWI wetland objectid 4617 polygon
WET_4618,8846482367fffff,8,oahu,2026.02,NWI wetland centroid 2026,Centroid res8 from NWI wetland objectid 4618 polygon
WET_4619,8846482367fffff,8,oahu,2026.02,NWI wetland centroid 2026,Centroid res8 from NWI wetland objectid 4619 polygon
WET_4620,8846482361fffff,8,oahu,2026.02,NWI wetland centroid 2026,Centroid res8 from NWI wetland objectid 4620 polygon
WET_4621,8846482361fffff,8,oahu,2026.02,NWI wetland centroid 2026,Centroid res8 from NWI wetland objectid 4621 polygon
WET_4622,8846482345fffff,8,oahu,2026.02,NWI wetland centroid 2026,Centroid res8 from NWI wetland objectid 4622 polygon
WET_4623,88464831b1fffff,8,oahu,2026.02,NWI wetland centroid 2026,Centroid res8 from NWI wetland objectid 4623 polygon
WET_4624,8846482361fffff,8,oahu,2026.02,NWI wetland centroid 2026,Centroid res8 from NWI wetland objectid 4624 polygon
WET_4625,8846482341fffff,8,oahu,2026.02,NWI wetland centroid 2026,Centroid res8 from NWI wetland objectid 4625 polygon
WET_4626,88464831b1fffff,8,oahu,2026.02,NWI wetland centroid 2026,Centroid res8 from NWI wetland objectid 4626 polygon
WET_4627,88464831bbfffff,8,oahu,2026.02,NWI wetland centroid 2026,Centroid res8 from NWI wetland objectid 4627 polygon
WET_4628,88464831b1fffff,8,oahu,2026.02,NWI wetland centroid 2026,Centroid res8 from NWI wetland objectid 4628 polygon
WET_4629,884648233dfffff,8,oahu,2026.02,NWI wetland centroid 2026,Centroid res8 from NWI wetland objectid 4629 polygon
WET_4630,884648233dfffff,8,oahu,2026.02,NWI wetland centroid 2026,Centroid res8 from NWI wetland objectid 4630 polygon
WET_4631,8846482303fffff,8,oahu,2026.02,NWI wetland centroid 2026,Centroid res8 from NWI wetland objectid 4631 polygon
WET_4632,8846482329fffff,8,oahu,2026.02,NWI wetland centroid 2026,Centroid res8 from NWI wetland objectid 4632 polygon
WET_4633,88464831bbfffff,8,oahu,2026.02,NWI wetland centroid 2026,Centroid res8 from NWI wetland objectid 4633 polygon
WET_4634,88464831bbfffff,8,oahu,2026.02,NWI wetland centroid 2026,Centroid res8 from NWI wetland objectid 4634 polygon
WET_4635,88464831bbfffff,8,oahu,2026.02,NWI wetland centroid 2026,Centroid res8 from NWI wetland objectid 4635 polygon
WET_4636,884648389bfffff,8,oahu,2026.02,NWI wetland centroid 2026,Centroid res8 from NWI wetland objectid 4636 polygon
WET_4637,8846482321fffff,8,oahu,2026.02,NWI wetland centroid 2026,Centroid res8 from NWI wetland objectid 4637 polygon
WET_4638,884648234bfffff,8,oahu,2026.02,NWI wetland centroid 2026,Centroid res8 from NWI wetland objectid 4638 polygon
WET_4639,8846482307fffff,8,oahu,2026.02,NWI wetland centroid 2026,Centroid res8 from NWI wetland objectid 4639 polygon
WET_4640,884648214bfffff,8,oahu,2026.02,NWI wetland centroid 2026,Centroid res8 from NWI wetland objectid 4640 polygon
WET_4641,8846482335fffff,8,oahu,2026.02,NWI wetland centroid 2026,Centroid res8 from NWI wetland objectid 4641 polygon
WET_4642,8846482065fffff,8,oahu,2026.02,NWI wetland centroid 2026,Centroid res8 from NWI wetland objectid 4642 polygon
WET_4643,884648232bfffff,8,oahu,2026.02,NWI wetland centroid 2026,Centroid res8 from NWI wetland objectid 4643 polygon
WET_4644,884648233dfffff,8,oahu,2026.02,NWI wetland centroid 2026,Centroid res8 from NWI wetland objectid 4644 polygon
WET_4645,8846482317fffff,8,oahu,2026.02,NWI wetland centroid 2026,Centroid res8 from NWI wetland objectid 4645 polygon
WET_4646,8846482301fffff,8,oahu,2026.02,NWI wetland centroid 2026,Centroid res8 from NWI wetland objectid 4646 polygon
WET_4647,8846482305fffff,8,oahu,2026.02,NWI wetland centroid 2026,Centroid res8 from NWI wetland objectid 4647 polygon
WET_4648,884648230dfffff,8,oahu,2026.02,NWI wetland centroid 2026,Centroid res8 from NWI wetland objectid 4648 polygon
WET_4649,8846482301fffff,8,oahu,2026.02,NWI wetland centroid 2026,Centroid res8 from NWI wetland objectid 4649 polygon
WET_4650,8846482309fffff,8,oahu,2026.02,NWI wetland centroid 2026,Centroid res8 from NWI wetland objectid 4650 polygon
WET_4651,8846482357fffff,8,oahu,2026.02,NWI wetland centroid 2026,Centroid res8 from NWI wetland objectid 4651 polygon
WET_4652,88464831b7fffff,8,oahu,2026.02,NWI wetland centroid 2026,Centroid res8 from NWI wetland objectid 4652 polygon
WET_4653,8846482353fffff,8,oahu,2026.02,NWI wetland centroid 2026,Centroid res8 from NWI wetland objectid 4653 polygon
WET_4654,88464831b1fffff,8,oahu,2026.02,NWI wetland centroid 2026,Centroid res8 from NWI wetland objectid 4654 polygon
WET_4655,88464831b1fffff,8,oahu,2026.02,NWI wetland centroid 2026,Centroid res8 from NWI wetland objectid 4655 polygon
WET_4656,884648233dfffff,8,oahu,2026.02,NWI wetland centroid 2026,Centroid res8 from NWI wetland objectid 4656 polygon
WET_4657,884648232bfffff,8,oahu,2026.02,NWI wetland centroid 2026,Centroid res8 from NWI wetland objectid 4657 polygon
WET_4658,88464831bbfffff,8,oahu,2026.02,NWI wetland centroid 2026,Centroid res8 from NWI wetland objectid 4658 polygon
WET_4659,8846482321fffff,8,oahu,2026.02,NWI wetland centroid 2026,Centroid res8 from NWI wetland objectid 4659 polygon
WET_4660,884648232bfffff,8,oahu,2026.02,NWI wetland centroid 2026,Centroid res8 from NWI wetland objectid 4660 polygon
WET_4661,884648232bfffff,8,oahu,2026.02,NWI wetland centroid 2026,Centroid res8 from NWI wetland objectid 4661 polygon
WET_4662,8846482329fffff,8,oahu,2026.02,NWI wetland centroid 2026,Centroid res8 from NWI wetland objectid 4662 polygon
WET_4663,8846482309fffff,8,oahu,2026.02,NWI wetland centroid 2026,Centroid res8 from NWI wetland objectid 4663 polygon
WET_4664,8846482347fffff,8,oahu,2026.02,NWI wetland centroid 2026,Centroid res8 from NWI wetland objectid 4664 polygon
WET_4665,8846482359fffff,8,oahu,2026.02,NWI wetland centroid 2026,Centroid res8 from NWI wetland objectid 4665 polygon
WET_4666,8846482325fffff,8,oahu,2026.02,NWI wetland centroid 2026,Centroid res8 from NWI wetland objectid 4666 polygon
WET_4667,8846482327fffff,8,oahu,2026.02,NWI wetland centroid 2026,Centroid res8 from NWI wetland objectid 4667 polygon
WET_4668,8846482329fffff,8,oahu,2026.02,NWI wetland centroid 2026,Centroid res8 from NWI wetland objectid 4668 polygon
WET_4669,8846482001fffff,8,oahu,2026.02,NWI wetland centroid 2026,Centroid res8 from NWI wetland objectid 4669 polygon
WET_4670,884648232bfffff,8,oahu,2026.02,NWI wetland centroid 2026,Centroid res8 from NWI wetland objectid 4670 polygon
WET_4671,884648233dfffff,8,oahu,2026.02,NWI wetland centroid 2026,Centroid res8 from NWI wetland objectid 4671 polygon
WET_4672,8846482de7fffff,8,oahu,2026.02,NWI wetland centroid 2026,Centroid res8 from NWI wetland objectid 4672 polygon
WET_4673,8846482da9fffff,8,oahu,2026.02,NWI wetland centroid 2026,Centroid res8 from NWI wetland objectid 4673 polygon
WET_4674,88464b92ddfffff,8,oahu,2026.02,NWI wetland centroid 2026,Centroid res8 from NWI wetland objectid 4674 polygon
WET_4675,8846482de7fffff,8,oahu,2026.02,NWI wetland centroid 2026,Centroid res8 from NWI wetland objectid 4675 polygon
WET_4676,8846482da3fffff,8,oahu,2026.02,NWI wetland centroid 2026,Centroid res8 from NWI wetland objectid 4676 polygon
WET_4677,8846482d95fffff,8,oahu,2026.02,NWI wetland centroid 2026,Centroid res8 from NWI wetland objectid 4677 polygon
WET_4678,8846482da9fffff,8,oahu,2026.02,NWI wetland centroid 2026,Centroid res8 from NWI wetland objectid 4678 polygon
WET_4679,8846482d83fffff,8,oahu,2026.02,NWI wetland centroid 2026,Centroid res8 from NWI wetland objectid 4679 polygon
WET_4680,8846482d97fffff,8,oahu,2026.02,NWI wetland centroid 2026,Centroid res8 from NWI wetland objectid 4680 polygon
WET_4681,8846482da1fffff,8,oahu,2026.02,NWI wetland centroid 2026,Centroid res8 from NWI wetland objectid 4681 polygon
WET_4682,8846482da5fffff,8,oahu,2026.02,NWI wetland centroid 2026,Centroid res8 from NWI wetland objectid 4682 polygon
WET_4683,88464b92dbfffff,8,oahu,2026.02,NWI wetland centroid 2026,Centroid res8 from NWI wetland objectid 4683 polygon
WET_4684,88464b92dbfffff,8,oahu,2026.02,NWI wetland centroid 2026,Centroid res8 from NWI wetland objectid 4684 polygon
WET_4685,8846482da1fffff,8,oahu,2026.02,NWI wetland centroid 2026,Centroid res8 from NWI wetland objectid 4685 polygon
WET_4686,88464b92d5fffff,8,oahu,2026.02,NWI wetland centroid 2026,Centroid res8 from NWI wetland objectid 4686 polygon
WET_4687,88464b92d5fffff,8,oahu,2026.02,NWI wetland centroid 2026,Centroid res8 from NWI wetland objectid 4687 polygon
WET_4688,88464b92d5fffff,8,oahu,2026.02,NWI wetland centroid 2026,Centroid res8 from NWI wetland objectid 4688 polygon
WET_4689,88464b92ddfffff,8,oahu,2026.02,NWI wetland centroid 2026,Centroid res8 from NWI wetland objectid 4689 polygon
WET_4690,88464b92c3fffff,8,oahu,2026.02,NWI wetland centroid 2026,Centroid res8 from NWI wetland objectid 4690 polygon
WET_4691,88464b92c3fffff,8,oahu,2026.02,NWI wetland centroid 2026,Centroid res8 from NWI wetland objectid 4691 polygon
WET_4692,8846482d95fffff,8,oahu,2026.02,NWI wetland centroid 2026,Centroid res8 from NWI wetland objectid 4692 polygon
WET_4693,8846482de7fffff,8,oahu,2026.02,NWI wetland centroid 2026,Centroid res8 from NWI wetland objectid 4693 polygon
WET_4694,8846482de7fffff,8,oahu,2026.02,NWI wetland centroid 2026,Centroid res8 from NWI wetland objectid 4694 polygon
WET_4695,8846482de7fffff,8,oahu,2026.02,NWI wetland centroid 2026,Centroid res8 from NWI wetland objectid 4695 polygon
WET_4696,8846482de7fffff,8,oahu,2026.02,NWI wetland centroid 2026,Centroid res8 from NWI wetland objectid 4696 polygon
WET_4697,8846482de7fffff,8,oahu,2026.02,NWI wetland centroid 2026,Centroid res8 from NWI wetland objectid 4697 polygon
WET_4698,8846482de7fffff,8,oahu,2026.02,NWI wetland centroid 2026,Centroid res8 from NWI wetland objectid 4698 polygon
WET_4699,8846482d85fffff,8,oahu,2026.02,NWI wetland centroid 2026,Centroid res8 from NWI wetland objectid 4699 polygon
WET_4700,8846482d83fffff,8,oahu,2026.02,NWI wetland centroid 2026,Centroid res8 from NWI wetland objectid 4700 polygon
WET_4701,88464b9289fffff,8,oahu,2026.02,NWI wetland centroid 2026,Centroid res8 from NWI wetland objectid 4701 polygon
WET_4702,8846482da9fffff,8,oahu,2026.02,NWI wetland centroid 2026,Centroid res8 from NWI wetland objectid 4702 polygon
WET_4703,8846482da9fffff,8,oahu,2026.02,NWI wetland centroid 2026,Centroid res8 from NWI wetland objectid 4703 polygon
WET_4704,8846482da9fffff,8,oahu,2026.02,NWI wetland centroid 2026,Centroid res8 from NWI wetland objectid 4704 polygon
WET_4705,88464b92c3fffff,8,oahu,2026.02,NWI wetland centroid 2026,Centroid res8 from NWI wetland objectid 4705 polygon
WET_4706,8846482da5fffff,8,oahu,2026.02,NWI wetland centroid 2026,Centroid res8 from NWI wetland objectid 4706 polygon
WET_4707,88464b92d5fffff,8,oahu,2026.02,NWI wetland centroid 2026,Centroid res8 from NWI wetland objectid 4707 polygon
WET_4708,88464b92d5fffff,8,oahu,2026.02,NWI wetland centroid 2026,Centroid res8 from NWI wetland objectid 4708 polygon
WET_4709,8846482da9fffff,8,oahu,2026.02,NWI wetland centroid 2026,Centroid res8 from NWI wetland objectid 4709 polygon
WET_4710,8846482da9fffff,8,oahu,2026.02,NWI wetland centroid 2026,Centroid res8 from NWI wetland objectid 4710 polygon
WET_4711,8846482de7fffff,8,oahu,2026.02,NWI wetland centroid 2026,Centroid res8 from NWI wetland objectid 4711 polygon
WET_4712,8846482de5fffff,8,oahu,2026.02,NWI wetland centroid 2026,Centroid res8 from NWI wetland objectid 4712 polygon
WET_4713,8846482de7fffff,8,oahu,2026.02,NWI wetland centroid 2026,Centroid res8 from NWI wetland objectid 4713 polygon
WET_4714,8846482da1fffff,8,oahu,2026.02,NWI wetland centroid 2026,Centroid res8 from NWI wetland objectid 4714 polygon
WET_4715,8846482d97fffff,8,oahu,2026.02,NWI wetland centroid 2026,Centroid res8 from NWI wetland objectid 4715 polygon
WET_4716,88464b9289fffff,8,oahu,2026.02,NWI wetland centroid 2026,Centroid res8 from NWI wetland objectid 4716 polygon
WET_4717,8846482da1fffff,8,oahu,2026.02,NWI wetland centroid 2026,Centroid res8 from NWI wetland objectid 4717 polygon
WET_4718,8846482da1fffff,8,oahu,2026.02,NWI wetland centroid 2026,Centroid res8 from NWI wetland objectid 4718 polygon
WET_4719,8846482d95fffff,8,oahu,2026.02,NWI wetland centroid 2026,Centroid res8 from NWI wetland objectid 4719 polygon
WET_4720,8846482d95fffff,8,oahu,2026.02,NWI wetland centroid 2026,Centroid res8 from NWI wetland objectid 4720 polygon
WET_4721,8846482d95fffff,8,oahu,2026.02,NWI wetland centroid 2026,Centroid res8 from NWI wetland objectid 4721 polygon
WET_4722,8846482d97fffff,8,oahu,2026.02,NWI wetland centroid 2026,Centroid res8 from NWI wetland objectid 4722 polygon
WET_4723,8846482d97fffff,8,oahu,2026.02,NWI wetland centroid 2026,Centroid res8 from NWI wetland objectid 4723 polygon
WET_4724,8846482d97fffff,8,oahu,2026.02,NWI wetland centroid 2026,Centroid res8 from NWI wetland objectid 4724 polygon
WET_4725,8846482d95fffff,8,oahu,2026.02,NWI wetland centroid 2026,Centroid res8 from NWI wetland objectid 4725 polygon
WET_4726,8846482d95fffff,8,oahu,2026.02,NWI wetland centroid 2026,Centroid res8 from NWI wetland objectid 4726 polygon
WET_4727,8846482d95fffff,8,oahu,2026.02,NWI wetland centroid 2026,Centroid res8 from NWI wetland objectid 4727 polygon
WET_4728,88464b92c3fffff,8,oahu,2026.02,NWI wetland centroid 2026,Centroid res8 from NWI wetland objectid 4728 polygon
WET_4729,8846482d95fffff,8,oahu,2026.02,NWI wetland centroid 2026,Centroid res8 from NWI wetland objectid 4729 polygon
WET_4730,8846482d95fffff,8,oahu,2026.02,NWI wetland centroid 2026,Centroid res8 from NWI wetland objectid 4730 polygon
WET_4731,8846482d95fffff,8,oahu,2026.02,NWI wetland centroid 2026,Centroid res8 from NWI wetland objectid 4731 polygon
WET_4732,8846482d83fffff,8,oahu,2026.02,NWI wetland centroid 2026,Centroid res8 from NWI wetland objectid 4732 polygon
WET_4733,8846482d95fffff,8,oahu,2026.02,NWI wetland centroid 2026,Centroid res8 from NWI wetland objectid 4733 polygon
WET_4734,8846482d95fffff,8,oahu,2026.02,NWI wetland centroid 2026,Centroid res8 from NWI wetland objectid 4734 polygon
WET_4735,8846482d95fffff,8,oahu,2026.02,NWI wetland centroid 2026,Centroid res8 from NWI wetland objectid 4735 polygon
WET_4736,8846482d83fffff,8,oahu,2026.02,NWI wetland centroid 2026,Centroid res8 from NWI wetland objectid 4736 polygon
WET_4737,8846482d83fffff,8,oahu,2026.02,NWI wetland centroid 2026,Centroid res8 from NWI wetland objectid 4737 polygon
WET_4738,88464b92d1fffff,8,oahu,2026.02,NWI wetland centroid 2026,Centroid res8 from NWI wetland objectid 4738 polygon
WET_4739,88464b92dbfffff,8,oahu,2026.02,NWI wetland centroid 2026,Centroid res8 from NWI wetland objectid 4739 polygon
WET_4740,8846482d83fffff,8,oahu,2026.02,NWI wetland centroid 2026,Centroid res8 from NWI wetland objectid 4740 polygon
WET_4741,8846482d81fffff,8,oahu,2026.02,NWI wetland centroid 2026,Centroid res8 from NWI wetland objectid 4741 polygon
WET_4742,8846482d83fffff,8,oahu,2026.02,NWI wetland centroid 2026,Centroid res8 from NWI wetland objectid 4742 polygon
WET_4743,8846482d83fffff,8,oahu,2026.02,NWI wetland centroid 2026,Centroid res8 from NWI wetland objectid 4743 polygon
WET_4744,8846482d81fffff,8,oahu,2026.02,NWI wetland centroid 2026,Centroid res8 from NWI wetland objectid 4744 polygon
WET_4745,8846482d81fffff,8,oahu,2026.02,NWI wetland centroid 2026,Centroid res8 from NWI wetland objectid 4745 polygon
WET_4746,8846482d81fffff,8,oahu,2026.02,NWI wetland centroid 2026,Centroid res8 from NWI wetland objectid 4746 polygon
WET_4747,8846482d81fffff,8,oahu,2026.02,NWI wetland centroid 2026,Centroid res8 from NWI wetland objectid 4747 polygon
WET_4748,88464b92dbfffff,8,oahu,2026.02,NWI wetland centroid 2026,Centroid res8 from NWI wetland objectid 4748 polygon
WET_4749,8846482d81fffff,8,oahu,2026.02,NWI wetland centroid 2026,Centroid res8 from NWI wetland objectid 4749 polygon
WET_4750,8846482d81fffff,8,oahu,2026.02,NWI wetland centroid 2026,Centroid res8 from NWI wetland objectid 4750 polygon
WET_4751,8846482d85fffff,8,oahu,2026.02,NWI wetland centroid 2026,Centroid res8 from NWI wetland objectid 4751 polygon
WET_4752,8846482d85fffff,8,oahu,2026.02,NWI wetland centroid 2026,Centroid res8 from NWI wetland objectid 4752 polygon
WET_4753,8846482d85fffff,8,oahu,2026.02,NWI wetland centroid 2026,Centroid res8 from NWI wetland objectid 4753 polygon
WET_4754,8846482d95fffff,8,oahu,2026.02,NWI wetland centroid 2026,Centroid res8 from NWI wetland objectid 4754 polygon
WET_4755,8846482d95fffff,8,oahu,2026.02,NWI wetland centroid 2026,Centroid res8 from NWI wetland objectid 4755 polygon
WET_4756,88464b92d5fffff,8,oahu,2026.02,NWI wetland centroid 2026,Centroid res8 from NWI wetland objectid 4756 polygon
WET_4757,88464b92c3fffff,8,oahu,2026.02,NWI wetland centroid 2026,Centroid res8 from NWI wetland objectid 4757 polygon
WET_4758,88464b92d5fffff,8,oahu,2026.02,NWI wetland centroid 2026,Centroid res8 from NWI wetland objectid 4758 polygon
WET_4759,8846482d95fffff,8,oahu,2026.02,NWI wetland centroid 2026,Centroid res8 from NWI wetland objectid 4759 polygon
WET_4760,8846482d8dfffff,8,oahu,2026.02,NWI wetland centroid 2026,Centroid res8 from NWI wetland objectid 4760 polygon
WET_4761,8846482d8dfffff,8,oahu,2026.02,NWI wetland centroid 2026,Centroid res8 from NWI wetland objectid 4761 polygon
WET_4762,8846482f6bfffff,8,oahu,2026.02,NWI wetland centroid 2026,Centroid res8 from NWI wetland objectid 4762 polygon
WET_4763,8846482d81fffff,8,oahu,2026.02,NWI wetland centroid 2026,Centroid res8 from NWI wetland objectid 4763 polygon
WET_4764,88464b92c3fffff,8,oahu,2026.02,NWI wetland centroid 2026,Centroid res8 from NWI wetland objectid 4764 polygon
WET_4765,8846482d97fffff,8,oahu,2026.02,NWI wetland centroid 2026,Centroid res8 from NWI wetland objectid 4765 polygon
WET_4766,8846482de7fffff,8,oahu,2026.02,NWI wetland centroid 2026,Centroid res8 from NWI wetland objectid 4766 polygon
WET_4767,8846482de7fffff,8,oahu,2026.02,NWI wetland centroid 2026,Centroid res8 from NWI wetland objectid 4767 polygon
WET_4768,88464b92cbfffff,8,oahu,2026.02,NWI wetland centroid 2026,Centroid res8 from NWI wetland objectid 4768 polygon
WET_4769,88464b92c9fffff,8,oahu,2026.02,NWI wetland centroid 2026,Centroid res8 from NWI wetland objectid 4769 polygon
WET_4770,8846482d35fffff,8,oahu,2026.02,NWI wetland centroid 2026,Centroid res8 from NWI wetland objectid 4770 polygon
WET_4771,8846482d35fffff,8,oahu,2026.02,NWI wetland centroid 2026,Centroid res8 from NWI wetland objectid 4771 polygon
WET_4772,8846482d23fffff,8,oahu,2026.02,NWI wetland centroid 2026,Centroid res8 from NWI wetland objectid 4772 polygon
WET_4773,8846482de9fffff,8,oahu,2026.02,NWI wetland centroid 2026,Centroid res8 from NWI wetland objectid 4773 polygon
WET_4774,8846482d13fffff,8,oahu,2026.02,NWI wetland centroid 2026,Centroid res8 from NWI wetland objectid 4774 polygon
WET_4775,8846482ee3fffff,8,oahu,2026.02,NWI wetland centroid 2026,Centroid res8 from NWI wetland objectid 4775 polygon
WET_4776,8846482dc3fffff,8,oahu,2026.02,NWI wetland centroid 2026,Centroid res8 from NWI wetland objectid 4776 polygon
WET_4777,88464b92d1fffff,8,oahu,2026.02,NWI wetland centroid 2026,Centroid res8 from NWI wetland objectid 4777 polygon
WET_4778,8846482de7fffff,8,oahu,2026.02,NWI wetland centroid 2026,Centroid res8 from NWI wetland objectid 4778 polygon
WET_4779,8846482d99fffff,8,oahu,2026.02,NWI wetland centroid 2026,Centroid res8 from NWI wetland objectid 4779 polygon
WET_4780,8846482d81fffff,8,oahu,2026.02,NWI wetland centroid 2026,Centroid res8 from NWI wetland objectid 4780 polygon
WET_4781,88464b92d3fffff,8,oahu,2026.02,NWI wetland centroid 2026,Centroid res8 from NWI wetland objectid 4781 polygon
WET_4782,8846482de7fffff,8,oahu,2026.02,NWI wetland centroid 2026,Centroid res8 from NWI wetland objectid 4782 polygon
WET_4783,8846482de7fffff,8,oahu,2026.02,NWI wetland centroid 2026,Centroid res8 from NWI wetland objectid 4783 polygon
WET_4784,8846482d8dfffff,8,oahu,2026.02,NWI wetland centroid 2026,Centroid res8 from NWI wetland objectid 4784 polygon
WET_4785,8846482d8dfffff,8,oahu,2026.02,NWI wetland centroid 2026,Centroid res8 from NWI wetland objectid 4785 polygon
WET_4786,8846482d8dfffff,8,oahu,2026.02,NWI wetland centroid 2026,Centroid res8 from NWI wetland objectid 4786 polygon
WET_4787,8846482d8dfffff,8,oahu,2026.02,NWI wetland centroid 2026,Centroid res8 from NWI wetland objectid 4787 polygon
WET_4788,8846482de7fffff,8,oahu,2026.02,NWI wetland centroid 2026,Centroid res8 from NWI wetland objectid 4788 polygon
WET_4789,8846482d8dfffff,8,oahu,2026.02,NWI wetland centroid 2026,Centroid res8 from NWI wetland objectid 4789 polygon
WET_4790,8846482de5fffff,8,oahu,2026.02,NWI wetland centroid 2026,Centroid res8 from NWI wetland objectid 4790 polygon
WET_4791,8846482de3fffff,8,oahu,2026.02,NWI wetland centroid 2026,Centroid res8 from NWI wetland objectid 4791 polygon
WET_4792,8846482de3fffff,8,oahu,2026.02,NWI wetland centroid 2026,Centroid res8 from NWI wetland objectid 4792 polygon
WET_4793,8846482de3fffff,8,oahu,2026.02,NWI wetland centroid 2026,Centroid res8 from NWI wetland objectid 4793 polygon
WET_4794,8846482de3fffff,8,oahu,2026.02,NWI wetland centroid 2026,Centroid res8 from NWI wetland objectid 4794 polygon
WET_4795,8846482de1fffff,8,oahu,2026.02,NWI wetland centroid 2026,Centroid res8 from NWI wetland objectid 4795 polygon
WET_4796,8846482de3fffff,8,oahu,2026.02,NWI wetland centroid 2026,Centroid res8 from NWI wetland objectid 4796 polygon
WET_4797,8846482de7fffff,8,oahu,2026.02,NWI wetland centroid 2026,Centroid res8 from NWI wetland objectid 4797 polygon
WET_4798,8846482de7fffff,8,oahu,2026.02,NWI wetland centroid 2026,Centroid res8 from NWI wetland objectid 4798 polygon
WET_4799,8846482de1fffff,8,oahu,2026.02,NWI wetland centroid 2026,Centroid res8 from NWI wetland objectid 4799 polygon
WET_4800,8846482de1fffff,8,oahu,2026.02,NWI wetland centroid 2026,Centroid res8 from NWI wetland objectid 4800 polygon
WET_4801,8846482de1fffff,8,oahu,2026.02,NWI wetland centroid 2026,Centroid res8 from NWI wetland objectid 4801 polygon
WET_4802,8846482d9dfffff,8,oahu,2026.02,NWI wetland centroid 2026,Centroid res8 from NWI wetland objectid 4802 polygon
WET_4803,8846482d9dfffff,8,oahu,2026.02,NWI wetland centroid 2026,Centroid res8 from NWI wetland objectid 4803 polygon
WET_4804,8846482de7fffff,8,oahu,2026.02,NWI wetland centroid 2026,Centroid res8 from NWI wetland objectid 4804 polygon
WET_4805,8846482c67fffff,8,oahu,2026.02,NWI wetland centroid 2026,Centroid res8 from NWI wetland objectid 4805 polygon
WET_4806,8846482d93fffff,8,oahu,2026.02,NWI wetland centroid 2026,Centroid res8 from NWI wetland objectid 4806 polygon
WET_4807,8846482de7fffff,8,oahu,2026.02,NWI wetland centroid 2026,Centroid res8 from NWI wetland objectid 4807 polygon
WET_4808,8846482da9fffff,8,oahu,2026.02,NWI wetland centroid 2026,Centroid res8 from NWI wetland objectid 4808 polygon
WET_4809,8846482de3fffff,8,oahu,2026.02,NWI wetland centroid 2026,Centroid res8 from NWI wetland objectid 4809 polygon
WET_4810,8846482d9bfffff,8,oahu,2026.02,NWI wetland centroid 2026,Centroid res8 from NWI wetland objectid 4810 polygon
WET_4811,8846482de1fffff,8,oahu,2026.02,NWI wetland centroid 2026,Centroid res8 from NWI wetland objectid 4811 polygon
WET_4812,8846482dd7fffff,8,oahu,2026.02,NWI wetland centroid 2026,Centroid res8 from NWI wetland objectid 4812 polygon
WET_4813,8846482cbdfffff,8,oahu,2026.02,NWI wetland centroid 2026,Centroid res8 from NWI wetland objectid 4813 polygon
WET_4814,8846482c93fffff,8,oahu,2026.02,NWI wetland centroid 2026,Centroid res8 from NWI wetland objectid 4814 polygon
WET_4815,8846482ddbfffff,8,oahu,2026.02,NWI wetland centroid 2026,Centroid res8 from NWI wetland objectid 4815 polygon
WET_4816,8846482c83fffff,8,oahu,2026.02,NWI wetland centroid 2026,Centroid res8 from NWI wetland objectid 4816 polygon
WET_4817,8846482ce5fffff,8,oahu,2026.02,NWI wetland centroid 2026,Centroid res8 from NWI wetland objectid 4817 polygon
WET_4818,8846482c8bfffff,8,oahu,2026.02,NWI wetland centroid 2026,Centroid res8 from NWI wetland objectid 4818 polygon
WET_4819,8846482f3dfffff,8,oahu,2026.02,NWI wetland centroid 2026,Centroid res8 from NWI wetland objectid 4819 polygon
WET_4820,8846482c63fffff,8,oahu,2026.02,NWI wetland centroid 2026,Centroid res8 from NWI wetland objectid 4820 polygon
WET_4821,8846482f37fffff,8,oahu,2026.02,NWI wetland centroid 2026,Centroid res8 from NWI wetland objectid 4821 polygon
WET_4822,8846482ccdfffff,8,oahu,2026.02,NWI wetland centroid 2026,Centroid res8 from NWI wetland objectid 4822 polygon
WET_4823,8846482c4bfffff,8,oahu,2026.02,NWI wetland centroid 2026,Centroid res8 from NWI wetland objectid 4823 polygon
WET_4824,8846482f07fffff,8,oahu,2026.02,NWI wetland centroid 2026,Centroid res8 from NWI wetland objectid 4824 polygon
WET_4825,8846482e8dfffff,8,oahu,2026.02,NWI wetland centroid 2026,Centroid res8 from NWI wetland objectid 4825 polygon
WET_4826,8846482891fffff,8,oahu,2026.02,NWI wetland centroid 2026,Centroid res8 from NWI wetland objectid 4826 polygon
WET_4827,8846482e33fffff,8,oahu,2026.02,NWI wetland centroid 2026,Centroid res8 from NWI wetland objectid 4827 polygon
WET_4828,8846482ee9fffff,8,oahu,2026.02,NWI wetland centroid 2026,Centroid res8 from NWI wetland objectid 4828 polygon
WET_4829,8846482eebfffff,8,oahu,2026.02,NWI wetland centroid 2026,Centroid res8 from NWI wetland objectid 4829 polygon
WET_4830,8846482f53fffff,8,oahu,2026.02,NWI wetland centroid 2026,Centroid res8 from NWI wetland objectid 4830 polygon
WET_4831,8846482de7fffff,8,oahu,2026.02,NWI wetland centroid 2026,Centroid res8 from NWI wetland objectid 4831 polygon
WET_4832,88464b92d3fffff,8,oahu,2026.02,NWI wetland centroid 2026,Centroid res8 from NWI wetland objectid 4832 polygon
WET_4833,88464b92cbfffff,8,oahu,2026.02,NWI wetland centroid 2026,Centroid res8 from NWI wetland objectid 4833 polygon
WET_4834,8846482f0bfffff,8,oahu,2026.02,NWI wetland centroid 2026,Centroid res8 from NWI wetland objectid 4834 polygon
WET_4835,8846482d19fffff,8,oahu,2026.02,NWI wetland centroid 2026,Centroid res8 from NWI wetland objectid 4835 polygon
WET_4836,8846482ee3fffff,8,oahu,2026.02,NWI wetland centroid 2026,Centroid res8 from NWI wetland objectid 4836 polygon
WET_4837,8846482f0bfffff,8,oahu,2026.02,NWI wetland centroid 2026,Centroid res8 from NWI wetland objectid 4837 polygon
WET_4838,8846482dadfffff,8,oahu,2026.02,NWI wetland centroid 2026,Centroid res8 from NWI wetland objectid 4838 polygon
WET_4839,88464b92d1fffff,8,oahu,2026.02,NWI wetland centroid 2026,Centroid res8 from NWI wetland objectid 4839 polygon
WET_4840,8846482de7fffff,8,oahu,2026.02,NWI wetland centroid 2026,Centroid res8 from NWI wetland objectid 4840 polygon
WET_4841,8846482de7fffff,8,oahu,2026.02,NWI wetland centroid 2026,Centroid res8 from NWI wetland objectid 4841 polygon
WET_4842,8846482de7fffff,8,oahu,2026.02,NWI wetland centroid 2026,Centroid res8 from NWI wetland objectid 4842 polygon
WET_4843,8846482de7fffff,8,oahu,2026.02,NWI wetland centroid 2026,Centroid res8 from NWI wetland objectid 4843 polygon
WET_4844,8846482d9dfffff,8,oahu,2026.02,NWI wetland centroid 2026,Centroid res8 from NWI wetland objectid 4844 polygon
WET_4845,88464b92cbfffff,8,oahu,2026.02,NWI wetland centroid 2026,Centroid res8 from NWI wetland objectid 4845 polygon
WET_4846,8846482de7fffff,8,oahu,2026.02,NWI wetland centroid 2026,Centroid res8 from NWI wetland objectid 4846 polygon
WET_4847,8846482d99fffff,8,oahu,2026.02,NWI wetland centroid 2026,Centroid res8 from NWI wetland objectid 4847 polygon
WET_4848,8846482d23fffff,8,oahu,2026.02,NWI wetland centroid 2026,Centroid res8 from NWI wetland objectid 4848 polygon
WET_4849,8846482d23fffff,8,oahu,2026.02,NWI wetland centroid 2026,Centroid res8 from NWI wetland objectid 4849 polygon
WET_4850,8846482d31fffff,8,oahu,2026.02,NWI wetland centroid 2026,Centroid res8 from NWI wetland objectid 4850 polygon
WET_4851,8846482d3dfffff,8,oahu,2026.02,NWI wetland centroid 2026,Centroid res8 from NWI wetland objectid 4851 polygon
WET_4852,8846482d49fffff,8,oahu,2026.02,NWI wetland centroid 2026,Centroid res8 from NWI wetland objectid 4852 polygon
WET_4853,88464b92cbfffff,8,oahu,2026.02,NWI wetland centroid 2026,Centroid res8 from NWI wetland objectid 4853 polygon
WET_4854,8846482d35fffff,8,oahu,2026.02,NWI wetland centroid 2026,Centroid res8 from NWI wetland objectid 4854 polygon
WET_4855,8846482d9bfffff,8,oahu,2026.02,NWI wetland centroid 2026,Centroid res8 from NWI wetland objectid 4855 polygon
WET_4856,8846482d99fffff,8,oahu,2026.02,NWI wetland centroid 2026,Centroid res8 from NWI wetland objectid 4856 polygon
WET_4857,8846482d99fffff,8,oahu,2026.02,NWI wetland centroid 2026,Centroid res8 from NWI wetland objectid 4857 polygon
WET_4858,8846482d8bfffff,8,oahu,2026.02,NWI wetland centroid 2026,Centroid res8 from NWI wetland objectid 4858 polygon
WET_4859,8846482d99fffff,8,oahu,2026.02,NWI wetland centroid 2026,Centroid res8 from NWI wetland objectid 4859 polygon
WET_4860,8846482d8dfffff,8,oahu,2026.02,NWI wetland centroid 2026,Centroid res8 from NWI wetland objectid 4860 polygon
WET_4861,88464b92cdfffff,8,oahu,2026.02,NWI wetland centroid 2026,Centroid res8 from NWI wetland objectid 4861 polygon
WET_4862,8846482dd3fffff,8,oahu,2026.02,NWI wetland centroid 2026,Centroid res8 from NWI wetland objectid 4862 polygon
WET_4863,8846482d23fffff,8,oahu,2026.02,NWI wetland centroid 2026,Centroid res8 from NWI wetland objectid 4863 polygon
WET_4864,8846482c21fffff,8,oahu,2026.02,NWI wetland centroid 2026,Centroid res8 from NWI wetland objectid 4864 polygon
WET_4865,8846482d45fffff,8,oahu,2026.02,NWI wetland centroid 2026,Centroid res8 from NWI wetland objectid 4865 polygon
WET_4866,8846482f35fffff,8,oahu,2026.02,NWI wetland centroid 2026,Centroid res8 from NWI wetland objectid 4866 polygon
WET_4867,8846482f31fffff,8,oahu,2026.02,NWI wetland centroid 2026,Centroid res8 from NWI wetland objectid 4867 polygon
WET_4868,8846482c69fffff,8,oahu,2026.02,NWI wetland centroid 2026,Centroid res8 from NWI wetland objectid 4868 polygon
WET_4869,8846482f2bfffff,8,oahu,2026.02,NWI wetland centroid 2026,Centroid res8 from NWI wetland objectid 4869 polygon
WET_4870,8846482f2bfffff,8,oahu,2026.02,NWI wetland centroid 2026,Centroid res8 from NWI wetland objectid 4870 polygon
WET_4871,8846482f07fffff,8,oahu,2026.02,NWI wetland centroid 2026,Centroid res8 from NWI wetland objectid 4871 polygon
WET_4872,8846482f2bfffff,8,oahu,2026.02,NWI wetland centroid 2026,Centroid res8 from NWI wetland objectid 4872 polygon
WET_4873,8846482f2bfffff,8,oahu,2026.02,NWI wetland centroid 2026,Centroid res8 from NWI wetland objectid 4873 polygon
WET_4874,8846482f29fffff,8,oahu,2026.02,NWI wetland centroid 2026,Centroid res8 from NWI wetland objectid 4874 polygon
WET_4875,8846482f39fffff,8,oahu,2026.02,NWI wetland centroid 2026,Centroid res8 from NWI wetland objectid 4875 polygon
WET_4876,8846482f03fffff,8,oahu,2026.02,NWI wetland centroid 2026,Centroid res8 from NWI wetland objectid 4876 polygon
WET_4877,8846482e85fffff,8,oahu,2026.02,NWI wetland centroid 2026,Centroid res8 from NWI wetland objectid 4877 polygon
WET_4878,8846482f05fffff,8,oahu,2026.02,NWI wetland centroid 2026,Centroid res8 from NWI wetland objectid 4878 polygon
WET_4879,8846482f05fffff,8,oahu,2026.02,NWI wetland centroid 2026,Centroid res8 from NWI wetland objectid 4879 polygon
WET_4880,8846482f0bfffff,8,oahu,2026.02,NWI wetland centroid 2026,Centroid res8 from NWI wetland objectid 4880 polygon
WET_4881,8846482f57fffff,8,oahu,2026.02,NWI wetland centroid 2026,Centroid res8 from NWI wetland objectid 4881 polygon
WET_4882,8846482f57fffff,8,oahu,2026.02,NWI wetland centroid 2026,Centroid res8 from NWI wetland objectid 4882 polygon
WET_4883,8846482f55fffff,8,oahu,2026.02,NWI wetland centroid 2026,Centroid res8 from NWI wetland objectid 4883 polygon
WET_4884,8846482f57fffff,8,oahu,2026.02,NWI wetland centroid 2026,Centroid res8 from NWI wetland objectid 4884 polygon
WET_4885,8846482f55fffff,8,oahu,2026.02,NWI wetland centroid 2026,Centroid res8 from NWI wetland objectid 4885 polygon
WET_4886,8846482f57fffff,8,oahu,2026.02,NWI wetland centroid 2026,Centroid res8 from NWI wetland objectid 4886 polygon
WET_4887,8846482f57fffff,8,oahu,2026.02,NWI wetland centroid 2026,Centroid res8 from NWI wetland objectid 4887 polygon
WET_4888,8846482f57fffff,8,oahu,2026.02,NWI wetland centroid 2026,Centroid res8 from NWI wetland objectid 4888 polygon
WET_4889,8846482f09fffff,8,oahu,2026.02,NWI wetland centroid 2026,Centroid res8 from NWI wetland objectid 4889 polygon
WET_4890,8846482d91fffff,8,oahu,2026.02,NWI wetland centroid 2026,Centroid res8 from NWI wetland objectid 4890 polygon
WET_4891,88464b964bfffff,8,oahu,2026.02,NWI wetland centroid 2026,Centroid res8 from NWI wetland objectid 4891 polygon
WET_4892,8846482d9bfffff,8,oahu,2026.02,NWI wetland centroid 2026,Centroid res8 from NWI wetland objectid 4892 polygon
WET_4893,8846482d9bfffff,8,oahu,2026.02,NWI wetland centroid 2026,Centroid res8 from NWI wetland objectid 4893 polygon
WET_4894,8846482da9fffff,8,oahu,2026.02,NWI wetland centroid 2026,Centroid res8 from NWI wetland objectid 4894 polygon
WET_4895,8846482d81fffff,8,oahu,2026.02,NWI wetland centroid 2026,Centroid res8 from NWI wetland objectid 4895 polygon
WET_4896,8846482d8dfffff,8,oahu,2026.02,NWI wetland centroid 2026,Centroid res8 from NWI wetland objectid 4896 polygon
WET_4897,8846482d35fffff,8,oahu,2026.02,NWI wetland centroid 2026,Centroid res8 from NWI wetland objectid 4897 polygon
WET_4898,8846482d33fffff,8,oahu,2026.02,NWI wetland centroid 2026,Centroid res8 from NWI wetland objectid 4898 polygon
WET_4899,8846482dc7fffff,8,oahu,2026.02,NWI wetland centroid 2026,Centroid res8 from NWI wetland objectid 4899 polygon
WET_4900,8846482d4bfffff,8,oahu,2026.02,NWI wetland centroid 2026,Centroid res8 from NWI wetland objectid 4900 polygon
WET_4901,8846482f23fffff,8,oahu,2026.02,NWI wetland centroid 2026,Centroid res8 from NWI wetland objectid 4901 polygon
WET_4902,88464b92d3fffff,8,oahu,2026.02,NWI wetland centroid 2026,Centroid res8 from NWI wetland objectid 4902 polygon
WET_4903,88464b92dbfffff,8,oahu,2026.02,NWI wetland centroid 2026,Centroid res8 from NWI wetland objectid 4903 polygon
WET_4904,8846482dd1fffff,8,oahu,2026.02,NWI wetland centroid 2026,Centroid res8 from NWI wetland objectid 4904 polygon
WET_4905,8846482c81fffff,8,oahu,2026.02,NWI wetland centroid 2026,Centroid res8 from NWI wetland objectid 4905 polygon
WET_4906,8846482c27fffff,8,oahu,2026.02,NWI wetland centroid 2026,Centroid res8 from NWI wetland objectid 4906 polygon
WET_4907,8846482c25fffff,8,oahu,2026.02,NWI wetland centroid 2026,Centroid res8 from NWI wetland objectid 4907 polygon
WET_4908,8846482d03fffff,8,oahu,2026.02,NWI wetland centroid 2026,Centroid res8 from NWI wetland objectid 4908 polygon
WET_4909,8846482d53fffff,8,oahu,2026.02,NWI wetland centroid 2026,Centroid res8 from NWI wetland objectid 4909 polygon
WET_4910,8846482d51fffff,8,oahu,2026.02,NWI wetland centroid 2026,Centroid res8 from NWI wetland objectid 4910 polygon
WET_4911,8846482c27fffff,8,oahu,2026.02,NWI wetland centroid 2026,Centroid res8 from NWI wetland objectid 4911 polygon
WET_4912,8846482d55fffff,8,oahu,2026.02,NWI wetland centroid 2026,Centroid res8 from NWI wetland objectid 4912 polygon
WET_4913,8846482c2dfffff,8,oahu,2026.02,NWI wetland centroid 2026,Centroid res8 from NWI wetland objectid 4913 polygon
WET_4914,8846482d55fffff,8,oahu,2026.02,NWI wetland centroid 2026,Centroid res8 from NWI wetland objectid 4914 polygon
WET_4915,8846482c67fffff,8,oahu,2026.02,NWI wetland centroid 2026,Centroid res8 from NWI wetland objectid 4915 polygon
WET_4916,8846482d59fffff,8,oahu,2026.02,NWI wetland centroid 2026,Centroid res8 from NWI wetland objectid 4916 polygon
WET_4917,8846482d59fffff,8,oahu,2026.02,NWI wetland centroid 2026,Centroid res8 from NWI wetland objectid 4917 polygon
WET_4918,8846482c01fffff,8,oahu,2026.02,NWI wetland centroid 2026,Centroid res8 from NWI wetland objectid 4918 polygon
WET_4919,8846482c53fffff,8,oahu,2026.02,NWI wetland centroid 2026,Centroid res8 from NWI wetland objectid 4919 polygon
WET_4920,8846482c53fffff,8,oahu,2026.02,NWI wetland centroid 2026,Centroid res8 from NWI wetland objectid 4920 polygon
WET_4921,8846482eadfffff,8,oahu,2026.02,NWI wetland centroid 2026,Centroid res8 from NWI wetland objectid 4921 polygon
WET_4922,8846482f3dfffff,8,oahu,2026.02,NWI wetland centroid 2026,Centroid res8 from NWI wetland objectid 4922 polygon
WET_4923,8846482f2bfffff,8,oahu,2026.02,NWI wetland centroid 2026,Centroid res8 from NWI wetland objectid 4923 polygon
WET_4924,8846482e81fffff,8,oahu,2026.02,NWI wetland centroid 2026,Centroid res8 from NWI wetland objectid 4924 polygon
WET_4925,8846482e21fffff,8,oahu,2026.02,NWI wetland centroid 2026,Centroid res8 from NWI wetland objectid 4925 polygon
WET_4926,88464b92d5fffff,8,oahu,2026.02,NWI wetland centroid 2026,Centroid res8 from NWI wetland objectid 4926 polygon
WET_4927,88464b92d5fffff,8,oahu,2026.02,NWI wetland centroid 2026,Centroid res8 from NWI wetland objectid 4927 polygon
WET_4928,88464b92c7fffff,8,oahu,2026.02,NWI wetland centroid 2026,Centroid res8 from NWI wetland objectid 4928 polygon
WET_4929,88464b92c3fffff,8,oahu,2026.02,NWI wetland centroid 2026,Centroid res8 from NWI wetland objectid 4929 polygon
WET_4930,88464b9649fffff,8,oahu,2026.02,NWI wetland centroid 2026,Centroid res8 from NWI wetland objectid 4930 polygon
WET_4931,8846482de1fffff,8,oahu,2026.02,NWI wetland centroid 2026,Centroid res8 from NWI wetland objectid 4931 polygon
WET_4932,8846482d99fffff,8,oahu,2026.02,NWI wetland centroid 2026,Centroid res8 from NWI wetland objectid 4932 polygon
WET_4933,8846482d99fffff,8,oahu,2026.02,NWI wetland centroid 2026,Centroid res8 from NWI wetland objectid 4933 polygon
WET_4934,8846482c27fffff,8,oahu,2026.02,NWI wetland centroid 2026,Centroid res8 from NWI wetland objectid 4934 polygon
WET_4935,8846482c25fffff,8,oahu,2026.02,NWI wetland centroid 2026,Centroid res8 from NWI wetland objectid 4935 polygon
WET_4936,8846482c2dfffff,8,oahu,2026.02,NWI wetland centroid 2026,Centroid res8 from NWI wetland objectid 4936 polygon
WET_4937,8846482c05fffff,8,oahu,2026.02,NWI wetland centroid 2026,Centroid res8 from NWI wetland objectid 4937 polygon
WET_4938,8846482c1dfffff,8,oahu,2026.02,NWI wetland centroid 2026,Centroid res8 from NWI wetland objectid 4938 polygon
WET_4939,8846482c03fffff,8,oahu,2026.02,NWI wetland centroid 2026,Centroid res8 from NWI wetland objectid 4939 polygon
WET_4940,8846482c1dfffff,8,oahu,2026.02,NWI wetland centroid 2026,Centroid res8 from NWI wetland objectid 4940 polygon
WET_4941,8846482c1dfffff,8,oahu,2026.02,NWI wetland centroid 2026,Centroid res8 from NWI wetland objectid 4941 polygon
WET_4942,8846482c53fffff,8,oahu,2026.02,NWI wetland centroid 2026,Centroid res8 from NWI wetland objectid 4942 polygon
WET_4943,8846482c53fffff,8,oahu,2026.02,NWI wetland centroid 2026,Centroid res8 from NWI wetland objectid 4943 polygon
WET_4944,8846482c53fffff,8,oahu,2026.02,NWI wetland centroid 2026,Centroid res8 from NWI wetland objectid 4944 polygon
WET_4945,8846482c53fffff,8,oahu,2026.02,NWI wetland centroid 2026,Centroid res8 from NWI wetland objectid 4945 polygon
WET_4946,8846482f21fffff,8,oahu,2026.02,NWI wetland centroid 2026,Centroid res8 from NWI wetland objectid 4946 polygon
WET_4947,8846482f17fffff,8,oahu,2026.02,NWI wetland centroid 2026,Centroid res8 from NWI wetland objectid 4947 polygon
WET_4948,8846482c43fffff,8,oahu,2026.02,NWI wetland centroid 2026,Centroid res8 from NWI wetland objectid 4948 polygon
WET_4949,8846482c59fffff,8,oahu,2026.02,NWI wetland centroid 2026,Centroid res8 from NWI wetland objectid 4949 polygon
WET_4950,8846482f0bfffff,8,oahu,2026.02,NWI wetland centroid 2026,Centroid res8 from NWI wetland objectid 4950 polygon
WET_4951,8846482f0dfffff,8,oahu,2026.02,NWI wetland centroid 2026,Centroid res8 from NWI wetland objectid 4951 polygon
WET_4952,8846482f0dfffff,8,oahu,2026.02,NWI wetland centroid 2026,Centroid res8 from NWI wetland objectid 4952 polygon
WET_4953,88464b9645fffff,8,oahu,2026.02,NWI wetland centroid 2026,Centroid res8 from NWI wetland objectid 4953 polygon
WET_4954,8846482d91fffff,8,oahu,2026.02,NWI wetland centroid 2026,Centroid res8 from NWI wetland objectid 4954 polygon
WET_4955,8846482d9dfffff,8,oahu,2026.02,NWI wetland centroid 2026,Centroid res8 from NWI wetland objectid 4955 polygon
WET_4956,88464b92cbfffff,8,oahu,2026.02,NWI wetland centroid 2026,Centroid res8 from NWI wetland objectid 4956 polygon
WET_4957,8846482d8bfffff,8,oahu,2026.02,NWI wetland centroid 2026,Centroid res8 from NWI wetland objectid 4957 polygon
WET_4958,8846482de9fffff,8,oahu,2026.02,NWI wetland centroid 2026,Centroid res8 from NWI wetland objectid 4958 polygon
WET_4959,8846482d07fffff,8,oahu,2026.02,NWI wetland centroid 2026,Centroid res8 from NWI wetland objectid 4959 polygon
WET_4960,8846482f13fffff,8,oahu,2026.02,NWI wetland centroid 2026,Centroid res8 from NWI wetland objectid 4960 polygon
WET_4961,8846482e37fffff,8,oahu,2026.02,NWI wetland centroid 2026,Centroid res8 from NWI wetland objectid 4961 polygon
WET_4962,8846482f57fffff,8,oahu,2026.02,NWI wetland centroid 2026,Centroid res8 from NWI wetland objectid 4962 polygon
WET_4963,8846482e31fffff,8,oahu,2026.02,NWI wetland centroid 2026,Centroid res8 from NWI wetland objectid 4963 polygon
WET_4964,8846482f55fffff,8,oahu,2026.02,NWI wetland centroid 2026,Centroid res8 from NWI wetland objectid 4964 polygon
WET_4965,8846482e15fffff,8,oahu,2026.02,NWI wetland centroid 2026,Centroid res8 from NWI wetland objectid 4965 polygon
WET_4966,8846482e21fffff,8,oahu,2026.02,NWI wetland centroid 2026,Centroid res8 from NWI wetland objectid 4966 polygon
WET_4967,8846482dd7fffff,8,oahu,2026.02,NWI wetland centroid 2026,Centroid res8 from NWI wetland objectid 4967 polygon
WET_4968,88464876a9fffff,8,oahu,2026.02,NWI wetland centroid 2026,Centroid res8 from NWI wetland objectid 4968 polygon
WET_4969,8846487637fffff,8,oahu,2026.02,NWI wetland centroid 2026,Centroid res8 from NWI wetland objectid 4969 polygon
WET_4970,8846487637fffff,8,oahu,2026.02,NWI wetland centroid 2026,Centroid res8 from NWI wetland objectid 4970 polygon
WET_4971,8846487637fffff,8,oahu,2026.02,NWI wetland centroid 2026,Centroid res8 from NWI wetland objectid 4971 polygon
WET_4972,8846482c6bfffff,8,oahu,2026.02,NWI wetland centroid 2026,Centroid res8 from NWI wetland objectid 4972 polygon
WET_4973,88464b90c7fffff,8,oahu,2026.02,NWI wetland centroid 2026,Centroid res8 from NWI wetland objectid 4973 polygon
WET_4974,88464b90c7fffff,8,oahu,2026.02,NWI wetland centroid 2026,Centroid res8 from NWI wetland objectid 4974 polygon
