objectid,fid_hi_wetlands,attribute,acres,wetland_type,status
1,65,E1UBL,0.57751621,"Estuarine and Marine Deepwater",Digital
2,66,E1UBL,0.09296205,"Estuarine and Marine Deepwater",Digital
3,67,E1UBL,0.21371251,"Estuarine and Marine Deepwater",Digital
4,68,E1UBL,0.95037697,"Estuarine and Marine Deepwater",Digital
5,69,E2EM1N,0.7057039,"Estuarine and Marine Wetland",Digital
6,70,E2USNx,0.52549388,"Estuarine and Marine Wetland",Digital
7,71,M2RS/ABN,0.00969197,"Estuarine and Marine Wetland",Digital
8,72,M2RS/ABN,0.1768495,"Estuarine and Marine Wetland",Digital
9,73,M2RS/ABN,0.27435996,"Estuarine and Marine Wetland",Digital
10,74,M2RS/ABN,0.61064792,"Estuarine and Marine Wetland",Digital
11,75,M2RSN,0.38978766,"Estuarine and Marine Wetland",Digital
12,76,M2RSN,0.17507992,"Estuarine and Marine Wetland",Digital
13,77,M2RSN,0.10047777,"Estuarine and Marine Wetland",Digital
14,78,M2RSN,0.31105677,"Estuarine and Marine Wetland",Digital
15,79,M2RSP,0.13596104,"Estuarine and Marine Wetland",Digital
16,80,M2RSP,0.4361919,"Estuarine and Marine Wetland",Digital
17,81,M2RSP,0.06057859,"Estuarine and Marine Wetland",Digital
18,82,M2RSP,0.0527092,"Estuarine and Marine Wetland",Digital
19,83,M2RSP,0.2186719,"Estuarine and Marine Wetland",Digital
20,84,M2RSP,0.17279474,"Estuarine and Marine Wetland",Digital
21,85,M2RSP,0.27626217,"Estuarine and Marine Wetland",Digital
22,86,M2RSP,0.60738123,"Estuarine and Marine Wetland",Digital
23,87,M2USN,0.15670187,"Estuarine and Marine Wetland",Digital
24,88,M2USN,0.27401644,"Estuarine and Marine Wetland",Digital
25,89,M2USN,1.74526764,"Estuarine and Marine Wetland",Digital
26,90,M2USN,1.51297516,"Estuarine and Marine Wetland",Digital
27,91,M2USN,0.10260138,"Estuarine and Marine Wetland",Digital
28,92,M2USN,0.78883014,"Estuarine and Marine Wetland",Digital
29,93,M2USN,0.17051294,"Estuarine and Marine Wetland",Digital
30,94,M2USN,0.4646212,"Estuarine and Marine Wetland",Digital
31,95,M2USP,0.59296178,"Estuarine and Marine Wetland",Digital
32,96,M2USP,0.35819761,"Estuarine and Marine Wetland",Digital
33,97,M2USP,0.76040407,"Estuarine and Marine Wetland",Digital
34,98,M2USP,0.35828679,"Estuarine and Marine Wetland",Digital
35,99,M2USP,0.68530999,"Estuarine and Marine Wetland",Digital
36,100,PEM1/USC,4.14965901,"Freshwater Emergent Wetland",Digital
37,101,PEM1/USCx,0.06481601,"Freshwater Emergent Wetland",Digital
38,102,PEM1Ax,0.2572454,"Freshwater Emergent Wetland",Digital
39,103,PEM1Ax,0.47605688,"Freshwater Emergent Wetland",Digital
40,104,PEM1C,0.32363276,"Freshwater Emergent Wetland",Digital
41,105,PEM1C,0.05777905,"Freshwater Emergent Wetland",Digital
42,106,PEM1C,1.21249402,"Freshwater Emergent Wetland",Digital
43,107,PEM1Cx,2.41841467,"Freshwater Emergent Wetland",Digital
44,108,PEM1Cx,0.18535071,"Freshwater Emergent Wetland",Digital
45,109,PEM1Cx,0.09975512,"Freshwater Emergent Wetland",Digital
46,110,PEM1Cx,0.03288913,"Freshwater Emergent Wetland",Digital
47,111,PEM1Cx,0.10780867,"Freshwater Emergent Wetland",Digital
48,112,PEM1Cx,0.85077717,"Freshwater Emergent Wetland",Digital
49,113,PEM1Cx,0.31643947,"Freshwater Emergent Wetland",Digital
50,114,PEM1Cx,0.52683716,"Freshwater Emergent Wetland",Digital
51,115,PEM1Cx,1.00394712,"Freshwater Emergent Wetland",Digital
52,116,PEM1Cx,0.08144346,"Freshwater Emergent Wetland",Digital
53,117,PEM1Cx,0.28705596,"Freshwater Emergent Wetland",Digital
54,118,PEM1Cx,0.05471757,"Freshwater Emergent Wetland",Digital
55,119,PEM1Fh,0.32840992,"Freshwater Emergent Wetland",Digital
56,120,PEM1Fx,0.00437269,"Freshwater Emergent Wetland",Digital
57,121,PEM1Fx,0.01977418,"Freshwater Emergent Wetland",Digital
58,122,PEM1Fx,0.05929458,"Freshwater Emergent Wetland",Digital
59,123,PEM1Fx,0.01678856,"Freshwater Emergent Wetland",Digital
60,124,PEM1Fx,0.04858424,"Freshwater Emergent Wetland",Digital
61,125,PEM1Fx,0.15459962,"Freshwater Emergent Wetland",Digital
62,126,PEM1Fx,0.03754756,"Freshwater Emergent Wetland",Digital
63,127,PEM1Fx,0.02049775,"Freshwater Emergent Wetland",Digital
64,128,PEM1Fx,0.00771097,"Freshwater Emergent Wetland",Digital
65,129,PEM1Fx,0.0222615,"Freshwater Emergent Wetland",Digital
66,130,PEM1Fx,0.04783261,"Freshwater Emergent Wetland",Digital
67,131,PEM1Fx,0.01862989,"Freshwater Emergent Wetland",Digital
68,132,PEM1Fx,0.57191746,"Freshwater Emergent Wetland",Digital
69,133,PFO1Cx,0.1582919,"Freshwater Forested/Shrub Wetland",Digital
70,134,PFO1Cx,0.31687052,"Freshwater Forested/Shrub Wetland",Digital
71,135,PFO1Cx,0.07367797,"Freshwater Forested/Shrub Wetland",Digital
72,136,PFO3C,0.3522963,"Freshwater Forested/Shrub Wetland",Digital
73,137,PFO3Cx,1.01215267,"Freshwater Forested/Shrub Wetland",Digital
74,138,PFO3Cx,0.70849893,"Freshwater Forested/Shrub Wetland",Digital
75,139,PSS1Cx,0.18352853,"Freshwater Forested/Shrub Wetland",Digital
76,140,PSS1Cx,0.64641238,"Freshwater Forested/Shrub Wetland",Digital
77,141,PSS3A,0.0722954,"Freshwater Forested/Shrub Wetland",Digital
78,142,PSS3A,1.27136981,"Freshwater Forested/Shrub Wetland",Digital
79,143,PSS3A,0.88445622,"Freshwater Forested/Shrub Wetland",Digital
80,144,PSS3A,1.96837221,"Freshwater Forested/Shrub Wetland",Digital
81,145,PSS3A,6.98124961,"Freshwater Forested/Shrub Wetland",Digital
82,146,PSS3A,4.53825793,"Freshwater Forested/Shrub Wetland",Digital
83,147,PSS3A,4.34763417,"Freshwater Forested/Shrub Wetland",Digital
84,148,PSS3Ah,1.78346544,"Freshwater Forested/Shrub Wetland",Digital
85,149,PSS3Ax,1.2545968,"Freshwater Forested/Shrub Wetland",Digital
86,150,PSS3Ax,1.20997815,"Freshwater Forested/Shrub Wetland",Digital
87,151,PSS3C,0.23262068,"Freshwater Forested/Shrub Wetland",Digital
88,152,PSS3C,0.52801654,"Freshwater Forested/Shrub Wetland",Digital
89,153,PSS3C,0.81590267,"Freshwater Forested/Shrub Wetland",Digital
90,154,PSS3C,1.90769368,"Freshwater Forested/Shrub Wetland",Digital
91,155,PSS3Cx,0.40843401,"Freshwater Forested/Shrub Wetland",Digital
92,156,PSS3Cx,9.18076799,"Freshwater Forested/Shrub Wetland",Digital
93,157,PSS3Cx,3.54351792,"Freshwater Forested/Shrub Wetland",Digital
94,158,PUBFx,0.33793223,"Freshwater Pond",Digital
95,159,PUBHh,3.5202172,"Freshwater Pond",Digital
96,160,PUBHx,0.64054865,"Freshwater Pond",Digital
97,161,PUBHx,9.90086062,"Freshwater Pond",Digital
98,162,PUBHx,0.13339076,"Freshwater Pond",Digital
99,163,PUBHx,0.04900337,"Freshwater Pond",Digital
100,164,PUBHx,0.16604127,"Freshwater Pond",Digital
101,165,PUBHx,0.09040138,"Freshwater Pond",Digital
102,166,PUBHx,0.13950586,"Freshwater Pond",Digital
103,167,PUBHx,0.058195,"Freshwater Pond",Digital
104,168,PUBHx,0.02808098,"Freshwater Pond",Digital
105,169,PUBHx,0.25557539,"Freshwater Pond",Digital
106,170,PUBHx,0.15257139,"Freshwater Pond",Digital
107,171,PUBHx,0.18779892,"Freshwater Pond",Digital
108,172,PUBHx,0.43251101,"Freshwater Pond",Digital
109,173,PUBHx,0.29398925,"Freshwater Pond",Digital
110,174,PUBHx,3.23562601,"Freshwater Pond",Digital
111,175,PUBHx,0.98558212,"Freshwater Pond",Digital
112,176,PUBHx,0.50810963,"Freshwater Pond",Digital
113,177,PUBHx,0.26121819,"Freshwater Pond",Digital
114,178,PUBHx,1.68681416,"Freshwater Pond",Digital
115,179,PUBHx,3.81256909,"Freshwater Pond",Digital
116,180,PUBHx,1.32556251,"Freshwater Pond",Digital
117,181,PUBHx,8.56341265,"Freshwater Pond",Digital
118,182,PUBHx,6.45488601,"Freshwater Pond",Digital
119,183,PUBHx,3.82461368,"Freshwater Pond",Digital
120,184,PUBHx,0.03832249,"Freshwater Pond",Digital
121,185,PUBHx,0.10507258,"Freshwater Pond",Digital
122,186,PUBHx,0.29328473,"Freshwater Pond",Digital
123,187,PUBHx,0.19447547,"Freshwater Pond",Digital
124,188,PUBHx,0.73131997,"Freshwater Pond",Digital
125,189,PUBHx,1.14336401,"Freshwater Pond",Digital
126,190,PUBHx,1.17155465,"Freshwater Pond",Digital
127,191,PUBHx,6.76323441,"Freshwater Pond",Digital
128,192,PUBHx,0.43508717,"Freshwater Pond",Digital
129,193,PUBHx,0.18641443,"Freshwater Pond",Digital
130,194,PUBHx,0.23383986,"Freshwater Pond",Digital
131,195,PUBHx,0.92696848,"Freshwater Pond",Digital
132,196,PUSA,0.20347804,"Freshwater Pond",Digital
133,197,PUSAx,0.51222657,"Freshwater Pond",Digital
134,198,PUSCh,0.45831934,"Freshwater Pond",Digital
135,199,PUSCx,1.21486362,"Freshwater Pond",Digital
136,200,PUSCx,0.74932259,"Freshwater Pond",Digital
137,201,PUSCx,0.08034158,"Freshwater Pond",Digital
138,202,PUSCx,0.12406598,"Freshwater Pond",Digital
139,203,R4SBC,0.92894055,"Riverine",Digital
140,204,R4SBC,0.22814706,"Riverine",Digital
141,205,R4SBC,0.28952396,"Riverine",Digital
142,206,R4SBC,0.15872356,"Riverine",Digital
143,207,R4SBC,0.10464349,"Riverine",Digital
144,208,R4SBC,0.63442517,"Riverine",Digital
145,209,R4SBC,0.25849496,"Riverine",Digital
146,210,R4SBC,2.50050372,"Riverine",Digital
147,211,R4SBC,0.02259267,"Riverine",Digital
148,212,R4SBCx,0.15721001,"Riverine",Digital
149,213,R4SBCx,0.37533609,"Riverine",Digital
150,214,R4SBCx,1.4652025,"Riverine",Digital
151,215,R4SBCx,0.31249692,"Riverine",Digital
152,216,R5UBFx,0.06026681,"Riverine",Digital
153,217,R5UBFx,1.44622587,"Riverine",Digital
154,218,R5UBFx,0.04779223,"Riverine",Digital
155,219,R5UBFx,0.84837489,"Riverine",Digital
156,220,R5UBFx,1.35399133,"Riverine",Digital
157,221,R5UBFx,0.15099023,"Riverine",Digital
158,222,R5UBFx,0.50549871,"Riverine",Digital
159,223,R5UBFx,1.74300789,"Riverine",Digital
160,224,R5UBFx,0.44266357,"Riverine",Digital
161,225,R5UBFx,1.95280564,"Riverine",Digital
162,226,R5UBFx,0.34424669,"Riverine",Digital
163,227,R5UBFx,0.53180834,"Riverine",Digital
164,228,R5UBFx,0.30229072,"Riverine",Digital
165,229,R5UBFx,0.52026194,"Riverine",Digital
166,230,R5UBFx,0.23338108,"Riverine",Digital
167,231,R5UBFx,0.20199898,"Riverine",Digital
168,232,R5UBFx,4.26545329,"Riverine",Digital
169,233,R5UBH,0.13934752,"Riverine",Digital
170,234,R5UBH,1.46885666,"Riverine",Digital
171,235,R5UBH,0.59966365,"Riverine",Digital
172,236,R5UBH,3.17286654,"Riverine",Digital
173,237,R2UBH,0.84078688,"Riverine",Digital
174,238,R4SBA,0.34192205,"Riverine",Digital
175,239,R4SBAx,1.53076054,"Riverine",Digital
176,240,R4SBAx,0.54106667,"Riverine",Digital
177,617,E1UBL,27.34652351,"Estuarine and Marine Deepwater",Digital
178,618,E1UBL,9.27799859,"Estuarine and Marine Deepwater",Digital
179,619,E1UBLx,0.12727355,"Estuarine and Marine Deepwater",Digital
180,620,E1UBLx,0.59888109,"Estuarine and Marine Deepwater",Digital
181,621,E2FO3N,1.10820128,"Estuarine and Marine Wetland",Digital
182,622,E2FO3N,3.84197134,"Estuarine and Marine Wetland",Digital
183,623,E2RSN,0.15525713,"Estuarine and Marine Wetland",Digital
184,624,E2SS3N,0.40417017,"Estuarine and Marine Wetland",Digital
185,625,E2SS3N,0.04557675,"Estuarine and Marine Wetland",Digital
186,626,E2USN,0.35868889,"Estuarine and Marine Wetland",Digital
187,627,E2USN,0.2672474,"Estuarine and Marine Wetland",Digital
188,628,E2USN,0.90773118,"Estuarine and Marine Wetland",Digital
189,629,E2USN,0.84864156,"Estuarine and Marine Wetland",Digital
190,630,M1RF1L,8.70015883,"Estuarine and Marine Deepwater",Digital
191,631,M2RSN,0.06783558,"Estuarine and Marine Wetland",Digital
192,632,M2RSP,0.50858687,"Estuarine and Marine Wetland",Digital
193,633,M2USN,1.02854036,"Estuarine and Marine Wetland",Digital
194,634,M2USN,0.49306937,"Estuarine and Marine Wetland",Digital
195,635,M2USP,0.16855734,"Estuarine and Marine Wetland",Digital
196,636,PABFh,0.17995081,"Freshwater Pond",Digital
197,637,PABH,1.71274685,"Freshwater Pond",Digital
198,638,PABHh,1.70921499,"Freshwater Pond",Digital
199,639,PABHh,2.33315184,"Freshwater Pond",Digital
200,640,PABHh,0.05776251,"Freshwater Pond",Digital
201,641,PABHx,0.0139916,"Freshwater Pond",Digital
202,642,PABHx,0.16188102,"Freshwater Pond",Digital
203,643,PABHh,2.75175285,"Freshwater Pond",Digital
204,644,PEM1/SS3C,22.69379525,"Freshwater Emergent Wetland",Digital
205,645,PEM1A,0.40736491,"Freshwater Emergent Wetland",Digital
206,646,PEM1A,1.03504936,"Freshwater Emergent Wetland",Digital
207,647,PEM1C,1.26217692,"Freshwater Emergent Wetland",Digital
208,648,PEM1C,0.31431491,"Freshwater Emergent Wetland",Digital
209,649,PEM1C,0.56397248,"Freshwater Emergent Wetland",Digital
210,650,PEM1C,0.61299228,"Freshwater Emergent Wetland",Digital
211,651,PEM1C,10.16116684,"Freshwater Emergent Wetland",Digital
212,652,PEM1C,14.00229547,"Freshwater Emergent Wetland",Digital
213,653,PEM1C,1.48247306,"Freshwater Emergent Wetland",Digital
214,654,PEM1C,2.41603979,"Freshwater Emergent Wetland",Digital
215,655,PEM1C,0.18753391,"Freshwater Emergent Wetland",Digital
216,656,PEM1C,7.48667035,"Freshwater Emergent Wetland",Digital
217,657,PEM1C,0.31723317,"Freshwater Emergent Wetland",Digital
218,658,PEM1C,2.04991898,"Freshwater Emergent Wetland",Digital
219,659,PEM1C,4.68745651,"Freshwater Emergent Wetland",Digital
220,660,PEM1C,0.06903261,"Freshwater Emergent Wetland",Digital
221,661,PEM1C,0.28049006,"Freshwater Emergent Wetland",Digital
222,662,PEM1C,0.04593439,"Freshwater Emergent Wetland",Digital
223,663,PEM1C,0.46581978,"Freshwater Emergent Wetland",Digital
224,664,PEM1C,0.8488922,"Freshwater Emergent Wetland",Digital
225,665,PEM1C,1.85842325,"Freshwater Emergent Wetland",Digital
226,666,PEM1C,0.7626324,"Freshwater Emergent Wetland",Digital
227,667,PEM1C,0.75721626,"Freshwater Emergent Wetland",Digital
228,668,PEM1C,0.24357841,"Freshwater Emergent Wetland",Digital
229,669,PEM1C,0.31686822,"Freshwater Emergent Wetland",Digital
230,670,PEM1C,0.04726349,"Freshwater Emergent Wetland",Digital
231,671,PEM1C,0.43563999,"Freshwater Emergent Wetland",Digital
232,672,PEM1C,0.37595945,"Freshwater Emergent Wetland",Digital
233,673,PEM1C,0.31895002,"Freshwater Emergent Wetland",Digital
234,674,PEM1C,0.20529009,"Freshwater Emergent Wetland",Digital
235,675,PEM1C,0.52570441,"Freshwater Emergent Wetland",Digital
236,676,PEM1C,0.41074473,"Freshwater Emergent Wetland",Digital
237,677,PEM1C,0.90436616,"Freshwater Emergent Wetland",Digital
238,678,PEM1C,0.71121784,"Freshwater Emergent Wetland",Digital
239,679,PEM1C,0.56251695,"Freshwater Emergent Wetland",Digital
240,680,PEM1C,0.67457446,"Freshwater Emergent Wetland",Digital
241,681,PEM1C,1.1732465,"Freshwater Emergent Wetland",Digital
242,682,PEM1C,0.07048475,"Freshwater Emergent Wetland",Digital
243,683,PEM1C,0.20741978,"Freshwater Emergent Wetland",Digital
244,684,PEM1Ch,0.16199276,"Freshwater Emergent Wetland",Digital
245,685,PEM1Ch,0.61743626,"Freshwater Emergent Wetland",Digital
246,686,PEM1Ch,0.43213308,"Freshwater Emergent Wetland",Digital
247,687,PEM1Ch,1.25481288,"Freshwater Emergent Wetland",Digital
248,688,PEM1Ch,1.37767379,"Freshwater Emergent Wetland",Digital
249,689,PEM1Ch,0.97517233,"Freshwater Emergent Wetland",Digital
250,690,PEM1Ch,2.29602556,"Freshwater Emergent Wetland",Digital
251,691,PEM1Ch,3.30724989,"Freshwater Emergent Wetland",Digital
252,692,PEM1Ch,0.27537152,"Freshwater Emergent Wetland",Digital
253,693,PEM1Ch,1.26017115,"Freshwater Emergent Wetland",Digital
254,694,PEM1Ch,0.9237783,"Freshwater Emergent Wetland",Digital
255,695,PEM1Ch,0.11482776,"Freshwater Emergent Wetland",Digital
256,696,PEM1Ch,0.10590294,"Freshwater Emergent Wetland",Digital
257,697,PEM1Ch,0.03389299,"Freshwater Emergent Wetland",Digital
258,698,PEM1Ch,0.54932598,"Freshwater Emergent Wetland",Digital
259,699,PEM1Ch,0.07716047,"Freshwater Emergent Wetland",Digital
260,700,PEM1Ch,0.92326383,"Freshwater Emergent Wetland",Digital
261,701,PEM1Ch,2.26963309,"Freshwater Emergent Wetland",Digital
262,702,PEM1Ch,0.10482187,"Freshwater Emergent Wetland",Digital
263,703,PEM1Ch,0.11239633,"Freshwater Emergent Wetland",Digital
264,704,PEM1Cx,0.84899931,"Freshwater Emergent Wetland",Digital
265,705,PEM1Cx,4.92559712,"Freshwater Emergent Wetland",Digital
266,706,PEM1Cx,1.93423463,"Freshwater Emergent Wetland",Digital
267,707,PEM1Cx,0.5965216,"Freshwater Emergent Wetland",Digital
268,708,PEM1Cx,1.3350069,"Freshwater Emergent Wetland",Digital
269,709,PEM1Cx,4.08054782,"Freshwater Emergent Wetland",Digital
270,710,PEM1Cx,0.46664392,"Freshwater Emergent Wetland",Digital
271,711,PEM1Cx,0.24807334,"Freshwater Emergent Wetland",Digital
272,712,PEM1Cx,0.07881933,"Freshwater Emergent Wetland",Digital
273,713,PEM1Cx,0.05499817,"Freshwater Emergent Wetland",Digital
274,714,PEM1Cx,0.68405705,"Freshwater Emergent Wetland",Digital
275,715,PEM1Cx,0.02656013,"Freshwater Emergent Wetland",Digital
276,716,PEM1Cx,1.5417655,"Freshwater Emergent Wetland",Digital
277,717,PEM1F,0.04682245,"Freshwater Emergent Wetland",Digital
278,718,PEM1F,0.17963935,"Freshwater Emergent Wetland",Digital
279,719,PEM1F,3.27270566,"Freshwater Emergent Wetland",Digital
280,720,PEM1Fh,0.00911892,"Freshwater Emergent Wetland",Digital
281,721,PEM1Fh,1.10820896,"Freshwater Emergent Wetland",Digital
282,722,PEM1Fh,3.73986745,"Freshwater Emergent Wetland",Digital
283,723,PEM1Fh,3.33379757,"Freshwater Emergent Wetland",Digital
284,724,PEM1Fx,0.06271562,"Freshwater Emergent Wetland",Digital
285,725,PEM1Fx,0.02225678,"Freshwater Emergent Wetland",Digital
286,726,PEM1Fx,0.12050552,"Freshwater Emergent Wetland",Digital
287,727,PEM1Fx,1.81608795,"Freshwater Emergent Wetland",Digital
288,728,PEM1Fh,0.35465274,"Freshwater Emergent Wetland",Digital
289,729,PEM1Fh,0.38768561,"Freshwater Emergent Wetland",Digital
290,730,PEM1Fh,0.22481262,"Freshwater Emergent Wetland",Digital
291,731,PEM1Fh,0.21344298,"Freshwater Emergent Wetland",Digital
292,732,PEM1Fh,0.32816993,"Freshwater Emergent Wetland",Digital
293,733,PEM1Fh,0.21255014,"Freshwater Emergent Wetland",Digital
294,734,PEM1Fh,0.19980716,"Freshwater Emergent Wetland",Digital
295,735,PEM1Fh,0.33378711,"Freshwater Emergent Wetland",Digital
296,736,PEM1Fh,0.07074228,"Freshwater Emergent Wetland",Digital
297,737,PEM1Fh,0.08211056,"Freshwater Emergent Wetland",Digital
298,738,PEM1Fh,0.10524836,"Freshwater Emergent Wetland",Digital
299,739,PEM1Fh,0.07442275,"Freshwater Emergent Wetland",Digital
300,740,PEM1Fh,0.06528876,"Freshwater Emergent Wetland",Digital
301,741,PEM1Fh,0.053351,"Freshwater Emergent Wetland",Digital
302,742,PEM1Fh,0.06299294,"Freshwater Emergent Wetland",Digital
303,743,PEM1Fh,0.05836641,"Freshwater Emergent Wetland",Digital
304,744,PEM1Fh,0.07036704,"Freshwater Emergent Wetland",Digital
305,745,PEM1Fh,0.06285725,"Freshwater Emergent Wetland",Digital
306,746,PEM1Fh,0.07972435,"Freshwater Emergent Wetland",Digital
307,747,PEM1Fh,0.08254674,"Freshwater Emergent Wetland",Digital
308,748,PEM1Fh,0.07935985,"Freshwater Emergent Wetland",Digital
309,749,PEM1Fh,0.10276725,"Freshwater Emergent Wetland",Digital
310,750,PEM1Fh,0.06960493,"Freshwater Emergent Wetland",Digital
311,751,PEM1Fh,0.05627982,"Freshwater Emergent Wetland",Digital
312,752,PEM1Fh,0.05835562,"Freshwater Emergent Wetland",Digital
313,753,PEM1Fh,0.05358888,"Freshwater Emergent Wetland",Digital
314,754,PEM1Fh,0.06289573,"Freshwater Emergent Wetland",Digital
315,755,PEM1Fh,0.06268537,"Freshwater Emergent Wetland",Digital
316,756,PEM1Fh,0.05777458,"Freshwater Emergent Wetland",Digital
317,757,PEM1Fh,0.0548691,"Freshwater Emergent Wetland",Digital
318,758,PEM1Fh,0.06731122,"Freshwater Emergent Wetland",Digital
319,759,PEM1Fh,0.44058222,"Freshwater Emergent Wetland",Digital
320,760,PEM1Fh,0.02944116,"Freshwater Emergent Wetland",Digital
321,761,PEM1Fh,0.01390175,"Freshwater Emergent Wetland",Digital
322,762,PEM1Fh,0.00708151,"Freshwater Emergent Wetland",Digital
323,763,PEM1Fh,0.05931814,"Freshwater Emergent Wetland",Digital
324,764,PEM1Fh,0.0156489,"Freshwater Emergent Wetland",Digital
325,765,PEM1Fh,0.04875026,"Freshwater Emergent Wetland",Digital
326,766,PEM1Fh,0.0185777,"Freshwater Emergent Wetland",Digital
327,767,PEM1Fh,0.12875557,"Freshwater Emergent Wetland",Digital
328,768,PEM1Fh,0.0891769,"Freshwater Emergent Wetland",Digital
329,769,PEM1Fh,0.08513247,"Freshwater Emergent Wetland",Digital
330,770,PEM1Fh,0.11946345,"Freshwater Emergent Wetland",Digital
331,771,PEM1Fh,0.0869388,"Freshwater Emergent Wetland",Digital
332,772,PEM1Fh,0.09927124,"Freshwater Emergent Wetland",Digital
333,773,PEM1Fh,0.10416301,"Freshwater Emergent Wetland",Digital
334,774,PEM1Fh,0.1085717,"Freshwater Emergent Wetland",Digital
335,775,PEM1Fh,0.11129254,"Freshwater Emergent Wetland",Digital
336,776,PEM1Fh,0.11550562,"Freshwater Emergent Wetland",Digital
337,777,PEM1Fh,0.11798227,"Freshwater Emergent Wetland",Digital
338,778,PEM1Fh,0.52172765,"Freshwater Emergent Wetland",Digital
339,779,PEM1Fh,0.11630637,"Freshwater Emergent Wetland",Digital
340,780,PEM1Fh,0.11354214,"Freshwater Emergent Wetland",Digital
341,781,PEM1Fh,0.11637773,"Freshwater Emergent Wetland",Digital
342,782,PEM1Fh,0.11464957,"Freshwater Emergent Wetland",Digital
343,783,PEM1Fh,0.11319561,"Freshwater Emergent Wetland",Digital
344,784,PEM1Fh,0.11821368,"Freshwater Emergent Wetland",Digital
345,785,PEM1Fh,0.11327018,"Freshwater Emergent Wetland",Digital
346,786,PEM1Fh,0.10848011,"Freshwater Emergent Wetland",Digital
347,787,PEM1Fh,0.14568692,"Freshwater Emergent Wetland",Digital
348,788,PEM1Fh,0.88539038,"Freshwater Emergent Wetland",Digital
349,789,PEM1Fh,1.816686,"Freshwater Emergent Wetland",Digital
350,790,PEM1Fh,0.43802042,"Freshwater Emergent Wetland",Digital
351,791,PEM1Fh,0.52290626,"Freshwater Emergent Wetland",Digital
352,792,PEM1Fh,0.26911898,"Freshwater Emergent Wetland",Digital
353,793,PEM1Fh,0.65448399,"Freshwater Emergent Wetland",Digital
354,794,PEM1Fh,0.46803147,"Freshwater Emergent Wetland",Digital
355,795,PEM1Fh,0.56180276,"Freshwater Emergent Wetland",Digital
356,796,PEM1Fh,1.4353877,"Freshwater Emergent Wetland",Digital
357,797,PEM1Fh,0.11360323,"Freshwater Emergent Wetland",Digital
358,798,PEM1Fh,0.20594624,"Freshwater Emergent Wetland",Digital
359,799,PEM1Fh,2.05329265,"Freshwater Emergent Wetland",Digital
360,800,PEM1Fx,0.23992379,"Freshwater Emergent Wetland",Digital
361,801,PEM1Fx,0.2225448,"Freshwater Emergent Wetland",Digital
362,802,PFO3A,0.45599489,"Freshwater Forested/Shrub Wetland",Digital
363,803,PFO3C,0.58049887,"Freshwater Forested/Shrub Wetland",Digital
364,804,PFO3C,1.87770505,"Freshwater Forested/Shrub Wetland",Digital
365,805,PFO3C,2.16618026,"Freshwater Forested/Shrub Wetland",Digital
366,806,PFO3C,1.32678994,"Freshwater Forested/Shrub Wetland",Digital
367,807,PFO3C,8.95601748,"Freshwater Forested/Shrub Wetland",Digital
368,808,PFO3C,14.82653699,"Freshwater Forested/Shrub Wetland",Digital
369,809,PFO3C,29.77979538,"Freshwater Forested/Shrub Wetland",Digital
370,810,PFO3C,6.3101872,"Freshwater Forested/Shrub Wetland",Digital
371,811,PFO3C,0.17127847,"Freshwater Forested/Shrub Wetland",Digital
372,812,PFO3C,0.03781646,"Freshwater Forested/Shrub Wetland",Digital
373,813,PFO3C,0.05428514,"Freshwater Forested/Shrub Wetland",Digital
374,814,PFO3C,0.16687542,"Freshwater Forested/Shrub Wetland",Digital
375,815,PFO3C,3.49612667,"Freshwater Forested/Shrub Wetland",Digital
376,816,PFO3C,0.56086903,"Freshwater Forested/Shrub Wetland",Digital
377,817,PFO3C,0.20866266,"Freshwater Forested/Shrub Wetland",Digital
378,818,PFO3C,2.71013845,"Freshwater Forested/Shrub Wetland",Digital
379,819,PFO3C,0.54515447,"Freshwater Forested/Shrub Wetland",Digital
380,820,PFO3C,0.70098951,"Freshwater Forested/Shrub Wetland",Digital
381,821,PFO3C,8.9370869,"Freshwater Forested/Shrub Wetland",Digital
382,822,PFO3C,2.07604964,"Freshwater Forested/Shrub Wetland",Digital
383,823,PFO3C,0.43716272,"Freshwater Forested/Shrub Wetland",Digital
384,824,PFO3C,0.35089932,"Freshwater Forested/Shrub Wetland",Digital
385,825,PFO3C,0.00006897,"Freshwater Forested/Shrub Wetland",Digital
386,826,PFO3C,0.69004036,"Freshwater Forested/Shrub Wetland",Digital
387,827,PFO3Cx,0.0197814,"Freshwater Forested/Shrub Wetland",Digital
388,828,PSS3A,0.98957216,"Freshwater Forested/Shrub Wetland",Digital
389,829,PSS3C,1.04428158,"Freshwater Forested/Shrub Wetland",Digital
390,830,PSS3C,0.18736999,"Freshwater Forested/Shrub Wetland",Digital
391,831,PSS3C,0.29483045,"Freshwater Forested/Shrub Wetland",Digital
392,832,PSS3C,0.46733818,"Freshwater Forested/Shrub Wetland",Digital
393,833,PSS3C,0.02128505,"Freshwater Forested/Shrub Wetland",Digital
394,834,PSS3C,0.03852341,"Freshwater Forested/Shrub Wetland",Digital
395,835,PSS3C,0.459036,"Freshwater Forested/Shrub Wetland",Digital
396,836,PSS3C,0.24022704,"Freshwater Forested/Shrub Wetland",Digital
397,837,PSS3C,2.34047827,"Freshwater Forested/Shrub Wetland",Digital
398,838,PSS3C,0.42602506,"Freshwater Forested/Shrub Wetland",Digital
399,839,PSSAh,1.18883071,"Freshwater Forested/Shrub Wetland",Digital
400,840,PUBF,0.01335136,"Freshwater Pond",Digital
401,841,PUBFx,0.17881084,"Freshwater Pond",Digital
402,842,PUBH,0.39350789,"Freshwater Pond",Digital
403,843,PUBH,1.22028453,"Freshwater Pond",Digital
404,844,PUBH,0.219509,"Freshwater Pond",Digital
405,845,PUBH,0.29656341,"Freshwater Pond",Digital
406,846,PUBH,0.25935756,"Freshwater Pond",Digital
407,847,PUBH,0.01480664,"Freshwater Pond",Digital
408,848,PUBHh,0.34392593,"Freshwater Pond",Digital
409,849,PUBHh,3.40455906,"Freshwater Pond",Digital
410,850,PUBHh,3.057265,"Freshwater Pond",Digital
411,851,PUBHh,10.42625944,"Freshwater Pond",Digital
412,852,PUBHh,3.32582707,"Freshwater Pond",Digital
413,853,PUBHh,4.45901781,"Freshwater Pond",Digital
414,854,PUBHh,1.85469256,"Freshwater Pond",Digital
415,855,PUBHh,0.03597329,"Freshwater Pond",Digital
416,856,PUBHh,1.99396039,"Freshwater Pond",Digital
417,857,PUBHh,2.0303335,"Freshwater Pond",Digital
418,858,PUBHh,0.88378085,"Freshwater Pond",Digital
419,859,PUBHh,0.37796613,"Freshwater Pond",Digital
420,860,PUBHh,0.91469992,"Freshwater Pond",Digital
421,861,PUBHh,3.45029407,"Freshwater Pond",Digital
422,862,PUBHx,0.25208226,"Freshwater Pond",Digital
423,863,PUBHx,2.21418964,"Freshwater Pond",Digital
424,864,PUBHx,0.53030836,"Freshwater Pond",Digital
425,865,PUBHx,0.27326986,"Freshwater Pond",Digital
426,866,PUBHx,0.06333002,"Freshwater Pond",Digital
427,867,PUBHx,0.20560456,"Freshwater Pond",Digital
428,868,PUBHx,0.05363136,"Freshwater Pond",Digital
429,869,PUBHx,0.10613669,"Freshwater Pond",Digital
430,870,PUBHx,0.012744,"Freshwater Pond",Digital
431,871,PUBHx,0.00950151,"Freshwater Pond",Digital
432,872,PUBHx,0.03178972,"Freshwater Pond",Digital
433,873,PUBHx,0.2797666,"Freshwater Pond",Digital
434,874,PUBHx,0.08252447,"Freshwater Pond",Digital
435,875,PUBHx,0.02758109,"Freshwater Pond",Digital
436,876,PUBHx,0.1668931,"Freshwater Pond",Digital
437,877,PUBHx,0.5653209,"Freshwater Pond",Digital
438,878,PUBHx,0.05566307,"Freshwater Pond",Digital
439,879,PUBHx,0.43053415,"Freshwater Pond",Digital
440,880,PUBHx,0.10257307,"Freshwater Pond",Digital
441,881,PUBHx,0.02155888,"Freshwater Pond",Digital
442,882,PUBHx,0.10626099,"Freshwater Pond",Digital
443,883,PUBHx,0.22741783,"Freshwater Pond",Digital
444,884,PUBHx,0.27035766,"Freshwater Pond",Digital
445,885,PUBHx,0.57586422,"Freshwater Pond",Digital
446,886,PUBHx,0.07930003,"Freshwater Pond",Digital
447,887,PUBHx,0.05405204,"Freshwater Pond",Digital
448,888,PUBHx,0.51668996,"Freshwater Pond",Digital
449,889,PUBHx,0.16604577,"Freshwater Pond",Digital
450,890,PUBHx,0.74432186,"Freshwater Pond",Digital
451,891,PUBHx,0.22113297,"Freshwater Pond",Digital
452,892,PUBHx,0.1397262,"Freshwater Pond",Digital
453,893,PUSC,0.02514266,"Freshwater Pond",Digital
454,894,PUSC,0.08323886,"Freshwater Pond",Digital
455,895,PUSCh,0.76086217,"Freshwater Pond",Digital
456,896,R2USC,0.07105697,"Riverine",Digital
457,897,R2USC,0.0143685,"Riverine",Digital
458,898,R2USC,0.09155855,"Riverine",Digital
459,899,R2USC,0.05585199,"Riverine",Digital
460,900,R2USC,0.03294767,"Riverine",Digital
461,901,R2USC,0.0530048,"Riverine",Digital
462,902,R2USC,0.04077128,"Riverine",Digital
463,903,R2USC,0.15552283,"Riverine",Digital
464,904,R4SBC,2.26295667,"Riverine",Digital
465,905,R4SBC,0.85174544,"Riverine",Digital
466,906,R4SBC,0.2982637,"Riverine",Digital
467,907,R4SBC,0.22165569,"Riverine",Digital
468,908,R4SBC,0.52936093,"Riverine",Digital
469,909,R4SBC,0.74715168,"Riverine",Digital
470,910,R4SBC,0.13581452,"Riverine",Digital
471,911,R4SBC,0.19585809,"Riverine",Digital
472,912,R4SBC,0.16669986,"Riverine",Digital
473,913,R4SBC,0.01312713,"Riverine",Digital
474,914,R4SBC,0.0125748,"Riverine",Digital
475,915,R4SBC,0.49984044,"Riverine",Digital
476,916,R4SBC,0.50908466,"Riverine",Digital
477,917,R4SBC,0.06224696,"Riverine",Digital
478,918,R4SBC,0.19647605,"Riverine",Digital
479,919,R4SBC,0.3622333,"Riverine",Digital
480,920,R4SBC,4.46423223,"Riverine",Digital
481,921,R4SBC,0.49814605,"Riverine",Digital
482,922,R4SBC,0.46087016,"Riverine",Digital
483,923,R4SBCx,1.61146106,"Riverine",Digital
484,924,R4SBCx,6.74573777,"Riverine",Digital
485,925,R4SBCx,1.66785912,"Riverine",Digital
486,926,R4SBCx,2.39793778,"Riverine",Digital
487,927,R4SBCx,1.13806871,"Riverine",Digital
488,928,R4SBCx,0.14033213,"Riverine",Digital
489,929,R4SBCx,1.40930731,"Riverine",Digital
490,930,R4SBCx,0.93997492,"Riverine",Digital
491,931,R4SBCx,0.80549872,"Riverine",Digital
492,932,R4SBCx,1.61468329,"Riverine",Digital
493,933,R4SBCx,1.29218218,"Riverine",Digital
494,934,R4SBCx,0.93397115,"Riverine",Digital
495,935,R4SBCx,1.20320303,"Riverine",Digital
496,936,R4SBCx,2.94076004,"Riverine",Digital
497,937,R4SBCx,1.00018529,"Riverine",Digital
498,938,R4SBCx,3.52930442,"Riverine",Digital
499,939,R4SBCx,1.35333409,"Riverine",Digital
500,940,R4SBCx,0.54879345,"Riverine",Digital
501,941,R4SBCx,0.22952529,"Riverine",Digital
502,942,R4SBCx,1.06565394,"Riverine",Digital
503,943,R4SBCx,0.92670073,"Riverine",Digital
504,944,R4SBCx,0.04833873,"Riverine",Digital
505,945,R4SBCx,0.19456202,"Riverine",Digital
506,946,R4SBCx,0.68825791,"Riverine",Digital
507,947,R4SBCx,0.52837332,"Riverine",Digital
508,948,R4SBCx,1.80111331,"Riverine",Digital
509,949,R4SBCx,1.65930181,"Riverine",Digital
510,950,R4SBCx,1.05427653,"Riverine",Digital
511,951,R4SBCx,0.16639147,"Riverine",Digital
512,952,R4SBCx,1.23362851,"Riverine",Digital
513,953,R4SBCx,0.47238393,"Riverine",Digital
514,954,R4SBCx,0.98916456,"Riverine",Digital
515,955,R4SBCx,0.6352259,"Riverine",Digital
516,956,R4SBCx,1.65962447,"Riverine",Digital
517,957,R5UBFx,6.23728054,"Riverine",Digital
518,958,R5UBFx,0.31543374,"Riverine",Digital
519,959,R5UBFx,0.69852041,"Riverine",Digital
520,960,R5UBFx,2.7141588,"Riverine",Digital
521,961,R5UBFx,1.78122165,"Riverine",Digital
522,962,R5UBFx,0.3105631,"Riverine",Digital
523,963,R5UBFx,0.06088273,"Riverine",Digital
524,964,R5UBFx,0.49235466,"Riverine",Digital
525,965,R5UBFx,0.07489435,"Riverine",Digital
526,966,R5UBFx,0.28863479,"Riverine",Digital
527,967,R5UBFx,0.56862796,"Riverine",Digital
528,968,R5UBFx,1.22482919,"Riverine",Digital
529,969,R5UBFx,0.30998948,"Riverine",Digital
530,970,R5UBFx,0.80976572,"Riverine",Digital
531,971,R5UBFx,1.803234,"Riverine",Digital
532,972,R5UBFx,3.3262309,"Riverine",Digital
533,973,R5UBFx,0.02109921,"Riverine",Digital
534,974,R5UBFx,0.43498596,"Riverine",Digital
535,975,R5UBFx,0.42551968,"Riverine",Digital
536,976,R5UBFx,0.07505458,"Riverine",Digital
537,977,R5UBFx,0.27339281,"Riverine",Digital
538,978,R5UBFx,0.01679567,"Riverine",Digital
539,979,R5UBFx,2.19275932,"Riverine",Digital
540,980,R5UBFx,0.99224046,"Riverine",Digital
541,981,R5UBFx,1.52332612,"Riverine",Digital
542,982,R5UBFx,0.09136944,"Riverine",Digital
543,983,R5UBFx,0.60888393,"Riverine",Digital
544,984,R5UBFx,0.21710791,"Riverine",Digital
545,985,R5UBFx,4.49552487,"Riverine",Digital
546,986,R5UBFx,0.67092983,"Riverine",Digital
547,987,R5UBFx,0.49484773,"Riverine",Digital
548,988,R5UBFx,0.89574123,"Riverine",Digital
549,989,R5UBFx,0.20013743,"Riverine",Digital
550,990,R5UBFx,1.14898815,"Riverine",Digital
551,991,R5UBFx,0.33885275,"Riverine",Digital
552,992,R5UBFx,0.13620109,"Riverine",Digital
553,993,R5UBFx,1.74862627,"Riverine",Digital
554,994,R5UBFx,0.91069565,"Riverine",Digital
555,995,R5UBFx,0.19600844,"Riverine",Digital
556,996,R5UBFx,2.70859008,"Riverine",Digital
557,997,R5UBFx,0.49579387,"Riverine",Digital
558,998,R5UBFx,0.93205844,"Riverine",Digital
559,999,R5UBFx,0.14427907,"Riverine",Digital
560,1000,R5UBFx,0.31398133,"Riverine",Digital
561,1001,R5UBFx,3.48130234,"Riverine",Digital
562,1002,R5UBFx,0.85233968,"Riverine",Digital
563,1003,R5UBFx,0.24226029,"Riverine",Digital
564,1004,R5UBFx,0.60760829,"Riverine",Digital
565,1005,R5UBFx,1.71209664,"Riverine",Digital
566,1006,R5UBFx,0.12197705,"Riverine",Digital
567,1007,R5UBFx,0.60435252,"Riverine",Digital
568,1008,R5UBFx,0.07356811,"Riverine",Digital
569,1009,R5UBFx,1.1414655,"Riverine",Digital
570,1010,R5UBFx,0.17016482,"Riverine",Digital
571,1011,R5UBFx,0.35528085,"Riverine",Digital
572,1012,R5UBFx,0.07821733,"Riverine",Digital
573,1013,R5UBH,0.21823014,"Riverine",Digital
574,1014,R5UBH,0.01219966,"Riverine",Digital
575,1015,R5UBH,0.00747439,"Riverine",Digital
576,1016,R5UBH,0.02478201,"Riverine",Digital
577,1017,R5UBH,0.00791543,"Riverine",Digital
578,1018,R5UBH,0.03026737,"Riverine",Digital
579,1019,R5UBH,0.05095239,"Riverine",Digital
580,1020,R5UBH,0.29406579,"Riverine",Digital
581,1021,R5UBH,0.22322891,"Riverine",Digital
582,1022,R5UBH,0.02310408,"Riverine",Digital
583,1023,R5UBH,0.16361359,"Riverine",Digital
584,1024,R5UBH,0.00686925,"Riverine",Digital
585,1025,R5UBH,0.38915604,"Riverine",Digital
586,1026,R5UBH,0.0525177,"Riverine",Digital
587,1027,R5UBH,0.13583256,"Riverine",Digital
588,1028,R5UBH,0.74407469,"Riverine",Digital
589,1029,R5UBH,0.163203,"Riverine",Digital
590,1030,R5UBH,0.03043929,"Riverine",Digital
591,1031,R5UBH,0.00820781,"Riverine",Digital
592,1032,R5UBH,0.02132713,"Riverine",Digital
593,1033,R5UBH,0.01651893,"Riverine",Digital
594,1034,R5UBH,0.05857343,"Riverine",Digital
595,1035,R5UBH,0.04785576,"Riverine",Digital
596,1036,R5UBH,0.10046423,"Riverine",Digital
597,1037,R5UBH,0.20014319,"Riverine",Digital
598,1038,R5UBH,0.18244452,"Riverine",Digital
599,1039,R5UBH,0.00624885,"Riverine",Digital
600,1040,R5UBH,0.03254711,"Riverine",Digital
601,1041,R5UBH,0.01116834,"Riverine",Digital
602,1042,R5UBH,0.02233724,"Riverine",Digital
603,1043,R2UBH,9.53167285,"Riverine",Digital
604,1044,R2UBH,0.48282089,"Riverine",Digital
605,1045,R2UBHx,1.21383587,"Riverine",Digital
606,1046,R2UBHx,0.66238305,"Riverine",Digital
607,1047,R3UBH,2.53433779,"Riverine",Digital
608,1048,R3UBH,9.46373013,"Riverine",Digital
609,1049,R3UBH,0.00011897,"Riverine",Digital
610,1093,E1UBL,0.11889519,"Estuarine and Marine Deepwater",Digital
611,1094,E1UBL,0.48087755,"Estuarine and Marine Deepwater",Digital
612,1095,E1UBL,0.05084628,"Estuarine and Marine Deepwater",Digital
613,1096,E1UBL,0.05301847,"Estuarine and Marine Deepwater",Digital
614,1097,E1UBL,0.45639808,"Estuarine and Marine Deepwater",Digital
615,1098,E1UBL,0.29212009,"Estuarine and Marine Deepwater",Digital
616,1099,E1UBLx,0.35343615,"Estuarine and Marine Deepwater",Digital
617,1100,E1UBLx,0.38227602,"Estuarine and Marine Deepwater",Digital
618,1101,E2EM1Nx,0.05356897,"Estuarine and Marine Wetland",Digital
619,1102,E2FO3N,0.78339112,"Estuarine and Marine Wetland",Digital
620,1103,E2FO3N,0.17222002,"Estuarine and Marine Wetland",Digital
621,1104,E2FO3N,1.03240767,"Estuarine and Marine Wetland",Digital
622,1105,E2FO3N,0.0349718,"Estuarine and Marine Wetland",Digital
623,1106,E2USN,0.0990966,"Estuarine and Marine Wetland",Digital
624,1107,E2USN,0.09569037,"Estuarine and Marine Wetland",Digital
625,1108,M1RF1L,3.85289874,"Estuarine and Marine Deepwater",Digital
626,1109,M2USN,3.74702067,"Estuarine and Marine Wetland",Digital
627,1110,PEM1C,0.29370493,"Freshwater Emergent Wetland",Digital
628,1111,PEM1Ch,0.07086525,"Freshwater Emergent Wetland",Digital
629,1112,PEM1Ch,0.47002137,"Freshwater Emergent Wetland",Digital
630,1113,PEM1Ch,1.76906191,"Freshwater Emergent Wetland",Digital
631,1114,PEM1Cx,0.74076145,"Freshwater Emergent Wetland",Digital
632,1115,PEM1F,7.23818201,"Freshwater Emergent Wetland",Digital
633,1116,PEM1Fx,0.75865338,"Freshwater Emergent Wetland",Digital
634,1117,PEM1Fh,0.65541832,"Freshwater Emergent Wetland",Digital
635,1118,PEM1Fh,0.8302383,"Freshwater Emergent Wetland",Digital
636,1119,PEM1Fh,1.06904916,"Freshwater Emergent Wetland",Digital
637,1120,PEM1Fh,0.69639891,"Freshwater Emergent Wetland",Digital
638,1121,PEM1Fh,0.82629559,"Freshwater Emergent Wetland",Digital
639,1122,PEM1Fh,1.05331607,"Freshwater Emergent Wetland",Digital
640,1123,PEM1Fh,1.07428171,"Freshwater Emergent Wetland",Digital
641,1124,PEM1Fh,0.91199703,"Freshwater Emergent Wetland",Digital
642,1125,PEM1Fh,1.41381914,"Freshwater Emergent Wetland",Digital
643,1126,PEM1Fh,1.1389279,"Freshwater Emergent Wetland",Digital
644,1127,PEM1Fh,0.97918392,"Freshwater Emergent Wetland",Digital
645,1128,PEM1Fh,1.4093454,"Freshwater Emergent Wetland",Digital
646,1129,PEM1Fh,0.89448955,"Freshwater Emergent Wetland",Digital
647,1130,PFO1A,0.30318077,"Freshwater Forested/Shrub Wetland",Digital
648,1131,PFO1A,0.66610852,"Freshwater Forested/Shrub Wetland",Digital
649,1132,PFO1A,0.71150125,"Freshwater Forested/Shrub Wetland",Digital
650,1133,PFO3C,1.18102506,"Freshwater Forested/Shrub Wetland",Digital
651,1134,PFO3C,1.0107273,"Freshwater Forested/Shrub Wetland",Digital
652,1135,PFO3C,3.0194271,"Freshwater Forested/Shrub Wetland",Digital
653,1136,PFO3C,3.25571964,"Freshwater Forested/Shrub Wetland",Digital
654,1137,PFO3C,1.93410541,"Freshwater Forested/Shrub Wetland",Digital
655,1138,PFO3C,2.38197719,"Freshwater Forested/Shrub Wetland",Digital
656,1139,PFO3C,3.03982512,"Freshwater Forested/Shrub Wetland",Digital
657,1140,PFO3C,5.56740933,"Freshwater Forested/Shrub Wetland",Digital
658,1141,PFO3C,7.46546823,"Freshwater Forested/Shrub Wetland",Digital
659,1142,PFO3C,1.10768269,"Freshwater Forested/Shrub Wetland",Digital
660,1143,PFO3C,4.68224902,"Freshwater Forested/Shrub Wetland",Digital
661,1144,PFO3C,2.23322163,"Freshwater Forested/Shrub Wetland",Digital
662,1145,PFO3C,0.74911941,"Freshwater Forested/Shrub Wetland",Digital
663,1146,PFO3C,3.43786763,"Freshwater Forested/Shrub Wetland",Digital
664,1147,PFO3C,0.86316697,"Freshwater Forested/Shrub Wetland",Digital
665,1148,PFO3C,0.24097152,"Freshwater Forested/Shrub Wetland",Digital
666,1149,PFO3C,1.99956689,"Freshwater Forested/Shrub Wetland",Digital
667,1150,PFO3C,0.33928588,"Freshwater Forested/Shrub Wetland",Digital
668,1151,PFO3C,5.71981271,"Freshwater Forested/Shrub Wetland",Digital
669,1152,PFO3C,1.64169929,"Freshwater Forested/Shrub Wetland",Digital
670,1153,PFO3C,0.56690007,"Freshwater Forested/Shrub Wetland",Digital
671,1154,PFO3C,1.98750121,"Freshwater Forested/Shrub Wetland",Digital
672,1155,PFO3C,0.24103914,"Freshwater Forested/Shrub Wetland",Digital
673,1156,PFO3C,3.15075772,"Freshwater Forested/Shrub Wetland",Digital
674,1157,PFO3C,0.48462263,"Freshwater Forested/Shrub Wetland",Digital
675,1158,PFO3C,0.7149934,"Freshwater Forested/Shrub Wetland",Digital
676,1159,PFO3C,0.64120162,"Freshwater Forested/Shrub Wetland",Digital
677,1160,PFO3C,0.43253032,"Freshwater Forested/Shrub Wetland",Digital
678,1161,PFO3C,0.34808563,"Freshwater Forested/Shrub Wetland",Digital
679,1162,PFO3C,1.06193124,"Freshwater Forested/Shrub Wetland",Digital
680,1163,PFO3C,0.03003088,"Freshwater Forested/Shrub Wetland",Digital
681,1164,PFO3C,0.71362728,"Freshwater Forested/Shrub Wetland",Digital
682,1165,PFO3C,0.10439518,"Freshwater Forested/Shrub Wetland",Digital
683,1166,PFO3C,0.27896821,"Freshwater Forested/Shrub Wetland",Digital
684,1167,PFO3C,0.22154429,"Freshwater Forested/Shrub Wetland",Digital
685,1168,PFO3C,0.68440624,"Freshwater Forested/Shrub Wetland",Digital
686,1169,PFO3C,0.51341016,"Freshwater Forested/Shrub Wetland",Digital
687,1170,PFO3C,0.49930719,"Freshwater Forested/Shrub Wetland",Digital
688,1171,PFO3C,0.30617385,"Freshwater Forested/Shrub Wetland",Digital
689,1172,PFO3C,0.24465014,"Freshwater Forested/Shrub Wetland",Digital
690,1173,PFO3C,2.30208694,"Freshwater Forested/Shrub Wetland",Digital
691,1174,PFO3C,0.21061729,"Freshwater Forested/Shrub Wetland",Digital
692,1175,PFO3C,0.63628801,"Freshwater Forested/Shrub Wetland",Digital
693,1176,PFO3C,0.18449986,"Freshwater Forested/Shrub Wetland",Digital
694,1177,PFO3C,2.33487826,"Freshwater Forested/Shrub Wetland",Digital
695,1178,PFO3C,0.96663827,"Freshwater Forested/Shrub Wetland",Digital
696,1179,PFO3C,0.70033406,"Freshwater Forested/Shrub Wetland",Digital
697,1180,PFO3C,0.14029103,"Freshwater Forested/Shrub Wetland",Digital
698,1181,PFO3C,1.10842108,"Freshwater Forested/Shrub Wetland",Digital
699,1182,PFO3C,0.67178576,"Freshwater Forested/Shrub Wetland",Digital
700,1183,PFO3C,0.13774249,"Freshwater Forested/Shrub Wetland",Digital
701,1184,PFO3C,0.49487093,"Freshwater Forested/Shrub Wetland",Digital
702,1185,PFO3C,0.53948908,"Freshwater Forested/Shrub Wetland",Digital
703,1186,PFO3C,0.4355422,"Freshwater Forested/Shrub Wetland",Digital
704,1187,PFO3C,0.73299845,"Freshwater Forested/Shrub Wetland",Digital
705,1188,PFO3C,4.33172147,"Freshwater Forested/Shrub Wetland",Digital
706,1189,PFO3C,1.45842742,"Freshwater Forested/Shrub Wetland",Digital
707,1190,PFO3C,0.88755448,"Freshwater Forested/Shrub Wetland",Digital
708,1191,PFO3C,0.79714626,"Freshwater Forested/Shrub Wetland",Digital
709,1192,PFO3C,0.53321625,"Freshwater Forested/Shrub Wetland",Digital
710,1193,PFO3C,5.34780899,"Freshwater Forested/Shrub Wetland",Digital
711,1194,PFO3C,4.72628956,"Freshwater Forested/Shrub Wetland",Digital
712,1195,PFO3C,1.06845116,"Freshwater Forested/Shrub Wetland",Digital
713,1196,PFO3C,0.47019303,"Freshwater Forested/Shrub Wetland",Digital
714,1197,PFO3C,1.74987481,"Freshwater Forested/Shrub Wetland",Digital
715,1198,PFO3C,0.77762127,"Freshwater Forested/Shrub Wetland",Digital
716,1199,PFO3C,6.36499817,"Freshwater Forested/Shrub Wetland",Digital
717,1200,PFO3C,1.24324068,"Freshwater Forested/Shrub Wetland",Digital
718,1201,PFO3C,0.4379435,"Freshwater Forested/Shrub Wetland",Digital
719,1202,PFO3C,0.61481387,"Freshwater Forested/Shrub Wetland",Digital
720,1203,PFO3C,0.38761321,"Freshwater Forested/Shrub Wetland",Digital
721,1204,PFO3C,0.59728435,"Freshwater Forested/Shrub Wetland",Digital
722,1205,PFO3C,0.2451829,"Freshwater Forested/Shrub Wetland",Digital
723,1206,PFO3C,0.67748086,"Freshwater Forested/Shrub Wetland",Digital
724,1207,PFO3C,0.3128129,"Freshwater Forested/Shrub Wetland",Digital
725,1208,PFO3C,0.45231753,"Freshwater Forested/Shrub Wetland",Digital
726,1209,PFO3C,0.48538853,"Freshwater Forested/Shrub Wetland",Digital
727,1210,PFO3C,1.39520944,"Freshwater Forested/Shrub Wetland",Digital
728,1211,PFO3C,1.54775287,"Freshwater Forested/Shrub Wetland",Digital
729,1212,PFO3C,0.21591644,"Freshwater Forested/Shrub Wetland",Digital
730,1213,PFO3C,0.35732691,"Freshwater Forested/Shrub Wetland",Digital
731,1214,PFO3C,0.47521906,"Freshwater Forested/Shrub Wetland",Digital
732,1215,PFO3C,0.0452378,"Freshwater Forested/Shrub Wetland",Digital
733,1216,PFO3C,0.02536628,"Freshwater Forested/Shrub Wetland",Digital
734,1217,PFO3C,3.31913211,"Freshwater Forested/Shrub Wetland",Digital
735,1218,PFO3C,1.58326776,"Freshwater Forested/Shrub Wetland",Digital
736,1219,PFO3C,3.24114769,"Freshwater Forested/Shrub Wetland",Digital
737,1220,PFO3C,1.37025829,"Freshwater Forested/Shrub Wetland",Digital
738,1221,PFO3C,0.44026338,"Freshwater Forested/Shrub Wetland",Digital
739,1222,PFO3C,0.2942905,"Freshwater Forested/Shrub Wetland",Digital
740,1223,PFO3C,0.23368498,"Freshwater Forested/Shrub Wetland",Digital
741,1224,PFO3C,0.56487989,"Freshwater Forested/Shrub Wetland",Digital
742,1225,PFO3C,0.3487399,"Freshwater Forested/Shrub Wetland",Digital
743,1226,PFO3C,0.13773115,"Freshwater Forested/Shrub Wetland",Digital
744,1227,PFO3C,4.0998495,"Freshwater Forested/Shrub Wetland",Digital
745,1228,PFO3C,0.47252906,"Freshwater Forested/Shrub Wetland",Digital
746,1229,PFO3C,14.98084736,"Freshwater Forested/Shrub Wetland",Digital
747,1230,PFO3C,1.03967814,"Freshwater Forested/Shrub Wetland",Digital
748,1231,PFO3C,1.27396074,"Freshwater Forested/Shrub Wetland",Digital
749,1232,PFO3C,0.76728984,"Freshwater Forested/Shrub Wetland",Digital
750,1233,PFO3C,0.15506004,"Freshwater Forested/Shrub Wetland",Digital
751,1234,PFO3C,1.03820292,"Freshwater Forested/Shrub Wetland",Digital
752,1235,PFO3C,1.17951929,"Freshwater Forested/Shrub Wetland",Digital
753,1236,PFO3C,0.75736619,"Freshwater Forested/Shrub Wetland",Digital
754,1237,PFO3C,3.52398366,"Freshwater Forested/Shrub Wetland",Digital
755,1238,PFO3C,0.48614797,"Freshwater Forested/Shrub Wetland",Digital
756,1239,PSS3A,0.97214091,"Freshwater Forested/Shrub Wetland",Digital
757,1240,PSS3C,0.50378218,"Freshwater Forested/Shrub Wetland",Digital
758,1241,PSS3C,0.05409696,"Freshwater Forested/Shrub Wetland",Digital
759,1242,PSS3C,0.0227689,"Freshwater Forested/Shrub Wetland",Digital
760,1243,PSS3C,0.36136565,"Freshwater Forested/Shrub Wetland",Digital
761,1244,PSS3C,1.21328902,"Freshwater Forested/Shrub Wetland",Digital
762,1245,PSS3C,0.18048491,"Freshwater Forested/Shrub Wetland",Digital
763,1246,PSS3C,0.32250724,"Freshwater Forested/Shrub Wetland",Digital
764,1247,PSS3Cx,0.20635514,"Freshwater Forested/Shrub Wetland",Digital
765,1248,PUBH,0.09382934,"Freshwater Pond",Digital
766,1249,PUBH,0.05762814,"Freshwater Pond",Digital
767,1250,PUBH,0.05905656,"Freshwater Pond",Digital
768,1251,PUBHh,0.46466298,"Freshwater Pond",Digital
769,1252,PUBHh,23.05230283,"Freshwater Pond",Digital
770,1253,R3USC,0.0136236,"Riverine",Digital
771,1254,R4SBC,0.05217422,"Riverine",Digital
772,1255,R4SBC,0.25275552,"Riverine",Digital
773,1256,R4SBC,0.12264657,"Riverine",Digital
774,1257,R4SBC,0.31727053,"Riverine",Digital
775,1258,R4SBC,0.20726146,"Riverine",Digital
776,1259,R4SBC,3.14333906,"Riverine",Digital
777,1260,R4SBC,22.45682767,"Riverine",Digital
778,1261,R4SBC,0.43603406,"Riverine",Digital
779,1262,R4SBC,17.64520149,"Riverine",Digital
780,1263,R4SBC,0.16261906,"Riverine",Digital
781,1264,R4SBC,0.11902867,"Riverine",Digital
782,1265,R4SBC,0.59924853,"Riverine",Digital
783,1266,R4SBC,0.17740107,"Riverine",Digital
784,1267,R4SBC,1.34092616,"Riverine",Digital
785,1268,R4SBC,0.71442563,"Riverine",Digital
786,1269,R4SBC,0.09456129,"Riverine",Digital
787,1270,R4SBC,0.18411308,"Riverine",Digital
788,1271,R4SBC,0.16285758,"Riverine",Digital
789,1272,R4SBC,0.12253226,"Riverine",Digital
790,1273,R4SBC,0.21056144,"Riverine",Digital
791,1274,R4SBC,0.69200832,"Riverine",Digital
792,1275,R4SBC,0.15173855,"Riverine",Digital
793,1276,R4SBC,0.09038779,"Riverine",Digital
794,1277,R4SBC,0.81184693,"Riverine",Digital
795,1278,R4SBC,0.235922,"Riverine",Digital
796,1279,R4SBC,0.21688035,"Riverine",Digital
797,1280,R4SBC,0.06870693,"Riverine",Digital
798,1281,R4SBC,0.38419443,"Riverine",Digital
799,1282,R4SBC,0.15268081,"Riverine",Digital
800,1283,R4SBC,0.15083572,"Riverine",Digital
801,1284,R4SBC,1.04473323,"Riverine",Digital
802,1285,R4SBC,0.12939662,"Riverine",Digital
803,1286,R4SBCx,0.2422632,"Riverine",Digital
804,1287,R4SBCx,0.1634771,"Riverine",Digital
805,1288,R5UBFx,0.2962783,"Riverine",Digital
806,1289,R5UBFx,1.03630208,"Riverine",Digital
807,1290,R5UBFx,3.42531061,"Riverine",Digital
808,1291,R5UBFx,0.10927439,"Riverine",Digital
809,1292,R5UBFx,0.17816862,"Riverine",Digital
810,1293,R5UBFx,0.24718683,"Riverine",Digital
811,1294,R5UBFx,0.65357915,"Riverine",Digital
812,1295,R5UBFx,2.77907668,"Riverine",Digital
813,1296,R5UBFx,0.9308045,"Riverine",Digital
814,1297,R5UBFx,0.63665209,"Riverine",Digital
815,1298,R5UBFx,0.08696258,"Riverine",Digital
816,1299,R5UBFx,2.67176101,"Riverine",Digital
817,1300,R5UBFx,0.24285242,"Riverine",Digital
818,1301,R5UBFx,0.17567425,"Riverine",Digital
819,1302,R5UBFx,0.49501578,"Riverine",Digital
820,1303,R5UBFx,1.83884921,"Riverine",Digital
821,1304,R5UBFx,0.06217861,"Riverine",Digital
822,1305,R5UBFx,1.71953923,"Riverine",Digital
823,1306,R5UBFx,1.12348297,"Riverine",Digital
824,1307,R5UBFx,0.50821449,"Riverine",Digital
825,1308,R5UBFx,0.50649756,"Riverine",Digital
826,1309,R5UBFx,0.77540896,"Riverine",Digital
827,1310,R5UBFx,0.15505117,"Riverine",Digital
828,1311,R5UBFx,0.14540707,"Riverine",Digital
829,1312,R5UBFx,0.07098657,"Riverine",Digital
830,1313,R5UBH,0.15883147,"Riverine",Digital
831,1314,R5UBH,0.09365837,"Riverine",Digital
832,1315,R5UBH,0.21892492,"Riverine",Digital
833,1316,R5UBH,1.40298183,"Riverine",Digital
834,1317,R5UBH,0.22704374,"Riverine",Digital
835,1318,R5UBH,1.08683796,"Riverine",Digital
836,1319,R5UBH,0.7076049,"Riverine",Digital
837,1320,R5UBH,1.84916194,"Riverine",Digital
838,1321,R5UBH,0.50168221,"Riverine",Digital
839,1322,R5UBH,1.33230909,"Riverine",Digital
840,1323,R5UBH,2.38882001,"Riverine",Digital
841,1324,R5UBH,0.00882981,"Riverine",Digital
842,1325,R5UBH,0.0343058,"Riverine",Digital
843,1326,R5UBH,0.01015778,"Riverine",Digital
844,1327,R5UBH,0.38796843,"Riverine",Digital
845,1328,R5UBH,0.11809646,"Riverine",Digital
846,1329,R5UBH,0.4306474,"Riverine",Digital
847,1330,R2UBH,0.27864775,"Riverine",Digital
848,1331,R2UBHx,1.49477278,"Riverine",Digital
849,1332,R2UBHx,0.36807009,"Riverine",Digital
850,1333,R3UBH,6.2304012,"Riverine",Digital
851,1334,R3UBH,43.0320024,"Riverine",Digital
852,1335,R3UBH,28.40680859,"Riverine",Digital
853,1336,R3UBH,10.77713783,"Riverine",Digital
854,1337,R3UBH,0.19510629,"Riverine",Digital
855,1338,R3UBH,6.24761624,"Riverine",Digital
856,1339,R3UBH,0.24078978,"Riverine",Digital
857,1340,R3UBH,0.24736453,"Riverine",Digital
858,1341,R3UBH,51.38372418,"Riverine",Digital
859,1342,R3UBH,97.42232306,"Riverine",Digital
860,1343,R3UBH,113.54433465,"Riverine",Digital
861,1344,R3UBH,2.23818546,"Riverine",Digital
862,1345,R3UBH,5.88702619,"Riverine",Digital
863,1346,R3UBH,3.38234442,"Riverine",Digital
864,1347,R3UBH,22.39849938,"Riverine",Digital
865,1348,R3UBH,13.88962582,"Riverine",Digital
866,1665,E1UBL,0.36291418,"Estuarine and Marine Deepwater",Digital
867,1666,E1UBL,2.5942878,"Estuarine and Marine Deepwater",Digital
868,1667,E2EM1N,0.1006116,"Estuarine and Marine Wetland",Digital
869,1668,E2FO3N,0.74074416,"Estuarine and Marine Wetland",Digital
870,1669,E2FO3N,0.69848448,"Estuarine and Marine Wetland",Digital
871,1670,E2FO3N,0.95536089,"Estuarine and Marine Wetland",Digital
872,1671,E2FO3N,1.23748855,"Estuarine and Marine Wetland",Digital
873,1672,E2SS3N,0.02941392,"Estuarine and Marine Wetland",Digital
874,1673,E2SS3N,0.05064893,"Estuarine and Marine Wetland",Digital
875,1674,E2USN,0.15704265,"Estuarine and Marine Wetland",Digital
876,1675,E2USN,0.72502383,"Estuarine and Marine Wetland",Digital
877,1676,E2USN,0.09357986,"Estuarine and Marine Wetland",Digital
878,1677,L1UBHh,10.3264965,"Lake",Digital
879,1678,L2UBFh,2.80120212,"Lake",Digital
880,1679,M1UBL,3.78882183,"Estuarine and Marine Deepwater",Digital
881,1680,M2RSN,0.02095391,"Estuarine and Marine Wetland",Digital
882,1681,M2RSN,0.06552076,"Estuarine and Marine Wetland",Digital
883,1682,M2RSN,0.41499136,"Estuarine and Marine Wetland",Digital
884,1683,M2RSN,0.21167701,"Estuarine and Marine Wetland",Digital
885,1684,M2USN,2.33589918,"Estuarine and Marine Wetland",Digital
886,1685,M2USN,0.8980091,"Estuarine and Marine Wetland",Digital
887,1686,M2USN,1.10894596,"Estuarine and Marine Wetland",Digital
888,1687,M2USN,0.05954245,"Estuarine and Marine Wetland",Digital
889,1688,PAB3Hh,0.19110761,"Freshwater Pond",Digital
890,1689,PABHx,0.15675525,"Freshwater Pond",Digital
891,1690,PABHx,0.04429045,"Freshwater Pond",Digital
892,1691,PEM1/FO3Ch,0.47273031,"Freshwater Emergent Wetland",Digital
893,1692,PEM1A,0.57697928,"Freshwater Emergent Wetland",Digital
894,1693,PEM1B,0.04032609,"Freshwater Emergent Wetland",Digital
895,1694,PEM1C,0.24429647,"Freshwater Emergent Wetland",Digital
896,1695,PEM1C,1.95702301,"Freshwater Emergent Wetland",Digital
897,1696,PEM1C,0.06431721,"Freshwater Emergent Wetland",Digital
898,1697,PEM1C,0.94355754,"Freshwater Emergent Wetland",Digital
899,1698,PEM1C,1.0811892,"Freshwater Emergent Wetland",Digital
900,1699,PEM1C,0.37396709,"Freshwater Emergent Wetland",Digital
901,1700,PEM1Ch,0.22081537,"Freshwater Emergent Wetland",Digital
902,1701,PEM1Ch,0.82863182,"Freshwater Emergent Wetland",Digital
903,1702,PEM1Ch,0.20400894,"Freshwater Emergent Wetland",Digital
904,1703,PEM1Ch,5.55737524,"Freshwater Emergent Wetland",Digital
905,1704,PEM1Ch,13.02426222,"Freshwater Emergent Wetland",Digital
906,1705,PEM1Fh,0.09152603,"Freshwater Emergent Wetland",Digital
907,1706,PEM1Fh,0.05112576,"Freshwater Emergent Wetland",Digital
908,1707,PEM1Fh,0.14616932,"Freshwater Emergent Wetland",Digital
909,1708,PEM1Fh,0.45498481,"Freshwater Emergent Wetland",Digital
910,1709,PEM1F,0.19298996,"Freshwater Emergent Wetland",Digital
911,1710,PFO3A,1.94116082,"Freshwater Forested/Shrub Wetland",Digital
912,1711,PFO3Ah,34.72386166,"Freshwater Forested/Shrub Wetland",Digital
913,1712,PFO3C,4.95878996,"Freshwater Forested/Shrub Wetland",Digital
914,1713,PFO3C,0.09050939,"Freshwater Forested/Shrub Wetland",Digital
915,1714,PFO3C,3.24159967,"Freshwater Forested/Shrub Wetland",Digital
916,1715,PFO3C,0.44208433,"Freshwater Forested/Shrub Wetland",Digital
917,1716,PFO3C,4.90277405,"Freshwater Forested/Shrub Wetland",Digital
918,1717,PFO3C,9.04392012,"Freshwater Forested/Shrub Wetland",Digital
919,1718,PFO3C,1.65195274,"Freshwater Forested/Shrub Wetland",Digital
920,1719,PFO3C,1.95800065,"Freshwater Forested/Shrub Wetland",Digital
921,1720,PFO3C,3.15534591,"Freshwater Forested/Shrub Wetland",Digital
922,1721,PFO3C,1.51839628,"Freshwater Forested/Shrub Wetland",Digital
923,1722,PFO3C,24.06801806,"Freshwater Forested/Shrub Wetland",Digital
924,1723,PFO3C,0.22287147,"Freshwater Forested/Shrub Wetland",Digital
925,1724,PFO3C,5.56186792,"Freshwater Forested/Shrub Wetland",Digital
926,1725,PFO3C,1.3226232,"Freshwater Forested/Shrub Wetland",Digital
927,1726,PFO3C,10.91314388,"Freshwater Forested/Shrub Wetland",Digital
928,1727,PFO3C,5.93928384,"Freshwater Forested/Shrub Wetland",Digital
929,1728,PFO3C,1.96186686,"Freshwater Forested/Shrub Wetland",Digital
930,1729,PFO3C,2.35246053,"Freshwater Forested/Shrub Wetland",Digital
931,1730,PFO3C,4.42797204,"Freshwater Forested/Shrub Wetland",Digital
932,1731,PFO3C,1.94796188,"Freshwater Forested/Shrub Wetland",Digital
933,1732,PFO3C,3.6244167,"Freshwater Forested/Shrub Wetland",Digital
934,1733,PFO3C,3.8269621,"Freshwater Forested/Shrub Wetland",Digital
935,1734,PFO3Ch,0.81095553,"Freshwater Forested/Shrub Wetland",Digital
936,1735,PFO3Ch,0.60435398,"Freshwater Forested/Shrub Wetland",Digital
937,1736,PFO3Ch,0.26194119,"Freshwater Forested/Shrub Wetland",Digital
938,1737,PFO3Ch,4.16266116,"Freshwater Forested/Shrub Wetland",Digital
939,1738,PFO3Ch,0.3106823,"Freshwater Forested/Shrub Wetland",Digital
940,1739,PFO3Ch,0.15057929,"Freshwater Forested/Shrub Wetland",Digital
941,1740,PFO3Ch,1.08500354,"Freshwater Forested/Shrub Wetland",Digital
942,1741,PFO3Ch,0.07702652,"Freshwater Forested/Shrub Wetland",Digital
943,1742,PFO3Ch,0.11643253,"Freshwater Forested/Shrub Wetland",Digital
944,1743,PFO3Cx,0.07109158,"Freshwater Forested/Shrub Wetland",Digital
945,1744,PSS1C,2.74260244,"Freshwater Forested/Shrub Wetland",Digital
946,1745,PSS1Ch,0.18589252,"Freshwater Forested/Shrub Wetland",Digital
947,1746,PEM1F,12.63930931,"Freshwater Forested/Shrub Wetland",Digital
948,1747,PSS3C,0.24881597,"Freshwater Forested/Shrub Wetland",Digital
949,1748,PSS3C,0.43359721,"Freshwater Forested/Shrub Wetland",Digital
950,1749,PSS3C,0.28148535,"Freshwater Forested/Shrub Wetland",Digital
951,1750,PSS3C,0.12172107,"Freshwater Forested/Shrub Wetland",Digital
952,1751,PSS3C,0.08638393,"Freshwater Forested/Shrub Wetland",Digital
953,1752,PSS3Cx,0.06337139,"Freshwater Forested/Shrub Wetland",Digital
954,1753,PSS3R,0.30808117,"Freshwater Forested/Shrub Wetland",Digital
955,1754,PSS3R,0.94393768,"Freshwater Forested/Shrub Wetland",Digital
956,1755,PSS3R,0.39132264,"Freshwater Forested/Shrub Wetland",Digital
957,1756,PSSCh,1.18419837,"Freshwater Forested/Shrub Wetland",Digital
958,1757,PUBH,0.07216762,"Freshwater Pond",Digital
959,1758,PUBH,0.10392446,"Freshwater Pond",Digital
960,1759,PUBH,0.86484679,"Freshwater Pond",Digital
961,1760,PUBHh,0.010974,"Freshwater Pond",Digital
962,1761,PUBHh,0.77522824,"Freshwater Pond",Digital
963,1762,PUBHh,0.22853145,"Freshwater Pond",Digital
964,1763,PUBHh,2.81962519,"Freshwater Pond",Digital
965,1764,PUBHh,1.34374965,"Freshwater Pond",Digital
966,1765,PUBHx,1.64039316,"Freshwater Pond",Digital
967,1766,PUBHx,0.01711365,"Freshwater Pond",Digital
968,1767,PUBHx,0.74006393,"Freshwater Pond",Digital
969,1768,PUBHx,0.21003392,"Freshwater Pond",Digital
970,1769,PUBHx,0.53491978,"Freshwater Pond",Digital
971,1770,PUBHx,0.06228465,"Freshwater Pond",Digital
972,1771,PUSAh,0.0925512,"Freshwater Pond",Digital
973,1772,PUSCh,0.4391066,"Freshwater Pond",Digital
974,1773,R1UBV,0.64228856,"Riverine",Digital
975,1774,R2USC,0.08341945,"Riverine",Digital
976,1775,R2USCx,0.39694271,"Riverine",Digital
977,1776,R4SBC,0.41840509,"Riverine",Digital
978,1777,R4SBC,0.40526379,"Riverine",Digital
979,1778,R4SBC,0.09364261,"Riverine",Digital
980,1779,R4SBC,0.29726971,"Riverine",Digital
981,1780,R4SBC,0.58912503,"Riverine",Digital
982,1781,R4SBC,0.77209449,"Riverine",Digital
983,1782,R4SBC,0.21874868,"Riverine",Digital
984,1783,R4SBC,0.15187167,"Riverine",Digital
985,1784,R4SBC,0.55996567,"Riverine",Digital
986,1785,R4SBC,0.17975074,"Riverine",Digital
987,1786,R4SBC,0.15639793,"Riverine",Digital
988,1787,R4SBC,0.48095016,"Riverine",Digital
989,1788,R4SBC,0.3223606,"Riverine",Digital
990,1789,R4SBC,0.48067103,"Riverine",Digital
991,1790,R4SBC,0.28961728,"Riverine",Digital
992,1791,R4SBC,3.21302914,"Riverine",Digital
993,1792,R4SBC,0.60366848,"Riverine",Digital
994,1793,R4SBC,1.34622048,"Riverine",Digital
995,1794,R4SBCx,1.93855365,"Riverine",Digital
996,1795,R4SBCx,2.47641853,"Riverine",Digital
997,1796,R4SBCx,0.24732054,"Riverine",Digital
998,1797,R4SBCx,2.54666054,"Riverine",Digital
999,1798,R4SBCx,0.04079254,"Riverine",Digital
1000,1799,R4SBCx,3.18391964,"Riverine",Digital
1001,1800,R4SBCx,0.23481686,"Riverine",Digital
1002,1801,R4SBCx,0.31808254,"Riverine",Digital
1003,1802,R4SBCx,0.43768906,"Riverine",Digital
1004,1803,R5UBFx,0.10721951,"Riverine",Digital
1005,1804,R5UBFx,0.0458512,"Riverine",Digital
1006,1805,R5UBFx,0.14105047,"Riverine",Digital
1007,1806,R5UBFx,0.25540449,"Riverine",Digital
1008,1807,R5UBFx,0.51152579,"Riverine",Digital
1009,1808,R5UBFx,1.10632232,"Riverine",Digital
1010,1809,R5UBH,0.29991132,"Riverine",Digital
1011,1810,R5UBH,0.23326435,"Riverine",Digital
1012,1811,R5UBH,0.66773859,"Riverine",Digital
1013,1812,R5UBH,0.16417945,"Riverine",Digital
1014,1813,R5UBH,0.34001186,"Riverine",Digital
1015,1814,R5UBH,2.07973836,"Riverine",Digital
1016,1815,R5UBH,0.67261163,"Riverine",Digital
1017,1816,R5UBH,0.01700194,"Riverine",Digital
1018,1817,R5UBH,0.02937217,"Riverine",Digital
1019,1818,R5UBH,0.1726146,"Riverine",Digital
1020,1819,R5UBH,0.19840218,"Riverine",Digital
1021,1820,R5UBH,1.95516148,"Riverine",Digital
1022,1821,R5UBH,0.28207248,"Riverine",Digital
1023,1822,R5UBH,0.0256131,"Riverine",Digital
1024,1823,R5UBH,0.162607,"Riverine",Digital
1025,1824,R5UBH,0.67112368,"Riverine",Digital
1026,1825,R5UBH,0.65736106,"Riverine",Digital
1027,1826,R5UBH,0.38545803,"Riverine",Digital
1028,1827,R2UBH,1.37148088,"Riverine",Digital
1029,1828,R2UBH,0.52104638,"Riverine",Digital
1030,1829,R2UBHx,0.70273182,"Riverine",Digital
1031,1830,R2UBHx,0.10412424,"Riverine",Digital
1032,1831,R2UBHx,0.03256486,"Riverine",Digital
1033,1832,R2UBHx,1.11951622,"Riverine",Digital
1034,1833,R2UBHx,1.20116098,"Riverine",Digital
1035,1834,R2UBHx,2.51804239,"Riverine",Digital
1036,1835,R3UBH,0.84691944,"Riverine",Digital
1037,1836,R3UBHx,4.7549062,"Riverine",Digital
1038,1860,E1UBL,0.05019458,"Estuarine and Marine Deepwater",Digital
1039,1861,E1UBL,0.15467438,"Estuarine and Marine Deepwater",Digital
1040,1862,E1UBL,0.35130297,"Estuarine and Marine Deepwater",Digital
1041,1863,E2EM1N,0.43211907,"Estuarine and Marine Wetland",Digital
1042,1864,E2EM1N,0.08582745,"Estuarine and Marine Wetland",Digital
1043,1865,E2EM1N,0.42697942,"Estuarine and Marine Wetland",Digital
1044,1866,L1UBHx,7.53959268,"Lake",Digital
1045,1867,M2RS/ABN,0.04133099,"Estuarine and Marine Wetland",Digital
1046,1868,M2RSN,0.65560798,"Estuarine and Marine Wetland",Digital
1047,1869,M2RSN,0.44967704,"Estuarine and Marine Wetland",Digital
1048,1870,M2RSN,1.2129375,"Estuarine and Marine Wetland",Digital
1049,1871,M2RSN,6.69007596,"Estuarine and Marine Wetland",Digital
1050,1872,M2RSN,0.21350192,"Estuarine and Marine Wetland",Digital
1051,1873,M2RSN,0.0965439,"Estuarine and Marine Wetland",Digital
1052,1874,M2RSN,0.31192987,"Estuarine and Marine Wetland",Digital
1053,1875,M2RSN,0.301791,"Estuarine and Marine Wetland",Digital
1054,1876,M2RSN,0.28954641,"Estuarine and Marine Wetland",Digital
1055,1877,M2RSN,0.3416104,"Estuarine and Marine Wetland",Digital
1056,1878,M2RSN,0.29361162,"Estuarine and Marine Wetland",Digital
1057,1879,M2RSN,0.22859286,"Estuarine and Marine Wetland",Digital
1058,1880,M2RSN,0.24508962,"Estuarine and Marine Wetland",Digital
1059,1881,M2RSN,0.19280541,"Estuarine and Marine Wetland",Digital
1060,1882,M2RSN,0.56726908,"Estuarine and Marine Wetland",Digital
1061,1883,M2USN,0.69528213,"Estuarine and Marine Wetland",Digital
1062,1884,M2USN,1.97650941,"Estuarine and Marine Wetland",Digital
1063,1885,M2USN,36.37859045,"Estuarine and Marine Wetland",Digital
1064,1886,M2USN,26.90612156,"Estuarine and Marine Wetland",Digital
1065,1887,M2USP,0.59423272,"Estuarine and Marine Wetland",Digital
1066,1888,M2USP,0.03762544,"Estuarine and Marine Wetland",Digital
1067,1889,PEM1A,13.6040971,"Freshwater Emergent Wetland",Digital
1068,1890,PEM1Ah,1.07075281,"Freshwater Emergent Wetland",Digital
1069,1891,PEM1Ah,2.02298783,"Freshwater Emergent Wetland",Digital
1070,1892,PEM1B,0.41230037,"Freshwater Emergent Wetland",Digital
1071,1893,PEM1Ch,1.80664861,"Freshwater Emergent Wetland",Digital
1072,1894,PEM1Cx,0.11176431,"Freshwater Emergent Wetland",Digital
1073,1895,PEM1Cx,0.42764879,"Freshwater Emergent Wetland",Digital
1074,1896,PEM1Cx,0.700081,"Freshwater Emergent Wetland",Digital
1075,1897,PEM1Fh,6.96908326,"Freshwater Emergent Wetland",Digital
1076,1898,PFO3A,2.12173785,"Freshwater Forested/Shrub Wetland",Digital
1077,1899,PFO3A,1.01854884,"Freshwater Forested/Shrub Wetland",Digital
1078,1900,PFO3A,1.82388851,"Freshwater Forested/Shrub Wetland",Digital
1079,1901,PFO3A,4.72333382,"Freshwater Forested/Shrub Wetland",Digital
1080,1902,PFO3A,1.68445426,"Freshwater Forested/Shrub Wetland",Digital
1081,1903,PFO3A,2.78045588,"Freshwater Forested/Shrub Wetland",Digital
1082,1904,PFO3B,56.27231395,"Freshwater Forested/Shrub Wetland",Digital
1083,1905,PFO3B,8.14207302,"Freshwater Forested/Shrub Wetland",Digital
1084,1906,PFO3C,0.42211789,"Freshwater Forested/Shrub Wetland",Digital
1085,1907,PFO3C,1.41634945,"Freshwater Forested/Shrub Wetland",Digital
1086,1908,PFO3C,0.54455704,"Freshwater Forested/Shrub Wetland",Digital
1087,1909,PFO3C,0.92817146,"Freshwater Forested/Shrub Wetland",Digital
1088,1910,PFO3C,0.59781973,"Freshwater Forested/Shrub Wetland",Digital
1089,1911,PFO3C,8.77016978,"Freshwater Forested/Shrub Wetland",Digital
1090,1912,PFO3C,1.80262176,"Freshwater Forested/Shrub Wetland",Digital
1091,1913,PFO3C,6.28325414,"Freshwater Forested/Shrub Wetland",Digital
1092,1914,PFO3C,20.40670519,"Freshwater Forested/Shrub Wetland",Digital
1093,1915,PFO3C,0.698458,"Freshwater Forested/Shrub Wetland",Digital
1094,1916,PFO3C,5.14277778,"Freshwater Forested/Shrub Wetland",Digital
1095,1917,PFO3C,8.23194464,"Freshwater Forested/Shrub Wetland",Digital
1096,1918,PFO3C,4.69271468,"Freshwater Forested/Shrub Wetland",Digital
1097,1919,PFO3C,8.84233647,"Freshwater Forested/Shrub Wetland",Digital
1098,1920,PFO3C,5.7029709,"Freshwater Forested/Shrub Wetland",Digital
1099,1921,PFO3C,8.60431113,"Freshwater Forested/Shrub Wetland",Digital
1100,1922,PFO3C,2.9729336,"Freshwater Forested/Shrub Wetland",Digital
1101,1923,PFO3C,5.63204568,"Freshwater Forested/Shrub Wetland",Digital
1102,1924,PFO3C,4.35594292,"Freshwater Forested/Shrub Wetland",Digital
1103,1925,PSS1Cx,0.21313912,"Freshwater Forested/Shrub Wetland",Digital
1104,1926,PSS3A,4.64202065,"Freshwater Forested/Shrub Wetland",Digital
1105,1927,PSS3A,0.27589604,"Freshwater Forested/Shrub Wetland",Digital
1106,1928,PSS3A,0.29658385,"Freshwater Forested/Shrub Wetland",Digital
1107,1929,PSS3C,3.24411543,"Freshwater Forested/Shrub Wetland",Digital
1108,1930,PSS3C,0.93801194,"Freshwater Forested/Shrub Wetland",Digital
1109,1931,PSS3Cx,1.00502387,"Freshwater Forested/Shrub Wetland",Digital
1110,1932,PUBHx,0.13942715,"Freshwater Pond",Digital
1111,1933,PUBHx,0.38086088,"Freshwater Pond",Digital
1112,1934,PUBHx,0.67671821,"Freshwater Pond",Digital
1113,1935,PUBHx,1.23274061,"Freshwater Pond",Digital
1114,1936,PUBHx,0.07176258,"Freshwater Pond",Digital
1115,1937,PUBHx,13.55514751,"Freshwater Pond",Digital
1116,1938,R4SBC,0.49977195,"Riverine",Digital
1117,1939,R4SBC,0.11389589,"Riverine",Digital
1118,1940,R4SBC,0.52585491,"Riverine",Digital
1119,1941,R4SBC,0.42149169,"Riverine",Digital
1120,1942,R4SBC,0.35123303,"Riverine",Digital
1121,1943,R4SBC,0.53213991,"Riverine",Digital
1122,1944,R4SBC,0.15333479,"Riverine",Digital
1123,1945,R4SBC,0.21659265,"Riverine",Digital
1124,1946,R4SBC,0.14447249,"Riverine",Digital
1125,1947,R4SBC,0.24138371,"Riverine",Digital
1126,1948,R4SBC,0.86680853,"Riverine",Digital
1127,1949,R4SBCx,2.16940793,"Riverine",Digital
1128,1950,R4SBCx,1.16741588,"Riverine",Digital
1129,1951,R4SBCx,6.53845827,"Riverine",Digital
1130,1952,R5UBFx,0.38797673,"Riverine",Digital
1131,1953,R5UBFx,0.49132776,"Riverine",Digital
1132,1954,R5UBFx,0.01161004,"Riverine",Digital
1133,1955,R5UBFx,0.36070148,"Riverine",Digital
1134,1956,R5UBFx,0.18347943,"Riverine",Digital
1135,1957,R5UBFx,0.90111389,"Riverine",Digital
1136,1958,R5UBFx,0.02802507,"Riverine",Digital
1137,1959,R5UBFx,1.05468258,"Riverine",Digital
1138,1960,R5UBFx,0.27760012,"Riverine",Digital
1139,1961,R5UBFx,0.48133836,"Riverine",Digital
1140,1962,R5UBFx,0.2667764,"Riverine",Digital
1141,1963,R5UBFx,1.25489708,"Riverine",Digital
1142,1964,R5UBFx,0.10033757,"Riverine",Digital
1143,1965,R5UBFx,5.05020046,"Riverine",Digital
1144,1966,R5UBFx,0.22762295,"Riverine",Digital
1145,1967,R5UBH,0.0928288,"Riverine",Digital
1146,1968,R2UBH,0.85438346,"Riverine",Digital
1147,1969,R2UBHx,3.53934767,"Riverine",Digital
1148,1970,R2UBHx,5.52317371,"Riverine",Digital
1149,1971,R4SBA,0.3423639,"Riverine",Digital
1150,1972,R4SBA,1.68143179,"Riverine",Digital
1151,1973,R4SBA,2.03886831,"Riverine",Digital
1152,1974,R4SBA,1.66704657,"Riverine",Digital
1153,2008,E1UBL,50.40699313,"Estuarine and Marine Deepwater",Digital
1154,2009,E1UBL,61.10645255,"Estuarine and Marine Deepwater",Digital
1155,2010,E1UBL,0.46291962,"Estuarine and Marine Deepwater",Digital
1156,2011,E1UBL,9.15937515,"Estuarine and Marine Deepwater",Digital
1157,2012,E1UBL,0.07676377,"Estuarine and Marine Deepwater",Digital
1158,2013,E1UBL,0.06062455,"Estuarine and Marine Deepwater",Digital
1159,2014,E1UBL,4.12943409,"Estuarine and Marine Deepwater",Digital
1160,2015,E1UBL,0.26742698,"Estuarine and Marine Deepwater",Digital
1161,2016,E1UBL,0.05482575,"Estuarine and Marine Deepwater",Digital
1162,2017,E1UBL,3.09080241,"Estuarine and Marine Deepwater",Digital
1163,2018,E1UBLx,0.13399216,"Estuarine and Marine Deepwater",Digital
1164,2019,E2EM1N,0.32562908,"Estuarine and Marine Wetland",Digital
1165,2020,E2EM1N,0.04069367,"Estuarine and Marine Wetland",Digital
1166,2021,E2EM1N,0.87627755,"Estuarine and Marine Wetland",Digital
1167,2022,E2EM1N,0.05854883,"Estuarine and Marine Wetland",Digital
1168,2023,E2EM1P,2.25027203,"Estuarine and Marine Wetland",Digital
1169,2024,E2EM1P,0.28109727,"Estuarine and Marine Wetland",Digital
1170,2025,E2FO3N,0.16207905,"Estuarine and Marine Wetland",Digital
1171,2026,E2FO3N,2.93438273,"Estuarine and Marine Wetland",Digital
1172,2027,E2FO3N,1.83402544,"Estuarine and Marine Wetland",Digital
1173,2028,E2FO3N,19.09300562,"Estuarine and Marine Wetland",Digital
1174,2029,E2FO3N,0.41808905,"Estuarine and Marine Wetland",Digital
1175,2030,E2FO3N,0.84729296,"Estuarine and Marine Wetland",Digital
1176,2031,E2FO3N,3.5299204,"Estuarine and Marine Wetland",Digital
1177,2032,E2FO3N,0.94916633,"Estuarine and Marine Wetland",Digital
1178,2033,E2FO3N,2.49436217,"Estuarine and Marine Wetland",Digital
1179,2034,E2FO3N,0.37777136,"Estuarine and Marine Wetland",Digital
1180,2035,E2FO3N,0.16763561,"Estuarine and Marine Wetland",Digital
1181,2036,E2FO3N,0.41089438,"Estuarine and Marine Wetland",Digital
1182,2037,E2FO3N,1.51863544,"Estuarine and Marine Wetland",Digital
1183,2038,E2FO3N,0.5173892,"Estuarine and Marine Wetland",Digital
1184,2039,E2FO3N,0.19683038,"Estuarine and Marine Wetland",Digital
1185,2040,E2FO3N,0.20091806,"Estuarine and Marine Wetland",Digital
1186,2041,E2FO3P,4.08651666,"Estuarine and Marine Wetland",Digital
1187,2042,E2SS3/EM1P,2.31205945,"Estuarine and Marine Wetland",Digital
1188,2043,E2SS3N,1.04836654,"Estuarine and Marine Wetland",Digital
1189,2044,E2SS3N,0.00961641,"Estuarine and Marine Wetland",Digital
1190,2045,E2SS3N,0.1096495,"Estuarine and Marine Wetland",Digital
1191,2046,E2SS3N,0.87661477,"Estuarine and Marine Wetland",Digital
1192,2047,E2USN,0.03729906,"Estuarine and Marine Wetland",Digital
1193,2048,E2USN,0.34899221,"Estuarine and Marine Wetland",Digital
1194,2049,E2USN,0.03351543,"Estuarine and Marine Wetland",Digital
1195,2050,E2USN,0.11612442,"Estuarine and Marine Wetland",Digital
1196,2051,E2USP,0.0698539,"Estuarine and Marine Wetland",Digital
1197,2052,M1RF1L,650.54218323,"Estuarine and Marine Deepwater",Digital
1198,2053,M1RF1L,5.68016859,"Estuarine and Marine Deepwater",Digital
1199,2054,M1RF1L,1.41861551,"Estuarine and Marine Deepwater",Digital
1200,2055,M1RF1L,225.22043578,"Estuarine and Marine Deepwater",Digital
1201,2056,M1UBL,3.22041735,"Estuarine and Marine Deepwater",Digital
1202,2057,M2RSN,0.57667108,"Estuarine and Marine Wetland",Digital
1203,2058,M2RSN,0.4346926,"Estuarine and Marine Wetland",Digital
1204,2059,M2RSN,0.30678512,"Estuarine and Marine Wetland",Digital
1205,2060,M2RSN,0.35143791,"Estuarine and Marine Wetland",Digital
1206,2061,M2RSN,0.6712866,"Estuarine and Marine Wetland",Digital
1207,2062,M2RSP,0.16368026,"Estuarine and Marine Wetland",Digital
1208,2063,M2RSPs,0.04575785,"Estuarine and Marine Wetland",Digital
1209,2064,M2RSPs,0.38563497,"Estuarine and Marine Wetland",Digital
1210,2065,M2USN,0.0940254,"Estuarine and Marine Wetland",Digital
1211,2066,M2USN,0.15092193,"Estuarine and Marine Wetland",Digital
1212,2067,M2USN,0.38533565,"Estuarine and Marine Wetland",Digital
1213,2068,M2USN,0.56993602,"Estuarine and Marine Wetland",Digital
1214,2069,M2USN,0.79616453,"Estuarine and Marine Wetland",Digital
1215,2070,M2USN,0.66215826,"Estuarine and Marine Wetland",Digital
1216,2071,M2USN,0.41396117,"Estuarine and Marine Wetland",Digital
1217,2072,M2USN,0.32129274,"Estuarine and Marine Wetland",Digital
1218,2073,M2USN,0.02776058,"Estuarine and Marine Wetland",Digital
1219,2074,M2USN,1.94839564,"Estuarine and Marine Wetland",Digital
1220,2075,M2USN,3.36321666,"Estuarine and Marine Wetland",Digital
1221,2076,M2USN,0.21386955,"Estuarine and Marine Wetland",Digital
1222,2077,M2USN,0.13301374,"Estuarine and Marine Wetland",Digital
1223,2078,M2USN,2.53790636,"Estuarine and Marine Wetland",Digital
1224,2079,M2USN,1.06075272,"Estuarine and Marine Wetland",Digital
1225,2080,M2USN,0.35520823,"Estuarine and Marine Wetland",Digital
1226,2081,M2USN,1.16962774,"Estuarine and Marine Wetland",Digital
1227,2082,M2USN,2.16499261,"Estuarine and Marine Wetland",Digital
1228,2083,M2USN,19.53476997,"Estuarine and Marine Wetland",Digital
1229,2084,M2USP,0.09700541,"Estuarine and Marine Wetland",Digital
1230,2085,M2USP,0.77873656,"Estuarine and Marine Wetland",Digital
1231,2086,M2USP,0.11474488,"Estuarine and Marine Wetland",Digital
1232,2087,M2USP,1.27767732,"Estuarine and Marine Wetland",Digital
1233,2088,M2USP,0.1964608,"Estuarine and Marine Wetland",Digital
1234,2089,M2USP,1.85444878,"Estuarine and Marine Wetland",Digital
1235,2090,M2USP,0.1017259,"Estuarine and Marine Wetland",Digital
1236,2091,M2USP,0.18567801,"Estuarine and Marine Wetland",Digital
1237,2092,PABHh,0.36325924,"Freshwater Pond",Digital
1238,2093,PABHh,0.36571217,"Freshwater Pond",Digital
1239,2094,PABHh,0.37559751,"Freshwater Pond",Digital
1240,2095,PABHh,0.29770141,"Freshwater Pond",Digital
1241,2096,PABHx,0.0951684,"Freshwater Pond",Digital
1242,2097,PEM1/SS3C,0.08291751,"Freshwater Emergent Wetland",Digital
1243,2098,PEM1B,0.74688317,"Freshwater Emergent Wetland",Digital
1244,2099,PEM1C,0.8000736,"Freshwater Emergent Wetland",Digital
1245,2100,PEM1C,0.27938639,"Freshwater Emergent Wetland",Digital
1246,2101,PEM1C,1.36804725,"Freshwater Emergent Wetland",Digital
1247,2102,PEM1C,0.48855317,"Freshwater Emergent Wetland",Digital
1248,2103,PEM1C,0.07455984,"Freshwater Emergent Wetland",Digital
1249,2104,PEM1C,0.01881892,"Freshwater Emergent Wetland",Digital
1250,2105,PEM1C,0.02514274,"Freshwater Emergent Wetland",Digital
1251,2106,PEM1C,0.47719458,"Freshwater Emergent Wetland",Digital
1252,2107,PEM1C,0.05021889,"Freshwater Emergent Wetland",Digital
1253,2108,PEM1C,1.22488737,"Freshwater Emergent Wetland",Digital
1254,2109,PEM1C,3.06675433,"Freshwater Emergent Wetland",Digital
1255,2110,PEM1C,0.444268,"Freshwater Emergent Wetland",Digital
1256,2111,PEM1C,0.32682073,"Freshwater Emergent Wetland",Digital
1257,2112,PEM1C,36.90173362,"Freshwater Emergent Wetland",Digital
1258,2113,PEM1C,29.13004571,"Freshwater Emergent Wetland",Digital
1259,2114,PEM1C,2.4888745,"Freshwater Emergent Wetland",Digital
1260,2115,PEM1C,0.44204899,"Freshwater Emergent Wetland",Digital
1261,2116,PEM1C,0.22518559,"Freshwater Emergent Wetland",Digital
1262,2117,PEM1C,0.12971767,"Freshwater Emergent Wetland",Digital
1263,2118,PEM1C,0.1331695,"Freshwater Emergent Wetland",Digital
1264,2119,PEM1C,7.0223755,"Freshwater Emergent Wetland",Digital
1265,2120,PEM1C,0.15604096,"Freshwater Emergent Wetland",Digital
1266,2121,PEM1C,0.0384534,"Freshwater Emergent Wetland",Digital
1267,2122,PEM1Cd,6.10571351,"Freshwater Emergent Wetland",Digital
1268,2123,PEM1Ch,0.30763786,"Freshwater Emergent Wetland",Digital
1269,2124,PEM1Ch,0.32835515,"Freshwater Emergent Wetland",Digital
1270,2125,PEM1Ch,0.42984149,"Freshwater Emergent Wetland",Digital
1271,2126,PEM1Cx,0.34590971,"Freshwater Emergent Wetland",Digital
1272,2127,PEM1Cx,0.12162874,"Freshwater Emergent Wetland",Digital
1273,2128,PEM1Cx,0.12244745,"Freshwater Emergent Wetland",Digital
1274,2129,PEM1Cx,0.95576746,"Freshwater Emergent Wetland",Digital
1275,2130,PEM1Cx,0.68824416,"Freshwater Emergent Wetland",Digital
1276,2131,PEM1Cx,0.6702845,"Freshwater Emergent Wetland",Digital
1277,2132,PEM1Cx,0.78447443,"Freshwater Emergent Wetland",Digital
1278,2133,PEM1Cx,0.64251831,"Freshwater Emergent Wetland",Digital
1279,2134,PEM1Cx,1.76720003,"Freshwater Emergent Wetland",Digital
1280,2135,PEM1Cx,0.81184862,"Freshwater Emergent Wetland",Digital
1281,2136,PEM1Cx,0.92424826,"Freshwater Emergent Wetland",Digital
1282,2137,PEM1Cx,0.86140936,"Freshwater Emergent Wetland",Digital
1283,2138,PEM1F,2.03275571,"Freshwater Emergent Wetland",Digital
1284,2139,PEM1F,0.14919786,"Freshwater Emergent Wetland",Digital
1285,2140,PEM1Fh,0.72742372,"Freshwater Emergent Wetland",Digital
1286,2141,PEM1Fh,0.76505719,"Freshwater Emergent Wetland",Digital
1287,2142,PEM1Fh,1.9572143,"Freshwater Emergent Wetland",Digital
1288,2143,PEM1Fh,0.04757756,"Freshwater Emergent Wetland",Digital
1289,2144,PEM1Fh,0.10898935,"Freshwater Emergent Wetland",Digital
1290,2145,PEM1Fh,0.16728827,"Freshwater Emergent Wetland",Digital
1291,2146,PEM1Fh,0.15983847,"Freshwater Emergent Wetland",Digital
1292,2147,PEM1Fh,0.06594238,"Freshwater Emergent Wetland",Digital
1293,2148,PEM1Fh,0.09458831,"Freshwater Emergent Wetland",Digital
1294,2149,PEM1Fh,0.13808466,"Freshwater Emergent Wetland",Digital
1295,2150,PEM1Fh,0.18926029,"Freshwater Emergent Wetland",Digital
1296,2151,PEM1Fh,0.64490656,"Freshwater Emergent Wetland",Digital
1297,2152,PEM1Fh,0.12605289,"Freshwater Emergent Wetland",Digital
1298,2153,PEM1Fh,0.12690444,"Freshwater Emergent Wetland",Digital
1299,2154,PEM1Fh,0.53511571,"Freshwater Emergent Wetland",Digital
1300,2155,PEM1Fh,0.56412972,"Freshwater Emergent Wetland",Digital
1301,2156,PEM1Fh,0.49309628,"Freshwater Emergent Wetland",Digital
1302,2157,PEM1Fh,0.32723691,"Freshwater Emergent Wetland",Digital
1303,2158,PEM1Fh,0.49466402,"Freshwater Emergent Wetland",Digital
1304,2159,PEM1Fh,0.5079422,"Freshwater Emergent Wetland",Digital
1305,2160,PEM1Fh,0.03450279,"Freshwater Emergent Wetland",Digital
1306,2161,PEM1Fh,0.12251758,"Freshwater Emergent Wetland",Digital
1307,2162,PEM1Fh,0.07485351,"Freshwater Emergent Wetland",Digital
1308,2163,PEM1Fh,0.25190171,"Freshwater Emergent Wetland",Digital
1309,2164,PEM1Fh,0.21768997,"Freshwater Emergent Wetland",Digital
1310,2165,PEM1Fh,0.07890664,"Freshwater Emergent Wetland",Digital
1311,2166,PEM1Fh,0.12585211,"Freshwater Emergent Wetland",Digital
1312,2167,PEM1Fh,0.34009514,"Freshwater Emergent Wetland",Digital
1313,2168,PEM1Fh,0.66953148,"Freshwater Emergent Wetland",Digital
1314,2169,PEM1Fh,0.71905724,"Freshwater Emergent Wetland",Digital
1315,2170,PEM1Fh,0.63303098,"Freshwater Emergent Wetland",Digital
1316,2171,PEM1Fh,0.6093325,"Freshwater Emergent Wetland",Digital
1317,2172,PEM1Fh,0.64528142,"Freshwater Emergent Wetland",Digital
1318,2173,PEM1Fh,0.79326587,"Freshwater Emergent Wetland",Digital
1319,2174,PEM1Fh,0.26277603,"Freshwater Emergent Wetland",Digital
1320,2175,PEM1Fh,1.40802573,"Freshwater Emergent Wetland",Digital
1321,2176,PEM1Fh,1.36799391,"Freshwater Emergent Wetland",Digital
1322,2177,PEM1Fh,0.96370994,"Freshwater Emergent Wetland",Digital
1323,2178,PEM1Fh,1.04902242,"Freshwater Emergent Wetland",Digital
1324,2179,PEM1Fh,0.93588764,"Freshwater Emergent Wetland",Digital
1325,2180,PEM1Fh,1.52610692,"Freshwater Emergent Wetland",Digital
1326,2181,PEM1Fh,0.49880356,"Freshwater Emergent Wetland",Digital
1327,2182,PFO3A,1.6915164,"Freshwater Forested/Shrub Wetland",Digital
1328,2183,PFO3A,0.13723279,"Freshwater Forested/Shrub Wetland",Digital
1329,2184,PFO3C,15.01962311,"Freshwater Forested/Shrub Wetland",Digital
1330,2185,PFO3C,1.22595233,"Freshwater Forested/Shrub Wetland",Digital
1331,2186,PFO3C,17.68859963,"Freshwater Forested/Shrub Wetland",Digital
1332,2187,PFO3C,0.07908476,"Freshwater Forested/Shrub Wetland",Digital
1333,2188,PFO3C,12.27898483,"Freshwater Forested/Shrub Wetland",Digital
1334,2189,PFO3C,0.23094596,"Freshwater Forested/Shrub Wetland",Digital
1335,2190,PFO3C,1.18079945,"Freshwater Forested/Shrub Wetland",Digital
1336,2191,PFO3C,1.23682326,"Freshwater Forested/Shrub Wetland",Digital
1337,2192,PFO3C,1.32317426,"Freshwater Forested/Shrub Wetland",Digital
1338,2193,PFO3C,2.68672722,"Freshwater Forested/Shrub Wetland",Digital
1339,2194,PFO3C,0.24268332,"Freshwater Forested/Shrub Wetland",Digital
1340,2195,PFO3C,0.08231867,"Freshwater Forested/Shrub Wetland",Digital
1341,2196,PFO3C,0.69031028,"Freshwater Forested/Shrub Wetland",Digital
1342,2197,PFO3C,0.70068602,"Freshwater Forested/Shrub Wetland",Digital
1343,2198,PFO3C,1.06097526,"Freshwater Forested/Shrub Wetland",Digital
1344,2199,PFO3C,11.0866338,"Freshwater Forested/Shrub Wetland",Digital
1345,2200,PFO3C,0.79034804,"Freshwater Forested/Shrub Wetland",Digital
1346,2201,PFO3C,1.03217837,"Freshwater Forested/Shrub Wetland",Digital
1347,2202,PFO3C,3.48919621,"Freshwater Forested/Shrub Wetland",Digital
1348,2203,PFO3C,4.32423659,"Freshwater Forested/Shrub Wetland",Digital
1349,2204,PFO3C,0.49867686,"Freshwater Forested/Shrub Wetland",Digital
1350,2205,PFO3C,15.86408883,"Freshwater Forested/Shrub Wetland",Digital
1351,2206,PFO3C,5.90173091,"Freshwater Forested/Shrub Wetland",Digital
1352,2207,PFO3C,0.88304168,"Freshwater Forested/Shrub Wetland",Digital
1353,2208,PFO3C,0.41012156,"Freshwater Forested/Shrub Wetland",Digital
1354,2209,PFO3C,2.36926248,"Freshwater Forested/Shrub Wetland",Digital
1355,2210,PFO3C,4.78248426,"Freshwater Forested/Shrub Wetland",Digital
1356,2211,PFO3C,2.61478204,"Freshwater Forested/Shrub Wetland",Digital
1357,2212,PFO3C,26.5756293,"Freshwater Forested/Shrub Wetland",Digital
1358,2213,PFO3C,0.26650845,"Freshwater Forested/Shrub Wetland",Digital
1359,2214,PFO3C,1.1043351,"Freshwater Forested/Shrub Wetland",Digital
1360,2215,PFO3C,3.67185471,"Freshwater Forested/Shrub Wetland",Digital
1361,2216,PFO3C,1.28312698,"Freshwater Forested/Shrub Wetland",Digital
1362,2217,PFO3C,0.86160073,"Freshwater Forested/Shrub Wetland",Digital
1363,2218,PFO3C,0.80187077,"Freshwater Forested/Shrub Wetland",Digital
1364,2219,PFO3C,0.41969719,"Freshwater Forested/Shrub Wetland",Digital
1365,2220,PFO3C,0.35163377,"Freshwater Forested/Shrub Wetland",Digital
1366,2221,PFO3C,0.16057175,"Freshwater Forested/Shrub Wetland",Digital
1367,2222,PFO3C,0.73275242,"Freshwater Forested/Shrub Wetland",Digital
1368,2223,PFO3C,1.18076576,"Freshwater Forested/Shrub Wetland",Digital
1369,2224,PFO3C,2.77541115,"Freshwater Forested/Shrub Wetland",Digital
1370,2225,PFO3C,4.2107404,"Freshwater Forested/Shrub Wetland",Digital
1371,2226,PFO3C,0.72783068,"Freshwater Forested/Shrub Wetland",Digital
1372,2227,PSS3/EM1C,0.10140483,"Freshwater Forested/Shrub Wetland",Digital
1373,2228,PSS3C,0.66075364,"Freshwater Forested/Shrub Wetland",Digital
1374,2229,PSS3C,6.21127378,"Freshwater Forested/Shrub Wetland",Digital
1375,2230,PSS3C,4.64265663,"Freshwater Forested/Shrub Wetland",Digital
1376,2231,PSS3C,1.18075856,"Freshwater Forested/Shrub Wetland",Digital
1377,2232,PSS3C,0.95391803,"Freshwater Forested/Shrub Wetland",Digital
1378,2233,PSS3C,2.97368082,"Freshwater Forested/Shrub Wetland",Digital
1379,2234,PSS3C,0.06268667,"Freshwater Forested/Shrub Wetland",Digital
1380,2235,PSS3C,0.71646592,"Freshwater Forested/Shrub Wetland",Digital
1381,2236,PSS3C,2.66436293,"Freshwater Forested/Shrub Wetland",Digital
1382,2237,PSS3C,1.51539489,"Freshwater Forested/Shrub Wetland",Digital
1383,2238,PSS3C,0.86086431,"Freshwater Forested/Shrub Wetland",Digital
1384,2239,PSS3Cx,0.20253674,"Freshwater Forested/Shrub Wetland",Digital
1385,2240,PSS3Cx,0.58747433,"Freshwater Forested/Shrub Wetland",Digital
1386,2241,PSS3Cx,0.34531174,"Freshwater Forested/Shrub Wetland",Digital
1387,2242,PUBF,0.02828677,"Freshwater Pond",Digital
1388,2243,PUBH,0.00715366,"Freshwater Pond",Digital
1389,2244,PUBH,0.07241355,"Freshwater Pond",Digital
1390,2245,PUBHh,0.02678341,"Freshwater Pond",Digital
1391,2246,PUBHx,0.13729654,"Freshwater Pond",Digital
1392,2247,PUBHx,0.02062292,"Freshwater Pond",Digital
1393,2248,PUBHx,0.41527973,"Freshwater Pond",Digital
1394,2249,PUBHx,0.18513529,"Freshwater Pond",Digital
1395,2250,PUBHx,0.06718354,"Freshwater Pond",Digital
1396,2251,PUBHx,0.04159022,"Freshwater Pond",Digital
1397,2252,PUBHx,0.77264143,"Freshwater Pond",Digital
1398,2253,PUBHx,0.04835641,"Freshwater Pond",Digital
1399,2254,PUBHx,0.08490634,"Freshwater Pond",Digital
1400,2255,PUBHx,0.93459077,"Freshwater Pond",Digital
1401,2256,PUBHx,0.02266948,"Freshwater Pond",Digital
1402,2257,PUBHx,0.29379535,"Freshwater Pond",Digital
1403,2258,PUBHx,0.04465777,"Freshwater Pond",Digital
1404,2259,PUBHx,0.11358283,"Freshwater Pond",Digital
1405,2260,PUBK,1.07472371,"Freshwater Pond",Digital
1406,2261,PUBK,0.44811465,"Freshwater Pond",Digital
1407,2262,PUBK,0.46475274,"Freshwater Pond",Digital
1408,2263,PUBK,0.41363558,"Freshwater Pond",Digital
1409,2264,PUBK,1.35747314,"Freshwater Pond",Digital
1410,2265,PUSK,0.44743982,"Freshwater Pond",Digital
1411,2266,PUSK,0.42291992,"Freshwater Pond",Digital
1412,2267,PUSK,0.48763629,"Freshwater Pond",Digital
1413,2268,PUSK,0.45985531,"Freshwater Pond",Digital
1414,2269,R3USC,0.21049411,"Riverine",Digital
1415,2270,R3USC,0.17068647,"Riverine",Digital
1416,2271,R3USC,0.1033181,"Riverine",Digital
1417,2272,R3USC,0.0829354,"Riverine",Digital
1418,2273,R3USC,0.0377856,"Riverine",Digital
1419,2274,R3USC,0.10509246,"Riverine",Digital
1420,2275,R3USC,0.04247473,"Riverine",Digital
1421,2276,R3USC,0.03208735,"Riverine",Digital
1422,2277,R4SBC,0.56750009,"Riverine",Digital
1423,2278,R4SBC,0.28576298,"Riverine",Digital
1424,2279,R4SBC,0.13600532,"Riverine",Digital
1425,2280,R4SBC,0.07471623,"Riverine",Digital
1426,2281,R4SBC,0.20492354,"Riverine",Digital
1427,2282,R4SBC,0.24348422,"Riverine",Digital
1428,2283,R4SBC,0.08778711,"Riverine",Digital
1429,2284,R4SBC,0.1191267,"Riverine",Digital
1430,2285,R4SBC,0.98750674,"Riverine",Digital
1431,2286,R4SBC,0.46209036,"Riverine",Digital
1432,2287,R4SBC,0.33068097,"Riverine",Digital
1433,2288,R4SBCx,0.25890171,"Riverine",Digital
1434,2289,R5UBFx,1.49351287,"Riverine",Digital
1435,2290,R5UBFx,0.41555329,"Riverine",Digital
1436,2291,R5UBFx,0.03874959,"Riverine",Digital
1437,2292,R5UBFx,0.24208779,"Riverine",Digital
1438,2293,R5UBFx,0.06404685,"Riverine",Digital
1439,2294,R5UBFx,0.16471823,"Riverine",Digital
1440,2295,R5UBFx,0.40034644,"Riverine",Digital
1441,2296,R5UBFx,0.17333438,"Riverine",Digital
1442,2297,R5UBFx,0.77504762,"Riverine",Digital
1443,2298,R5UBFx,0.29935459,"Riverine",Digital
1444,2299,R5UBFx,2.34036539,"Riverine",Digital
1445,2300,R5UBFx,2.89529697,"Riverine",Digital
1446,2301,R5UBFx,0.07701798,"Riverine",Digital
1447,2302,R5UBH,0.22969365,"Riverine",Digital
1448,2303,R5UBH,0.22755928,"Riverine",Digital
1449,2304,R5UBH,0.33638759,"Riverine",Digital
1450,2305,R5UBH,0.11671801,"Riverine",Digital
1451,2306,R5UBH,0.12789082,"Riverine",Digital
1452,2307,R5UBH,0.09685428,"Riverine",Digital
1453,2308,R5UBH,0.04240152,"Riverine",Digital
1454,2309,R5UBH,0.17900816,"Riverine",Digital
1455,2310,R5UBH,0.22988498,"Riverine",Digital
1456,2311,R5UBH,0.03888543,"Riverine",Digital
1457,2312,R5UBH,0.5710844,"Riverine",Digital
1458,2313,R5UBH,0.37945411,"Riverine",Digital
1459,2314,R5UBH,0.59087276,"Riverine",Digital
1460,2315,R5UBH,0.38064845,"Riverine",Digital
1461,2316,R5UBH,0.02981615,"Riverine",Digital
1462,2317,R5UBH,0.32138059,"Riverine",Digital
1463,2318,R5UBH,0.02443412,"Riverine",Digital
1464,2319,R2UBH,0.83204591,"Riverine",Digital
1465,2320,R2UBH,2.50102369,"Riverine",Digital
1466,2321,R3UBH,0.52416202,"Riverine",Digital
1467,2322,R3UBH,0.33219912,"Riverine",Digital
1468,2323,R3UBH,12.57994016,"Riverine",Digital
1469,2324,R3UBHx,0.0026861,"Riverine",Digital
1470,2390,E1UBL,0.03867865,"Estuarine and Marine Deepwater",Digital
1471,2391,E1UBL,0.1163043,"Estuarine and Marine Deepwater",Digital
1472,2392,E1UBL,0.40107368,"Estuarine and Marine Deepwater",Digital
1473,2393,E1UBL,4.40926821,"Estuarine and Marine Deepwater",Digital
1474,2394,E1UBL,1.12962843,"Estuarine and Marine Deepwater",Digital
1475,2395,E1UBL,0.5595251,"Estuarine and Marine Deepwater",Digital
1476,2396,E2EM1N,0.02530133,"Estuarine and Marine Wetland",Digital
1477,2397,E2USN,0.09045241,"Estuarine and Marine Wetland",Digital
1478,2398,E2USN,0.09840297,"Estuarine and Marine Wetland",Digital
1479,2399,E2USP,0.07299204,"Estuarine and Marine Wetland",Digital
1480,2400,M1RF1L,166.2180334,"Estuarine and Marine Deepwater",Digital
1481,2401,M1RF1L,2.55883577,"Estuarine and Marine Deepwater",Digital
1482,2402,M1RF1L,162.91923703,"Estuarine and Marine Deepwater",Digital
1483,2403,M1UBL,2.22509718,"Estuarine and Marine Deepwater",Digital
1484,2404,M2ABN,0.15538807,"Estuarine and Marine Wetland",Digital
1485,2405,M2RF1M,2.21382202,"Estuarine and Marine Wetland",Digital
1486,2406,M2RF1N,1.10363578,"Estuarine and Marine Wetland",Digital
1487,2407,M2RF1N,3.34516999,"Estuarine and Marine Wetland",Digital
1488,2408,M2RF1N,3.66904882,"Estuarine and Marine Wetland",Digital
1489,2409,M2RS/ABN,15.37526877,"Estuarine and Marine Wetland",Digital
1490,2410,M2RS/ABN,8.08475385,"Estuarine and Marine Wetland",Digital
1491,2411,M2RS/ABN,0.21546938,"Estuarine and Marine Wetland",Digital
1492,2412,M2RS/ABN,0.35462769,"Estuarine and Marine Wetland",Digital
1493,2413,M2RS/ABN,0.93583709,"Estuarine and Marine Wetland",Digital
1494,2414,M2RSN,0.24450798,"Estuarine and Marine Wetland",Digital
1495,2415,M2RSN,0.01341476,"Estuarine and Marine Wetland",Digital
1496,2416,M2RSN,0.32840955,"Estuarine and Marine Wetland",Digital
1497,2417,M2RSN,0.04757438,"Estuarine and Marine Wetland",Digital
1498,2418,M2RSN,0.09701753,"Estuarine and Marine Wetland",Digital
1499,2419,M2RSN,0.15879145,"Estuarine and Marine Wetland",Digital
1500,2420,M2RSN,3.00234399,"Estuarine and Marine Wetland",Digital
1501,2421,M2RSN,0.15252234,"Estuarine and Marine Wetland",Digital
1502,2422,M2RSN,0.27580047,"Estuarine and Marine Wetland",Digital
1503,2423,M2RSN,1.01051302,"Estuarine and Marine Wetland",Digital
1504,2424,M2RSP,0.63837964,"Estuarine and Marine Wetland",Digital
1505,2425,M2RSP,0.62322462,"Estuarine and Marine Wetland",Digital
1506,2426,M2RSP,2.83600882,"Estuarine and Marine Wetland",Digital
1507,2427,M2RSP,0.27866269,"Estuarine and Marine Wetland",Digital
1508,2428,M2RSP,1.12339705,"Estuarine and Marine Wetland",Digital
1509,2429,M2RSP,0.44162135,"Estuarine and Marine Wetland",Digital
1510,2430,M2RSP,0.32954007,"Estuarine and Marine Wetland",Digital
1511,2431,M2RSP,1.45427855,"Estuarine and Marine Wetland",Digital
1512,2432,M2RSP,1.27236108,"Estuarine and Marine Wetland",Digital
1513,2433,M2RSP,0.43918001,"Estuarine and Marine Wetland",Digital
1514,2434,M2RSP,0.78954973,"Estuarine and Marine Wetland",Digital
1515,2435,M2RSP,0.30218489,"Estuarine and Marine Wetland",Digital
1516,2436,M2RSP,0.85405065,"Estuarine and Marine Wetland",Digital
1517,2437,M2RSP,1.49319232,"Estuarine and Marine Wetland",Digital
1518,2438,M2USN,7.96892611,"Estuarine and Marine Wetland",Digital
1519,2439,M2USN,4.92742858,"Estuarine and Marine Wetland",Digital
1520,2440,M2USN,0.77445023,"Estuarine and Marine Wetland",Digital
1521,2441,M2USN,3.6002034,"Estuarine and Marine Wetland",Digital
1522,2442,M2USN,0.35724236,"Estuarine and Marine Wetland",Digital
1523,2443,M2USN,1.70538425,"Estuarine and Marine Wetland",Digital
1524,2444,M2USN,10.85841298,"Estuarine and Marine Wetland",Digital
1525,2445,M2USN,2.0485764,"Estuarine and Marine Wetland",Digital
1526,2446,M2USN,0.63308778,"Estuarine and Marine Wetland",Digital
1527,2447,M2USN,0.5993076,"Estuarine and Marine Wetland",Digital
1528,2448,M2USN,0.13496864,"Estuarine and Marine Wetland",Digital
1529,2449,M2USN,2.01501557,"Estuarine and Marine Wetland",Digital
1530,2450,M2USN,0.50621504,"Estuarine and Marine Wetland",Digital
1531,2451,M2USN,0.33064726,"Estuarine and Marine Wetland",Digital
1532,2452,M2USN,0.13577057,"Estuarine and Marine Wetland",Digital
1533,2453,M2USN,1.42619756,"Estuarine and Marine Wetland",Digital
1534,2454,M2USN,0.07031501,"Estuarine and Marine Wetland",Digital
1535,2455,M2USP,7.38874835,"Estuarine and Marine Wetland",Digital
1536,2456,M2USP,1.51395732,"Estuarine and Marine Wetland",Digital
1537,2457,PABH,0.36483856,"Freshwater Pond",Digital
1538,2458,PABH,0.75422793,"Freshwater Pond",Digital
1539,2459,PABH,0.57702809,"Freshwater Pond",Digital
1540,2460,PEM1/FO3Cx,0.32213359,"Freshwater Emergent Wetland",Digital
1541,2461,PEM1/FO3C,3.39804303,"Freshwater Emergent Wetland",Digital
1542,2462,PEM1/SS3C,1.43365902,"Freshwater Emergent Wetland",Digital
1543,2463,PEM1/SS3C,1.36551112,"Freshwater Emergent Wetland",Digital
1544,2464,PEM1/UBF,0.81528023,"Freshwater Emergent Wetland",Digital
1545,2465,PEM1/USC,0.39210207,"Freshwater Emergent Wetland",Digital
1546,2466,PEM1A,0.76330117,"Freshwater Emergent Wetland",Digital
1547,2467,PEM1A,2.86247157,"Freshwater Emergent Wetland",Digital
1548,2468,PEM1C,0.9388293,"Freshwater Emergent Wetland",Digital
1549,2469,PEM1C,0.29946616,"Freshwater Emergent Wetland",Digital
1550,2470,PEM1C,0.11279565,"Freshwater Emergent Wetland",Digital
1551,2471,PEM1C,1.19023064,"Freshwater Emergent Wetland",Digital
1552,2472,PEM1C,1.14296426,"Freshwater Emergent Wetland",Digital
1553,2473,PEM1C,0.10093754,"Freshwater Emergent Wetland",Digital
1554,2474,PEM1C,0.51087981,"Freshwater Emergent Wetland",Digital
1555,2475,PEM1C,9.21895976,"Freshwater Emergent Wetland",Digital
1556,2476,PEM1C,5.82365211,"Freshwater Emergent Wetland",Digital
1557,2477,PEM1C,0.38354763,"Freshwater Emergent Wetland",Digital
1558,2478,PEM1C,0.2190299,"Freshwater Emergent Wetland",Digital
1559,2479,PEM1C,0.21627314,"Freshwater Emergent Wetland",Digital
1560,2480,PEM1C,0.18449046,"Freshwater Emergent Wetland",Digital
1561,2481,PEM1C,0.89856422,"Freshwater Emergent Wetland",Digital
1562,2482,PEM1C,0.54679402,"Freshwater Emergent Wetland",Digital
1563,2483,PEM1C,2.73223756,"Freshwater Emergent Wetland",Digital
1564,2484,PEM1C,0.54798968,"Freshwater Emergent Wetland",Digital
1565,2485,PEM1C,0.36741176,"Freshwater Emergent Wetland",Digital
1566,2486,PEM1C,3.44058084,"Freshwater Emergent Wetland",Digital
1567,2487,PEM1C,0.78731684,"Freshwater Emergent Wetland",Digital
1568,2488,PEM1C,1.44451764,"Freshwater Emergent Wetland",Digital
1569,2489,PEM1C,0.10405174,"Freshwater Emergent Wetland",Digital
1570,2490,PEM1Cd,3.135367,"Freshwater Emergent Wetland",Digital
1571,2491,PEM1Cd,12.02199164,"Freshwater Emergent Wetland",Digital
1572,2492,PEM1Ch,2.70787974,"Freshwater Emergent Wetland",Digital
1573,2493,PEM1Ch,4.41779266,"Freshwater Emergent Wetland",Digital
1574,2494,PEM1Ch,5.97606197,"Freshwater Emergent Wetland",Digital
1575,2495,PEM1Cs,0.39581777,"Freshwater Emergent Wetland",Digital
1576,2496,PEM1Cx,4.75798987,"Freshwater Emergent Wetland",Digital
1577,2497,PEM1Cx,0.9456588,"Freshwater Emergent Wetland",Digital
1578,2498,PEM1Cx,0.02658513,"Freshwater Emergent Wetland",Digital
1579,2499,PEM1Cx,0.26648639,"Freshwater Emergent Wetland",Digital
1580,2500,PEM1Cx,0.49599189,"Freshwater Emergent Wetland",Digital
1581,2501,PEM1Cx,0.04269898,"Freshwater Emergent Wetland",Digital
1582,2502,PEM1F,0.43014322,"Freshwater Emergent Wetland",Digital
1583,2503,PEM1F,1.26081158,"Freshwater Emergent Wetland",Digital
1584,2504,PEM1F,0.0796978,"Freshwater Emergent Wetland",Digital
1585,2505,PEM1F,0.49445237,"Freshwater Emergent Wetland",Digital
1586,2506,PEM1F,5.0656548,"Freshwater Emergent Wetland",Digital
1587,2507,PEM1F,1.02069474,"Freshwater Emergent Wetland",Digital
1588,2508,PEM1F,9.78499134,"Freshwater Emergent Wetland",Digital
1589,2509,PEM1F,3.196947,"Freshwater Emergent Wetland",Digital
1590,2510,PEM1F,1.51336692,"Freshwater Emergent Wetland",Digital
1591,2511,PEM1F,0.81879155,"Freshwater Emergent Wetland",Digital
1592,2512,PEM1F,0.26614085,"Freshwater Emergent Wetland",Digital
1593,2513,PEM1F,0.30041399,"Freshwater Emergent Wetland",Digital
1594,2514,PEM1F,12.2953185,"Freshwater Emergent Wetland",Digital
1595,2515,PEM1F,3.48595523,"Freshwater Emergent Wetland",Digital
1596,2516,PEM1F,21.48144759,"Freshwater Emergent Wetland",Digital
1597,2517,PEM1F,0.18913261,"Freshwater Emergent Wetland",Digital
1598,2518,PEM1F,0.1313744,"Freshwater Emergent Wetland",Digital
1599,2519,PEM1Fd,8.15908619,"Freshwater Emergent Wetland",Digital
1600,2520,PEM1Fd,3.39604201,"Freshwater Emergent Wetland",Digital
1601,2521,PEM1Fh,0.81052783,"Freshwater Emergent Wetland",Digital
1602,2522,PEM1Fh,1.41155756,"Freshwater Emergent Wetland",Digital
1603,2523,PEM1Fh,0.07318744,"Freshwater Emergent Wetland",Digital
1604,2524,PEM1Fh,7.63331175,"Freshwater Emergent Wetland",Digital
1605,2525,PEM1Fx,0.19533227,"Freshwater Emergent Wetland",Digital
1606,2526,PEM1Fx,0.49584733,"Freshwater Emergent Wetland",Digital
1607,2527,PEM1Fx,0.91531519,"Freshwater Emergent Wetland",Digital
1608,2528,PEM1Fx,0.43530022,"Freshwater Emergent Wetland",Digital
1609,2529,PEM1Fx,3.7569553,"Freshwater Emergent Wetland",Digital
1610,2530,PEM1Fx,0.05909953,"Freshwater Emergent Wetland",Digital
1611,2531,PEM1Fx,0.03184251,"Freshwater Emergent Wetland",Digital
1612,2532,PEM1Fx,0.20832438,"Freshwater Emergent Wetland",Digital
1613,2533,PEM1Fx,2.55648094,"Freshwater Emergent Wetland",Digital
1614,2534,PEM1Fx,8.73774423,"Freshwater Emergent Wetland",Digital
1615,2535,PEM1Fx,0.20021085,"Freshwater Emergent Wetland",Digital
1616,2536,PEM1Fx,14.01250328,"Freshwater Emergent Wetland",Digital
1617,2537,PEM1Fx,5.51203384,"Freshwater Emergent Wetland",Digital
1618,2538,PEM1Fx,9.04832679,"Freshwater Emergent Wetland",Digital
1619,2539,PEM1Fx,0.01171561,"Freshwater Emergent Wetland",Digital
1620,2540,PEM1Fx,0.06870068,"Freshwater Emergent Wetland",Digital
1621,2541,PEM1Fx,1.1226356,"Freshwater Emergent Wetland",Digital
1622,2542,PEM1Fx,0.1795396,"Freshwater Emergent Wetland",Digital
1623,2543,PEM1Fx,20.31551595,"Freshwater Emergent Wetland",Digital
1624,2544,PEM1Fx,0.67969887,"Freshwater Emergent Wetland",Digital
1625,2545,PEM1Fx,1.88858225,"Freshwater Emergent Wetland",Digital
1626,2546,PEM1Fx,0.12917798,"Freshwater Emergent Wetland",Digital
1627,2547,PEM1Fx,0.02770562,"Freshwater Emergent Wetland",Digital
1628,2548,PEM1Fx,0.12698306,"Freshwater Emergent Wetland",Digital
1629,2549,PEM1Fx,0.30426381,"Freshwater Emergent Wetland",Digital
1630,2550,PEM1Fx,0.22140131,"Freshwater Emergent Wetland",Digital
1631,2551,PEM1Fx,0.13590791,"Freshwater Emergent Wetland",Digital
1632,2552,PEM1Fx,1.2448236,"Freshwater Emergent Wetland",Digital
1633,2553,PEM1F,0.20133137,"Freshwater Emergent Wetland",Digital
1634,2554,PEM1Fx,0.1668017,"Freshwater Emergent Wetland",Digital
1635,2555,PEM1Fx,0.02051747,"Freshwater Emergent Wetland",Digital
1636,2556,PEM1Fx,0.20697416,"Freshwater Emergent Wetland",Digital
1637,2557,PEM1Fx,0.82332493,"Freshwater Emergent Wetland",Digital
1638,2558,PEM1Fx,0.0593981,"Freshwater Emergent Wetland",Digital
1639,2559,PEM1Fx,0.47316576,"Freshwater Emergent Wetland",Digital
1640,2560,PEM1Fx,1.29870366,"Freshwater Emergent Wetland",Digital
1641,2561,PEM1Fx,0.80232168,"Freshwater Emergent Wetland",Digital
1642,2562,PEM1Fx,0.68562608,"Freshwater Emergent Wetland",Digital
1643,2563,PEM1Fx,0.43556293,"Freshwater Emergent Wetland",Digital
1644,2564,PEM1Fh,0.03735592,"Freshwater Emergent Wetland",Digital
1645,2565,PEM1Fh,0.02790016,"Freshwater Emergent Wetland",Digital
1646,2566,PEM1Fh,0.07301419,"Freshwater Emergent Wetland",Digital
1647,2567,PEM1Fh,0.07223313,"Freshwater Emergent Wetland",Digital
1648,2568,PEM1Fx,0.03348602,"Freshwater Emergent Wetland",Digital
1649,2569,PEM1Fx,0.03173565,"Freshwater Emergent Wetland",Digital
1650,2570,PEM1Fx,0.0304536,"Freshwater Emergent Wetland",Digital
1651,2571,PEM1Fx,0.03770945,"Freshwater Emergent Wetland",Digital
1652,2572,PEM1Fx,0.02877312,"Freshwater Emergent Wetland",Digital
1653,2573,PEM1Fx,0.13934119,"Freshwater Emergent Wetland",Digital
1654,2574,PEM1Fx,0.03624172,"Freshwater Emergent Wetland",Digital
1655,2575,PEM1Fx,0.02595361,"Freshwater Emergent Wetland",Digital
1656,2576,PEM1Fx,0.03236366,"Freshwater Emergent Wetland",Digital
1657,2577,PEM1Fx,0.01974372,"Freshwater Emergent Wetland",Digital
1658,2578,PEM1Fx,0.05976078,"Freshwater Emergent Wetland",Digital
1659,2579,PEM1Fx,0.07522869,"Freshwater Emergent Wetland",Digital
1660,2580,PEM1Fx,0.06007372,"Freshwater Emergent Wetland",Digital
1661,2581,PEM1Fx,0.08916705,"Freshwater Emergent Wetland",Digital
1662,2582,PEM1Fx,0.03499695,"Freshwater Emergent Wetland",Digital
1663,2583,PEM1Fx,0.36802599,"Freshwater Emergent Wetland",Digital
1664,2584,PEM1Fx,0.06643144,"Freshwater Emergent Wetland",Digital
1665,2585,PEM1Fx,0.83781464,"Freshwater Emergent Wetland",Digital
1666,2586,PEM1Fx,1.0187277,"Freshwater Emergent Wetland",Digital
1667,2587,PEM1Fx,0.16745985,"Freshwater Emergent Wetland",Digital
1668,2588,PFO3A,0.96825396,"Freshwater Forested/Shrub Wetland",Digital
1669,2589,PFO3C,2.97524492,"Freshwater Forested/Shrub Wetland",Digital
1670,2590,PFO3C,2.51538644,"Freshwater Forested/Shrub Wetland",Digital
1671,2591,PFO3C,16.48965275,"Freshwater Forested/Shrub Wetland",Digital
1672,2592,PFO3C,0.13728133,"Freshwater Forested/Shrub Wetland",Digital
1673,2593,PFO3C,6.85546134,"Freshwater Forested/Shrub Wetland",Digital
1674,2594,PFO3C,3.48272636,"Freshwater Forested/Shrub Wetland",Digital
1675,2595,PFO3C,36.406572,"Freshwater Forested/Shrub Wetland",Digital
1676,2596,PFO3C,18.56709337,"Freshwater Forested/Shrub Wetland",Digital
1677,2597,PFO3C,11.50620495,"Freshwater Forested/Shrub Wetland",Digital
1678,2598,PFO3C,2.28935028,"Freshwater Forested/Shrub Wetland",Digital
1679,2599,PFO3C,0.6569003,"Freshwater Forested/Shrub Wetland",Digital
1680,2600,PFO3C,0.57501592,"Freshwater Forested/Shrub Wetland",Digital
1681,2601,PFO3C,0.92753065,"Freshwater Forested/Shrub Wetland",Digital
1682,2602,PFO3C,0.48101986,"Freshwater Forested/Shrub Wetland",Digital
1683,2603,PFO3C,15.28119116,"Freshwater Forested/Shrub Wetland",Digital
1684,2604,PSS1A,0.37105128,"Freshwater Forested/Shrub Wetland",Digital
1685,2605,PSS1C,0.03908002,"Freshwater Forested/Shrub Wetland",Digital
1686,2606,PSS3C,0.13384274,"Freshwater Forested/Shrub Wetland",Digital
1687,2607,PSS3C,0.4960825,"Freshwater Forested/Shrub Wetland",Digital
1688,2608,PSS3C,0.98540751,"Freshwater Forested/Shrub Wetland",Digital
1689,2609,PSS3C,0.37277609,"Freshwater Forested/Shrub Wetland",Digital
1690,2610,PSS3C,3.26055721,"Freshwater Forested/Shrub Wetland",Digital
1691,2611,PSS3Cs,0.08806858,"Freshwater Forested/Shrub Wetland",Digital
1692,2612,PSS3Cx,0.34163383,"Freshwater Forested/Shrub Wetland",Digital
1693,2613,PSSC,1.2968166,"Freshwater Forested/Shrub Wetland",Digital
1694,2614,PUB/EM1Fx,1.96371736,"Freshwater Pond",Digital
1695,2615,PUBH,0.41315523,"Freshwater Pond",Digital
1696,2616,PUBH,0.30496887,"Freshwater Pond",Digital
1697,2617,PUBH,0.41020513,"Freshwater Pond",Digital
1698,2618,PUBH,0.13204179,"Freshwater Pond",Digital
1699,2619,PUBH,0.04008021,"Freshwater Pond",Digital
1700,2620,PUBH,0.23371312,"Freshwater Pond",Digital
1701,2621,PUBH,0.24063225,"Freshwater Pond",Digital
1702,2622,PUBH,0.19060958,"Freshwater Pond",Digital
1703,2623,PUBH,0.32651314,"Freshwater Pond",Digital
1704,2624,PUBH,0.66697718,"Freshwater Pond",Digital
1705,2625,PUBH,2.14238853,"Freshwater Pond",Digital
1706,2626,PUBH,1.4297968,"Freshwater Pond",Digital
1707,2627,PUBH,3.7384459,"Freshwater Pond",Digital
1708,2628,PUBH,0.17435145,"Freshwater Pond",Digital
1709,2629,PUBHh,0.59854504,"Freshwater Pond",Digital
1710,2630,PUBHx,2.69152209,"Freshwater Pond",Digital
1711,2631,PUBHx,1.32907029,"Freshwater Pond",Digital
1712,2632,PUBHx,0.08759642,"Freshwater Pond",Digital
1713,2633,PUBHx,0.22457285,"Freshwater Pond",Digital
1714,2634,PUBHx,0.26128675,"Freshwater Pond",Digital
1715,2635,PUBHx,0.36787945,"Freshwater Pond",Digital
1716,2636,PUBHx,0.42267597,"Freshwater Pond",Digital
1717,2637,PUBHx,0.22648671,"Freshwater Pond",Digital
1718,2638,PUBHx,1.0755729,"Freshwater Pond",Digital
1719,2639,PUBHx,1.11336108,"Freshwater Pond",Digital
1720,2640,PUBHx,0.08580162,"Freshwater Pond",Digital
1721,2641,PUBHx,0.03232246,"Freshwater Pond",Digital
1722,2642,PUBHx,4.70588953,"Freshwater Pond",Digital
1723,2643,PUBHx,1.69356598,"Freshwater Pond",Digital
1724,2644,PUBHx,0.31208566,"Freshwater Pond",Digital
1725,2645,PUBHx,0.11177219,"Freshwater Pond",Digital
1726,2646,PUBHx,1.37195838,"Freshwater Pond",Digital
1727,2647,PUBHx,0.76566233,"Freshwater Pond",Digital
1728,2648,PUBHx,0.22155355,"Freshwater Pond",Digital
1729,2649,PUBHx,2.92659252,"Freshwater Pond",Digital
1730,2650,PUBHx,0.30374003,"Freshwater Pond",Digital
1731,2651,PUBHx,0.4347757,"Freshwater Pond",Digital
1732,2652,PUBHx,0.52914705,"Freshwater Pond",Digital
1733,2653,PUBHx,1.49674059,"Freshwater Pond",Digital
1734,2654,PUBHx,1.34602289,"Freshwater Pond",Digital
1735,2655,PUBHx,1.57427364,"Freshwater Pond",Digital
1736,2656,PUBHx,1.04313406,"Freshwater Pond",Digital
1737,2657,PUBHx,0.58133975,"Freshwater Pond",Digital
1738,2658,PUBHx,1.3978191,"Freshwater Pond",Digital
1739,2659,PUBHx,0.15295349,"Freshwater Pond",Digital
1740,2660,PUBHx,0.49774952,"Freshwater Pond",Digital
1741,2661,PUBHx,2.06933278,"Freshwater Pond",Digital
1742,2662,PUBFx,0.04665772,"Freshwater Pond",Digital
1743,2663,PUBFx,0.03586691,"Freshwater Pond",Digital
1744,2664,PUBFx,0.02626886,"Freshwater Pond",Digital
1745,2665,PUBFx,0.02575971,"Freshwater Pond",Digital
1746,2666,PUBFx,0.03684165,"Freshwater Pond",Digital
1747,2667,PUBFx,0.02719502,"Freshwater Pond",Digital
1748,2668,PUBFx,0.03731895,"Freshwater Pond",Digital
1749,2669,PUBFx,0.03287226,"Freshwater Pond",Digital
1750,2670,PUBFx,0.03677861,"Freshwater Pond",Digital
1751,2671,PUBFx,0.03305348,"Freshwater Pond",Digital
1752,2672,PUBFx,0.97554195,"Freshwater Pond",Digital
1753,2673,PUBFx,0.81181715,"Freshwater Pond",Digital
1754,2674,PUBFx,0.94195457,"Freshwater Pond",Digital
1755,2675,PUBFx,0.66812814,"Freshwater Pond",Digital
1756,2676,PUBFx,0.35245444,"Freshwater Pond",Digital
1757,2677,PUBFx,0.79618608,"Freshwater Pond",Digital
1758,2678,PUBFx,0.66485718,"Freshwater Pond",Digital
1759,2679,PUBFx,0.98690031,"Freshwater Pond",Digital
1760,2680,PUBFx,0.97319141,"Freshwater Pond",Digital
1761,2681,PUBFx,0.75549342,"Freshwater Pond",Digital
1762,2682,PUBFx,0.15667476,"Freshwater Pond",Digital
1763,2683,PUBFx,1.24547233,"Freshwater Pond",Digital
1764,2684,PUBFx,0.68859517,"Freshwater Pond",Digital
1765,2685,PUBFx,1.44493782,"Freshwater Pond",Digital
1766,2686,PUBFx,0.66537133,"Freshwater Pond",Digital
1767,2687,PUBFx,0.6752257,"Freshwater Pond",Digital
1768,2688,PUBFx,1.28621888,"Freshwater Pond",Digital
1769,2689,PUBFx,1.24689227,"Freshwater Pond",Digital
1770,2690,PUBFx,1.47492382,"Freshwater Pond",Digital
1771,2691,PUBFx,0.97906623,"Freshwater Pond",Digital
1772,2692,PUBFx,0.93437081,"Freshwater Pond",Digital
1773,2693,PUBFx,0.51631707,"Freshwater Pond",Digital
1774,2694,PUBFx,0.50319694,"Freshwater Pond",Digital
1775,2695,PUBFx,1.0024453,"Freshwater Pond",Digital
1776,2696,PUBFx,0.48690664,"Freshwater Pond",Digital
1777,2697,PUBFx,1.03236182,"Freshwater Pond",Digital
1778,2698,PUBFx,0.93547999,"Freshwater Pond",Digital
1779,2699,PUBFx,0.96221905,"Freshwater Pond",Digital
1780,2700,PUBFx,0.98381722,"Freshwater Pond",Digital
1781,2701,PUBFx,1.01025662,"Freshwater Pond",Digital
1782,2702,PUBFx,1.02989359,"Freshwater Pond",Digital
1783,2703,PUBFx,0.97391224,"Freshwater Pond",Digital
1784,2704,PUBFx,0.96197528,"Freshwater Pond",Digital
1785,2705,PUBFx,0.96022723,"Freshwater Pond",Digital
1786,2706,PUBFx,0.94550882,"Freshwater Pond",Digital
1787,2707,PUBFx,1.00644564,"Freshwater Pond",Digital
1788,2708,PUBFx,0.98546707,"Freshwater Pond",Digital
1789,2709,PUBFx,1.03432386,"Freshwater Pond",Digital
1790,2710,PUBFx,1.00284501,"Freshwater Pond",Digital
1791,2711,PUBFx,0.96899986,"Freshwater Pond",Digital
1792,2712,PUBFx,0.47877334,"Freshwater Pond",Digital
1793,2713,PUBFx,0.56375886,"Freshwater Pond",Digital
1794,2714,PUBFx,0.97682934,"Freshwater Pond",Digital
1795,2715,PUBFx,0.48551751,"Freshwater Pond",Digital
1796,2716,PUBFx,0.89324851,"Freshwater Pond",Digital
1797,2717,PUBFx,0.87513758,"Freshwater Pond",Digital
1798,2718,PUBFx,0.92294522,"Freshwater Pond",Digital
1799,2719,PUBFx,0.89428811,"Freshwater Pond",Digital
1800,2720,PUBFx,0.9517384,"Freshwater Pond",Digital
1801,2721,PUBFx,2.07038196,"Freshwater Pond",Digital
1802,2722,PUBFx,3.21929175,"Freshwater Pond",Digital
1803,2723,PUBFx,1.02119076,"Freshwater Pond",Digital
1804,2724,PUBFx,0.87168431,"Freshwater Pond",Digital
1805,2725,PUBFx,0.91767275,"Freshwater Pond",Digital
1806,2726,PUBFx,2.26101829,"Freshwater Pond",Digital
1807,2727,PUBFx,1.08970801,"Freshwater Pond",Digital
1808,2728,PUBFx,1.04018126,"Freshwater Pond",Digital
1809,2729,PUBFx,0.94062076,"Freshwater Pond",Digital
1810,2730,PUBFx,1.41111717,"Freshwater Pond",Digital
1811,2731,PUBFx,0.97612992,"Freshwater Pond",Digital
1812,2732,PUBFx,1.01961291,"Freshwater Pond",Digital
1813,2733,PUBFx,0.97252809,"Freshwater Pond",Digital
1814,2734,PUBFx,0.93297242,"Freshwater Pond",Digital
1815,2735,PUBFx,1.00541265,"Freshwater Pond",Digital
1816,2736,PUBFx,1.02317808,"Freshwater Pond",Digital
1817,2737,PUBFx,0.99399334,"Freshwater Pond",Digital
1818,2738,PUBFx,0.94737353,"Freshwater Pond",Digital
1819,2739,PUBFx,1.01762718,"Freshwater Pond",Digital
1820,2740,PUBFx,0.97538582,"Freshwater Pond",Digital
1821,2741,PUBFx,1.04435605,"Freshwater Pond",Digital
1822,2742,PUBFx,1.01757792,"Freshwater Pond",Digital
1823,2743,PUBFx,1.05255124,"Freshwater Pond",Digital
1824,2744,PUBFx,1.06627696,"Freshwater Pond",Digital
1825,2745,PUBFx,1.0228505,"Freshwater Pond",Digital
1826,2746,PUBFx,0.96931173,"Freshwater Pond",Digital
1827,2747,PUBFx,1.0024386,"Freshwater Pond",Digital
1828,2748,PUBFx,1.01335657,"Freshwater Pond",Digital
1829,2749,PUBFx,1.00417824,"Freshwater Pond",Digital
1830,2750,PUBFx,1.06076735,"Freshwater Pond",Digital
1831,2751,PUBFx,0.99901805,"Freshwater Pond",Digital
1832,2752,PUBFx,0.98591147,"Freshwater Pond",Digital
1833,2753,PUBFx,1.30527731,"Freshwater Pond",Digital
1834,2754,PUBFx,0.52670587,"Freshwater Pond",Digital
1835,2755,PUBFx,1.09138402,"Freshwater Pond",Digital
1836,2756,PUBFx,0.98347222,"Freshwater Pond",Digital
1837,2757,PUBFx,1.01928764,"Freshwater Pond",Digital
1838,2758,PUBFx,1.02954595,"Freshwater Pond",Digital
1839,2759,PUBFx,1.02133803,"Freshwater Pond",Digital
1840,2760,PUBFx,0.95944197,"Freshwater Pond",Digital
1841,2761,PUBFx,0.98442628,"Freshwater Pond",Digital
1842,2762,PUBFx,0.99114319,"Freshwater Pond",Digital
1843,2763,PUBFx,1.02300573,"Freshwater Pond",Digital
1844,2764,PUBFx,1.01732333,"Freshwater Pond",Digital
1845,2765,PUBFx,1.04760544,"Freshwater Pond",Digital
1846,2766,PUBFx,1.02115244,"Freshwater Pond",Digital
1847,2767,PUBFx,1.0156572,"Freshwater Pond",Digital
1848,2768,PUBFx,1.04167444,"Freshwater Pond",Digital
1849,2769,PUBFx,1.00293273,"Freshwater Pond",Digital
1850,2770,PUBFx,1.01535273,"Freshwater Pond",Digital
1851,2771,PUBFx,0.99916368,"Freshwater Pond",Digital
1852,2772,PUBFx,1.00456389,"Freshwater Pond",Digital
1853,2773,PUBFx,1.03002636,"Freshwater Pond",Digital
1854,2774,PUBFx,2.17045366,"Freshwater Pond",Digital
1855,2775,PUBFx,0.99653042,"Freshwater Pond",Digital
1856,2776,PUBFx,1.15323684,"Freshwater Pond",Digital
1857,2777,PUBFx,0.89558927,"Freshwater Pond",Digital
1858,2778,PUBFx,1.05895487,"Freshwater Pond",Digital
1859,2779,PUBFx,1.44480917,"Freshwater Pond",Digital
1860,2780,PUBFx,0.97046928,"Freshwater Pond",Digital
1861,2781,PUBFx,1.02081144,"Freshwater Pond",Digital
1862,2782,PUBFx,1.07511982,"Freshwater Pond",Digital
1863,2783,PUBFx,1.01672514,"Freshwater Pond",Digital
1864,2784,PUBFx,1.03094464,"Freshwater Pond",Digital
1865,2785,PUBFx,1.05285265,"Freshwater Pond",Digital
1866,2786,PUBFx,1.00079488,"Freshwater Pond",Digital
1867,2787,PUBFx,0.97121658,"Freshwater Pond",Digital
1868,2788,PUBFx,1.13682299,"Freshwater Pond",Digital
1869,2789,PUBFx,0.64650406,"Freshwater Pond",Digital
1870,2790,PUBFx,0.9729736,"Freshwater Pond",Digital
1871,2791,PUBFx,0.96058016,"Freshwater Pond",Digital
1872,2792,PUBFx,1.02947918,"Freshwater Pond",Digital
1873,2793,PUBFx,1.02733291,"Freshwater Pond",Digital
1874,2794,PUBFx,0.94797217,"Freshwater Pond",Digital
1875,2795,PUBFx,0.98768288,"Freshwater Pond",Digital
1876,2796,PUBFx,0.99998475,"Freshwater Pond",Digital
1877,2797,PUBFx,1.04994103,"Freshwater Pond",Digital
1878,2798,PUBFx,1.04978381,"Freshwater Pond",Digital
1879,2799,PUBFx,0.936064,"Freshwater Pond",Digital
1880,2800,PUBFx,1.0320146,"Freshwater Pond",Digital
1881,2801,PUBFx,0.96130764,"Freshwater Pond",Digital
1882,2802,PUBFx,0.75649197,"Freshwater Pond",Digital
1883,2803,PUBFx,2.77663698,"Freshwater Pond",Digital
1884,2804,PUBFx,1.01867905,"Freshwater Pond",Digital
1885,2805,PUBFx,2.0186069,"Freshwater Pond",Digital
1886,2806,PUBFx,1.05061393,"Freshwater Pond",Digital
1887,2807,PUBFx,0.96498828,"Freshwater Pond",Digital
1888,2808,PUBFx,0.5718584,"Freshwater Pond",Digital
1889,2809,PUBFx,0.84901297,"Freshwater Pond",Digital
1890,2810,PUBFx,0.96994388,"Freshwater Pond",Digital
1891,2811,PUBFx,1.01048632,"Freshwater Pond",Digital
1892,2812,PUBFx,0.95694994,"Freshwater Pond",Digital
1893,2813,PUBFx,0.97430803,"Freshwater Pond",Digital
1894,2814,PUBFx,1.00681444,"Freshwater Pond",Digital
1895,2815,PUBFx,0.86675358,"Freshwater Pond",Digital
1896,2816,PUBFx,0.98236327,"Freshwater Pond",Digital
1897,2817,PUBFx,1.01043262,"Freshwater Pond",Digital
1898,2818,PUBFx,0.95689618,"Freshwater Pond",Digital
1899,2819,PUBFx,0.08925501,"Freshwater Pond",Digital
1900,2820,PUBFx,0.89708263,"Freshwater Pond",Digital
1901,2821,PUBFx,0.12231306,"Freshwater Pond",Digital
1902,2822,PUBFx,0.90072624,"Freshwater Pond",Digital
1903,2823,PUBFx,0.11120045,"Freshwater Pond",Digital
1904,2824,PUBFx,0.10928948,"Freshwater Pond",Digital
1905,2825,PUBFx,0.56655888,"Freshwater Pond",Digital
1906,2826,PUBFx,0.31584532,"Freshwater Pond",Digital
1907,2827,PUBFx,0.87652451,"Freshwater Pond",Digital
1908,2828,PUBFx,0.26013362,"Freshwater Pond",Digital
1909,2829,PUBFx,1.04192583,"Freshwater Pond",Digital
1910,2830,PUBFx,0.91515128,"Freshwater Pond",Digital
1911,2831,PUBFx,0.22748342,"Freshwater Pond",Digital
1912,2832,PUBFx,0.89806055,"Freshwater Pond",Digital
1913,2833,PUBFx,1.00632657,"Freshwater Pond",Digital
1914,2834,PUBFx,0.36028854,"Freshwater Pond",Digital
1915,2835,PUBK,0.10712152,"Freshwater Pond",Digital
1916,2836,PUBKx,2.92732704,"Freshwater Pond",Digital
1917,2837,PUBKx,2.82441308,"Freshwater Pond",Digital
1918,2838,PUBKx,3.01029354,"Freshwater Pond",Digital
1919,2839,PUBKx,2.84084105,"Freshwater Pond",Digital
1920,2840,PUBKx,0.44901567,"Freshwater Pond",Digital
1921,2841,PUBKx,0.39281725,"Freshwater Pond",Digital
1922,2842,PUBKx,0.34347164,"Freshwater Pond",Digital
1923,2843,PUBKx,0.43252979,"Freshwater Pond",Digital
1924,2844,PUBKx,0.15658759,"Freshwater Pond",Digital
1925,2845,PUBKx,0.39542349,"Freshwater Pond",Digital
1926,2846,PUBKx,0.0845416,"Freshwater Pond",Digital
1927,2847,PUBKx,0.78178511,"Freshwater Pond",Digital
1928,2848,PUBKx,0.20868871,"Freshwater Pond",Digital
1929,2849,PUBKx,0.79001938,"Freshwater Pond",Digital
1930,2850,PUBKx,0.56143873,"Freshwater Pond",Digital
1931,2851,PUBKx,0.92013267,"Freshwater Pond",Digital
1932,2852,PUBKx,0.6023615,"Freshwater Pond",Digital
1933,2853,PUBKx,0.55304907,"Freshwater Pond",Digital
1934,2854,PUBKx,0.44258874,"Freshwater Pond",Digital
1935,2855,PUBKx,0.70566216,"Freshwater Pond",Digital
1936,2856,PUBKx,0.60775304,"Freshwater Pond",Digital
1937,2857,PUBKx,1.178918,"Freshwater Pond",Digital
1938,2858,PUBKx,0.98915262,"Freshwater Pond",Digital
1939,2859,PUBKx,0.0742463,"Freshwater Pond",Digital
1940,2860,PUBKx,0.08265543,"Freshwater Pond",Digital
1941,2861,PUBKx,0.07521656,"Freshwater Pond",Digital
1942,2862,PUBKx,0.93799856,"Freshwater Pond",Digital
1943,2863,PUBKx,0.07322051,"Freshwater Pond",Digital
1944,2864,PUSC,0.2913099,"Freshwater Pond",Digital
1945,2865,PUSCx,0.53311015,"Freshwater Pond",Digital
1946,2866,R2ABHx,1.2956988,"Riverine",Digital
1947,2867,R2ABHx,11.85629105,"Riverine",Digital
1948,2868,R4SBC,0.3012032,"Riverine",Digital
1949,2869,R4SBC,0.11824182,"Riverine",Digital
1950,2870,R4SBC,1.6353183,"Riverine",Digital
1951,2871,R4SBC,0.73567747,"Riverine",Digital
1952,2872,R4SBC,1.5393474,"Riverine",Digital
1953,2873,R4SBC,0.23193581,"Riverine",Digital
1954,2874,R4SBC,0.10988273,"Riverine",Digital
1955,2875,R5UBFx,0.58354787,"Riverine",Digital
1956,2876,R5UBFx,0.17181006,"Riverine",Digital
1957,2877,R5UBFx,0.05103883,"Riverine",Digital
1958,2878,R5UBFx,0.41393696,"Riverine",Digital
1959,2879,R5UBFx,0.25289473,"Riverine",Digital
1960,2880,R5UBFx,1.13976208,"Riverine",Digital
1961,2881,R5UBFx,1.11368922,"Riverine",Digital
1962,2882,R5UBFx,0.33130241,"Riverine",Digital
1963,2883,R5UBFx,0.33110016,"Riverine",Digital
1964,2884,R5UBFx,1.45183713,"Riverine",Digital
1965,2885,R5UBFx,0.57027851,"Riverine",Digital
1966,2886,R5UBFx,1.12521575,"Riverine",Digital
1967,2887,R5UBFx,0.69375645,"Riverine",Digital
1968,2888,R5UBFx,2.85451947,"Riverine",Digital
1969,2889,R5UBFx,2.23232578,"Riverine",Digital
1970,2890,R5UBFx,1.78337395,"Riverine",Digital
1971,2891,R5UBFx,0.94671791,"Riverine",Digital
1972,2892,R5UBFx,0.11276914,"Riverine",Digital
1973,2893,R5UBFx,0.03106223,"Riverine",Digital
1974,2894,R5UBFx,0.70116338,"Riverine",Digital
1975,2895,R5UBFx,2.33813053,"Riverine",Digital
1976,2896,R5UBFx,0.2214343,"Riverine",Digital
1977,2897,R5UBFx,1.1250897,"Riverine",Digital
1978,2898,R5UBFx,0.20793601,"Riverine",Digital
1979,2899,R5UBFx,0.29336908,"Riverine",Digital
1980,2900,R5UBFx,0.82640801,"Riverine",Digital
1981,2901,R5UBFx,1.92647002,"Riverine",Digital
1982,2902,R5UBFx,0.56889174,"Riverine",Digital
1983,2903,R5UBFx,0.72910636,"Riverine",Digital
1984,2904,R5UBFx,0.01078699,"Riverine",Digital
1985,2905,R5UBFx,1.85232823,"Riverine",Digital
1986,2906,R5UBFx,0.37911419,"Riverine",Digital
1987,2907,R5UBFx,0.01111832,"Riverine",Digital
1988,2908,R5UBFx,0.70318532,"Riverine",Digital
1989,2909,R5UBFx,0.07865529,"Riverine",Digital
1990,2910,R5UBFx,1.0790108,"Riverine",Digital
1991,2911,R5UBFx,0.19705188,"Riverine",Digital
1992,2912,R5UBFx,0.12664008,"Riverine",Digital
1993,2913,R5UBFx,1.86083046,"Riverine",Digital
1994,2914,R5UBFx,0.18864595,"Riverine",Digital
1995,2915,R5UBFx,0.13968036,"Riverine",Digital
1996,2916,R5UBFx,0.13941425,"Riverine",Digital
1997,2917,R5UBFx,0.13406835,"Riverine",Digital
1998,2918,R5UBH,0.06654444,"Riverine",Digital
1999,2919,R5UBH,0.51172881,"Riverine",Digital
2000,2920,R5UBH,0.2200819,"Riverine",Digital
2001,2921,R5UBH,0.84191427,"Riverine",Digital
2002,2922,R5UBH,0.07887483,"Riverine",Digital
2003,2923,R5UBH,0.75659587,"Riverine",Digital
2004,2924,R5UBH,1.21735246,"Riverine",Digital
2005,2925,R5UBH,0.1338333,"Riverine",Digital
2006,2926,R5UBH,0.01069664,"Riverine",Digital
2007,2927,R5UBH,0.01860092,"Riverine",Digital
2008,2928,R2UBHx,1.05205273,"Riverine",Digital
2009,2929,R2UBHx,0.53578824,"Riverine",Digital
2010,2930,R2UBHx,1.34426034,"Riverine",Digital
2011,2931,R2UBHx,0.9478953,"Riverine",Digital
2012,2932,R3UBH,19.8777955,"Riverine",Digital
2013,3211,E1UBL,0.19615299,"Estuarine and Marine Deepwater",Digital
2014,3212,E1UBL,4.11684943,"Estuarine and Marine Deepwater",Digital
2015,3213,E1UBL,0.2351624,"Estuarine and Marine Deepwater",Digital
2016,3214,E1UBL,19.08337371,"Estuarine and Marine Deepwater",Digital
2017,3215,E1UBL,0.08871774,"Estuarine and Marine Deepwater",Digital
2018,3216,E1UBL,0.28568829,"Estuarine and Marine Deepwater",Digital
2019,3217,E1UBL,0.24330526,"Estuarine and Marine Deepwater",Digital
2020,3218,E1UBLx,1.55361692,"Estuarine and Marine Deepwater",Digital
2021,3219,E2EM1N,0.23716033,"Estuarine and Marine Wetland",Digital
2022,3220,E2EM1N,1.4455561,"Estuarine and Marine Wetland",Digital
2023,3221,E2EM1N,1.03584859,"Estuarine and Marine Wetland",Digital
2024,3222,E2EM1N,4.80633833,"Estuarine and Marine Wetland",Digital
2025,3223,E2EM1N,0.0863647,"Estuarine and Marine Wetland",Digital
2026,3224,E2FO3N,0.82497515,"Estuarine and Marine Wetland",Digital
2027,3225,E2FO3N,1.33471823,"Estuarine and Marine Wetland",Digital
2028,3226,E2FO3N,35.00702007,"Estuarine and Marine Wetland",Digital
2029,3227,E2SS3N,3.51121654,"Estuarine and Marine Wetland",Digital
2030,3228,E2SS3N,0.02028215,"Estuarine and Marine Wetland",Digital
2031,3229,E2SS3N,0.0229197,"Estuarine and Marine Wetland",Digital
2032,3230,E2SS3N,0.11380672,"Estuarine and Marine Wetland",Digital
2033,3231,E2SS3N,0.07671064,"Estuarine and Marine Wetland",Digital
2034,3232,E2SS3N,0.03380022,"Estuarine and Marine Wetland",Digital
2035,3233,E2SS3N,0.15206488,"Estuarine and Marine Wetland",Digital
2036,3234,E2SS3N,0.1048028,"Estuarine and Marine Wetland",Digital
2037,3235,E2SS3N,0.01717512,"Estuarine and Marine Wetland",Digital
2038,3236,E2SS3N,0.07269493,"Estuarine and Marine Wetland",Digital
2039,3237,E2SS3N,0.05649404,"Estuarine and Marine Wetland",Digital
2040,3238,E2SS3N,0.07887285,"Estuarine and Marine Wetland",Digital
2041,3239,E2SS3N,0.06520195,"Estuarine and Marine Wetland",Digital
2042,3240,E2SS3N,0.04391629,"Estuarine and Marine Wetland",Digital
2043,3241,E2SS3N,0.06564417,"Estuarine and Marine Wetland",Digital
2044,3242,E2SS3N,4.75444655,"Estuarine and Marine Wetland",Digital
2045,3243,E2SS3N,0.24107054,"Estuarine and Marine Wetland",Digital
2046,3244,E2SS3N,0.23777713,"Estuarine and Marine Wetland",Digital
2047,3245,E2SS3N,0.37475063,"Estuarine and Marine Wetland",Digital
2048,3246,E2SS3N,2.25654607,"Estuarine and Marine Wetland",Digital
2049,3247,E2SS3N,1.350257,"Estuarine and Marine Wetland",Digital
2050,3248,E2SS3N,0.5822415,"Estuarine and Marine Wetland",Digital
2051,3249,E2SS3N,14.119003,"Estuarine and Marine Wetland",Digital
2052,3250,E2SS3N,0.14997354,"Estuarine and Marine Wetland",Digital
2053,3251,E2SS3N,2.67262858,"Estuarine and Marine Wetland",Digital
2054,3252,E2SS3N,0.70763448,"Estuarine and Marine Wetland",Digital
2055,3253,E2SS3N,3.96522335,"Estuarine and Marine Wetland",Digital
2056,3254,E2SS3N,3.1620755,"Estuarine and Marine Wetland",Digital
2057,3255,E2SS3N,0.10338966,"Estuarine and Marine Wetland",Digital
2058,3256,E2USN,0.20105551,"Estuarine and Marine Wetland",Digital
2059,3257,E2USN,1.6318656,"Estuarine and Marine Wetland",Digital
2060,3258,E2USN,0.02430653,"Estuarine and Marine Wetland",Digital
2061,3259,E2USN,0.03391688,"Estuarine and Marine Wetland",Digital
2062,3260,E2USN,0.03098508,"Estuarine and Marine Wetland",Digital
2063,3261,L1UBHh,22.83471534,"Lake",Digital
2064,3262,L2USCh,0.0174811,"Lake",Digital
2065,3263,M1RF1L,7.43975322,"Estuarine and Marine Deepwater",Digital
2066,3264,M1RF1L,0.03791019,"Estuarine and Marine Deepwater",Digital
2067,3265,M1RF1L,0.03286081,"Estuarine and Marine Deepwater",Digital
2068,3266,M1RF1L,1.58116495,"Estuarine and Marine Deepwater",Digital
2069,3267,M1RF1L,0.14922605,"Estuarine and Marine Deepwater",Digital
2070,3268,M1RF1L,3.71618084,"Estuarine and Marine Deepwater",Digital
2071,3269,M1RF1L,9.60181133,"Estuarine and Marine Deepwater",Digital
2072,3270,M1RF1L,5.58731144,"Estuarine and Marine Deepwater",Digital
2073,3271,M1RF1L,36.38765555,"Estuarine and Marine Deepwater",Digital
2074,3272,M1RF1L,0.79598171,"Estuarine and Marine Deepwater",Digital
2075,3273,M1RF1L,10.6788274,"Estuarine and Marine Deepwater",Digital
2076,3274,M1RF1L,1.29786699,"Estuarine and Marine Deepwater",Digital
2077,3275,M1RF1L,2.9405457,"Estuarine and Marine Deepwater",Digital
2078,3276,M1RF1L,182.85953989,"Estuarine and Marine Deepwater",Digital
2079,3277,M1RF1L,6.67292246,"Estuarine and Marine Deepwater",Digital
2080,3278,M1RF1L,1.35260728,"Estuarine and Marine Deepwater",Digital
2081,3279,M1RF1L,8.32755846,"Estuarine and Marine Deepwater",Digital
2082,3280,M1RF1L,96.14384223,"Estuarine and Marine Deepwater",Digital
2083,3281,M1RF1L,50.13732351,"Estuarine and Marine Deepwater",Digital
2084,3282,M1RF1L,0.37882638,"Estuarine and Marine Deepwater",Digital
2085,3283,M1RF1L,4.73879135,"Estuarine and Marine Deepwater",Digital
2086,3284,M1RF1L,1.94524984,"Estuarine and Marine Deepwater",Digital
2087,3285,M1RF1L,24.08889946,"Estuarine and Marine Deepwater",Digital
2088,3286,M1RF1L,2.74956782,"Estuarine and Marine Deepwater",Digital
2089,3287,M1RF1L,2.95842382,"Estuarine and Marine Deepwater",Digital
2090,3288,M1RF1L,148.91692274,"Estuarine and Marine Deepwater",Digital
2091,3289,M1RF1L,11.48332805,"Estuarine and Marine Deepwater",Digital
2092,3290,M1RF1L,0.53260103,"Estuarine and Marine Deepwater",Digital
2093,3291,M1RF1L,1.16117874,"Estuarine and Marine Deepwater",Digital
2094,3292,M1RF1L,6.19776212,"Estuarine and Marine Deepwater",Digital
2095,3293,M1RF1L,0.71570973,"Estuarine and Marine Deepwater",Digital
2096,3294,M1UBLh,7.16307766,"Estuarine and Marine Deepwater",Digital
2097,3295,M1UBLh,2.66139899,"Estuarine and Marine Deepwater",Digital
2098,3296,M1UBLh,75.6317282,"Estuarine and Marine Deepwater",Digital
2099,3297,M1UBLx,0.77070089,"Estuarine and Marine Deepwater",Digital
2100,3298,M1UBLx,0.41340541,"Estuarine and Marine Deepwater",Digital
2101,3299,M1UBLx,31.0039391,"Estuarine and Marine Deepwater",Digital
2102,3300,M2ABN,0.0864301,"Estuarine and Marine Wetland",Digital
2103,3301,M2ABN,0.14741495,"Estuarine and Marine Wetland",Digital
2104,3302,M2RSPs,1.3336932,"Estuarine and Marine Wetland",Digital
2105,3303,M2US/ABN,45.01488773,"Estuarine and Marine Wetland",Digital
2106,3304,M2USM,0.11932624,"Estuarine and Marine Wetland",Digital
2107,3305,M2USM,0.24353221,"Estuarine and Marine Wetland",Digital
2108,3306,M2USM,0.09868958,"Estuarine and Marine Wetland",Digital
2109,3307,M2USN,0.22315023,"Estuarine and Marine Wetland",Digital
2110,3308,M2USN,0.06482416,"Estuarine and Marine Wetland",Digital
2111,3309,M2USN,0.16041184,"Estuarine and Marine Wetland",Digital
2112,3310,M2USN,0.51084731,"Estuarine and Marine Wetland",Digital
2113,3311,M2USN,0.06109694,"Estuarine and Marine Wetland",Digital
2114,3312,M2USN,1.12644022,"Estuarine and Marine Wetland",Digital
2115,3313,M2USN,0.32591455,"Estuarine and Marine Wetland",Digital
2116,3314,M2USN,0.02873398,"Estuarine and Marine Wetland",Digital
2117,3315,M2USN,0.09942801,"Estuarine and Marine Wetland",Digital
2118,3316,M2USN,0.32903131,"Estuarine and Marine Wetland",Digital
2119,3317,M2USN,0.55972023,"Estuarine and Marine Wetland",Digital
2120,3318,M2USN,0.02327141,"Estuarine and Marine Wetland",Digital
2121,3319,M2USN,0.10199436,"Estuarine and Marine Wetland",Digital
2122,3320,M2USN,0.40790812,"Estuarine and Marine Wetland",Digital
2123,3321,M2USN,1.08832486,"Estuarine and Marine Wetland",Digital
2124,3322,M2USN,0.05313144,"Estuarine and Marine Wetland",Digital
2125,3323,M2USN,0.02078071,"Estuarine and Marine Wetland",Digital
2126,3324,M2USN,0.33777319,"Estuarine and Marine Wetland",Digital
2127,3325,PABH,0.9615264,"Freshwater Pond",Digital
2128,3326,PABHx,1.82762171,"Freshwater Pond",Digital
2129,3327,PEM1/SS3C,0.56519921,"Freshwater Emergent Wetland",Digital
2130,3328,PEM1C,0.01337579,"Freshwater Emergent Wetland",Digital
2131,3329,PEM1C,0.18463873,"Freshwater Emergent Wetland",Digital
2132,3330,PEM1C,0.91491211,"Freshwater Emergent Wetland",Digital
2133,3331,PEM1C,0.91149344,"Freshwater Emergent Wetland",Digital
2134,3332,PEM1C,0.12985323,"Freshwater Emergent Wetland",Digital
2135,3333,PEM1C,0.40441432,"Freshwater Emergent Wetland",Digital
2136,3334,PEM1C,1.36889013,"Freshwater Emergent Wetland",Digital
2137,3335,PEM1C,0.42329597,"Freshwater Emergent Wetland",Digital
2138,3336,PEM1C,1.15099634,"Freshwater Emergent Wetland",Digital
2139,3337,PEM1C,7.87450846,"Freshwater Emergent Wetland",Digital
2140,3338,PEM1C,0.49274517,"Freshwater Emergent Wetland",Digital
2141,3339,PEM1C,1.23102032,"Freshwater Emergent Wetland",Digital
2142,3340,PEM1C,2.28148009,"Freshwater Emergent Wetland",Digital
2143,3341,PEM1C,2.32696412,"Freshwater Emergent Wetland",Digital
2144,3342,PEM1C,1.47245656,"Freshwater Emergent Wetland",Digital
2145,3343,PEM1C,7.40643608,"Freshwater Emergent Wetland",Digital
2146,3344,PEM1C,0.30294205,"Freshwater Emergent Wetland",Digital
2147,3345,PEM1C,13.14796568,"Freshwater Emergent Wetland",Digital
2148,3346,PEM1C,8.68647368,"Freshwater Emergent Wetland",Digital
2149,3347,PEM1C,0.11824037,"Freshwater Emergent Wetland",Digital
2150,3348,PEM1C,0.80998,"Freshwater Emergent Wetland",Digital
2151,3349,PEM1C,3.80360125,"Freshwater Emergent Wetland",Digital
2152,3350,PEM1C,0.48715219,"Freshwater Emergent Wetland",Digital
2153,3351,PEM1C,1.84893356,"Freshwater Emergent Wetland",Digital
2154,3352,PEM1C,0.42486631,"Freshwater Emergent Wetland",Digital
2155,3353,PEM1C,1.29226841,"Freshwater Emergent Wetland",Digital
2156,3354,PEM1C,0.82623272,"Freshwater Emergent Wetland",Digital
2157,3355,PEM1C,7.91468334,"Freshwater Emergent Wetland",Digital
2158,3356,PEM1C,6.01728475,"Freshwater Emergent Wetland",Digital
2159,3357,PEM1C,4.378344,"Freshwater Emergent Wetland",Digital
2160,3358,PEM1Ch,0.21438638,"Freshwater Emergent Wetland",Digital
2161,3359,PEM1Ch,0.08048913,"Freshwater Emergent Wetland",Digital
2162,3360,PEM1Ch,0.59739352,"Freshwater Emergent Wetland",Digital
2163,3361,PEM1Ch,0.1899379,"Freshwater Emergent Wetland",Digital
2164,3362,PEM1Ch,1.07815028,"Freshwater Emergent Wetland",Digital
2165,3363,PEM1Ch,0.39607605,"Freshwater Emergent Wetland",Digital
2166,3364,PEM1Ch,0.59601194,"Freshwater Emergent Wetland",Digital
2167,3365,PEM1Cx,0.1452298,"Freshwater Emergent Wetland",Digital
2168,3366,PEM1Cx,0.04369143,"Freshwater Emergent Wetland",Digital
2169,3367,PEM1Cx,0.56889584,"Freshwater Emergent Wetland",Digital
2170,3368,PEM1F,0.18645156,"Freshwater Emergent Wetland",Digital
2171,3369,PEM1F,166.01024062,"Freshwater Emergent Wetland",Digital
2172,3370,PEM1Fh,0.03869171,"Freshwater Emergent Wetland",Digital
2173,3371,PEM1Fh,0.03428794,"Freshwater Emergent Wetland",Digital
2174,3372,PEM1Fh,0.02651285,"Freshwater Emergent Wetland",Digital
2175,3373,PEM1Fh,0.0170289,"Freshwater Emergent Wetland",Digital
2176,3374,PEM1Fh,0.02321664,"Freshwater Emergent Wetland",Digital
2177,3375,PEM1Fh,0.02024954,"Freshwater Emergent Wetland",Digital
2178,3376,PEM1Fh,0.03057571,"Freshwater Emergent Wetland",Digital
2179,3377,PEM1Fh,0.02985741,"Freshwater Emergent Wetland",Digital
2180,3378,PEM1Fh,0.7511758,"Freshwater Emergent Wetland",Digital
2181,3379,PEM1Fh,0.31630586,"Freshwater Emergent Wetland",Digital
2182,3380,PEM1Fh,0.20096084,"Freshwater Emergent Wetland",Digital
2183,3381,PEM1Fh,0.10851727,"Freshwater Emergent Wetland",Digital
2184,3382,PEM1Fh,0.15031286,"Freshwater Emergent Wetland",Digital
2185,3383,PEM1Fh,0.27666421,"Freshwater Emergent Wetland",Digital
2186,3384,PEM1Fh,0.35700998,"Freshwater Emergent Wetland",Digital
2187,3385,PEM1Fh,0.58553507,"Freshwater Emergent Wetland",Digital
2188,3386,PEM1Fh,0.48341288,"Freshwater Emergent Wetland",Digital
2189,3387,PEM1Fh,0.15034688,"Freshwater Emergent Wetland",Digital
2190,3388,PEM1Fh,0.16006402,"Freshwater Emergent Wetland",Digital
2191,3389,PEM1Fh,0.11189414,"Freshwater Emergent Wetland",Digital
2192,3390,PEM1Fh,0.04342782,"Freshwater Emergent Wetland",Digital
2193,3391,PEM1Fh,0.05540782,"Freshwater Emergent Wetland",Digital
2194,3392,PEM1Fh,0.19710446,"Freshwater Emergent Wetland",Digital
2195,3393,PEM1Fh,0.12968959,"Freshwater Emergent Wetland",Digital
2196,3394,PEM1Fh,0.07028092,"Freshwater Emergent Wetland",Digital
2197,3395,PEM1Fh,0.15423066,"Freshwater Emergent Wetland",Digital
2198,3396,PEM1Fh,0.31921324,"Freshwater Emergent Wetland",Digital
2199,3397,PEM1Fh,0.11957443,"Freshwater Emergent Wetland",Digital
2200,3398,PEM1Fh,0.08213642,"Freshwater Emergent Wetland",Digital
2201,3399,PEM1Fh,0.13293606,"Freshwater Emergent Wetland",Digital
2202,3400,PEM1Fh,0.14029241,"Freshwater Emergent Wetland",Digital
2203,3401,PEM1Fh,0.08727482,"Freshwater Emergent Wetland",Digital
2204,3402,PEM1Fh,0.06757438,"Freshwater Emergent Wetland",Digital
2205,3403,PEM1Fh,0.03988194,"Freshwater Emergent Wetland",Digital
2206,3404,PEM1Fh,0.13438357,"Freshwater Emergent Wetland",Digital
2207,3405,PEM1Fh,0.02686673,"Freshwater Emergent Wetland",Digital
2208,3406,PEM1Fh,0.101668,"Freshwater Emergent Wetland",Digital
2209,3407,PEM1Fh,0.11839496,"Freshwater Emergent Wetland",Digital
2210,3408,PEM1Fh,0.10760765,"Freshwater Emergent Wetland",Digital
2211,3409,PEM1Fh,0.11292087,"Freshwater Emergent Wetland",Digital
2212,3410,PEM1Fh,0.06055133,"Freshwater Emergent Wetland",Digital
2213,3411,PEM1Fh,0.09738958,"Freshwater Emergent Wetland",Digital
2214,3412,PEM1Fh,0.08938639,"Freshwater Emergent Wetland",Digital
2215,3413,PEM1Fh,0.48177289,"Freshwater Emergent Wetland",Digital
2216,3414,PEM1Fh,0.55278092,"Freshwater Emergent Wetland",Digital
2217,3415,PEM1Fh,0.35757355,"Freshwater Emergent Wetland",Digital
2218,3416,PEM1Fh,0.21621401,"Freshwater Emergent Wetland",Digital
2219,3417,PEM1Fh,0.14322203,"Freshwater Emergent Wetland",Digital
2220,3418,PEM1Fh,0.25792326,"Freshwater Emergent Wetland",Digital
2221,3419,PEM1Fh,0.08533063,"Freshwater Emergent Wetland",Digital
2222,3420,PEM1Fh,0.10667275,"Freshwater Emergent Wetland",Digital
2223,3421,PEM1Fh,0.08348164,"Freshwater Emergent Wetland",Digital
2224,3422,PEM1Fh,0.23985321,"Freshwater Emergent Wetland",Digital
2225,3423,PEM1Fh,0.18700896,"Freshwater Emergent Wetland",Digital
2226,3424,PEM1Fh,0.09215294,"Freshwater Emergent Wetland",Digital
2227,3425,PEM1Fh,0.09042251,"Freshwater Emergent Wetland",Digital
2228,3426,PEM1Fh,0.0492213,"Freshwater Emergent Wetland",Digital
2229,3427,PEM1Fh,0.09243827,"Freshwater Emergent Wetland",Digital
2230,3428,PEM1Fh,0.07413108,"Freshwater Emergent Wetland",Digital
2231,3429,PEM1Fh,0.14228219,"Freshwater Emergent Wetland",Digital
2232,3430,PEM1Fh,0.06324143,"Freshwater Emergent Wetland",Digital
2233,3431,PEM1Fh,0.09179646,"Freshwater Emergent Wetland",Digital
2234,3432,PEM1Fh,0.07316981,"Freshwater Emergent Wetland",Digital
2235,3433,PEM1Fh,0.05818099,"Freshwater Emergent Wetland",Digital
2236,3434,PEM1Fh,0.14096888,"Freshwater Emergent Wetland",Digital
2237,3435,PEM1Fh,0.09423639,"Freshwater Emergent Wetland",Digital
2238,3436,PEM1Fh,1.50321869,"Freshwater Emergent Wetland",Digital
2239,3437,PEM1Fh,0.09135618,"Freshwater Emergent Wetland",Digital
2240,3438,PEM1Fh,0.14297856,"Freshwater Emergent Wetland",Digital
2241,3439,PEM1Fh,1.72096317,"Freshwater Emergent Wetland",Digital
2242,3440,PEM1Fh,0.03458514,"Freshwater Emergent Wetland",Digital
2243,3441,PEM1Fh,0.09765339,"Freshwater Emergent Wetland",Digital
2244,3442,PEM1Fh,0.18394794,"Freshwater Emergent Wetland",Digital
2245,3443,PEM1Fh,0.32722463,"Freshwater Emergent Wetland",Digital
2246,3444,PEM1Fh,1.08523449,"Freshwater Emergent Wetland",Digital
2247,3445,PEM1Fh,0.68363042,"Freshwater Emergent Wetland",Digital
2248,3446,PEM1Fh,0.65561273,"Freshwater Emergent Wetland",Digital
2249,3447,PEM1Fh,0.75231983,"Freshwater Emergent Wetland",Digital
2250,3448,PEM1Fh,0.67685743,"Freshwater Emergent Wetland",Digital
2251,3449,PEM1Fh,0.66691349,"Freshwater Emergent Wetland",Digital
2252,3450,PEM1Fh,0.83501017,"Freshwater Emergent Wetland",Digital
2253,3451,PEM1Fh,0.75623176,"Freshwater Emergent Wetland",Digital
2254,3452,PEM1Fh,0.67009163,"Freshwater Emergent Wetland",Digital
2255,3453,PEM1Fh,0.27645597,"Freshwater Emergent Wetland",Digital
2256,3454,PEM1Fh,0.48913097,"Freshwater Emergent Wetland",Digital
2257,3455,PEM1Fh,0.72165922,"Freshwater Emergent Wetland",Digital
2258,3456,PEM1Fh,0.44410625,"Freshwater Emergent Wetland",Digital
2259,3457,PEM1Fh,0.05086857,"Freshwater Emergent Wetland",Digital
2260,3458,PEM1Fh,0.34716798,"Freshwater Emergent Wetland",Digital
2261,3459,PEM1Fh,0.09755971,"Freshwater Emergent Wetland",Digital
2262,3460,PEM1Fh,0.07050676,"Freshwater Emergent Wetland",Digital
2263,3461,PEM1Fh,0.099224,"Freshwater Emergent Wetland",Digital
2264,3462,PEM1Fh,0.05453248,"Freshwater Emergent Wetland",Digital
2265,3463,PEM1Fh,0.08899425,"Freshwater Emergent Wetland",Digital
2266,3464,PEM1Fh,0.01714773,"Freshwater Emergent Wetland",Digital
2267,3465,PEM1Fh,0.04243155,"Freshwater Emergent Wetland",Digital
2268,3466,PEM1Fh,0.02058118,"Freshwater Emergent Wetland",Digital
2269,3467,PEM1Fh,0.03523471,"Freshwater Emergent Wetland",Digital
2270,3468,PEM1Fh,0.07680201,"Freshwater Emergent Wetland",Digital
2271,3469,PEM1Fh,0.08168234,"Freshwater Emergent Wetland",Digital
2272,3470,PEM1Fh,0.02593125,"Freshwater Emergent Wetland",Digital
2273,3471,PEM1Fh,0.10784257,"Freshwater Emergent Wetland",Digital
2274,3472,PEM1Fh,0.05826417,"Freshwater Emergent Wetland",Digital
2275,3473,PEM1Fh,0.06561198,"Freshwater Emergent Wetland",Digital
2276,3474,PEM1Fh,0.08759413,"Freshwater Emergent Wetland",Digital
2277,3475,PEM1Fx,8.29852264,"Freshwater Emergent Wetland",Digital
2278,3476,PEM1Fx,3.80187064,"Freshwater Emergent Wetland",Digital
2279,3477,PEM1Fx,1.83203759,"Freshwater Emergent Wetland",Digital
2280,3478,PEM1Fx,0.74153193,"Freshwater Emergent Wetland",Digital
2281,3479,PFO3A,4.96272586,"Freshwater Forested/Shrub Wetland",Digital
2282,3480,PFO3C,1.4103128,"Freshwater Forested/Shrub Wetland",Digital
2283,3481,PFO3C,7.35742013,"Freshwater Forested/Shrub Wetland",Digital
2284,3482,PFO3C,11.17946005,"Freshwater Forested/Shrub Wetland",Digital
2285,3483,PFO3C,0.70048018,"Freshwater Forested/Shrub Wetland",Digital
2286,3484,PFO3C,1.00006139,"Freshwater Forested/Shrub Wetland",Digital
2287,3485,PFO3C,4.59073141,"Freshwater Forested/Shrub Wetland",Digital
2288,3486,PFO3C,0.84774689,"Freshwater Forested/Shrub Wetland",Digital
2289,3487,PFO3C,1.06599791,"Freshwater Forested/Shrub Wetland",Digital
2290,3488,PFO3C,5.89298422,"Freshwater Forested/Shrub Wetland",Digital
2291,3489,PFO3C,14.90591601,"Freshwater Forested/Shrub Wetland",Digital
2292,3490,PFO3C,1.34265836,"Freshwater Forested/Shrub Wetland",Digital
2293,3491,PFO3C,3.61583491,"Freshwater Forested/Shrub Wetland",Digital
2294,3492,PFO3C,0.75974128,"Freshwater Forested/Shrub Wetland",Digital
2295,3493,PFO3C,4.14033708,"Freshwater Forested/Shrub Wetland",Digital
2296,3494,PFO3C,13.96141174,"Freshwater Forested/Shrub Wetland",Digital
2297,3495,PFO3C,4.78764423,"Freshwater Forested/Shrub Wetland",Digital
2298,3496,PFO3C,13.73588035,"Freshwater Forested/Shrub Wetland",Digital
2299,3497,PFO3C,0.14693112,"Freshwater Forested/Shrub Wetland",Digital
2300,3498,PFO3C,1.28991814,"Freshwater Forested/Shrub Wetland",Digital
2301,3499,PFO3C,0.6545686,"Freshwater Forested/Shrub Wetland",Digital
2302,3500,PFO3C,0.54492227,"Freshwater Forested/Shrub Wetland",Digital
2303,3501,PFO3C,0.35535537,"Freshwater Forested/Shrub Wetland",Digital
2304,3502,PFO3C,11.35276065,"Freshwater Forested/Shrub Wetland",Digital
2305,3503,PFO3C,0.10515299,"Freshwater Forested/Shrub Wetland",Digital
2306,3504,PFO3C,3.54559386,"Freshwater Forested/Shrub Wetland",Digital
2307,3505,PFO3C,0.38905499,"Freshwater Forested/Shrub Wetland",Digital
2308,3506,PFO3C,0.14723688,"Freshwater Forested/Shrub Wetland",Digital
2309,3507,PFO3C,4.61618701,"Freshwater Forested/Shrub Wetland",Digital
2310,3508,PFO3C,0.59899679,"Freshwater Forested/Shrub Wetland",Digital
2311,3509,PFO3C,5.74408459,"Freshwater Forested/Shrub Wetland",Digital
2312,3510,PFO3C,1.00294083,"Freshwater Forested/Shrub Wetland",Digital
2313,3511,PFO3C,3.6776993,"Freshwater Forested/Shrub Wetland",Digital
2314,3512,PFO3C,3.15747432,"Freshwater Forested/Shrub Wetland",Digital
2315,3513,PFO3C,4.17242214,"Freshwater Forested/Shrub Wetland",Digital
2316,3514,PFO3C,3.69444856,"Freshwater Forested/Shrub Wetland",Digital
2317,3515,PFO3C,5.09326319,"Freshwater Forested/Shrub Wetland",Digital
2318,3516,PFO3C,4.59560416,"Freshwater Forested/Shrub Wetland",Digital
2319,3517,PFO3C,16.83288469,"Freshwater Forested/Shrub Wetland",Digital
2320,3518,PFO3Cx,0.08956157,"Freshwater Forested/Shrub Wetland",Digital
2321,3519,PSS3C,0.24084961,"Freshwater Forested/Shrub Wetland",Digital
2322,3520,PSS3C,0.30075653,"Freshwater Forested/Shrub Wetland",Digital
2323,3521,PSS3C,0.04875644,"Freshwater Forested/Shrub Wetland",Digital
2324,3522,PSS3C,0.07555759,"Freshwater Forested/Shrub Wetland",Digital
2325,3523,PSS3C,0.15164661,"Freshwater Forested/Shrub Wetland",Digital
2326,3524,PSS3C,0.30787627,"Freshwater Forested/Shrub Wetland",Digital
2327,3525,PSS3C,0.8029657,"Freshwater Forested/Shrub Wetland",Digital
2328,3526,PSS3C,0.87754978,"Freshwater Forested/Shrub Wetland",Digital
2329,3527,PSS3C,0.5631573,"Freshwater Forested/Shrub Wetland",Digital
2330,3528,PSS3C,0.06645755,"Freshwater Forested/Shrub Wetland",Digital
2331,3529,PSS3C,0.40256214,"Freshwater Forested/Shrub Wetland",Digital
2332,3530,PSS3C,0.86743993,"Freshwater Forested/Shrub Wetland",Digital
2333,3531,PSS3C,4.82866275,"Freshwater Forested/Shrub Wetland",Digital
2334,3532,PSS3C,0.62795336,"Freshwater Forested/Shrub Wetland",Digital
2335,3533,PSS3C,4.47965464,"Freshwater Forested/Shrub Wetland",Digital
2336,3534,PSS3C,1.06758944,"Freshwater Forested/Shrub Wetland",Digital
2337,3535,PSS3C,0.90840943,"Freshwater Forested/Shrub Wetland",Digital
2338,3536,PSS3C,1.39143676,"Freshwater Forested/Shrub Wetland",Digital
2339,3537,PSS3C,0.68951442,"Freshwater Forested/Shrub Wetland",Digital
2340,3538,PSS3C,1.81761161,"Freshwater Forested/Shrub Wetland",Digital
2341,3539,PSS3C,0.98240405,"Freshwater Forested/Shrub Wetland",Digital
2342,3540,PSS3C,0.51993601,"Freshwater Forested/Shrub Wetland",Digital
2343,3541,PSS3C,0.12964559,"Freshwater Forested/Shrub Wetland",Digital
2344,3542,PSS3C,5.70434584,"Freshwater Forested/Shrub Wetland",Digital
2345,3543,PSS3C,9.57059831,"Freshwater Forested/Shrub Wetland",Digital
2346,3544,PSSCh,1.16561941,"Freshwater Forested/Shrub Wetland",Digital
2347,3545,PUBF,0.01329626,"Freshwater Pond",Digital
2348,3546,PUBF,0.30491057,"Freshwater Pond",Digital
2349,3547,PUBH,0.03218604,"Freshwater Pond",Digital
2350,3548,PUBH,0.03159078,"Freshwater Pond",Digital
2351,3549,PUBH,1.95425269,"Freshwater Pond",Digital
2352,3550,PUBH,0.49673127,"Freshwater Pond",Digital
2353,3551,PUBHh,0.23472525,"Freshwater Pond",Digital
2354,3552,PUBHh,1.09524292,"Freshwater Pond",Digital
2355,3553,PUBHx,0.05022039,"Freshwater Pond",Digital
2356,3554,PUBHx,1.72754242,"Freshwater Pond",Digital
2357,3555,PUBHx,0.09093052,"Freshwater Pond",Digital
2358,3556,PUBHx,0.09595261,"Freshwater Pond",Digital
2359,3557,PUBHx,0.1182749,"Freshwater Pond",Digital
2360,3558,PUBHx,0.02644217,"Freshwater Pond",Digital
2361,3559,PUBHx,0.01034032,"Freshwater Pond",Digital
2362,3560,PUBHx,0.31783275,"Freshwater Pond",Digital
2363,3561,PUBHx,0.24740965,"Freshwater Pond",Digital
2364,3562,PUBHx,13.75567151,"Freshwater Pond",Digital
2365,3563,PUBHx,0.1836204,"Freshwater Pond",Digital
2366,3564,PUBHx,1.09667559,"Freshwater Pond",Digital
2367,3565,PUBHx,0.06586039,"Freshwater Pond",Digital
2368,3566,PUBHx,1.11381431,"Freshwater Pond",Digital
2369,3567,PUBHx,0.41953494,"Freshwater Pond",Digital
2370,3568,PUBHx,0.23963595,"Freshwater Pond",Digital
2371,3569,PUBHx,0.48447896,"Freshwater Pond",Digital
2372,3570,PUBHx,0.31172292,"Freshwater Pond",Digital
2373,3571,PUBHx,0.08778431,"Freshwater Pond",Digital
2374,3572,PUBHx,0.2813992,"Freshwater Pond",Digital
2375,3573,PUSCh,0.28176517,"Freshwater Pond",Digital
2376,3574,PUSCx,0.20706927,"Freshwater Pond",Digital
2377,3575,PUSCx,0.10899839,"Freshwater Pond",Digital
2378,3576,R2USCx,2.01303913,"Riverine",Digital
2379,3577,R4SBC,0.13125263,"Riverine",Digital
2380,3578,R4SBC,1.12470054,"Riverine",Digital
2381,3579,R4SBC,0.09330188,"Riverine",Digital
2382,3580,R4SBC,0.14341204,"Riverine",Digital
2383,3581,R4SBC,0.57778552,"Riverine",Digital
2384,3582,R4SBC,1.65360222,"Riverine",Digital
2385,3583,R4SBC,0.34048214,"Riverine",Digital
2386,3584,R4SBC,0.09591317,"Riverine",Digital
2387,3585,R4SBC,0.30578137,"Riverine",Digital
2388,3586,R4SBC,0.38009942,"Riverine",Digital
2389,3587,R4SBC,0.27991851,"Riverine",Digital
2390,3588,R4SBC,0.24260778,"Riverine",Digital
2391,3589,R4SBC,0.7980647,"Riverine",Digital
2392,3590,R4SBCx,0.12317168,"Riverine",Digital
2393,3591,R4SBCx,0.80999544,"Riverine",Digital
2394,3592,R4SBCx,0.10782748,"Riverine",Digital
2395,3593,R4SBCx,0.10021012,"Riverine",Digital
2396,3594,R4SBCx,0.17264891,"Riverine",Digital
2397,3595,R4SBCx,0.05477461,"Riverine",Digital
2398,3596,R4SBCx,0.51370502,"Riverine",Digital
2399,3597,R5UBFx,0.15341352,"Riverine",Digital
2400,3598,R5UBFx,0.22347618,"Riverine",Digital
2401,3599,R5UBFx,0.28242479,"Riverine",Digital
2402,3600,R5UBFx,0.88714502,"Riverine",Digital
2403,3601,R5UBH,0.35239981,"Riverine",Digital
2404,3602,R5UBH,0.38880723,"Riverine",Digital
2405,3603,R5UBH,0.290491,"Riverine",Digital
2406,3604,R5UBH,0.30768125,"Riverine",Digital
2407,3605,R5UBH,0.11342448,"Riverine",Digital
2408,3606,R5UBH,0.20256486,"Riverine",Digital
2409,3607,R5UBH,0.30530324,"Riverine",Digital
2410,3608,R5UBH,1.17072861,"Riverine",Digital
2411,3609,R5UBH,0.26594904,"Riverine",Digital
2412,3610,R5UBH,0.12783506,"Riverine",Digital
2413,3611,R5UBH,0.05416018,"Riverine",Digital
2414,3612,R5UBH,0.50191398,"Riverine",Digital
2415,3613,R5UBH,1.44114487,"Riverine",Digital
2416,3614,R5UBH,0.41387705,"Riverine",Digital
2417,3615,R5UBH,0.90441127,"Riverine",Digital
2418,3616,R5UBH,0.59564108,"Riverine",Digital
2419,3617,R5UBH,0.31199484,"Riverine",Digital
2420,3618,R5UBH,0.25268516,"Riverine",Digital
2421,3619,R5UBH,0.32090503,"Riverine",Digital
2422,3620,R5UBH,0.26370498,"Riverine",Digital
2423,3621,R5UBH,0.18271381,"Riverine",Digital
2424,3622,R5UBH,0.02639952,"Riverine",Digital
2425,3623,R5UBH,0.5554905,"Riverine",Digital
2426,3624,R5UBH,0.29311583,"Riverine",Digital
2427,3625,R5UBH,0.33670462,"Riverine",Digital
2428,3626,R5UBH,0.30323167,"Riverine",Digital
2429,3627,R5UBH,0.30751125,"Riverine",Digital
2430,3628,R5UBH,0.38287581,"Riverine",Digital
2431,3629,R5UBH,0.01799487,"Riverine",Digital
2432,3630,R5UBH,0.50946475,"Riverine",Digital
2433,3631,R5UBH,0.22933704,"Riverine",Digital
2434,3632,R5UBH,0.81432038,"Riverine",Digital
2435,3633,R5UBH,0.04902435,"Riverine",Digital
2436,3634,R5UBH,0.42674979,"Riverine",Digital
2437,3635,R5UBH,0.19838341,"Riverine",Digital
2438,3636,R5UBH,0.19725677,"Riverine",Digital
2439,3637,R5UBH,0.20259143,"Riverine",Digital
2440,3638,R5UBH,0.20802616,"Riverine",Digital
2441,3639,R5UBH,1.32109745,"Riverine",Digital
2442,3640,R5UBH,0.18423806,"Riverine",Digital
2443,3641,R5UBH,0.2563775,"Riverine",Digital
2444,3642,R5UBH,0.34873571,"Riverine",Digital
2445,3643,R2UBH,8.21542955,"Riverine",Digital
2446,3644,R2UBH,0.70411099,"Riverine",Digital
2447,3645,R2UBH,0.64075116,"Riverine",Digital
2448,3646,R2UBHx,0.91993099,"Riverine",Digital
2449,3647,R2UBHx,2.15086073,"Riverine",Digital
2450,3648,R2UBHx,0.38021491,"Riverine",Digital
2451,3649,R2UBHx,3.10271668,"Riverine",Digital
2452,3650,R2UBHx,7.57022835,"Riverine",Digital
2453,3651,R3UBH,0.36858157,"Riverine",Digital
2454,3652,R3UBH,0.94576987,"Riverine",Digital
2455,3653,R3UBH,1.4913514,"Riverine",Digital
2456,3654,R3UBH,2.36642078,"Riverine",Digital
2457,3655,R3UBH,6.73921306,"Riverine",Digital
2458,3656,R3UBH,2.61395823,"Riverine",Digital
2459,3657,R3UBHx,4.63488643,"Riverine",Digital
2460,3658,R3UBHx,0.13839728,"Riverine",Digital
2461,4167,E1ABLx,2.62100909,"Estuarine and Marine Deepwater",Digital
2462,4168,E1UBL,0.24509781,"Estuarine and Marine Deepwater",Digital
2463,4169,E1UBL,0.11647365,"Estuarine and Marine Deepwater",Digital
2464,4170,E1UBL,1.0844897,"Estuarine and Marine Deepwater",Digital
2465,4171,E1UBL,0.15257343,"Estuarine and Marine Deepwater",Digital
2466,4172,E1UBL,0.19187084,"Estuarine and Marine Deepwater",Digital
2467,4173,E1UBL,0.57816971,"Estuarine and Marine Deepwater",Digital
2468,4174,E1UBLx,0.02977221,"Estuarine and Marine Deepwater",Digital
2469,4175,E1UBLx,1.33305437,"Estuarine and Marine Deepwater",Digital
2470,4176,E1UBLx,1.66718767,"Estuarine and Marine Deepwater",Digital
2471,4177,E1UBLx,1.46522717,"Estuarine and Marine Deepwater",Digital
2472,4178,E1UBLx,1.72408165,"Estuarine and Marine Deepwater",Digital
2473,4179,E1UBLx,2.47966565,"Estuarine and Marine Deepwater",Digital
2474,4180,E2EM1N,0.36939258,"Estuarine and Marine Wetland",Digital
2475,4181,E2EM1N,0.18195721,"Estuarine and Marine Wetland",Digital
2476,4182,E2EM1N,2.78642815,"Estuarine and Marine Wetland",Digital
2477,4183,E2EM1Nx,0.65530656,"Estuarine and Marine Wetland",Digital
2478,4184,E2EM1Nx,0.70889781,"Estuarine and Marine Wetland",Digital
2479,4185,E2EM1P,0.09473471,"Estuarine and Marine Wetland",Digital
2480,4186,E2FO3N,4.80582545,"Estuarine and Marine Wetland",Digital
2481,4187,E2FO3N,4.69078567,"Estuarine and Marine Wetland",Digital
2482,4188,E2SS1Ps,0.81772538,"Estuarine and Marine Wetland",Digital
2483,4189,E2SS3N,0.46687897,"Estuarine and Marine Wetland",Digital
2484,4190,E2SS3N,2.24392625,"Estuarine and Marine Wetland",Digital
2485,4191,E2SS3N,0.15452828,"Estuarine and Marine Wetland",Digital
2486,4192,E2SS3N,1.65667288,"Estuarine and Marine Wetland",Digital
2487,4193,E2SS3N,0.06069176,"Estuarine and Marine Wetland",Digital
2488,4194,E2SS3N,0.53365454,"Estuarine and Marine Wetland",Digital
2489,4195,E2SS3N,0.54470426,"Estuarine and Marine Wetland",Digital
2490,4196,E2SS3N,0.04696054,"Estuarine and Marine Wetland",Digital
2491,4197,E2SS3N,0.0534978,"Estuarine and Marine Wetland",Digital
2492,4198,E2SS3N,1.37598962,"Estuarine and Marine Wetland",Digital
2493,4199,E2SS3P,0.0810915,"Estuarine and Marine Wetland",Digital
2494,4200,E2SS3Ps,1.56707782,"Estuarine and Marine Wetland",Digital
2495,4201,E2USN,0.05729736,"Estuarine and Marine Wetland",Digital
2496,4202,E2USN,0.24854418,"Estuarine and Marine Wetland",Digital
2497,4203,E2USN,0.27786832,"Estuarine and Marine Wetland",Digital
2498,4204,E2USN,0.22123402,"Estuarine and Marine Wetland",Digital
2499,4205,E2USN,0.88133662,"Estuarine and Marine Wetland",Digital
2500,4206,E2USNx,0.50441402,"Estuarine and Marine Wetland",Digital
2501,4207,E2USNx,0.86539248,"Estuarine and Marine Wetland",Digital
2502,4208,E2USP,0.05817079,"Estuarine and Marine Wetland",Digital
2503,4209,M1ABL,6.71014992,"Estuarine and Marine Deepwater",Digital
2504,4210,M1ABL,0.74569098,"Estuarine and Marine Deepwater",Digital
2505,4211,M1RF1L,5.93281304,"Estuarine and Marine Deepwater",Digital
2506,4212,M1RF1L,89.66109665,"Estuarine and Marine Deepwater",Digital
2507,4213,M1UBL,2.37534224,"Estuarine and Marine Deepwater",Digital
2508,4214,M1UBL,23.28370024,"Estuarine and Marine Deepwater",Digital
2509,4215,M1UBL,1.93526383,"Estuarine and Marine Deepwater",Digital
2510,4216,M1UBL,29.04010555,"Estuarine and Marine Deepwater",Digital
2511,4217,M2ABN,0.48854393,"Estuarine and Marine Wetland",Digital
2512,4218,M2RS/ABN,0.21954753,"Estuarine and Marine Wetland",Digital
2513,4219,M2RS/ABN,0.01513837,"Estuarine and Marine Wetland",Digital
2514,4220,M2RS/ABN,0.60739122,"Estuarine and Marine Wetland",Digital
2515,4221,M2RS/ABN,0.44014355,"Estuarine and Marine Wetland",Digital
2516,4222,M2RS/ABN,1.16207734,"Estuarine and Marine Wetland",Digital
2517,4223,M2RS/ABN,0.08265278,"Estuarine and Marine Wetland",Digital
2518,4224,M2RS/ABN,0.50507883,"Estuarine and Marine Wetland",Digital
2519,4225,M2RS/ABN,4.97988309,"Estuarine and Marine Wetland",Digital
2520,4226,M2RS/ABN,4.12982599,"Estuarine and Marine Wetland",Digital
2521,4227,M2RS/ABN,0.11510482,"Estuarine and Marine Wetland",Digital
2522,4228,M2RS/ABN,0.34748223,"Estuarine and Marine Wetland",Digital
2523,4229,M2RS/ABN,0.216191,"Estuarine and Marine Wetland",Digital
2524,4230,M2RS/ABN,0.13671826,"Estuarine and Marine Wetland",Digital
2525,4231,M2RS/ABN,9.06758309,"Estuarine and Marine Wetland",Digital
2526,4232,M2RS/ABN,9.64807939,"Estuarine and Marine Wetland",Digital
2527,4233,M2RS/ABN,4.53349164,"Estuarine and Marine Wetland",Digital
2528,4234,M2RS/ABN,0.14086298,"Estuarine and Marine Wetland",Digital
2529,4235,M2RS/ABN,0.38701844,"Estuarine and Marine Wetland",Digital
2530,4236,M2RS/ABN,1.65154593,"Estuarine and Marine Wetland",Digital
2531,4237,M2RS/ABN,0.18085559,"Estuarine and Marine Wetland",Digital
2532,4238,M2RS/ABN,0.0317499,"Estuarine and Marine Wetland",Digital
2533,4239,M2RS/ABN,0.06875989,"Estuarine and Marine Wetland",Digital
2534,4240,M2RSN,0.03329495,"Estuarine and Marine Wetland",Digital
2535,4241,M2RSN,2.69588426,"Estuarine and Marine Wetland",Digital
2536,4242,M2RSN,0.07720456,"Estuarine and Marine Wetland",Digital
2537,4243,M2RSN,3.16951516,"Estuarine and Marine Wetland",Digital
2538,4244,M2RSN,5.99606703,"Estuarine and Marine Wetland",Digital
2539,4245,M2RSN,0.31910974,"Estuarine and Marine Wetland",Digital
2540,4246,M2RSN,5.69921214,"Estuarine and Marine Wetland",Digital
2541,4247,M2RSN,4.71308761,"Estuarine and Marine Wetland",Digital
2542,4248,M2RSN,0.0596271,"Estuarine and Marine Wetland",Digital
2543,4249,M2RSN,0.56121938,"Estuarine and Marine Wetland",Digital
2544,4250,M2RSN,0.19405129,"Estuarine and Marine Wetland",Digital
2545,4251,M2RSN,6.32970085,"Estuarine and Marine Wetland",Digital
2546,4252,M2RSN,0.44607192,"Estuarine and Marine Wetland",Digital
2547,4253,M2RSN,1.71959807,"Estuarine and Marine Wetland",Digital
2548,4254,M2RSNx,0.04989357,"Estuarine and Marine Wetland",Digital
2549,4255,M2RSNx,0.08755757,"Estuarine and Marine Wetland",Digital
2550,4256,M2RSNx,0.22063328,"Estuarine and Marine Wetland",Digital
2551,4257,M2RSP,0.05559625,"Estuarine and Marine Wetland",Digital
2552,4258,M2RSPs,0.1211484,"Estuarine and Marine Wetland",Digital
2553,4259,M2RSPs,0.25898765,"Estuarine and Marine Wetland",Digital
2554,4260,M2USN,0.79052606,"Estuarine and Marine Wetland",Digital
2555,4261,M2USN,1.72152163,"Estuarine and Marine Wetland",Digital
2556,4262,M2USN,0.36243034,"Estuarine and Marine Wetland",Digital
2557,4263,M2USN,1.3126094,"Estuarine and Marine Wetland",Digital
2558,4264,M2USN,0.03662854,"Estuarine and Marine Wetland",Digital
2559,4265,M2USN,1.53518619,"Estuarine and Marine Wetland",Digital
2560,4266,M2USN,0.63677096,"Estuarine and Marine Wetland",Digital
2561,4267,M2USN,1.92568171,"Estuarine and Marine Wetland",Digital
2562,4268,M2USN,1.13764317,"Estuarine and Marine Wetland",Digital
2563,4269,M2USN,0.04410411,"Estuarine and Marine Wetland",Digital
2564,4270,M2USN,0.06740995,"Estuarine and Marine Wetland",Digital
2565,4271,M2USN,2.44398382,"Estuarine and Marine Wetland",Digital
2566,4272,M2USN,0.51241639,"Estuarine and Marine Wetland",Digital
2567,4273,M2USN,1.41409657,"Estuarine and Marine Wetland",Digital
2568,4274,M2USN,0.60952548,"Estuarine and Marine Wetland",Digital
2569,4275,M2USN,2.86596234,"Estuarine and Marine Wetland",Digital
2570,4276,M2USN,1.00929771,"Estuarine and Marine Wetland",Digital
2571,4277,M2USN,0.32860378,"Estuarine and Marine Wetland",Digital
2572,4278,M2USN,0.07331706,"Estuarine and Marine Wetland",Digital
2573,4279,M2USN,1.47354848,"Estuarine and Marine Wetland",Digital
2574,4280,M2USN,0.6303882,"Estuarine and Marine Wetland",Digital
2575,4281,M2USN,2.72282899,"Estuarine and Marine Wetland",Digital
2576,4282,M2USN,0.27771651,"Estuarine and Marine Wetland",Digital
2577,4283,M2USN,2.30686567,"Estuarine and Marine Wetland",Digital
2578,4284,M2USN,0.5371541,"Estuarine and Marine Wetland",Digital
2579,4285,M2USN,0.34470999,"Estuarine and Marine Wetland",Digital
2580,4286,M2USN,0.5561418,"Estuarine and Marine Wetland",Digital
2581,4287,M2USN,1.01633439,"Estuarine and Marine Wetland",Digital
2582,4288,M2USN,0.59835402,"Estuarine and Marine Wetland",Digital
2583,4289,M2USP,0.02042403,"Estuarine and Marine Wetland",Digital
2584,4290,M2USP,0.11467064,"Estuarine and Marine Wetland",Digital
2585,4291,M2USP,3.80243148,"Estuarine and Marine Wetland",Digital
2586,4292,M2USP,0.47777069,"Estuarine and Marine Wetland",Digital
2587,4293,M2USP,29.09339735,"Estuarine and Marine Wetland",Digital
2588,4294,M2USP,13.51236073,"Estuarine and Marine Wetland",Digital
2589,4295,PAB1Hx,0.07423683,"Freshwater Pond",Digital
2590,4296,PABF,0.0122961,"Freshwater Pond",Digital
2591,4297,PABHh,0.33312895,"Freshwater Pond",Digital
2592,4298,PABHx,0.19554122,"Freshwater Pond",Digital
2593,4299,PABHx,0.32742358,"Freshwater Pond",Digital
2594,4300,PABHx,0.72046616,"Freshwater Pond",Digital
2595,4301,PABHx,1.1770253,"Freshwater Pond",Digital
2596,4302,PABHx,0.04607537,"Freshwater Pond",Digital
2597,4303,PABHx,0.19572457,"Freshwater Pond",Digital
2598,4304,PABHx,0.13611459,"Freshwater Pond",Digital
2599,4305,PEM1/SS3C,0.16439041,"Freshwater Emergent Wetland",Digital
2600,4306,PEM1/SS3C,0.90743275,"Freshwater Emergent Wetland",Digital
2601,4307,PEM1/SS3C,1.45333749,"Freshwater Emergent Wetland",Digital
2602,4308,PEM1/SS3C,4.56293328,"Freshwater Emergent Wetland",Digital
2603,4309,PEM1A,0.11209244,"Freshwater Emergent Wetland",Digital
2604,4310,PEM1Ax,0.28404659,"Freshwater Emergent Wetland",Digital
2605,4311,PEM1B,0.09773489,"Freshwater Emergent Wetland",Digital
2606,4312,PEM1B,0.71995944,"Freshwater Emergent Wetland",Digital
2607,4313,PEM1B,0.1525029,"Freshwater Emergent Wetland",Digital
2608,4314,PEM1B,0.25194142,"Freshwater Emergent Wetland",Digital
2609,4315,PEM1C,0.04674988,"Freshwater Emergent Wetland",Digital
2610,4316,PEM1C,0.01490608,"Freshwater Emergent Wetland",Digital
2611,4317,PEM1C,0.09131233,"Freshwater Emergent Wetland",Digital
2612,4318,PEM1C,0.13242464,"Freshwater Emergent Wetland",Digital
2613,4319,PEM1C,0.18677687,"Freshwater Emergent Wetland",Digital
2614,4320,PEM1C,0.07237883,"Freshwater Emergent Wetland",Digital
2615,4321,PEM1C,0.14903902,"Freshwater Emergent Wetland",Digital
2616,4322,PEM1C,1.09333077,"Freshwater Emergent Wetland",Digital
2617,4323,PEM1C,0.16074778,"Freshwater Emergent Wetland",Digital
2618,4324,PEM1C,0.05244817,"Freshwater Emergent Wetland",Digital
2619,4325,PEM1C,0.08280815,"Freshwater Emergent Wetland",Digital
2620,4326,PEM1C,0.20972031,"Freshwater Emergent Wetland",Digital
2621,4327,PEM1C,0.05065077,"Freshwater Emergent Wetland",Digital
2622,4328,PEM1C,0.48454436,"Freshwater Emergent Wetland",Digital
2623,4329,PEM1C,0.17436443,"Freshwater Emergent Wetland",Digital
2624,4330,PEM1C,0.05552383,"Freshwater Emergent Wetland",Digital
2625,4331,PEM1C,0.25394374,"Freshwater Emergent Wetland",Digital
2626,4332,PEM1C,0.08678312,"Freshwater Emergent Wetland",Digital
2627,4333,PEM1C,0.20439727,"Freshwater Emergent Wetland",Digital
2628,4334,PEM1C,0.75526973,"Freshwater Emergent Wetland",Digital
2629,4335,PEM1C,6.64323912,"Freshwater Emergent Wetland",Digital
2630,4336,PEM1Ch,0.15552999,"Freshwater Emergent Wetland",Digital
2631,4337,PEM1Cx,0.12613456,"Freshwater Emergent Wetland",Digital
2632,4338,PEM1Cx,0.73532621,"Freshwater Emergent Wetland",Digital
2633,4339,PEM1Cx,0.29363864,"Freshwater Emergent Wetland",Digital
2634,4340,PEM1Cx,0.12402171,"Freshwater Emergent Wetland",Digital
2635,4341,PEM1Cx,0.27258377,"Freshwater Emergent Wetland",Digital
2636,4342,PEM1Cx,0.21090732,"Freshwater Emergent Wetland",Digital
2637,4343,PEM1Cx,0.48980242,"Freshwater Emergent Wetland",Digital
2638,4344,PEM1Cx,0.07339465,"Freshwater Emergent Wetland",Digital
2639,4345,PEM1Cx,0.10773622,"Freshwater Emergent Wetland",Digital
2640,4346,PEM1F,20.73970209,"Freshwater Emergent Wetland",Digital
2641,4347,PEM1F,4.44337497,"Freshwater Emergent Wetland",Digital
2642,4348,PEM1Fh,2.64208926,"Freshwater Emergent Wetland",Digital
2643,4349,PEM1Fh,0.12036378,"Freshwater Emergent Wetland",Digital
2644,4350,PEM1Fh,1.90109235,"Freshwater Emergent Wetland",Digital
2645,4351,PEM1Fx,0.24182878,"Freshwater Emergent Wetland",Digital
2646,4352,PEM1Fx,0.50691184,"Freshwater Emergent Wetland",Digital
2647,4353,PEM1Fx,2.61237707,"Freshwater Emergent Wetland",Digital
2648,4354,PEM1Fx,0.00614444,"Freshwater Emergent Wetland",Digital
2649,4355,PEM1Fx,0.01682007,"Freshwater Emergent Wetland",Digital
2650,4356,PEM1Fx,1.34508428,"Freshwater Emergent Wetland",Digital
2651,4357,PEM1Fx,0.32516813,"Freshwater Emergent Wetland",Digital
2652,4358,PEM1Fh,29.94722347,"Freshwater Emergent Wetland",Digital
2653,4359,PEM1Fh,6.33489244,"Freshwater Emergent Wetland",Digital
2654,4360,PEM1Fh,2.13584803,"Freshwater Emergent Wetland",Digital
2655,4361,PEM1Fh,1.80672654,"Freshwater Emergent Wetland",Digital
2656,4362,PEM1Fh,3.94461946,"Freshwater Emergent Wetland",Digital
2657,4363,PFO1C,0.41802479,"Freshwater Forested/Shrub Wetland",Digital
2658,4364,PFO1C,5.98744805,"Freshwater Forested/Shrub Wetland",Digital
2659,4365,PFO3/EM1C,0.26966282,"Freshwater Forested/Shrub Wetland",Digital
2660,4366,PFO3A,1.59832653,"Freshwater Forested/Shrub Wetland",Digital
2661,4367,PFO3A,1.30807366,"Freshwater Forested/Shrub Wetland",Digital
2662,4368,PFO3C,3.51752468,"Freshwater Forested/Shrub Wetland",Digital
2663,4369,PFO3C,3.0872464,"Freshwater Forested/Shrub Wetland",Digital
2664,4370,PFO3C,5.19488197,"Freshwater Forested/Shrub Wetland",Digital
2665,4371,PFO3C,7.19042416,"Freshwater Forested/Shrub Wetland",Digital
2666,4372,PFO3C,5.67690224,"Freshwater Forested/Shrub Wetland",Digital
2667,4373,PFO3C,11.8744503,"Freshwater Forested/Shrub Wetland",Digital
2668,4374,PFO3C,6.71650024,"Freshwater Forested/Shrub Wetland",Digital
2669,4375,PFO3C,7.87797935,"Freshwater Forested/Shrub Wetland",Digital
2670,4376,PFO3C,8.22417996,"Freshwater Forested/Shrub Wetland",Digital
2671,4377,PFO3C,3.97758795,"Freshwater Forested/Shrub Wetland",Digital
2672,4378,PFO3C,0.64311925,"Freshwater Forested/Shrub Wetland",Digital
2673,4379,PFO3C,0.20767093,"Freshwater Forested/Shrub Wetland",Digital
2674,4380,PFO3C,1.08339363,"Freshwater Forested/Shrub Wetland",Digital
2675,4381,PFO3C,2.72610305,"Freshwater Forested/Shrub Wetland",Digital
2676,4382,PFO3C,6.28486718,"Freshwater Forested/Shrub Wetland",Digital
2677,4383,PFO3C,0.54731018,"Freshwater Forested/Shrub Wetland",Digital
2678,4384,PFO3C,4.32046132,"Freshwater Forested/Shrub Wetland",Digital
2679,4385,PFO3C,2.51373215,"Freshwater Forested/Shrub Wetland",Digital
2680,4386,PFO3C,1.79338357,"Freshwater Forested/Shrub Wetland",Digital
2681,4387,PFO3C,0.78369062,"Freshwater Forested/Shrub Wetland",Digital
2682,4388,PFO3C,8.29796793,"Freshwater Forested/Shrub Wetland",Digital
2683,4389,PFO3C,0.05800349,"Freshwater Forested/Shrub Wetland",Digital
2684,4390,PFO3C,1.04130714,"Freshwater Forested/Shrub Wetland",Digital
2685,4391,PFO3C,0.40185651,"Freshwater Forested/Shrub Wetland",Digital
2686,4392,PFO3C,0.19217319,"Freshwater Forested/Shrub Wetland",Digital
2687,4393,PFO3C,2.16320588,"Freshwater Forested/Shrub Wetland",Digital
2688,4394,PFO3C,0.20444112,"Freshwater Forested/Shrub Wetland",Digital
2689,4395,PFO3C,1.09136216,"Freshwater Forested/Shrub Wetland",Digital
2690,4396,PFO3C,0.16577506,"Freshwater Forested/Shrub Wetland",Digital
2691,4397,PFO3C,1.3184635,"Freshwater Forested/Shrub Wetland",Digital
2692,4398,PFO3C,19.92377503,"Freshwater Forested/Shrub Wetland",Digital
2693,4399,PFO3C,0.15005363,"Freshwater Forested/Shrub Wetland",Digital
2694,4400,PFO3Ch,0.36285308,"Freshwater Forested/Shrub Wetland",Digital
2695,4401,PFO3Ch,1.67031557,"Freshwater Forested/Shrub Wetland",Digital
2696,4402,PFO3Cx,1.26250643,"Freshwater Forested/Shrub Wetland",Digital
2697,4403,PFO3Cx,2.27498288,"Freshwater Forested/Shrub Wetland",Digital
2698,4404,PFO3Cx,0.4190548,"Freshwater Forested/Shrub Wetland",Digital
2699,4405,PFO3Cx,0.29755555,"Freshwater Forested/Shrub Wetland",Digital
2700,4406,PSS1C,1.70832965,"Freshwater Forested/Shrub Wetland",Digital
2701,4407,PSS1C,1.65379703,"Freshwater Forested/Shrub Wetland",Digital
2702,4408,PSS1C,0.83474757,"Freshwater Forested/Shrub Wetland",Digital
2703,4409,PSS1C,0.56743861,"Freshwater Forested/Shrub Wetland",Digital
2704,4410,PSS1Ch,2.03622958,"Freshwater Forested/Shrub Wetland",Digital
2705,4411,PSS3/EM1C,1.33655791,"Freshwater Forested/Shrub Wetland",Digital
2706,4412,PSS3/EM1C,2.40843663,"Freshwater Forested/Shrub Wetland",Digital
2707,4413,PSS3A,2.07992945,"Freshwater Forested/Shrub Wetland",Digital
2708,4414,PSS3A,0.06263862,"Freshwater Forested/Shrub Wetland",Digital
2709,4415,PSS3B,0.17301118,"Freshwater Forested/Shrub Wetland",Digital
2710,4416,PSS3B,0.29567249,"Freshwater Forested/Shrub Wetland",Digital
2711,4417,PSS3C,1.06790829,"Freshwater Forested/Shrub Wetland",Digital
2712,4418,PSS3C,1.13743951,"Freshwater Forested/Shrub Wetland",Digital
2713,4419,PSS3C,1.15510577,"Freshwater Forested/Shrub Wetland",Digital
2714,4420,PSS3C,0.90528131,"Freshwater Forested/Shrub Wetland",Digital
2715,4421,PSS3C,0.91721938,"Freshwater Forested/Shrub Wetland",Digital
2716,4422,PSS3C,3.02374501,"Freshwater Forested/Shrub Wetland",Digital
2717,4423,PSS3C,1.05759105,"Freshwater Forested/Shrub Wetland",Digital
2718,4424,PSS3C,2.03815034,"Freshwater Forested/Shrub Wetland",Digital
2719,4425,PSS3C,3.2632581,"Freshwater Forested/Shrub Wetland",Digital
2720,4426,PSS3C,2.95561955,"Freshwater Forested/Shrub Wetland",Digital
2721,4427,PSS3C,0.18818923,"Freshwater Forested/Shrub Wetland",Digital
2722,4428,PSS3C,0.16670226,"Freshwater Forested/Shrub Wetland",Digital
2723,4429,PSS3C,0.8093999,"Freshwater Forested/Shrub Wetland",Digital
2724,4430,PSS3C,0.46295099,"Freshwater Forested/Shrub Wetland",Digital
2725,4431,PSS3C,0.05801131,"Freshwater Forested/Shrub Wetland",Digital
2726,4432,PSS3C,0.89104958,"Freshwater Forested/Shrub Wetland",Digital
2727,4433,PSS3C,0.67521683,"Freshwater Forested/Shrub Wetland",Digital
2728,4434,PSS3Ch,0.34986869,"Freshwater Forested/Shrub Wetland",Digital
2729,4435,PSS3Ch,0.71276605,"Freshwater Forested/Shrub Wetland",Digital
2730,4436,PSS3Cx,0.73005227,"Freshwater Forested/Shrub Wetland",Digital
2731,4437,PSS3Cx,0.23255038,"Freshwater Forested/Shrub Wetland",Digital
2732,4438,PSS3Cx,0.23221548,"Freshwater Forested/Shrub Wetland",Digital
2733,4439,PSSF,3.01609212,"Freshwater Forested/Shrub Wetland",Digital
2734,4440,PSSCh,0.03515384,"Freshwater Forested/Shrub Wetland",Digital
2735,4441,PSSCh,0.08509945,"Freshwater Forested/Shrub Wetland",Digital
2736,4442,PSSCx,0.01267051,"Freshwater Forested/Shrub Wetland",Digital
2737,4443,PSSCx,0.21066113,"Freshwater Forested/Shrub Wetland",Digital
2738,4444,PUBF,0.02438013,"Freshwater Pond",Digital
2739,4445,PUBFx,0.07214228,"Freshwater Pond",Digital
2740,4446,PUBHh,0.42342608,"Freshwater Pond",Digital
2741,4447,PUBHx,0.7180009,"Freshwater Pond",Digital
2742,4448,PUBHx,0.38422156,"Freshwater Pond",Digital
2743,4449,PUBHx,0.12813454,"Freshwater Pond",Digital
2744,4450,PUBHx,0.51190667,"Freshwater Pond",Digital
2745,4451,PUBHx,0.97876963,"Freshwater Pond",Digital
2746,4452,PUBHx,0.78970274,"Freshwater Pond",Digital
2747,4453,PUBHx,0.42141878,"Freshwater Pond",Digital
2748,4454,PUBHx,5.52765704,"Freshwater Pond",Digital
2749,4455,PUBHx,1.03353572,"Freshwater Pond",Digital
2750,4456,PUBHx,0.37578702,"Freshwater Pond",Digital
2751,4457,PUBHx,0.26241992,"Freshwater Pond",Digital
2752,4458,PUBHx,1.29313395,"Freshwater Pond",Digital
2753,4459,PUBHx,0.98394304,"Freshwater Pond",Digital
2754,4460,PUBHx,0.42925989,"Freshwater Pond",Digital
2755,4461,PUBHx,0.71047934,"Freshwater Pond",Digital
2756,4462,PUBHx,0.21447373,"Freshwater Pond",Digital
2757,4463,PUBKx,0.15878676,"Freshwater Pond",Digital
2758,4464,PUBKx,0.1776056,"Freshwater Pond",Digital
2759,4465,PUBKx,0.20608403,"Freshwater Pond",Digital
2760,4466,PUBKx,0.17532641,"Freshwater Pond",Digital
2761,4467,PUBKx,0.0271,"Freshwater Pond",Digital
2762,4468,PUBKx,0.0754947,"Freshwater Pond",Digital
2763,4469,PUBKx,0.03257254,"Freshwater Pond",Digital
2764,4470,PUBKx,0.0309298,"Freshwater Pond",Digital
2765,4471,PUBKx,0.01381779,"Freshwater Pond",Digital
2766,4472,PUBKx,0.08187892,"Freshwater Pond",Digital
2767,4473,PUBKx,0.00972089,"Freshwater Pond",Digital
2768,4474,PUBKx,0.02627821,"Freshwater Pond",Digital
2769,4475,PUBKx,0.3914945,"Freshwater Pond",Digital
2770,4476,PUBKx,0.16606031,"Freshwater Pond",Digital
2771,4477,PUBKx,0.07816854,"Freshwater Pond",Digital
2772,4478,PUBKx,0.08600744,"Freshwater Pond",Digital
2773,4479,PUBKx,0.12134526,"Freshwater Pond",Digital
2774,4480,PUBKx,0.11292161,"Freshwater Pond",Digital
2775,4481,PUSAh,0.14224546,"Freshwater Pond",Digital
2776,4482,PUSCh,0.10145406,"Freshwater Pond",Digital
2777,4483,PUSCh,0.15381981,"Freshwater Pond",Digital
2778,4484,PUSCh,0.11644364,"Freshwater Pond",Digital
2779,4485,PUSCh,0.15828481,"Freshwater Pond",Digital
2780,4486,PUSCh,0.1085657,"Freshwater Pond",Digital
2781,4487,PUSCx,0.17549715,"Freshwater Pond",Digital
2782,4488,PUSCx,0.19053123,"Freshwater Pond",Digital
2783,4489,R2ABHx,0.95859125,"Riverine",Digital
2784,4490,R4SBC,0.47649641,"Riverine",Digital
2785,4491,R4SBC,0.34840427,"Riverine",Digital
2786,4492,R4SBC,0.19157591,"Riverine",Digital
2787,4493,R4SBC,3.58784517,"Riverine",Digital
2788,4494,R4SBC,0.50342515,"Riverine",Digital
2789,4495,R4SBC,0.30941941,"Riverine",Digital
2790,4496,R4SBC,0.01361972,"Riverine",Digital
2791,4497,R4SBC,0.02039938,"Riverine",Digital
2792,4498,R4SBC,0.15881138,"Riverine",Digital
2793,4499,R4SBC,0.01377183,"Riverine",Digital
2794,4500,R4SBC,0.14212089,"Riverine",Digital
2795,4501,R4SBC,0.10970339,"Riverine",Digital
2796,4502,R4SBC,0.34066346,"Riverine",Digital
2797,4503,R4SBC,0.28221846,"Riverine",Digital
2798,4504,R4SBC,0.22051125,"Riverine",Digital
2799,4505,R4SBC,0.21319407,"Riverine",Digital
2800,4506,R4SBC,0.14547616,"Riverine",Digital
2801,4507,R4SBC,0.47797983,"Riverine",Digital
2802,4508,R4SBC,0.17947307,"Riverine",Digital
2803,4509,R4SBC,0.051801,"Riverine",Digital
2804,4510,R4SBC,0.07890701,"Riverine",Digital
2805,4511,R4SBC,0.04222703,"Riverine",Digital
2806,4512,R4SBC,0.16383489,"Riverine",Digital
2807,4513,R4SBC,0.08751249,"Riverine",Digital
2808,4514,R4SBC,0.13295787,"Riverine",Digital
2809,4515,R4SBC,0.61942475,"Riverine",Digital
2810,4516,R4SBC,0.15486883,"Riverine",Digital
2811,4517,R4SBC,0.2036414,"Riverine",Digital
2812,4518,R4SBC,0.11663353,"Riverine",Digital
2813,4519,R4SBC,0.15213169,"Riverine",Digital
2814,4520,R4SBC,0.22261712,"Riverine",Digital
2815,4521,R4SBC,0.99464357,"Riverine",Digital
2816,4522,R4SBCx,0.88065348,"Riverine",Digital
2817,4523,R4SBCx,1.67152887,"Riverine",Digital
2818,4524,R4SBCx,2.23124528,"Riverine",Digital
2819,4525,R4SBCx,0.6280667,"Riverine",Digital
2820,4526,R4SBCx,2.60770009,"Riverine",Digital
2821,4527,R4SBCx,2.48111449,"Riverine",Digital
2822,4528,R4SBCx,4.60507042,"Riverine",Digital
2823,4529,R4SBCx,1.55553678,"Riverine",Digital
2824,4530,R4SBCx,0.08727148,"Riverine",Digital
2825,4531,R4SBCx,0.01559375,"Riverine",Digital
2826,4532,R4SBCx,0.03634178,"Riverine",Digital
2827,4533,R4SBCx,1.07638826,"Riverine",Digital
2828,4534,R4SBCx,0.64574757,"Riverine",Digital
2829,4535,R5UBFx,0.1284516,"Riverine",Digital
2830,4536,R5UBFx,0.07913934,"Riverine",Digital
2831,4537,R5UBFx,0.01906439,"Riverine",Digital
2832,4538,R5UBFx,1.29789771,"Riverine",Digital
2833,4539,R5UBFx,3.22373086,"Riverine",Digital
2834,4540,R5UBFx,0.40152716,"Riverine",Digital
2835,4541,R5UBFx,0.26539456,"Riverine",Digital
2836,4542,R5UBFx,1.24881344,"Riverine",Digital
2837,4543,R5UBFx,0.14720203,"Riverine",Digital
2838,4544,R5UBFx,0.65481257,"Riverine",Digital
2839,4545,R5UBFx,0.24713464,"Riverine",Digital
2840,4546,R5UBFx,0.50131814,"Riverine",Digital
2841,4547,R5UBFx,0.66330716,"Riverine",Digital
2842,4548,R5UBFx,0.0174474,"Riverine",Digital
2843,4549,R5UBFx,0.38997755,"Riverine",Digital
2844,4550,R5UBFx,0.02431427,"Riverine",Digital
2845,4551,R5UBFx,1.09613124,"Riverine",Digital
2846,4552,R5UBFx,0.14199033,"Riverine",Digital
2847,4553,R5UBFx,0.17620025,"Riverine",Digital
2848,4554,R5UBFx,0.70445216,"Riverine",Digital
2849,4555,R5UBFx,0.71324453,"Riverine",Digital
2850,4556,R5UBFx,0.4307058,"Riverine",Digital
2851,4557,R5UBFx,0.33799134,"Riverine",Digital
2852,4558,R5UBFx,0.3799063,"Riverine",Digital
2853,4559,R5UBFx,0.26401686,"Riverine",Digital
2854,4560,R5UBFx,0.15600448,"Riverine",Digital
2855,4561,R5UBFx,1.98878086,"Riverine",Digital
2856,4562,R5UBFx,1.22542608,"Riverine",Digital
2857,4563,R5UBH,0.68921815,"Riverine",Digital
2858,4564,R5UBH,0.13572079,"Riverine",Digital
2859,4565,R5UBH,0.27687032,"Riverine",Digital
2860,4566,R5UBH,0.03360937,"Riverine",Digital
2861,4567,R5UBH,0.41420103,"Riverine",Digital
2862,4568,R5UBH,0.2552193,"Riverine",Digital
2863,4569,R5UBH,0.10797477,"Riverine",Digital
2864,4570,R5UBH,0.07882092,"Riverine",Digital
2865,4571,R5UBH,0.15870906,"Riverine",Digital
2866,4572,R2UBHx,1.74114157,"Riverine",Digital
2867,4573,R2UBHx,2.84313781,"Riverine",Digital
2868,4574,R2UBHx,2.11449209,"Riverine",Digital
2869,4575,R2UBHx,1.86793678,"Riverine",Digital
2870,4576,R2UBHx,9.95784211,"Riverine",Digital
2871,4577,R4SBA,0.72088071,"Riverine",Digital
2872,4578,R4SBAx,0.99105067,"Riverine",Digital
2873,5227,E1UBL,32.14053706,"Estuarine and Marine Deepwater",Digital
2874,5228,E1UBLh,0.01041101,"Estuarine and Marine Deepwater",Digital
2875,5229,E1UBLh,0.01160952,"Estuarine and Marine Deepwater",Digital
2876,5230,E1UBLh,5.11049319,"Estuarine and Marine Deepwater",Digital
2877,5231,E1UBLh,31.6898596,"Estuarine and Marine Deepwater",Digital
2878,5232,E1UBLx,0.27377665,"Estuarine and Marine Deepwater",Digital
2879,5233,E1UBLx,14.02785776,"Estuarine and Marine Deepwater",Digital
2880,5234,E1UBLx,0.65772516,"Estuarine and Marine Deepwater",Digital
2881,5235,E1UBLx,0.46306464,"Estuarine and Marine Deepwater",Digital
2882,5236,E2EM1/USNh,18.96610356,"Estuarine and Marine Wetland",Digital
2883,5237,E2EM1N,0.00688836,"Estuarine and Marine Wetland",Digital
2884,5238,E2EM1N,0.05644721,"Estuarine and Marine Wetland",Digital
2885,5239,E2EM1N,0.03043813,"Estuarine and Marine Wetland",Digital
2886,5240,E2EM1N,0.08330624,"Estuarine and Marine Wetland",Digital
2887,5241,E2EM1N,0.07629221,"Estuarine and Marine Wetland",Digital
2888,5242,E2EM1N,0.12003837,"Estuarine and Marine Wetland",Digital
2889,5243,E2EM1N,0.08738306,"Estuarine and Marine Wetland",Digital
2890,5244,E2EM1N,0.0682502,"Estuarine and Marine Wetland",Digital
2891,5245,E2EM1N,0.07478931,"Estuarine and Marine Wetland",Digital
2892,5246,E2EM1N,0.05208272,"Estuarine and Marine Wetland",Digital
2893,5247,E2EM1N,0.92305695,"Estuarine and Marine Wetland",Digital
2894,5248,E2EM1Nh,0.55360774,"Estuarine and Marine Wetland",Digital
2895,5249,E2EM1Nh,0.80699342,"Estuarine and Marine Wetland",Digital
2896,5250,E2EM1Nh,0.13309154,"Estuarine and Marine Wetland",Digital
2897,5251,E2EM1Nh,1.93887908,"Estuarine and Marine Wetland",Digital
2898,5252,E2EM1Nh,0.96173266,"Estuarine and Marine Wetland",Digital
2899,5253,E2EM1Nh,11.8053682,"Estuarine and Marine Wetland",Digital
2900,5254,E2EM1Nh,9.39483952,"Estuarine and Marine Wetland",Digital
2901,5255,E2EM1Nh,0.09728759,"Estuarine and Marine Wetland",Digital
2902,5256,E2EM1Nh,25.36625895,"Estuarine and Marine Wetland",Digital
2903,5257,E2EM1Nx,0.0393883,"Estuarine and Marine Wetland",Digital
2904,5258,E2EM1Nx,0.06553398,"Estuarine and Marine Wetland",Digital
2905,5259,E2EM1Nx,0.54105878,"Estuarine and Marine Wetland",Digital
2906,5260,E2EM1Ph,0.49826852,"Estuarine and Marine Wetland",Digital
2907,5261,E2SS3N,0.13435358,"Estuarine and Marine Wetland",Digital
2908,5262,E2SS3N,0.57235841,"Estuarine and Marine Wetland",Digital
2909,5263,E2SS3Nh,4.01916231,"Estuarine and Marine Wetland",Digital
2910,5264,E2SS3Nh,0.45053515,"Estuarine and Marine Wetland",Digital
2911,5265,E2SS3Nx,0.18570289,"Estuarine and Marine Wetland",Digital
2912,5266,E2SS3Ph,0.14464805,"Estuarine and Marine Wetland",Digital
2913,5267,E2SS3Ph,0.41685031,"Estuarine and Marine Wetland",Digital
2914,5268,E2SS3Ph,1.59013441,"Estuarine and Marine Wetland",Digital
2915,5269,E2SS3Ph,6.42148459,"Estuarine and Marine Wetland",Digital
2916,5270,E2US/EM1Nh,0.47028517,"Estuarine and Marine Wetland",Digital
2917,5271,E2US/EM1Nh,0.19504429,"Estuarine and Marine Wetland",Digital
2918,5272,E2USM,2.85030111,"Estuarine and Marine Wetland",Digital
2919,5273,E2USN,0.05242947,"Estuarine and Marine Wetland",Digital
2920,5274,E2USN,0.1951899,"Estuarine and Marine Wetland",Digital
2921,5275,E2USNh,0.05546788,"Estuarine and Marine Wetland",Digital
2922,5276,E2USNh,0.04748341,"Estuarine and Marine Wetland",Digital
2923,5277,E2USNh,2.12650728,"Estuarine and Marine Wetland",Digital
2924,5278,L1UBHx,85.97553575,"Lake",Digital
2925,5279,M2RF1N,2.85616662,"Estuarine and Marine Wetland",Digital
2926,5280,M2RF1N,2.85556895,"Estuarine and Marine Wetland",Digital
2927,5281,M2RF1N,1.93386097,"Estuarine and Marine Wetland",Digital
2928,5282,M2RF1N,1.96189825,"Estuarine and Marine Wetland",Digital
2929,5283,M2RF1N,6.04266486,"Estuarine and Marine Wetland",Digital
2930,5284,M2RF1N,3.12157865,"Estuarine and Marine Wetland",Digital
2931,5285,M2RF1N,0.99991609,"Estuarine and Marine Wetland",Digital
2932,5286,M2RF1N,1.75058743,"Estuarine and Marine Wetland",Digital
2933,5287,M2RF1N,1.4802471,"Estuarine and Marine Wetland",Digital
2934,5288,M2RF1N,2.50506612,"Estuarine and Marine Wetland",Digital
2935,5289,M2RS/ABN,0.32882401,"Estuarine and Marine Wetland",Digital
2936,5290,M2RS/ABN,0.24080284,"Estuarine and Marine Wetland",Digital
2937,5291,M2RS/ABN,2.20449635,"Estuarine and Marine Wetland",Digital
2938,5292,M2RS/ABN,0.21859101,"Estuarine and Marine Wetland",Digital
2939,5293,M2RS/ABN,0.42792057,"Estuarine and Marine Wetland",Digital
2940,5294,M2RS/ABN,0.39144117,"Estuarine and Marine Wetland",Digital
2941,5295,M2RS/ABN,1.05235244,"Estuarine and Marine Wetland",Digital
2942,5296,M2RS/ABN,0.18816859,"Estuarine and Marine Wetland",Digital
2943,5297,M2RSN,0.55644147,"Estuarine and Marine Wetland",Digital
2944,5298,M2RSN,0.17918631,"Estuarine and Marine Wetland",Digital
2945,5299,M2RSN,0.06247874,"Estuarine and Marine Wetland",Digital
2946,5300,M2RSN,0.02491612,"Estuarine and Marine Wetland",Digital
2947,5301,M2RSN,0.07175766,"Estuarine and Marine Wetland",Digital
2948,5302,M2RSN,0.13784428,"Estuarine and Marine Wetland",Digital
2949,5303,M2RSN,0.86361522,"Estuarine and Marine Wetland",Digital
2950,5304,M2RSN,0.70671565,"Estuarine and Marine Wetland",Digital
2951,5305,M2RSN,0.45216046,"Estuarine and Marine Wetland",Digital
2952,5306,M2US/ABN,0.10790275,"Estuarine and Marine Wetland",Digital
2953,5307,M2US/ABN,1.08321355,"Estuarine and Marine Wetland",Digital
2954,5308,M2US/ABN,0.65954181,"Estuarine and Marine Wetland",Digital
2955,5309,M2USN,11.11401681,"Estuarine and Marine Wetland",Digital
2956,5310,M2USN,0.02502062,"Estuarine and Marine Wetland",Digital
2957,5311,M2USN,0.02248381,"Estuarine and Marine Wetland",Digital
2958,5312,M2USN,0.24230073,"Estuarine and Marine Wetland",Digital
2959,5313,M2USN,0.19014269,"Estuarine and Marine Wetland",Digital
2960,5314,M2USN,0.85110697,"Estuarine and Marine Wetland",Digital
2961,5315,M2USN,4.94598444,"Estuarine and Marine Wetland",Digital
2962,5316,M2USN,49.11370696,"Estuarine and Marine Wetland",Digital
2963,5317,M2USN,0.29265065,"Estuarine and Marine Wetland",Digital
2964,5318,M2USN,0.10303549,"Estuarine and Marine Wetland",Digital
2965,5319,M2USN,0.26797301,"Estuarine and Marine Wetland",Digital
2966,5320,M2USN,0.32110188,"Estuarine and Marine Wetland",Digital
2967,5321,M2USN,0.21994236,"Estuarine and Marine Wetland",Digital
2968,5322,M2USN,1.67011301,"Estuarine and Marine Wetland",Digital
2969,5323,M2USN,0.01862182,"Estuarine and Marine Wetland",Digital
2970,5324,M2USN,0.02176198,"Estuarine and Marine Wetland",Digital
2971,5325,M2USN,0.41323962,"Estuarine and Marine Wetland",Digital
2972,5326,M2USN,0.55700591,"Estuarine and Marine Wetland",Digital
2973,5327,M2USN,1.54135114,"Estuarine and Marine Wetland",Digital
2974,5328,M2USN,10.23525408,"Estuarine and Marine Wetland",Digital
2975,5329,M2USN,1.70718948,"Estuarine and Marine Wetland",Digital
2976,5330,PAB4H,2.82711393,"Freshwater Pond",Digital
2977,5331,PAB4H,3.25211207,"Freshwater Pond",Digital
2978,5332,PAB4H,37.49864427,"Freshwater Pond",Digital
2979,5333,PAB4Hx,1.30206859,"Freshwater Pond",Digital
2980,5334,PEM1C,16.40035505,"Freshwater Emergent Wetland",Digital
2981,5335,PEM1C,0.9896513,"Freshwater Emergent Wetland",Digital
2982,5336,PEM1C,0.29815203,"Freshwater Emergent Wetland",Digital
2983,5337,PEM1C,1.56067084,"Freshwater Emergent Wetland",Digital
2984,5338,PEM1C,1.03535712,"Freshwater Emergent Wetland",Digital
2985,5339,PEM1C,3.09514659,"Freshwater Emergent Wetland",Digital
2986,5340,PEM1C,2.09411367,"Freshwater Emergent Wetland",Digital
2987,5341,PEM1C,1.99536267,"Freshwater Emergent Wetland",Digital
2988,5342,PEM1C,0.23083342,"Freshwater Emergent Wetland",Digital
2989,5343,PEM1C,41.91655607,"Freshwater Emergent Wetland",Digital
2990,5344,PEM1C,0.5871605,"Freshwater Emergent Wetland",Digital
2991,5345,PEM1C,70.64952074,"Freshwater Emergent Wetland",Digital
2992,5346,PEM1C,3.42117843,"Freshwater Emergent Wetland",Digital
2993,5347,PEM1C,2.53316365,"Freshwater Emergent Wetland",Digital
2994,5348,PEM1C,11.20632963,"Freshwater Emergent Wetland",Digital
2995,5349,PEM1C,0.65701895,"Freshwater Emergent Wetland",Digital
2996,5350,PEM1C,0.97964075,"Freshwater Emergent Wetland",Digital
2997,5351,PEM1Cx,0.46677245,"Freshwater Emergent Wetland",Digital
2998,5352,PEM1Cx,0.16401622,"Freshwater Emergent Wetland",Digital
2999,5353,PEM1Cx,0.4351711,"Freshwater Emergent Wetland",Digital
3000,5354,PEM1Cx,0.02669665,"Freshwater Emergent Wetland",Digital
3001,5355,PEM1F,7.92007174,"Freshwater Emergent Wetland",Digital
3002,5356,PEM1F,89.43096118,"Freshwater Emergent Wetland",Digital
3003,5357,PEM1F,417.07768691,"Freshwater Emergent Wetland",Digital
3004,5358,PEM1F,20.1322447,"Freshwater Emergent Wetland",Digital
3005,5359,PEM1Fx,0.19162246,"Freshwater Emergent Wetland",Digital
3006,5360,PEM1Fx,0.14483079,"Freshwater Emergent Wetland",Digital
3007,5361,PEM1Fx,1.55216925,"Freshwater Emergent Wetland",Digital
3008,5362,PEM1Fx,0.45176749,"Freshwater Emergent Wetland",Digital
3009,5363,PFO3A,0.43385693,"Freshwater Forested/Shrub Wetland",Digital
3010,5364,PFO3C,5.63645506,"Freshwater Forested/Shrub Wetland",Digital
3011,5365,PFO3C,0.1533365,"Freshwater Forested/Shrub Wetland",Digital
3012,5366,PFO3C,0.84404045,"Freshwater Forested/Shrub Wetland",Digital
3013,5367,PFO3C,0.13659537,"Freshwater Forested/Shrub Wetland",Digital
3014,5368,PFO3C,0.96361284,"Freshwater Forested/Shrub Wetland",Digital
3015,5369,PFO3C,0.8923499,"Freshwater Forested/Shrub Wetland",Digital
3016,5370,PFO3C,0.06961453,"Freshwater Forested/Shrub Wetland",Digital
3017,5371,PSS1C,2.64667119,"Freshwater Forested/Shrub Wetland",Digital
3018,5372,PSS3A,4.85304656,"Freshwater Forested/Shrub Wetland",Digital
3019,5373,PSS3Ax,0.65078759,"Freshwater Forested/Shrub Wetland",Digital
3020,5374,PSS3Ax,1.9336403,"Freshwater Forested/Shrub Wetland",Digital
3021,5375,PSS3C,0.09009818,"Freshwater Forested/Shrub Wetland",Digital
3022,5376,PSS3C,0.82204742,"Freshwater Forested/Shrub Wetland",Digital
3023,5377,PSS3C,1.28371897,"Freshwater Forested/Shrub Wetland",Digital
3024,5378,PSS3C,5.96705085,"Freshwater Forested/Shrub Wetland",Digital
3025,5379,PSS3C,0.79326372,"Freshwater Forested/Shrub Wetland",Digital
3026,5380,PSS3C,5.88376609,"Freshwater Forested/Shrub Wetland",Digital
3027,5381,PSS3C,0.27733832,"Freshwater Forested/Shrub Wetland",Digital
3028,5382,PSS3C,0.32511924,"Freshwater Forested/Shrub Wetland",Digital
3029,5383,PSS3C,0.41963625,"Freshwater Forested/Shrub Wetland",Digital
3030,5384,PSS3C,0.07690259,"Freshwater Forested/Shrub Wetland",Digital
3031,5385,PSS3C,2.09783618,"Freshwater Forested/Shrub Wetland",Digital
3032,5386,PUBHx,1.60849327,"Freshwater Pond",Digital
3033,5387,PUBHx,1.14969642,"Freshwater Pond",Digital
3034,5388,R4SBC,0.01141611,"Riverine",Digital
3035,5389,R4SBC,0.18043262,"Riverine",Digital
3036,5390,R4SBC,0.80603697,"Riverine",Digital
3037,5391,R4SBC,2.85330255,"Riverine",Digital
3038,5392,R4SBC,1.31771675,"Riverine",Digital
3039,5393,R4SBC,0.524413,"Riverine",Digital
3040,5394,R4SBC,0.73885509,"Riverine",Digital
3041,5395,R5UBFx,0.99103777,"Riverine",Digital
3042,5396,R5UBH,0.24794496,"Riverine",Digital
3043,5397,R5UBH,0.4475463,"Riverine",Digital
3044,5398,R5UBH,0.01954948,"Riverine",Digital
3045,5399,R5UBH,0.0317188,"Riverine",Digital
3046,5400,R5UBH,0.01380815,"Riverine",Digital
3047,5401,R5UBH,0.02483644,"Riverine",Digital
3048,5402,R5UBH,0.08001288,"Riverine",Digital
3049,5403,R5UBH,0.03917025,"Riverine",Digital
3050,5404,R5UBH,0.0543525,"Riverine",Digital
3051,5405,R5UBH,0.00863781,"Riverine",Digital
3052,5406,R5UBH,0.0140144,"Riverine",Digital
3053,5407,R5UBH,0.10364853,"Riverine",Digital
3054,5408,R5UBH,0.01565539,"Riverine",Digital
3055,5409,R5UBH,0.02793422,"Riverine",Digital
3056,5410,R5UBH,1.29954841,"Riverine",Digital
3057,5411,R5UBH,2.13314608,"Riverine",Digital
3058,5412,R5UBH,0.01279953,"Riverine",Digital
3059,5413,R2UBH,2.38241456,"Riverine",Digital
3060,5414,R2UBHx,1.08796756,"Riverine",Digital
3061,5415,R2UBHx,1.15245412,"Riverine",Digital
3062,5416,R2UBHx,0.98743155,"Riverine",Digital
3063,5417,R2UBHx,24.98405065,"Riverine",Digital
3064,5587,E1UBL,7.10736001,"Estuarine and Marine Deepwater",Digital
3065,5588,E1UBL,11.15075119,"Estuarine and Marine Deepwater",Digital
3066,5589,E1UBL,180.06991606,"Estuarine and Marine Deepwater",Digital
3067,5590,E1UBL,0.33424499,"Estuarine and Marine Deepwater",Digital
3068,5591,E1UBL,0.32352706,"Estuarine and Marine Deepwater",Digital
3069,5592,E1UBL,1.71298418,"Estuarine and Marine Deepwater",Digital
3070,5593,E1UBL,0.27189971,"Estuarine and Marine Deepwater",Digital
3071,5594,E1UBL,0.25993445,"Estuarine and Marine Deepwater",Digital
3072,5595,E1UBL,0.23439699,"Estuarine and Marine Deepwater",Digital
3073,5598,E1UBLh,138.42937449,"Estuarine and Marine Deepwater",Digital
3074,5599,E1UBLh,5.16753018,"Estuarine and Marine Deepwater",Digital
3075,5600,E1UBLr,0.5418266,"Estuarine and Marine Deepwater",Digital
3076,5601,E1UBLx,5.59611666,"Estuarine and Marine Deepwater",Digital
3077,5602,E1UBLx,0.4091324,"Estuarine and Marine Deepwater",Digital
3078,5603,E1UBLx,0.72006724,"Estuarine and Marine Deepwater",Digital
3079,5604,E1UBLx,262.25777946,"Estuarine and Marine Deepwater",Digital
3080,5605,E1UBLx,5.08592554,"Estuarine and Marine Deepwater",Digital
3081,5606,E1UBLx,0.37886942,"Estuarine and Marine Deepwater",Digital
3082,5607,E1UBLx,2.29353886,"Estuarine and Marine Deepwater",Digital
3083,5608,E2EM1/USNh,0.40826826,"Estuarine and Marine Wetland",Digital
3084,5609,E2EM1/USNh,1.14458968,"Estuarine and Marine Wetland",Digital
3085,5610,E2EM1/USNh,0.22620654,"Estuarine and Marine Wetland",Digital
3086,5611,E2EM1/USN,3.50842263,"Estuarine and Marine Wetland",Digital
3087,5612,E2EM1/USPh,8.1418136,"Estuarine and Marine Wetland",Digital
3088,5615,E2EM1N,3.89052488,"Estuarine and Marine Wetland",Digital
3089,5616,E2EM1N,0.5041974,"Estuarine and Marine Wetland",Digital
3090,5617,E2EM1N,1.12195559,"Estuarine and Marine Wetland",Digital
3091,5618,E2EM1N,0.02047246,"Estuarine and Marine Wetland",Digital
3092,5619,E2EM1N,0.02744055,"Estuarine and Marine Wetland",Digital
3093,5620,E2EM1N,0.23244668,"Estuarine and Marine Wetland",Digital
3094,5621,E2EM1N,0.51817027,"Estuarine and Marine Wetland",Digital
3095,5622,E2EM1Nh,0.18108377,"Estuarine and Marine Wetland",Digital
3096,5623,E2EM1Nh,2.90703931,"Estuarine and Marine Wetland",Digital
3097,5624,E2EM1Nh,0.04001854,"Estuarine and Marine Wetland",Digital
3098,5625,E2EM1Nh,0.24582341,"Estuarine and Marine Wetland",Digital
3099,5626,E2EM1Nh,0.06941174,"Estuarine and Marine Wetland",Digital
3100,5627,E2EM1Nh,0.04935853,"Estuarine and Marine Wetland",Digital
3101,5628,E2EM1Nh,0.14987255,"Estuarine and Marine Wetland",Digital
3102,5629,E2EM1Nh,0.03300809,"Estuarine and Marine Wetland",Digital
3103,5630,E2EM1Nh,0.01792016,"Estuarine and Marine Wetland",Digital
3104,5631,E2EM1Nh,0.0449065,"Estuarine and Marine Wetland",Digital
3105,5632,E2EM1Nh,0.33668957,"Estuarine and Marine Wetland",Digital
3106,5633,E2EM1Nh,0.16811947,"Estuarine and Marine Wetland",Digital
3107,5634,E2EM1Nh,5.45592431,"Estuarine and Marine Wetland",Digital
3108,5635,E2EM1Nh,2.32314345,"Estuarine and Marine Wetland",Digital
3109,5636,E2EM1Nh,0.98607472,"Estuarine and Marine Wetland",Digital
3110,5644,E2EM1P,0.04220555,"Estuarine and Marine Wetland",Digital
3111,5645,E2EM1P,0.36101553,"Estuarine and Marine Wetland",Digital
3112,5646,E2EM1P,1.65855878,"Estuarine and Marine Wetland",Digital
3113,5647,E2EM1Px,0.2716285,"Estuarine and Marine Wetland",Digital
3114,5656,E2FO3N,0.24399724,"Estuarine and Marine Wetland",Digital
3115,5657,E2FO3N,0.38792678,"Estuarine and Marine Wetland",Digital
3116,5658,E2FO3N,1.62932337,"Estuarine and Marine Wetland",Digital
3117,5659,E2FO3N,2.48046453,"Estuarine and Marine Wetland",Digital
3118,5660,E2FO3N,0.36007769,"Estuarine and Marine Wetland",Digital
3119,5661,E2FO3P,0.1051315,"Estuarine and Marine Wetland",Digital
3120,5662,E2FO3P,0.58820197,"Estuarine and Marine Wetland",Digital
3121,5663,E2FO3P,0.360109,"Estuarine and Marine Wetland",Digital
3122,5664,E2RSNx,0.51747712,"Estuarine and Marine Wetland",Digital
3123,5665,E2RSNx,1.93589139,"Estuarine and Marine Wetland",Digital
3124,5666,E2RSPx,0.7194263,"Estuarine and Marine Wetland",Digital
3125,5677,E2SS3N,0.09116012,"Estuarine and Marine Wetland",Digital
3126,5678,E2SS3N,0.13293806,"Estuarine and Marine Wetland",Digital
3127,5679,E2SS3N,0.01803443,"Estuarine and Marine Wetland",Digital
3128,5680,E2SS3N,0.0116556,"Estuarine and Marine Wetland",Digital
3129,5681,E2SS3N,0.03002912,"Estuarine and Marine Wetland",Digital
3130,5682,E2SS3N,0.47885951,"Estuarine and Marine Wetland",Digital
3131,5683,E2SS3N,0.31322727,"Estuarine and Marine Wetland",Digital
3132,5684,E2SS3N,0.01664335,"Estuarine and Marine Wetland",Digital
3133,5685,E2SS3N,0.20877877,"Estuarine and Marine Wetland",Digital
3134,5686,E2SS3N,0.027307,"Estuarine and Marine Wetland",Digital
3135,5687,E2SS3N,0.91931776,"Estuarine and Marine Wetland",Digital
3136,5688,E2SS3N,0.26865704,"Estuarine and Marine Wetland",Digital
3137,5689,E2SS3N,0.03472317,"Estuarine and Marine Wetland",Digital
3138,5690,E2SS3N,0.61017713,"Estuarine and Marine Wetland",Digital
3139,5691,E2SS3N,0.06663354,"Estuarine and Marine Wetland",Digital
3140,5692,E2SS3N,0.08389356,"Estuarine and Marine Wetland",Digital
3141,5693,E2SS3N,0.05747312,"Estuarine and Marine Wetland",Digital
3142,5694,E2SS3N,0.04133822,"Estuarine and Marine Wetland",Digital
3143,5695,E2SS3N,0.14996275,"Estuarine and Marine Wetland",Digital
3144,5696,E2SS3N,0.02131713,"Estuarine and Marine Wetland",Digital
3145,5697,E2SS3N,0.10003955,"Estuarine and Marine Wetland",Digital
3146,5698,E2SS3N,0.09097717,"Estuarine and Marine Wetland",Digital
3147,5699,E2SS3N,10.81059313,"Estuarine and Marine Wetland",Digital
3148,5700,E2SS3N,0.36523179,"Estuarine and Marine Wetland",Digital
3149,5701,E2SS3N,1.20838557,"Estuarine and Marine Wetland",Digital
3150,5702,E2SS3N,0.58523834,"Estuarine and Marine Wetland",Digital
3151,5703,E2SS3N,0.29232748,"Estuarine and Marine Wetland",Digital
3152,5704,E2SS3N,0.40428774,"Estuarine and Marine Wetland",Digital
3153,5705,E2SS3Nh,0.62325966,"Estuarine and Marine Wetland",Digital
3154,5706,E2US/ABNh,49.0017334,"Estuarine and Marine Wetland",Digital
3155,5707,E2USN,0.03965829,"Estuarine and Marine Wetland",Digital
3156,5708,E2USN,0.21375116,"Estuarine and Marine Wetland",Digital
3157,5709,E2USN,0.09119104,"Estuarine and Marine Wetland",Digital
3158,5710,E2USN,0.29114368,"Estuarine and Marine Wetland",Digital
3159,5711,E2USN,0.06916287,"Estuarine and Marine Wetland",Digital
3160,5712,E2USN,0.05613164,"Estuarine and Marine Wetland",Digital
3161,5713,E2USNh,0.26348797,"Estuarine and Marine Wetland",Digital
3162,5714,E2USNh,0.02178189,"Estuarine and Marine Wetland",Digital
3163,5715,E2USNh,0.23561527,"Estuarine and Marine Wetland",Digital
3164,5716,E2USNh,5.70985167,"Estuarine and Marine Wetland",Digital
3165,5717,E2USNh,11.19236939,"Estuarine and Marine Wetland",Digital
3166,5718,E2USNx,0.21561552,"Estuarine and Marine Wetland",Digital
3167,5719,E2USNx,0.46595052,"Estuarine and Marine Wetland",Digital
3168,5720,E2USP,0.05272319,"Estuarine and Marine Wetland",Digital
3169,5746,M1ABL,0.07617541,"Estuarine and Marine Deepwater",Digital
3170,5747,M1ABL,2.73302965,"Estuarine and Marine Deepwater",Digital
3171,5748,M1ABL,5.09628686,"Estuarine and Marine Deepwater",Digital
3172,5749,M1ABL,13.71286254,"Estuarine and Marine Deepwater",Digital
3173,5750,M1ABL,18.5476103,"Estuarine and Marine Deepwater",Digital
3174,5751,M1ABL,0.35419218,"Estuarine and Marine Deepwater",Digital
3175,5752,M1ABL,0.33854496,"Estuarine and Marine Deepwater",Digital
3176,5753,M1ABL,0.28408998,"Estuarine and Marine Deepwater",Digital
3177,5754,M1ABL,0.47328257,"Estuarine and Marine Deepwater",Digital
3178,5755,M1ABL,0.89626052,"Estuarine and Marine Deepwater",Digital
3179,5756,M1ABL,1.20240031,"Estuarine and Marine Deepwater",Digital
3180,5767,M1RF1L,5.55796007,"Estuarine and Marine Deepwater",Digital
3181,5768,M1RF1L,316.86789344,"Estuarine and Marine Deepwater",Digital
3182,5769,M1RF1L,4.12797164,"Estuarine and Marine Deepwater",Digital
3183,5770,M1RF1L,1.27381673,"Estuarine and Marine Deepwater",Digital
3184,5771,M1RF1L,4162.42442843,"Estuarine and Marine Deepwater",Digital
3185,5772,M1RF1L,725.84350792,"Estuarine and Marine Deepwater",Digital
3186,5773,M1RF1L,0.45593251,"Estuarine and Marine Deepwater",Digital
3187,5774,M1RF1L,3979.42345287,"Estuarine and Marine Deepwater",Digital
3188,5775,M1RF1L,0.05812211,"Estuarine and Marine Deepwater",Digital
3189,5776,M1RF1L,2498.18289775,"Estuarine and Marine Deepwater",Digital
3190,5777,M1RF1L,15.92051833,"Estuarine and Marine Deepwater",Digital
3191,5778,M1RF1L,0.81417744,"Estuarine and Marine Deepwater",Digital
3192,5779,M1RF1L,40.25803442,"Estuarine and Marine Deepwater",Digital
3193,5780,M1RF1L,16.4956726,"Estuarine and Marine Deepwater",Digital
3194,5781,M1RF1L,31.0647317,"Estuarine and Marine Deepwater",Digital
3195,5782,M1RF1L,12.03524346,"Estuarine and Marine Deepwater",Digital
3196,5783,M1RF1L,52.96538904,"Estuarine and Marine Deepwater",Digital
3197,5784,M1RF1L,5.5583652,"Estuarine and Marine Deepwater",Digital
3198,5785,M1RF1L,1.57498717,"Estuarine and Marine Deepwater",Digital
3199,5786,M1RF1L,0.22280377,"Estuarine and Marine Deepwater",Digital
3200,5787,M1RF1L,0.23801041,"Estuarine and Marine Deepwater",Digital
3201,5788,M1RF1L,4.37983557,"Estuarine and Marine Deepwater",Digital
3202,5789,M1RF1L,1.62414729,"Estuarine and Marine Deepwater",Digital
3203,5790,M1RF1L,0.98374621,"Estuarine and Marine Deepwater",Digital
3204,5791,M1RF1L,0.27961783,"Estuarine and Marine Deepwater",Digital
3205,5792,M1RF1L,0.43977794,"Estuarine and Marine Deepwater",Digital
3206,5793,M1RF1L,0.71168831,"Estuarine and Marine Deepwater",Digital
3207,5794,M1RF1L,0.2849015,"Estuarine and Marine Deepwater",Digital
3208,5795,M1RF1L,3.06512088,"Estuarine and Marine Deepwater",Digital
3209,5796,M1RF1L,4.41160124,"Estuarine and Marine Deepwater",Digital
3210,5797,M1RF1L,2.96895711,"Estuarine and Marine Deepwater",Digital
3211,5798,M1RF1L,3.01898629,"Estuarine and Marine Deepwater",Digital
3212,5799,M1RF1L,1.97301623,"Estuarine and Marine Deepwater",Digital
3213,5800,M1RF1L,0.27649789,"Estuarine and Marine Deepwater",Digital
3214,5801,M1RF1L,0.88765427,"Estuarine and Marine Deepwater",Digital
3215,5802,M1RF1L,0.82943319,"Estuarine and Marine Deepwater",Digital
3216,5803,M1RF1L,0.76609156,"Estuarine and Marine Deepwater",Digital
3217,5804,M1RF1L,3.50207389,"Estuarine and Marine Deepwater",Digital
3218,5805,M1RF1L,2.25457622,"Estuarine and Marine Deepwater",Digital
3219,5806,M1RF1L,3.41295269,"Estuarine and Marine Deepwater",Digital
3220,5807,M1RF1L,10.39099766,"Estuarine and Marine Deepwater",Digital
3221,5808,M1RF1L,8.50719702,"Estuarine and Marine Deepwater",Digital
3222,5809,M1RF1L,1.34850047,"Estuarine and Marine Deepwater",Digital
3223,5810,M1RF1L,5879.09433274,"Estuarine and Marine Deepwater",Digital
3224,5811,M1RF1L,21.07442128,"Estuarine and Marine Deepwater",Digital
3225,5812,M1RF1L,0.3670256,"Estuarine and Marine Deepwater",Digital
3226,5813,M1RF1L,5.71483475,"Estuarine and Marine Deepwater",Digital
3227,5814,M1RF1L,926.11256593,"Estuarine and Marine Deepwater",Digital
3228,5815,M1RF1L,1644.15255568,"Estuarine and Marine Deepwater",Digital
3229,5816,M1RF1L,1071.01194558,"Estuarine and Marine Deepwater",Digital
3230,5817,M1RF1L,614.30894881,"Estuarine and Marine Deepwater",Digital
3231,5822,M1UBL,168.46154376,"Estuarine and Marine Deepwater",Digital
3232,5833,M1UBL,0.30669623,"Estuarine and Marine Deepwater",Digital
3233,5834,M1UBL,11.41352042,"Estuarine and Marine Deepwater",Digital
3234,5835,M1UBL,0.2800811,"Estuarine and Marine Deepwater",Digital
3235,5836,M1UBL,2.31171464,"Estuarine and Marine Deepwater",Digital
3236,5837,M1UBL,1.7194696,"Estuarine and Marine Deepwater",Digital
3237,5838,M1UBL,2.262568,"Estuarine and Marine Deepwater",Digital
3238,5839,M1UBL,1.99921742,"Estuarine and Marine Deepwater",Digital
3239,5840,M1UBL,0.17323697,"Estuarine and Marine Deepwater",Digital
3240,5841,M1UBL,5.06703188,"Estuarine and Marine Deepwater",Digital
3241,5842,M1UBL,3.88305947,"Estuarine and Marine Deepwater",Digital
3242,5843,M1UBL,28.74171725,"Estuarine and Marine Deepwater",Digital
3243,5844,M1UBL,2.85328323,"Estuarine and Marine Deepwater",Digital
3244,5845,M1UBL,27.62821228,"Estuarine and Marine Deepwater",Digital
3245,5846,M1UBL,1.17306146,"Estuarine and Marine Deepwater",Digital
3246,5847,M1UBL,0.23076855,"Estuarine and Marine Deepwater",Digital
3247,5848,M1UBL,1.39521961,"Estuarine and Marine Deepwater",Digital
3248,5849,M1UBL,2.99439833,"Estuarine and Marine Deepwater",Digital
3249,5850,M1UBL,1.39500394,"Estuarine and Marine Deepwater",Digital
3250,5851,M1UBL,2.6418722,"Estuarine and Marine Deepwater",Digital
3251,5852,M1UBL,0.24312398,"Estuarine and Marine Deepwater",Digital
3252,5853,M1UBL,0.76732447,"Estuarine and Marine Deepwater",Digital
3253,5854,M1UBL,123.60284837,"Estuarine and Marine Deepwater",Digital
3254,5855,M1UBL,0.11983097,"Estuarine and Marine Deepwater",Digital
3255,5856,M1UBL,0.10890181,"Estuarine and Marine Deepwater",Digital
3256,5857,M1UBL,0.08593793,"Estuarine and Marine Deepwater",Digital
3257,5858,M1UBL,98.98135834,"Estuarine and Marine Deepwater",Digital
3258,5859,M1UBL,45.91113571,"Estuarine and Marine Deepwater",Digital
3259,5860,M1UBL,30.06091732,"Estuarine and Marine Deepwater",Digital
3260,5861,M1UBLh,0.88918345,"Estuarine and Marine Deepwater",Digital
3261,5862,M1UBLx,0.08418741,"Estuarine and Marine Deepwater",Digital
3262,5863,M1UBLx,21.38819916,"Estuarine and Marine Deepwater",Digital
3263,5864,M1UBLx,19.32099895,"Estuarine and Marine Deepwater",Digital
3264,5865,M1UBLx,58.86062875,"Estuarine and Marine Deepwater",Digital
3265,5866,M1UBLx,32.97414093,"Estuarine and Marine Deepwater",Digital
3266,5867,M1UBLx,0.01093622,"Estuarine and Marine Deepwater",Digital
3267,5868,M1UBLx,9.95149588,"Estuarine and Marine Deepwater",Digital
3268,5869,M2AB/RSN,0.05697737,"Estuarine and Marine Wetland",Digital
3269,5870,M2AB/RSN,3.27164682,"Estuarine and Marine Wetland",Digital
3270,5871,M2RF1M,2.17866368,"Estuarine and Marine Wetland",Digital
3271,5872,M2RF1N,0.61237848,"Estuarine and Marine Wetland",Digital
3272,5873,M2RF1N,0.6021644,"Estuarine and Marine Wetland",Digital
3273,5874,M2RF1N,0.63235121,"Estuarine and Marine Wetland",Digital
3274,5875,M2RF1N,2.89678169,"Estuarine and Marine Wetland",Digital
3275,5876,M2RF1N,0.32779018,"Estuarine and Marine Wetland",Digital
3276,5877,M2RF1N,0.68686143,"Estuarine and Marine Wetland",Digital
3277,5878,M2RF1N,0.44340118,"Estuarine and Marine Wetland",Digital
3278,5879,M2RF1N,11.76582102,"Estuarine and Marine Wetland",Digital
3279,5880,M2RF1N,0.95812359,"Estuarine and Marine Wetland",Digital
3280,5881,M2RF1N,0.62059686,"Estuarine and Marine Wetland",Digital
3281,5882,M2RF1N,4.24571092,"Estuarine and Marine Wetland",Digital
3282,5883,M2RF1N,0.09423267,"Estuarine and Marine Wetland",Digital
3283,5884,M2RF1N,1.21716805,"Estuarine and Marine Wetland",Digital
3284,5885,M2RF1N,0.37555411,"Estuarine and Marine Wetland",Digital
3285,5886,M2RF1N,2.61817833,"Estuarine and Marine Wetland",Digital
3286,5887,M2RF1N,0.29030605,"Estuarine and Marine Wetland",Digital
3287,5888,M2RF1N,1.65365384,"Estuarine and Marine Wetland",Digital
3288,5889,M2RF1N,3.01222217,"Estuarine and Marine Wetland",Digital
3289,5890,M2RF1N,10.09616844,"Estuarine and Marine Wetland",Digital
3290,5891,M2RS/ABN,0.59260694,"Estuarine and Marine Wetland",Digital
3291,5892,M2RS/ABN,0.51361654,"Estuarine and Marine Wetland",Digital
3292,5893,M2RS/ABN,0.21749635,"Estuarine and Marine Wetland",Digital
3293,5894,M2RS/ABN,3.01320696,"Estuarine and Marine Wetland",Digital
3294,5895,M2RS/ABN,0.37235233,"Estuarine and Marine Wetland",Digital
3295,5896,M2RS/ABN,0.0587531,"Estuarine and Marine Wetland",Digital
3296,5897,M2RS/ABN,0.1382652,"Estuarine and Marine Wetland",Digital
3297,5898,M2RS/ABN,0.64875746,"Estuarine and Marine Wetland",Digital
3298,5899,M2RS/ABN,1.57209267,"Estuarine and Marine Wetland",Digital
3299,5900,M2RS/ABN,0.0829963,"Estuarine and Marine Wetland",Digital
3300,5901,M2RS/ABN,0.21976089,"Estuarine and Marine Wetland",Digital
3301,5902,M2RS/ABN,0.52516297,"Estuarine and Marine Wetland",Digital
3302,5903,M2RS/ABN,0.01141766,"Estuarine and Marine Wetland",Digital
3303,5904,M2RS/ABN,0.01041641,"Estuarine and Marine Wetland",Digital
3304,5905,M2RS/ABN,1.34897742,"Estuarine and Marine Wetland",Digital
3305,5906,M2RS/ABN,2.39627376,"Estuarine and Marine Wetland",Digital
3306,5907,M2RS/ABN,0.05011935,"Estuarine and Marine Wetland",Digital
3307,5908,M2RS/ABN,17.70319869,"Estuarine and Marine Wetland",Digital
3308,5909,M2RS/ABN,0.89456727,"Estuarine and Marine Wetland",Digital
3309,5910,M2RS/ABN,0.93344868,"Estuarine and Marine Wetland",Digital
3310,5911,M2RS/ABN,1.15836359,"Estuarine and Marine Wetland",Digital
3311,5912,M2RS/ABN,0.07477309,"Estuarine and Marine Wetland",Digital
3312,5913,M2RS/ABN,2.67961711,"Estuarine and Marine Wetland",Digital
3313,5914,M2RS/ABN,0.81191964,"Estuarine and Marine Wetland",Digital
3314,5915,M2RS/ABN,1.6078606,"Estuarine and Marine Wetland",Digital
3315,5916,M2RS/ABN,1.00443698,"Estuarine and Marine Wetland",Digital
3316,5917,M2RS/ABN,1.2617574,"Estuarine and Marine Wetland",Digital
3317,5918,M2RS/ABN,0.64921215,"Estuarine and Marine Wetland",Digital
3318,5919,M2RS/ABN,0.82304559,"Estuarine and Marine Wetland",Digital
3319,5920,M2RS/ABN,3.0025534,"Estuarine and Marine Wetland",Digital
3320,5921,M2RS/ABN,0.51972569,"Estuarine and Marine Wetland",Digital
3321,5922,M2RS/ABN,0.21034159,"Estuarine and Marine Wetland",Digital
3322,5923,M2RS/ABN,1.16026518,"Estuarine and Marine Wetland",Digital
3323,5924,M2RS/ABN,14.42754588,"Estuarine and Marine Wetland",Digital
3324,5925,M2RS/ABN,1.81729421,"Estuarine and Marine Wetland",Digital
3325,5926,M2RS/ABN,0.18809137,"Estuarine and Marine Wetland",Digital
3326,5927,M2RS/ABN,0.49332622,"Estuarine and Marine Wetland",Digital
3327,5928,M2RS/ABN,4.71777521,"Estuarine and Marine Wetland",Digital
3328,5929,M2RS/ABN,1.07886873,"Estuarine and Marine Wetland",Digital
3329,5930,M2RS/ABN,0.55961798,"Estuarine and Marine Wetland",Digital
3330,5931,M2RS/ABN,1.57818291,"Estuarine and Marine Wetland",Digital
3331,5932,M2RS/ABN,0.91982919,"Estuarine and Marine Wetland",Digital
3332,5933,M2RS/ABN,1.11287499,"Estuarine and Marine Wetland",Digital
3333,6004,M2RSN,0.07143483,"Estuarine and Marine Wetland",Digital
3334,6005,M2RSN,0.05866988,"Estuarine and Marine Wetland",Digital
3335,6006,M2RSN,0.04660447,"Estuarine and Marine Wetland",Digital
3336,6007,M2RSN,4.43194204,"Estuarine and Marine Wetland",Digital
3337,6008,M2RSN,0.05859232,"Estuarine and Marine Wetland",Digital
3338,6009,M2RSN,1.64166433,"Estuarine and Marine Wetland",Digital
3339,6010,M2RSN,0.19824705,"Estuarine and Marine Wetland",Digital
3340,6011,M2RSN,0.67518883,"Estuarine and Marine Wetland",Digital
3341,6012,M2RSN,0.02740131,"Estuarine and Marine Wetland",Digital
3342,6013,M2RSN,0.14082448,"Estuarine and Marine Wetland",Digital
3343,6014,M2RSN,2.16466295,"Estuarine and Marine Wetland",Digital
3344,6015,M2RSN,0.61420478,"Estuarine and Marine Wetland",Digital
3345,6016,M2RSN,1.08873717,"Estuarine and Marine Wetland",Digital
3346,6017,M2RSN,0.37504209,"Estuarine and Marine Wetland",Digital
3347,6018,M2RSN,0.60083008,"Estuarine and Marine Wetland",Digital
3348,6019,M2RSN,0.76916912,"Estuarine and Marine Wetland",Digital
3349,6020,M2RSN,0.63840303,"Estuarine and Marine Wetland",Digital
3350,6021,M2RSN,0.22855504,"Estuarine and Marine Wetland",Digital
3351,6022,M2RSN,0.14510695,"Estuarine and Marine Wetland",Digital
3352,6023,M2RSN,0.15148626,"Estuarine and Marine Wetland",Digital
3353,6024,M2RSN,6.35257036,"Estuarine and Marine Wetland",Digital
3354,6025,M2RSN,12.65317632,"Estuarine and Marine Wetland",Digital
3355,6026,M2RSN,0.17639693,"Estuarine and Marine Wetland",Digital
3356,6027,M2RSN,4.04014249,"Estuarine and Marine Wetland",Digital
3357,6028,M2RSN,7.0352537,"Estuarine and Marine Wetland",Digital
3358,6029,M2RSN,0.71931055,"Estuarine and Marine Wetland",Digital
3359,6030,M2RSN,0.63454985,"Estuarine and Marine Wetland",Digital
3360,6031,M2RSN,2.11279847,"Estuarine and Marine Wetland",Digital
3361,6032,M2RSN,0.57556955,"Estuarine and Marine Wetland",Digital
3362,6033,M2RSN,0.05882486,"Estuarine and Marine Wetland",Digital
3363,6034,M2RSN,0.11953692,"Estuarine and Marine Wetland",Digital
3364,6035,M2RSN,0.12429786,"Estuarine and Marine Wetland",Digital
3365,6036,M2RSN,0.03268145,"Estuarine and Marine Wetland",Digital
3366,6037,M2RSN,0.3209279,"Estuarine and Marine Wetland",Digital
3367,6038,M2RSN,0.02426303,"Estuarine and Marine Wetland",Digital
3368,6039,M2RSN,0.13963147,"Estuarine and Marine Wetland",Digital
3369,6040,M2RSN,0.26352256,"Estuarine and Marine Wetland",Digital
3370,6041,M2RSN,0.38553794,"Estuarine and Marine Wetland",Digital
3371,6042,M2RSN,0.02988212,"Estuarine and Marine Wetland",Digital
3372,6043,M2RSN,0.19464553,"Estuarine and Marine Wetland",Digital
3373,6044,M2RSN,0.02706933,"Estuarine and Marine Wetland",Digital
3374,6045,M2RSN,0.1092124,"Estuarine and Marine Wetland",Digital
3375,6046,M2RSN,0.17880376,"Estuarine and Marine Wetland",Digital
3376,6047,M2RSN,1.91522059,"Estuarine and Marine Wetland",Digital
3377,6048,M2RSN,0.64055084,"Estuarine and Marine Wetland",Digital
3378,6049,M2RSN,0.10843073,"Estuarine and Marine Wetland",Digital
3379,6050,M2RSN,0.17264292,"Estuarine and Marine Wetland",Digital
3380,6051,M2RSN,0.00388304,"Estuarine and Marine Wetland",Digital
3381,6052,M2RSN,0.56339671,"Estuarine and Marine Wetland",Digital
3382,6053,M2RSN,0.37816604,"Estuarine and Marine Wetland",Digital
3383,6054,M2RSN,0.54788791,"Estuarine and Marine Wetland",Digital
3384,6055,M2RSN,0.17934013,"Estuarine and Marine Wetland",Digital
3385,6056,M2RSN,0.09183849,"Estuarine and Marine Wetland",Digital
3386,6057,M2RSN,0.67879306,"Estuarine and Marine Wetland",Digital
3387,6058,M2RSN,2.69100181,"Estuarine and Marine Wetland",Digital
3388,6059,M2RSN,0.23647478,"Estuarine and Marine Wetland",Digital
3389,6060,M2RSN,1.47219451,"Estuarine and Marine Wetland",Digital
3390,6061,M2RSN,0.36788666,"Estuarine and Marine Wetland",Digital
3391,6062,M2RSN,1.97269083,"Estuarine and Marine Wetland",Digital
3392,6063,M2RSN,13.17024338,"Estuarine and Marine Wetland",Digital
3393,6064,M2RSN,0.15814225,"Estuarine and Marine Wetland",Digital
3394,6065,M2RSN,0.15268522,"Estuarine and Marine Wetland",Digital
3395,6066,M2RSN,3.68558077,"Estuarine and Marine Wetland",Digital
3396,6067,M2RSN,0.2615565,"Estuarine and Marine Wetland",Digital
3397,6068,M2RSN,0.41800191,"Estuarine and Marine Wetland",Digital
3398,6069,M2RSN,1.39308678,"Estuarine and Marine Wetland",Digital
3399,6070,M2RSN,0.47389817,"Estuarine and Marine Wetland",Digital
3400,6071,M2RSN,0.06321184,"Estuarine and Marine Wetland",Digital
3401,6072,M2RSN,0.09530957,"Estuarine and Marine Wetland",Digital
3402,6073,M2RSN,0.1445469,"Estuarine and Marine Wetland",Digital
3403,6074,M2RSN,0.26933852,"Estuarine and Marine Wetland",Digital
3404,6075,M2RSN,0.57729777,"Estuarine and Marine Wetland",Digital
3405,6076,M2RSNx,0.04918192,"Estuarine and Marine Wetland",Digital
3406,6077,M2RSNx,0.229024,"Estuarine and Marine Wetland",Digital
3407,6078,M2RSP,0.02476063,"Estuarine and Marine Wetland",Digital
3408,6079,M2RSP,0.61792847,"Estuarine and Marine Wetland",Digital
3409,6080,M2RSP,0.06452271,"Estuarine and Marine Wetland",Digital
3410,6081,M2RSP,0.06273878,"Estuarine and Marine Wetland",Digital
3411,6082,M2RSP,0.73108114,"Estuarine and Marine Wetland",Digital
3412,6083,M2RSP,0.41726814,"Estuarine and Marine Wetland",Digital
3413,6084,M2RSP,5.22869011,"Estuarine and Marine Wetland",Digital
3414,6085,M2RSP,5.24880855,"Estuarine and Marine Wetland",Digital
3415,6086,M2RSP,0.16866715,"Estuarine and Marine Wetland",Digital
3416,6087,M2RSP,0.49115077,"Estuarine and Marine Wetland",Digital
3417,6088,M2RSP,4.4620774,"Estuarine and Marine Wetland",Digital
3418,6089,M2RSP,0.96476369,"Estuarine and Marine Wetland",Digital
3419,6090,M2RSP,0.65094084,"Estuarine and Marine Wetland",Digital
3420,6091,M2RSP,0.66068105,"Estuarine and Marine Wetland",Digital
3421,6092,M2RSP,0.48021989,"Estuarine and Marine Wetland",Digital
3422,6093,M2RSP,0.61922317,"Estuarine and Marine Wetland",Digital
3423,6094,M2RSP,0.24542385,"Estuarine and Marine Wetland",Digital
3424,6095,M2RSP,0.60411424,"Estuarine and Marine Wetland",Digital
3425,6096,M2RSP,0.47108701,"Estuarine and Marine Wetland",Digital
3426,6097,M2RSP,0.06114362,"Estuarine and Marine Wetland",Digital
3427,6098,M2RSP,2.99718589,"Estuarine and Marine Wetland",Digital
3428,6099,M2RSP,0.98784717,"Estuarine and Marine Wetland",Digital
3429,6100,M2RSP,0.36222963,"Estuarine and Marine Wetland",Digital
3430,6101,M2RSP,0.07504372,"Estuarine and Marine Wetland",Digital
3431,6102,M2RSP,0.02474133,"Estuarine and Marine Wetland",Digital
3432,6103,M2RSP,0.05792186,"Estuarine and Marine Wetland",Digital
3433,6104,M2RSP,0.3284175,"Estuarine and Marine Wetland",Digital
3434,6105,M2RSP,0.11696606,"Estuarine and Marine Wetland",Digital
3435,6106,M2RSP,0.80276765,"Estuarine and Marine Wetland",Digital
3436,6107,M2RSP,0.06865567,"Estuarine and Marine Wetland",Digital
3437,6108,M2RSP,0.05124846,"Estuarine and Marine Wetland",Digital
3438,6109,M2RSP,0.94669422,"Estuarine and Marine Wetland",Digital
3439,6110,M2RSP,0.05509433,"Estuarine and Marine Wetland",Digital
3440,6111,M2RSP,0.2135361,"Estuarine and Marine Wetland",Digital
3441,6112,M2RSP,0.04207707,"Estuarine and Marine Wetland",Digital
3442,6113,M2RSP,0.44165016,"Estuarine and Marine Wetland",Digital
3443,6114,M2RSP,1.37058983,"Estuarine and Marine Wetland",Digital
3444,6115,M2RSP,0.88252107,"Estuarine and Marine Wetland",Digital
3445,6116,M2RSP,0.1638327,"Estuarine and Marine Wetland",Digital
3446,6117,M2RSP,0.38890396,"Estuarine and Marine Wetland",Digital
3447,6118,M2RSP,0.30101298,"Estuarine and Marine Wetland",Digital
3448,6119,M2RSP,0.21431838,"Estuarine and Marine Wetland",Digital
3449,6120,M2RSP,0.07376706,"Estuarine and Marine Wetland",Digital
3450,6121,M2RSP,0.38487591,"Estuarine and Marine Wetland",Digital
3451,6122,M2RSP,1.05695547,"Estuarine and Marine Wetland",Digital
3452,6123,M2RSP,3.75050516,"Estuarine and Marine Wetland",Digital
3453,6124,M2RSP,0.43598122,"Estuarine and Marine Wetland",Digital
3454,6125,M2RSP,0.94232706,"Estuarine and Marine Wetland",Digital
3455,6126,M2RSP,0.22679261,"Estuarine and Marine Wetland",Digital
3456,6127,M2RSP,2.61083137,"Estuarine and Marine Wetland",Digital
3457,6128,M2RSP,0.14893065,"Estuarine and Marine Wetland",Digital
3458,6129,M2RSP,0.10503954,"Estuarine and Marine Wetland",Digital
3459,6130,M2RSP,0.01458059,"Estuarine and Marine Wetland",Digital
3460,6131,M2RSP,1.77810133,"Estuarine and Marine Wetland",Digital
3461,6132,M2RSPs,0.06747871,"Estuarine and Marine Wetland",Digital
3462,6133,M2RSPs,0.04586737,"Estuarine and Marine Wetland",Digital
3463,6134,M2RSPs,0.09690754,"Estuarine and Marine Wetland",Digital
3464,6135,M2RSPs,0.13640438,"Estuarine and Marine Wetland",Digital
3465,6136,M2RSPs,0.05901832,"Estuarine and Marine Wetland",Digital
3466,6137,M2RSPs,0.26521478,"Estuarine and Marine Wetland",Digital
3467,6138,M2RSPs,0.12632132,"Estuarine and Marine Wetland",Digital
3468,6139,M2RSPs,0.06625638,"Estuarine and Marine Wetland",Digital
3469,6140,M2RSPs,0.14590768,"Estuarine and Marine Wetland",Digital
3470,6141,M2RSPs,0.2773345,"Estuarine and Marine Wetland",Digital
3471,6142,M2RSPs,0.13100545,"Estuarine and Marine Wetland",Digital
3472,6143,M2RSPs,0.10243545,"Estuarine and Marine Wetland",Digital
3473,6144,M2RSPs,0.15409315,"Estuarine and Marine Wetland",Digital
3474,6145,M2RSPs,0.19527132,"Estuarine and Marine Wetland",Digital
3475,6146,M2RSPs,0.19868842,"Estuarine and Marine Wetland",Digital
3476,6147,M2RSPs,0.26911367,"Estuarine and Marine Wetland",Digital
3477,6148,M2US/ABM,0.18932781,"Estuarine and Marine Wetland",Digital
3478,6149,M2US/ABN,40.26739345,"Estuarine and Marine Wetland",Digital
3479,6150,M2US/ABN,13.02649437,"Estuarine and Marine Wetland",Digital
3480,6151,M2US/ABN,7.4396943,"Estuarine and Marine Wetland",Digital
3481,6152,M2US/ABN,186.40548896,"Estuarine and Marine Wetland",Digital
3482,6153,M2US/ABN,0.54597511,"Estuarine and Marine Wetland",Digital
3483,6171,M2USN,0.32027005,"Estuarine and Marine Wetland",Digital
3484,6172,M2USN,0.2994858,"Estuarine and Marine Wetland",Digital
3485,6173,M2USN,4.55710168,"Estuarine and Marine Wetland",Digital
3486,6174,M2USN,0.24004376,"Estuarine and Marine Wetland",Digital
3487,6175,M2USN,0.11423653,"Estuarine and Marine Wetland",Digital
3488,6176,M2USN,0.06362767,"Estuarine and Marine Wetland",Digital
3489,6177,M2USN,0.12663061,"Estuarine and Marine Wetland",Digital
3490,6178,M2USN,0.13490842,"Estuarine and Marine Wetland",Digital
3491,6179,M2USN,0.18909663,"Estuarine and Marine Wetland",Digital
3492,6180,M2USN,0.47870748,"Estuarine and Marine Wetland",Digital
3493,6181,M2USN,0.12212863,"Estuarine and Marine Wetland",Digital
3494,6182,M2USN,0.11540316,"Estuarine and Marine Wetland",Digital
3495,6183,M2USN,0.49283519,"Estuarine and Marine Wetland",Digital
3496,6184,M2USN,1.12635126,"Estuarine and Marine Wetland",Digital
3497,6185,M2USN,1.12159021,"Estuarine and Marine Wetland",Digital
3498,6186,M2USN,0.76019959,"Estuarine and Marine Wetland",Digital
3499,6187,M2USN,1.88773032,"Estuarine and Marine Wetland",Digital
3500,6188,M2USN,0.23710346,"Estuarine and Marine Wetland",Digital
3501,6189,M2USN,0.4661889,"Estuarine and Marine Wetland",Digital
3502,6190,M2USN,0.436875,"Estuarine and Marine Wetland",Digital
3503,6191,M2USN,1.50568316,"Estuarine and Marine Wetland",Digital
3504,6192,M2USN,0.4117333,"Estuarine and Marine Wetland",Digital
3505,6193,M2USN,0.49932074,"Estuarine and Marine Wetland",Digital
3506,6194,M2USN,3.08103461,"Estuarine and Marine Wetland",Digital
3507,6195,M2USN,0.18484104,"Estuarine and Marine Wetland",Digital
3508,6196,M2USN,0.5089321,"Estuarine and Marine Wetland",Digital
3509,6197,M2USN,0.73239458,"Estuarine and Marine Wetland",Digital
3510,6198,M2USN,1.2473537,"Estuarine and Marine Wetland",Digital
3511,6199,M2USN,4.23119001,"Estuarine and Marine Wetland",Digital
3512,6200,M2USN,2.27944479,"Estuarine and Marine Wetland",Digital
3513,6201,M2USN,0.92366002,"Estuarine and Marine Wetland",Digital
3514,6202,M2USN,0.64391376,"Estuarine and Marine Wetland",Digital
3515,6203,M2USN,3.74061681,"Estuarine and Marine Wetland",Digital
3516,6204,M2USN,2.26487179,"Estuarine and Marine Wetland",Digital
3517,6205,M2USN,2.72679489,"Estuarine and Marine Wetland",Digital
3518,6206,M2USN,0.2153385,"Estuarine and Marine Wetland",Digital
3519,6207,M2USN,0.55252148,"Estuarine and Marine Wetland",Digital
3520,6208,M2USN,0.24897819,"Estuarine and Marine Wetland",Digital
3521,6209,M2USN,0.23374931,"Estuarine and Marine Wetland",Digital
3522,6210,M2USN,0.29205504,"Estuarine and Marine Wetland",Digital
3523,6211,M2USN,3.7840508,"Estuarine and Marine Wetland",Digital
3524,6212,M2USN,0.13132994,"Estuarine and Marine Wetland",Digital
3525,6213,M2USN,0.86740247,"Estuarine and Marine Wetland",Digital
3526,6214,M2USN,0.87652957,"Estuarine and Marine Wetland",Digital
3527,6215,M2USN,0.026678,"Estuarine and Marine Wetland",Digital
3528,6216,M2USN,1.12937464,"Estuarine and Marine Wetland",Digital
3529,6217,M2USN,1.36117898,"Estuarine and Marine Wetland",Digital
3530,6218,M2USN,0.02443873,"Estuarine and Marine Wetland",Digital
3531,6219,M2USN,0.39161667,"Estuarine and Marine Wetland",Digital
3532,6220,M2USN,0.41641509,"Estuarine and Marine Wetland",Digital
3533,6221,M2USN,0.06725482,"Estuarine and Marine Wetland",Digital
3534,6222,M2USN,0.11419922,"Estuarine and Marine Wetland",Digital
3535,6223,M2USN,2.85988686,"Estuarine and Marine Wetland",Digital
3536,6224,M2USN,0.44405796,"Estuarine and Marine Wetland",Digital
3537,6225,M2USN,0.03991,"Estuarine and Marine Wetland",Digital
3538,6226,M2USN,0.08669402,"Estuarine and Marine Wetland",Digital
3539,6227,M2USN,0.05273863,"Estuarine and Marine Wetland",Digital
3540,6228,M2USN,0.03234125,"Estuarine and Marine Wetland",Digital
3541,6229,M2USN,0.02417474,"Estuarine and Marine Wetland",Digital
3542,6230,M2USN,0.44920829,"Estuarine and Marine Wetland",Digital
3543,6231,M2USN,5.87664245,"Estuarine and Marine Wetland",Digital
3544,6232,M2USN,7.39510497,"Estuarine and Marine Wetland",Digital
3545,6233,M2USN,0.53387601,"Estuarine and Marine Wetland",Digital
3546,6234,M2USN,2.16923838,"Estuarine and Marine Wetland",Digital
3547,6235,M2USN,7.10818549,"Estuarine and Marine Wetland",Digital
3548,6236,M2USN,0.09042487,"Estuarine and Marine Wetland",Digital
3549,6237,M2USN,0.02901301,"Estuarine and Marine Wetland",Digital
3550,6238,M2USN,2.31357336,"Estuarine and Marine Wetland",Digital
3551,6239,M2USN,4.37863806,"Estuarine and Marine Wetland",Digital
3552,6240,M2USN,0.36479329,"Estuarine and Marine Wetland",Digital
3553,6241,M2USN,0.1185011,"Estuarine and Marine Wetland",Digital
3554,6242,M2USN,0.09945736,"Estuarine and Marine Wetland",Digital
3555,6243,M2USN,0.66280707,"Estuarine and Marine Wetland",Digital
3556,6244,M2USN,1.11586728,"Estuarine and Marine Wetland",Digital
3557,6245,M2USN,0.0771537,"Estuarine and Marine Wetland",Digital
3558,6246,M2USN,0.24016933,"Estuarine and Marine Wetland",Digital
3559,6247,M2USN,0.08239021,"Estuarine and Marine Wetland",Digital
3560,6248,M2USN,0.58576219,"Estuarine and Marine Wetland",Digital
3561,6249,M2USN,3.3524088,"Estuarine and Marine Wetland",Digital
3562,6250,M2USN,0.18898213,"Estuarine and Marine Wetland",Digital
3563,6251,M2USN,4.16705561,"Estuarine and Marine Wetland",Digital
3564,6252,M2USN,2.33524303,"Estuarine and Marine Wetland",Digital
3565,6253,M2USN,0.68535487,"Estuarine and Marine Wetland",Digital
3566,6254,M2USN,1.41591144,"Estuarine and Marine Wetland",Digital
3567,6255,M2USN,0.80445885,"Estuarine and Marine Wetland",Digital
3568,6256,M2USN,0.68064674,"Estuarine and Marine Wetland",Digital
3569,6257,M2USN,0.69146735,"Estuarine and Marine Wetland",Digital
3570,6258,M2USP,0.50871984,"Estuarine and Marine Wetland",Digital
3571,6259,M2USP,2.00020171,"Estuarine and Marine Wetland",Digital
3572,6260,M2USP,0.34800406,"Estuarine and Marine Wetland",Digital
3573,6261,M2USP,1.62498796,"Estuarine and Marine Wetland",Digital
3574,6262,M2USP,0.28545951,"Estuarine and Marine Wetland",Digital
3575,6263,M2USP,1.80280461,"Estuarine and Marine Wetland",Digital
3576,6264,M2USP,0.40339221,"Estuarine and Marine Wetland",Digital
3577,6265,M2USP,2.77842421,"Estuarine and Marine Wetland",Digital
3578,6266,M2USP,0.21134319,"Estuarine and Marine Wetland",Digital
3579,6267,M2USP,1.15138119,"Estuarine and Marine Wetland",Digital
3580,6268,M2USP,1.35417798,"Estuarine and Marine Wetland",Digital
3581,6269,M2USP,2.00395751,"Estuarine and Marine Wetland",Digital
3582,6270,M2USP,1.39763144,"Estuarine and Marine Wetland",Digital
3583,6271,M2USP,1.95478056,"Estuarine and Marine Wetland",Digital
3584,6272,M2USP,0.35050324,"Estuarine and Marine Wetland",Digital
3585,6273,M2USP,0.29375736,"Estuarine and Marine Wetland",Digital
3586,6274,M2USP,0.11174776,"Estuarine and Marine Wetland",Digital
3587,6275,M2USP,1.64497946,"Estuarine and Marine Wetland",Digital
3588,6276,M2USP,0.58700439,"Estuarine and Marine Wetland",Digital
3589,6277,M2USP,1.75239169,"Estuarine and Marine Wetland",Digital
3590,6278,M2USP,1.14502032,"Estuarine and Marine Wetland",Digital
3591,6279,M2USP,3.57616456,"Estuarine and Marine Wetland",Digital
3592,6280,M2USP,2.97589353,"Estuarine and Marine Wetland",Digital
3593,6281,M2USP,3.95651896,"Estuarine and Marine Wetland",Digital
3594,6282,M2USP,0.04673785,"Estuarine and Marine Wetland",Digital
3595,6283,M2USP,6.12816132,"Estuarine and Marine Wetland",Digital
3596,6284,M2USP,12.51487937,"Estuarine and Marine Wetland",Digital
3597,6285,M2USP,2.07506046,"Estuarine and Marine Wetland",Digital
3598,6286,M2USP,3.15561699,"Estuarine and Marine Wetland",Digital
3599,6287,M2USP,4.04495905,"Estuarine and Marine Wetland",Digital
3600,6291,PEM1A,0.10761858,"Freshwater Emergent Wetland",Digital
3601,6292,PEM1A,0.92383919,"Freshwater Emergent Wetland",Digital
3602,6293,PEM1A,0.93262341,"Freshwater Emergent Wetland",Digital
3603,6300,PEM1C,0.03094677,"Freshwater Emergent Wetland",Digital
3604,6301,PEM1C,0.2881835,"Freshwater Emergent Wetland",Digital
3605,6302,PEM1C,0.30577969,"Freshwater Emergent Wetland",Digital
3606,6303,PEM1C,0.75637281,"Freshwater Emergent Wetland",Digital
3607,6304,PEM1C,0.36834827,"Freshwater Emergent Wetland",Digital
3608,6305,PEM1C,0.04930733,"Freshwater Emergent Wetland",Digital
3609,6306,PEM1C,0.22378115,"Freshwater Emergent Wetland",Digital
3610,6325,PEM1Ch,0.13284151,"Freshwater Emergent Wetland",Digital
3611,6326,PEM1Cx,0.2835499,"Freshwater Emergent Wetland",Digital
3612,6327,PEM1Cx,0.07836705,"Freshwater Emergent Wetland",Digital
3613,6332,PEM1Fh,3.37331725,"Freshwater Emergent Wetland",Digital
3614,6336,PEM1R,1.21015022,"Freshwater Emergent Wetland",Digital
3615,6337,PEM1R,0.15089878,"Freshwater Emergent Wetland",Digital
3616,6354,PFO3A,2.60769591,"Freshwater Forested/Shrub Wetland",Digital
3617,6384,PFO3C,2.4679086,"Freshwater Forested/Shrub Wetland",Digital
3618,6385,PFO3C,5.16641834,"Freshwater Forested/Shrub Wetland",Digital
3619,6386,PFO3C,11.69063776,"Freshwater Forested/Shrub Wetland",Digital
3620,6387,PFO3C,6.7009924,"Freshwater Forested/Shrub Wetland",Digital
3621,6393,PFO3Cx,0.49741025,"Freshwater Forested/Shrub Wetland",Digital
3622,6400,PSS3/EM1C,93.62923803,"Freshwater Forested/Shrub Wetland",Digital
3623,6401,PSS3/USC,0.44688355,"Freshwater Forested/Shrub Wetland",Digital
3624,6402,PSS3A,0.73885047,"Freshwater Forested/Shrub Wetland",Digital
3625,6403,PSS3A,1.54738152,"Freshwater Forested/Shrub Wetland",Digital
3626,6404,PSS3A,0.82825165,"Freshwater Forested/Shrub Wetland",Digital
3627,6405,PSS3A,3.1664936,"Freshwater Forested/Shrub Wetland",Digital
3628,6406,PSS3A,0.64347124,"Freshwater Forested/Shrub Wetland",Digital
3629,6409,PSS3Ax,0.12334117,"Freshwater Forested/Shrub Wetland",Digital
3630,6410,PSS3Ax,0.25706548,"Freshwater Forested/Shrub Wetland",Digital
3631,6413,PSS3C,0.05224127,"Freshwater Forested/Shrub Wetland",Digital
3632,6414,PSS3C,0.02085553,"Freshwater Forested/Shrub Wetland",Digital
3633,6415,PSS3C,0.15103237,"Freshwater Forested/Shrub Wetland",Digital
3634,6416,PSS3C,0.18555094,"Freshwater Forested/Shrub Wetland",Digital
3635,6417,PSS3C,3.41423576,"Freshwater Forested/Shrub Wetland",Digital
3636,6420,PSS3Cx,0.21789712,"Freshwater Forested/Shrub Wetland",Digital
3637,6421,PSS3Ch,0.12371723,"Freshwater Forested/Shrub Wetland",Digital
3638,6422,PSS3Ch,0.03402141,"Freshwater Forested/Shrub Wetland",Digital
3639,6434,PUBF,0.06807044,"Freshwater Pond",Digital
3640,6435,PUBFx,0.27863285,"Freshwater Pond",Digital
3641,6436,PUBFx,0.38425723,"Freshwater Pond",Digital
3642,6437,PUBFx,0.61573304,"Freshwater Pond",Digital
3643,6442,PUBH,0.05718682,"Freshwater Pond",Digital
3644,6443,PUBH,0.1243703,"Freshwater Pond",Digital
3645,6444,PUBH,0.0650323,"Freshwater Pond",Digital
3646,6445,PUBH,0.05989218,"Freshwater Pond",Digital
3647,6446,PUBH,2.13317449,"Freshwater Pond",Digital
3648,6447,PUBH,0.18564117,"Freshwater Pond",Digital
3649,6467,PUBHh,5.28910699,"Freshwater Pond",Digital
3650,6472,PUBHx,0.13500249,"Freshwater Pond",Digital
3651,6473,PUBHx,0.19903288,"Freshwater Pond",Digital
3652,6474,PUBHx,2.53893754,"Freshwater Pond",Digital
3653,6475,PUBHx,0.62674727,"Freshwater Pond",Digital
3654,6476,PUBHx,1.11770584,"Freshwater Pond",Digital
3655,6477,PUBHx,0.65871252,"Freshwater Pond",Digital
3656,6478,PUBHx,0.19454498,"Freshwater Pond",Digital
3657,6479,PUBHx,1.38791323,"Freshwater Pond",Digital
3658,6480,PUBHx,1.48099594,"Freshwater Pond",Digital
3659,6481,PUBHx,0.70022462,"Freshwater Pond",Digital
3660,6482,PUBHx,0.74420668,"Freshwater Pond",Digital
3661,6483,PUBHx,1.00497491,"Freshwater Pond",Digital
3662,6484,PUBHx,1.07224459,"Freshwater Pond",Digital
3663,6485,PUBHx,0.21979353,"Freshwater Pond",Digital
3664,6486,PUBHx,0.60784552,"Freshwater Pond",Digital
3665,6487,PUBHx,0.33019316,"Freshwater Pond",Digital
3666,6488,PUBHx,0.15497732,"Freshwater Pond",Digital
3667,6489,PUBHx,0.15577254,"Freshwater Pond",Digital
3668,6490,PUBHx,0.15472862,"Freshwater Pond",Digital
3669,6491,PUBHx,0.31845969,"Freshwater Pond",Digital
3670,6492,PUBHx,0.21933743,"Freshwater Pond",Digital
3671,6493,PUBHx,0.19086732,"Freshwater Pond",Digital
3672,6494,PUBHx,2.71259537,"Freshwater Pond",Digital
3673,6495,PUBKx,0.07182482,"Freshwater Pond",Digital
3674,6496,PUBKx,0.06942264,"Freshwater Pond",Digital
3675,6511,PUSAx,0.12325515,"Freshwater Pond",Digital
3676,6512,PUSAx,0.42167512,"Freshwater Pond",Digital
3677,6513,PUSC,0.45419945,"Freshwater Pond",Digital
3678,6514,PUSC,1.43003257,"Freshwater Pond",Digital
3679,6515,PUSC,0.02809064,"Freshwater Pond",Digital
3680,6516,PUSC,0.02766993,"Freshwater Pond",Digital
3681,6517,PUSC,1.19395518,"Freshwater Pond",Digital
3682,6518,PUSCx,6.07683343,"Freshwater Pond",Digital
3683,6519,PUSCx,0.24490397,"Freshwater Pond",Digital
3684,6698,R4SBC,0.88286809,"Riverine",Digital
3685,6699,R4SBC,0.50423209,"Riverine",Digital
3686,6700,R4SBC,5.83434146,"Riverine",Digital
3687,6701,R4SBC,3.88626067,"Riverine",Digital
3688,6702,R4SBC,7.0570031,"Riverine",Digital
3689,6703,R4SBC,1.00428671,"Riverine",Digital
3690,6704,R4SBC,0.26704309,"Riverine",Digital
3691,6749,R4SBCx,0.47354373,"Riverine",Digital
3692,6750,R4SBCx,1.85337256,"Riverine",Digital
3693,6751,R4SBCx,1.60011329,"Riverine",Digital
3694,6756,R5UBFx,0.14679088,"Riverine",Digital
3695,6757,R5UBFx,1.32595993,"Riverine",Digital
3696,6805,R5UBH,0.03163914,"Riverine",Digital
3697,6806,R5UBH,1.64526695,"Riverine",Digital
3698,6807,R5UBH,0.00880497,"Riverine",Digital
3699,6808,R5UBH,0.55627686,"Riverine",Digital
3700,6809,R5UBH,0.10298023,"Riverine",Digital
3701,6810,R5UBH,0.03825065,"Riverine",Digital
3702,6817,R2UBHx,59.31056708,"Riverine",Digital
3703,6818,R2UBFx,3.00142871,"Riverine",Digital
3704,6819,R3UBH,0.10882485,"Riverine",Digital
3705,6820,R3UBH,1.69051707,"Riverine",Digital
3706,6821,R3UBH,7.90253776,"Riverine",Digital
3707,6822,R3UBHx,3.97087761,"Riverine",Digital
3708,6826,R4SBA,0.61749154,"Riverine",Digital
3709,6827,R4SBA,0.51590274,"Riverine",Digital
3710,6828,R4SBA,0.53048181,"Riverine",Digital
3711,6829,R4SBA,2.66729318,"Riverine",Digital
3712,6830,R4SBA,0.03246678,"Riverine",Digital
3713,6831,R4SBA,0.97850138,"Riverine",Digital
3714,6832,R4SBAx,0.24300538,"Riverine",Digital
3715,7737,E1UBLx,1.1469603,"Estuarine and Marine Deepwater",Digital
3716,7738,E1UBLx,2.77483662,"Estuarine and Marine Deepwater",Digital
3717,7739,E1UBLx,3.24966924,"Estuarine and Marine Deepwater",Digital
3718,7740,E1UBL,207.19969976,"Estuarine and Marine Deepwater",Digital
3719,7741,E1UBL,95.76506599,"Estuarine and Marine Deepwater",Digital
3720,7742,E1UBL,0.21583864,"Estuarine and Marine Deepwater",Digital
3721,7743,E1UBL,0.71701695,"Estuarine and Marine Deepwater",Digital
3722,7744,E1UBL,3.30799312,"Estuarine and Marine Deepwater",Digital
3723,7745,E1UBL,0.39434075,"Estuarine and Marine Deepwater",Digital
3724,7746,E1UBL,1.81060654,"Estuarine and Marine Deepwater",Digital
3725,7747,E1UBLx,0.02642811,"Estuarine and Marine Deepwater",Digital
3726,7748,E1UBLx,0.99829203,"Estuarine and Marine Deepwater",Digital
3727,7749,E1UBLx,0.22948091,"Estuarine and Marine Deepwater",Digital
3728,7750,E1UBLx,0.81510635,"Estuarine and Marine Deepwater",Digital
3729,7751,E1UBLx,0.27140373,"Estuarine and Marine Deepwater",Digital
3730,7752,E2AB/USM,13.90484819,"Estuarine and Marine Wetland",Digital
3731,7753,E2ABM,5.0938011,"Estuarine and Marine Wetland",Digital
3732,7754,E2ABM,0.84960972,"Estuarine and Marine Wetland",Digital
3733,7755,E2ABM,1.67902279,"Estuarine and Marine Wetland",Digital
3734,7756,E2ABM,14.75705269,"Estuarine and Marine Wetland",Digital
3735,7757,E2ABM,1.68041404,"Estuarine and Marine Wetland",Digital
3736,7758,E2ABM,0.43005506,"Estuarine and Marine Wetland",Digital
3737,7759,E2ABM,0.24423454,"Estuarine and Marine Wetland",Digital
3738,7760,E2ABM,7.13546007,"Estuarine and Marine Wetland",Digital
3739,7761,E2ABM,2.15353122,"Estuarine and Marine Wetland",Digital
3740,7762,E2ABM,0.03197388,"Estuarine and Marine Wetland",Digital
3741,7763,E2ABM,21.53620155,"Estuarine and Marine Wetland",Digital
3742,7764,E2ABM,2.36357318,"Estuarine and Marine Wetland",Digital
3743,7765,E2ABMr,1.17668889,"Estuarine and Marine Wetland",Digital
3744,7766,E2ABN,0.20080059,"Estuarine and Marine Wetland",Digital
3745,7767,E2EM1/SS3N,2.75576946,"Estuarine and Marine Wetland",Digital
3746,7768,E2EM1N,0.04472728,"Estuarine and Marine Wetland",Digital
3747,7769,E2EM1N,0.06245637,"Estuarine and Marine Wetland",Digital
3748,7770,E2EM1N,1.11029535,"Estuarine and Marine Wetland",Digital
3749,7771,E2EM1N,0.73188391,"Estuarine and Marine Wetland",Digital
3750,7772,E2EM1N,0.40281496,"Estuarine and Marine Wetland",Digital
3751,7773,E2EM1N,0.23806499,"Estuarine and Marine Wetland",Digital
3752,7774,E2EM1N,0.09846103,"Estuarine and Marine Wetland",Digital
3753,7775,E2EM1N,0.16943954,"Estuarine and Marine Wetland",Digital
3754,7776,E2EM1N,0.0743758,"Estuarine and Marine Wetland",Digital
3755,7777,E2EM1N,0.41457646,"Estuarine and Marine Wetland",Digital
3756,7778,E2EM1N,0.07397118,"Estuarine and Marine Wetland",Digital
3757,7779,E2FO3N,2.38936394,"Estuarine and Marine Wetland",Digital
3758,7780,E2FO3N,0.20025069,"Estuarine and Marine Wetland",Digital
3759,7781,E2FO3N,0.61810027,"Estuarine and Marine Wetland",Digital
3760,7782,E2FO3N,0.11415653,"Estuarine and Marine Wetland",Digital
3761,7783,E2FO3N,0.03922341,"Estuarine and Marine Wetland",Digital
3762,7784,E2FO3N,1.10020561,"Estuarine and Marine Wetland",Digital
3763,7785,E2FO3N,0.35996036,"Estuarine and Marine Wetland",Digital
3764,7786,E2FO3N,0.70091839,"Estuarine and Marine Wetland",Digital
3765,7787,E2FO3N,2.67458579,"Estuarine and Marine Wetland",Digital
3766,7788,E2FO3N,0.37742975,"Estuarine and Marine Wetland",Digital
3767,7789,E2FO3N,0.57568168,"Estuarine and Marine Wetland",Digital
3768,7790,E2FO3N,0.31241234,"Estuarine and Marine Wetland",Digital
3769,7791,E2FO3N,1.2480953,"Estuarine and Marine Wetland",Digital
3770,7792,E2FO3N,0.0884552,"Estuarine and Marine Wetland",Digital
3771,7793,E2FO3N,0.04796302,"Estuarine and Marine Wetland",Digital
3772,7794,E2FO3N,15.96407777,"Estuarine and Marine Wetland",Digital
3773,7795,E2FO3N,0.24028751,"Estuarine and Marine Wetland",Digital
3774,7796,E2FO3N,1.95442522,"Estuarine and Marine Wetland",Digital
3775,7797,E2FO3N,1.44225324,"Estuarine and Marine Wetland",Digital
3776,7798,E2FO3N,1.47684215,"Estuarine and Marine Wetland",Digital
3777,7799,E2FO3N,17.74369752,"Estuarine and Marine Wetland",Digital
3778,7800,E2FO3P,0.7384908,"Estuarine and Marine Wetland",Digital
3779,7801,E2FO3P,1.85358741,"Estuarine and Marine Wetland",Digital
3780,7802,E2FO3P,12.60059932,"Estuarine and Marine Wetland",Digital
3781,7803,E2FO3P,0.89297333,"Estuarine and Marine Wetland",Digital
3782,7804,E2FO3P,0.56597578,"Estuarine and Marine Wetland",Digital
3783,7805,E2FO3P,2.91349448,"Estuarine and Marine Wetland",Digital
3784,7806,E2FO3P,1.23421831,"Estuarine and Marine Wetland",Digital
3785,7807,E2FO3P,1.37215858,"Estuarine and Marine Wetland",Digital
3786,7808,E2FO3P,0.1424174,"Estuarine and Marine Wetland",Digital
3787,7809,E2FO3P,1.35743566,"Estuarine and Marine Wetland",Digital
3788,7810,E2FO3P,4.63050551,"Estuarine and Marine Wetland",Digital
3789,7811,E2FO3P,2.20865525,"Estuarine and Marine Wetland",Digital
3790,7812,E2FO3P,4.94598178,"Estuarine and Marine Wetland",Digital
3791,7813,E2FO3P,0.47268623,"Estuarine and Marine Wetland",Digital
3792,7814,E2RSP,0.07636815,"Estuarine and Marine Wetland",Digital
3793,7815,E2RSP,0.008124,"Estuarine and Marine Wetland",Digital
3794,7816,E2SS3/USP,0.1409526,"Estuarine and Marine Wetland",Digital
3795,7817,E2SS3N,0.02294732,"Estuarine and Marine Wetland",Digital
3796,7818,E2SS3N,0.51263303,"Estuarine and Marine Wetland",Digital
3797,7819,E2SS3N,0.08539972,"Estuarine and Marine Wetland",Digital
3798,7820,E2SS3N,0.08261384,"Estuarine and Marine Wetland",Digital
3799,7821,E2SS3N,0.02766614,"Estuarine and Marine Wetland",Digital
3800,7822,E2SS3N,0.08003443,"Estuarine and Marine Wetland",Digital
3801,7823,E2SS3N,0.06640897,"Estuarine and Marine Wetland",Digital
3802,7824,E2SS3N,0.16635505,"Estuarine and Marine Wetland",Digital
3803,7825,E2SS3N,0.03024614,"Estuarine and Marine Wetland",Digital
3804,7826,E2SS3N,0.10348315,"Estuarine and Marine Wetland",Digital
3805,7827,E2SS3N,1.06965893,"Estuarine and Marine Wetland",Digital
3806,7828,E2SS3N,0.0558768,"Estuarine and Marine Wetland",Digital
3807,7829,E2SS3N,0.09095433,"Estuarine and Marine Wetland",Digital
3808,7830,E2SS3N,0.00901804,"Estuarine and Marine Wetland",Digital
3809,7831,E2SS3N,0.01804586,"Estuarine and Marine Wetland",Digital
3810,7832,E2SS3N,0.04108326,"Estuarine and Marine Wetland",Digital
3811,7833,E2SS3N,0.02169675,"Estuarine and Marine Wetland",Digital
3812,7834,E2SS3N,0.03240897,"Estuarine and Marine Wetland",Digital
3813,7835,E2SS3N,0.07395187,"Estuarine and Marine Wetland",Digital
3814,7836,E2SS3N,0.03403098,"Estuarine and Marine Wetland",Digital
3815,7837,E2SS3N,0.06583545,"Estuarine and Marine Wetland",Digital
3816,7838,E2SS3N,0.02078007,"Estuarine and Marine Wetland",Digital
3817,7839,E2SS3N,0.0452385,"Estuarine and Marine Wetland",Digital
3818,7840,E2SS3N,0.06713936,"Estuarine and Marine Wetland",Digital
3819,7841,E2SS3N,0.03438942,"Estuarine and Marine Wetland",Digital
3820,7842,E2SS3N,0.12464551,"Estuarine and Marine Wetland",Digital
3821,7843,E2SS3N,0.01129574,"Estuarine and Marine Wetland",Digital
3822,7844,E2SS3N,0.10711351,"Estuarine and Marine Wetland",Digital
3823,7845,E2SS3N,0.02188039,"Estuarine and Marine Wetland",Digital
3824,7846,E2SS3N,0.02997099,"Estuarine and Marine Wetland",Digital
3825,7847,E2SS3N,0.02116729,"Estuarine and Marine Wetland",Digital
3826,7848,E2SS3N,0.02567327,"Estuarine and Marine Wetland",Digital
3827,7849,E2SS3N,2.22378796,"Estuarine and Marine Wetland",Digital
3828,7850,E2SS3N,0.13874096,"Estuarine and Marine Wetland",Digital
3829,7851,E2SS3N,0.03559102,"Estuarine and Marine Wetland",Digital
3830,7852,E2SS3N,0.07759417,"Estuarine and Marine Wetland",Digital
3831,7853,E2SS3N,0.24485923,"Estuarine and Marine Wetland",Digital
3832,7854,E2SS3N,0.11524388,"Estuarine and Marine Wetland",Digital
3833,7855,E2SS3N,0.00935457,"Estuarine and Marine Wetland",Digital
3834,7856,E2SS3N,0.2413962,"Estuarine and Marine Wetland",Digital
3835,7857,E2SS3N,0.01201724,"Estuarine and Marine Wetland",Digital
3836,7858,E2SS3N,0.00950932,"Estuarine and Marine Wetland",Digital
3837,7859,E2SS3N,0.06876472,"Estuarine and Marine Wetland",Digital
3838,7860,E2SS3N,0.04864326,"Estuarine and Marine Wetland",Digital
3839,7861,E2SS3N,0.08484151,"Estuarine and Marine Wetland",Digital
3840,7862,E2SS3N,2.12946109,"Estuarine and Marine Wetland",Digital
3841,7863,E2SS3N,1.4423518,"Estuarine and Marine Wetland",Digital
3842,7864,E2SS3N,0.56720379,"Estuarine and Marine Wetland",Digital
3843,7865,E2SS3N,0.06339333,"Estuarine and Marine Wetland",Digital
3844,7866,E2SS3N,2.46789776,"Estuarine and Marine Wetland",Digital
3845,7867,E2SS3N,0.14716971,"Estuarine and Marine Wetland",Digital
3846,7868,E2SS3N,0.57850431,"Estuarine and Marine Wetland",Digital
3847,7869,E2SS3N,0.38667938,"Estuarine and Marine Wetland",Digital
3848,7870,E2SS3N,1.65303943,"Estuarine and Marine Wetland",Digital
3849,7871,E2SS3N,0.51201781,"Estuarine and Marine Wetland",Digital
3850,7872,E2SS3N,0.05577855,"Estuarine and Marine Wetland",Digital
3851,7873,E2SS3N,0.03703604,"Estuarine and Marine Wetland",Digital
3852,7874,E2SS3N,0.02174689,"Estuarine and Marine Wetland",Digital
3853,7875,E2SS3N,1.17052581,"Estuarine and Marine Wetland",Digital
3854,7876,E2SS3N,0.04758191,"Estuarine and Marine Wetland",Digital
3855,7877,E2SS3N,0.04097637,"Estuarine and Marine Wetland",Digital
3856,7878,E2SS3N,0.57845594,"Estuarine and Marine Wetland",Digital
3857,7879,E2SS3N,13.40804729,"Estuarine and Marine Wetland",Digital
3858,7880,E2SS3N,0.88533309,"Estuarine and Marine Wetland",Digital
3859,7881,E2SS3N,0.25954884,"Estuarine and Marine Wetland",Digital
3860,7882,E2SS3N,0.22430923,"Estuarine and Marine Wetland",Digital
3861,7883,E2SS3N,0.22156106,"Estuarine and Marine Wetland",Digital
3862,7884,E2SS3N,0.47012905,"Estuarine and Marine Wetland",Digital
3863,7885,E2SS3N,0.04777188,"Estuarine and Marine Wetland",Digital
3864,7886,E2SS3N,0.19904185,"Estuarine and Marine Wetland",Digital
3865,7887,E2SS3N,0.21013887,"Estuarine and Marine Wetland",Digital
3866,7888,E2SS3N,0.05847982,"Estuarine and Marine Wetland",Digital
3867,7889,E2SS3N,7.60446959,"Estuarine and Marine Wetland",Digital
3868,7890,E2SS3N,0.0910367,"Estuarine and Marine Wetland",Digital
3869,7891,E2SS3N,0.64987012,"Estuarine and Marine Wetland",Digital
3870,7892,E2SS3N,0.84168568,"Estuarine and Marine Wetland",Digital
3871,7893,E2SS3N,0.12086615,"Estuarine and Marine Wetland",Digital
3872,7894,E2SS3N,2.06200627,"Estuarine and Marine Wetland",Digital
3873,7895,E2SS3N,0.19239578,"Estuarine and Marine Wetland",Digital
3874,7896,E2SS3N,0.14909649,"Estuarine and Marine Wetland",Digital
3875,7897,E2SS3Nx,0.05673127,"Estuarine and Marine Wetland",Digital
3876,7898,E2SS3P,0.8636435,"Estuarine and Marine Wetland",Digital
3877,7899,E2US/ABM,0.60058047,"Estuarine and Marine Wetland",Digital
3878,7900,E2US/SS3N,21.44395138,"Estuarine and Marine Wetland",Digital
3879,7901,E2USN,0.7667393,"Estuarine and Marine Wetland",Digital
3880,7902,E2USN,4.68020136,"Estuarine and Marine Wetland",Digital
3881,7903,E2USN,0.27202477,"Estuarine and Marine Wetland",Digital
3882,7904,E2USN,0.33977529,"Estuarine and Marine Wetland",Digital
3883,7905,E2USN,0.46134368,"Estuarine and Marine Wetland",Digital
3884,7906,E2USN,1.00036714,"Estuarine and Marine Wetland",Digital
3885,7907,E2USN,1.26048811,"Estuarine and Marine Wetland",Digital
3886,7908,E2USN,1.3906502,"Estuarine and Marine Wetland",Digital
3887,7909,E2USN,0.08071067,"Estuarine and Marine Wetland",Digital
3888,7910,E2USN,0.23044105,"Estuarine and Marine Wetland",Digital
3889,7911,E2USN,0.3207129,"Estuarine and Marine Wetland",Digital
3890,7912,E2USN,0.48728701,"Estuarine and Marine Wetland",Digital
3891,7913,E2USN,0.16771518,"Estuarine and Marine Wetland",Digital
3892,7914,E2USN,0.31215383,"Estuarine and Marine Wetland",Digital
3893,7915,L1UBHx,35.03177766,"Lake",Digital
3894,7916,L2USAx,8.27922295,"Lake",Digital
3895,7917,L2USCx,2.94316937,"Lake",Digital
3896,7918,M1RF1L,245.04761006,"Estuarine and Marine Deepwater",Digital
3897,7919,M1RF1L,0.03574051,"Estuarine and Marine Deepwater",Digital
3898,7920,M1RF1L,1.20924999,"Estuarine and Marine Deepwater",Digital
3899,7921,M1RF1L,7488.50948334,"Estuarine and Marine Deepwater",Digital
3900,7922,M1UBL,156.04729118,"Estuarine and Marine Deepwater",Digital
3901,7923,M1UBL,207.48230873,"Estuarine and Marine Deepwater",Digital
3902,7924,M1UBL,0.06286449,"Estuarine and Marine Deepwater",Digital
3903,7925,M1UBL,219.87189633,"Estuarine and Marine Deepwater",Digital
3904,7926,M1UBLx,1490.76556819,"Estuarine and Marine Deepwater",Digital
3905,7927,M2ABM,0.50848335,"Estuarine and Marine Wetland",Digital
3906,7928,M2RF1/USN,130.3000362,"Estuarine and Marine Wetland",Digital
3907,7929,M2RS/ABN,0.20792165,"Estuarine and Marine Wetland",Digital
3908,7930,M2RS/ABN,0.264012,"Estuarine and Marine Wetland",Digital
3909,7931,M2RS/ABN,0.08654343,"Estuarine and Marine Wetland",Digital
3910,7932,M2RSN,0.2385659,"Estuarine and Marine Wetland",Digital
3911,7933,M2RSN,0.21795788,"Estuarine and Marine Wetland",Digital
3912,7934,M2RSN,0.29866309,"Estuarine and Marine Wetland",Digital
3913,7935,M2RSN,0.1049965,"Estuarine and Marine Wetland",Digital
3914,7936,M2RSN,0.0230738,"Estuarine and Marine Wetland",Digital
3915,7937,M2RSN,0.01647869,"Estuarine and Marine Wetland",Digital
3916,7938,M2RSN,0.07350383,"Estuarine and Marine Wetland",Digital
3917,7939,M2RSP,0.25672156,"Estuarine and Marine Wetland",Digital
3918,7940,M2RSP,0.22798398,"Estuarine and Marine Wetland",Digital
3919,7941,M2RSP,0.0673459,"Estuarine and Marine Wetland",Digital
3920,7942,M2US/ABM,0.37876006,"Estuarine and Marine Wetland",Digital
3921,7943,M2US/ABM,0.1187727,"Estuarine and Marine Wetland",Digital
3922,7944,M2US/ABM,156.65147798,"Estuarine and Marine Wetland",Digital
3923,7945,M2USN,0.16867911,"Estuarine and Marine Wetland",Digital
3924,7946,M2USN,0.88584001,"Estuarine and Marine Wetland",Digital
3925,7947,M2USN,0.45107919,"Estuarine and Marine Wetland",Digital
3926,7948,M2USN,0.57627392,"Estuarine and Marine Wetland",Digital
3927,7949,M2USN,0.33806054,"Estuarine and Marine Wetland",Digital
3928,7950,M2USN,0.00905147,"Estuarine and Marine Wetland",Digital
3929,7951,M2USN,0.16752525,"Estuarine and Marine Wetland",Digital
3930,7952,M2USN,1.34857742,"Estuarine and Marine Wetland",Digital
3931,7953,M2USN,0.09732615,"Estuarine and Marine Wetland",Digital
3932,7954,M2USN,0.06385097,"Estuarine and Marine Wetland",Digital
3933,7955,M2USN,0.04162792,"Estuarine and Marine Wetland",Digital
3934,7956,M2USN,0.01137578,"Estuarine and Marine Wetland",Digital
3935,7957,M2USN,0.02582912,"Estuarine and Marine Wetland",Digital
3936,7958,M2USN,0.42230396,"Estuarine and Marine Wetland",Digital
3937,7959,M2USN,0.04315065,"Estuarine and Marine Wetland",Digital
3938,7960,M2USN,0.02286969,"Estuarine and Marine Wetland",Digital
3939,7961,M2USN,0.59628717,"Estuarine and Marine Wetland",Digital
3940,7962,M2USN,15.87186575,"Estuarine and Marine Wetland",Digital
3941,7963,M2USP,0.22327946,"Estuarine and Marine Wetland",Digital
3942,7964,PABFx,0.31434137,"Freshwater Pond",Digital
3943,7965,PABFx,0.22228394,"Freshwater Pond",Digital
3944,7966,PABHx,4.45534482,"Freshwater Pond",Digital
3945,7967,PEM1/SS3Ch,0.27551059,"Freshwater Emergent Wetland",Digital
3946,7968,PEM1/SS3Cx,0.22284399,"Freshwater Emergent Wetland",Digital
3947,7969,PEM1/USCx,12.63802072,"Freshwater Emergent Wetland",Digital
3948,7970,PEM1Ch,0.25731691,"Freshwater Emergent Wetland",Digital
3949,7971,PEM1Cx,0.97843513,"Freshwater Emergent Wetland",Digital
3950,7972,PEM1Cx,1.10582814,"Freshwater Emergent Wetland",Digital
3951,7973,PEM1Cx,21.9528733,"Freshwater Emergent Wetland",Digital
3952,7974,PEM1Cx,1.98940226,"Freshwater Emergent Wetland",Digital
3953,7975,PEM1Cx,0.10007008,"Freshwater Emergent Wetland",Digital
3954,7976,PEM1Cx,2.88540648,"Freshwater Emergent Wetland",Digital
3955,7977,PEM1Cx,0.83267385,"Freshwater Emergent Wetland",Digital
3956,7978,PEM1Cx,2.18992766,"Freshwater Emergent Wetland",Digital
3957,7979,PEM1Fh,0.62724145,"Freshwater Emergent Wetland",Digital
3958,7980,PEM1Fx,3.58874276,"Freshwater Emergent Wetland",Digital
3959,7981,PEM1Fx,0.68971276,"Freshwater Emergent Wetland",Digital
3960,7982,PEM1Kx,3.94190189,"Freshwater Emergent Wetland",Digital
3961,7983,PFO3Ch,1.20454222,"Freshwater Forested/Shrub Wetland",Digital
3962,7984,PFO3Cx,0.24868912,"Freshwater Forested/Shrub Wetland",Digital
3963,7985,PSS3/EM1Cx,0.23625685,"Freshwater Forested/Shrub Wetland",Digital
3964,7986,PSS3C,0.07660803,"Freshwater Forested/Shrub Wetland",Digital
3965,7987,PSS3C,0.21717578,"Freshwater Forested/Shrub Wetland",Digital
3966,7988,PSS3Cx,0.17922578,"Freshwater Forested/Shrub Wetland",Digital
3967,7989,PSS3K,2.78829906,"Freshwater Forested/Shrub Wetland",Digital
3968,7990,PSS3Kx,2.06775685,"Freshwater Forested/Shrub Wetland",Digital
3969,7991,PSSC,0.17844373,"Freshwater Forested/Shrub Wetland",Digital
3970,7992,PUBFx,0.13838478,"Freshwater Pond",Digital
3971,7993,PUBHh,0.06022955,"Freshwater Pond",Digital
3972,7994,PUBHx,0.79259507,"Freshwater Pond",Digital
3973,7995,PUBHx,1.50771823,"Freshwater Pond",Digital
3974,7996,PUBHx,0.98614068,"Freshwater Pond",Digital
3975,7997,PUBHx,2.30212573,"Freshwater Pond",Digital
3976,7998,PUBHx,3.85853907,"Freshwater Pond",Digital
3977,7999,PUBHx,2.01532955,"Freshwater Pond",Digital
3978,8000,PUBHx,0.93497874,"Freshwater Pond",Digital
3979,8001,PUBHx,1.14846263,"Freshwater Pond",Digital
3980,8002,PUBHx,4.85996811,"Freshwater Pond",Digital
3981,8003,PUBHx,4.57620956,"Freshwater Pond",Digital
3982,8004,PUBHx,2.37675707,"Freshwater Pond",Digital
3983,8005,PUBHx,2.54051424,"Freshwater Pond",Digital
3984,8006,PUBHx,1.78333173,"Freshwater Pond",Digital
3985,8007,PUBHx,7.21124102,"Freshwater Pond",Digital
3986,8008,PUBHx,3.83005022,"Freshwater Pond",Digital
3987,8009,PUBHx,0.36544831,"Freshwater Pond",Digital
3988,8010,PUBHx,0.44177478,"Freshwater Pond",Digital
3989,8011,PUBHx,0.27497965,"Freshwater Pond",Digital
3990,8012,PUBHx,1.27836452,"Freshwater Pond",Digital
3991,8013,PUBHx,1.93315037,"Freshwater Pond",Digital
3992,8014,PUBHx,0.82962922,"Freshwater Pond",Digital
3993,8015,PUBHx,0.02052753,"Freshwater Pond",Digital
3994,8016,PUBKx,1.93661927,"Freshwater Pond",Digital
3995,8017,PUSCx,0.56757383,"Freshwater Pond",Digital
3996,8018,PUSCx,7.66707271,"Freshwater Pond",Digital
3997,8019,PUSKx,4.19464368,"Freshwater Pond",Digital
3998,8020,R2UBHx,1.69154174,"Riverine",Digital
3999,8021,R4SBC,0.15667216,"Riverine",Digital
4000,8022,R4SBC,1.0531195,"Riverine",Digital
4001,8023,R4SBC,0.47856081,"Riverine",Digital
4002,8024,R4SBC,1.39109523,"Riverine",Digital
4003,8025,R4SBCx,0.3935565,"Riverine",Digital
4004,8026,R4SBCx,0.04088029,"Riverine",Digital
4005,8027,R4SBCx,7.31568089,"Riverine",Digital
4006,8028,R5UBFx,0.46809746,"Riverine",Digital
4007,8029,R5UBFx,0.20899519,"Riverine",Digital
4008,8030,R5UBFx,0.13961031,"Riverine",Digital
4009,8031,R5UBFx,0.04836597,"Riverine",Digital
4010,8032,R5UBFx,4.16904493,"Riverine",Digital
4011,8033,R5UBFx,2.78312268,"Riverine",Digital
4012,8034,R5UBFx,2.84251238,"Riverine",Digital
4013,8035,R5UBFx,0.08697216,"Riverine",Digital
4014,8036,R5UBFx,0.77915834,"Riverine",Digital
4015,8037,R5UBFx,0.39558178,"Riverine",Digital
4016,8038,R5UBFx,0.07764702,"Riverine",Digital
4017,8039,R5UBH,0.02488921,"Riverine",Digital
4018,8040,R5UBH,0.01497544,"Riverine",Digital
4019,8041,R5UBH,0.01337262,"Riverine",Digital
4020,8042,R5UBH,2.62356604,"Riverine",Digital
4021,8043,R5UBH,0.04097401,"Riverine",Digital
4022,8044,R5UBH,0.0172968,"Riverine",Digital
4023,8045,R2UBHx,4.21862872,"Riverine",Digital
4024,8046,R2UBHx,9.41036999,"Riverine",Digital
4025,8047,R2UBHx,5.52819099,"Riverine",Digital
4026,8240,E1UBL,0.45175167,"Estuarine and Marine Deepwater",Digital
4027,8241,E1UBL,0.24737111,"Estuarine and Marine Deepwater",Digital
4028,8242,E2EM1N,0.00945449,"Estuarine and Marine Wetland",Digital
4029,8243,E2EM1N,0.01509099,"Estuarine and Marine Wetland",Digital
4030,8244,E2EM1N,0.02680385,"Estuarine and Marine Wetland",Digital
4031,8245,E2EM1N,0.14827966,"Estuarine and Marine Wetland",Digital
4032,8246,E2USN,0.01321176,"Estuarine and Marine Wetland",Digital
4033,8247,E2USN,0.04563878,"Estuarine and Marine Wetland",Digital
4034,8248,E2USN,0.02886949,"Estuarine and Marine Wetland",Digital
4035,8249,M1RF1L,1206.46619889,"Estuarine and Marine Deepwater",Digital
4036,8250,M2RS/ABN,3.49113412,"Estuarine and Marine Wetland",Digital
4037,8251,M2RS/ABN,2.04788884,"Estuarine and Marine Wetland",Digital
4038,8252,M2RS/ABN,0.04026347,"Estuarine and Marine Wetland",Digital
4039,8253,M2RSP,0.26889805,"Estuarine and Marine Wetland",Digital
4040,8254,M2RSP,2.35623572,"Estuarine and Marine Wetland",Digital
4041,8255,M2RSP,0.08784586,"Estuarine and Marine Wetland",Digital
4042,8256,M2USN,0.00994154,"Estuarine and Marine Wetland",Digital
4043,8257,M2USN,0.03825663,"Estuarine and Marine Wetland",Digital
4044,8258,M2USN,5.1065154,"Estuarine and Marine Wetland",Digital
4045,8259,PABHh,0.09424435,"Freshwater Pond",Digital
4046,8260,PEM1A,0.44316775,"Freshwater Emergent Wetland",Digital
4047,8261,PEM1A,0.22554639,"Freshwater Emergent Wetland",Digital
4048,8262,PEM1Ax,0.40965526,"Freshwater Emergent Wetland",Digital
4049,8263,PEM1Ax,1.8805166,"Freshwater Emergent Wetland",Digital
4050,8264,PEM1C,0.93467767,"Freshwater Emergent Wetland",Digital
4051,8265,PEM1C,0.57012505,"Freshwater Emergent Wetland",Digital
4052,8266,PEM1C,0.46557035,"Freshwater Emergent Wetland",Digital
4053,8267,PEM1C,0.26156347,"Freshwater Emergent Wetland",Digital
4054,8268,PEM1C,2.09797731,"Freshwater Emergent Wetland",Digital
4055,8269,PEM1C,2.0858799,"Freshwater Emergent Wetland",Digital
4056,8270,PEM1C,0.20229415,"Freshwater Emergent Wetland",Digital
4057,8271,PEM1C,0.83971246,"Freshwater Emergent Wetland",Digital
4058,8272,PEM1C,4.33054374,"Freshwater Emergent Wetland",Digital
4059,8273,PEM1C,0.48560915,"Freshwater Emergent Wetland",Digital
4060,8274,PEM1C,4.88807516,"Freshwater Emergent Wetland",Digital
4061,8275,PEM1C,3.84439626,"Freshwater Emergent Wetland",Digital
4062,8276,PEM1C,0.97432929,"Freshwater Emergent Wetland",Digital
4063,8277,PEM1Ch,1.19250927,"Freshwater Emergent Wetland",Digital
4064,8278,PEM1Ch,1.31906129,"Freshwater Emergent Wetland",Digital
4065,8279,PEM1Ch,2.43008763,"Freshwater Emergent Wetland",Digital
4066,8280,PEM1Ch,0.75383269,"Freshwater Emergent Wetland",Digital
4067,8281,PEM1Ch,1.39690102,"Freshwater Emergent Wetland",Digital
4068,8282,PEM1Ch,0.11839628,"Freshwater Emergent Wetland",Digital
4069,8283,PEM1Ch,4.9568064,"Freshwater Emergent Wetland",Digital
4070,8284,PEM1Ch,0.52425045,"Freshwater Emergent Wetland",Digital
4071,8285,PEM1Cx,1.06250123,"Freshwater Emergent Wetland",Digital
4072,8286,PEM1Cx,0.29062935,"Freshwater Emergent Wetland",Digital
4073,8287,PEM1Cx,0.67730499,"Freshwater Emergent Wetland",Digital
4074,8288,PEM1Cx,0.02052765,"Freshwater Emergent Wetland",Digital
4075,8289,PEM1Cx,0.08766366,"Freshwater Emergent Wetland",Digital
4076,8290,PEM1Cx,5.56384448,"Freshwater Emergent Wetland",Digital
4077,8291,PEM1Fh,2.79986842,"Freshwater Emergent Wetland",Digital
4078,8292,PEM1Fh,1.42020171,"Freshwater Emergent Wetland",Digital
4079,8293,PEM1Fh,0.04136808,"Freshwater Emergent Wetland",Digital
4080,8294,PFO1Ah,0.29467282,"Freshwater Forested/Shrub Wetland",Digital
4081,8295,PFO1Ah,0.27310191,"Freshwater Forested/Shrub Wetland",Digital
4082,8296,PFO1Ah,1.70814177,"Freshwater Forested/Shrub Wetland",Digital
4083,8297,PFO1Ah,1.40218697,"Freshwater Forested/Shrub Wetland",Digital
4084,8298,PFO1Ah,4.49177516,"Freshwater Forested/Shrub Wetland",Digital
4085,8299,PFO3C,8.15418419,"Freshwater Forested/Shrub Wetland",Digital
4086,8300,PFO3C,39.81235494,"Freshwater Forested/Shrub Wetland",Digital
4087,8301,PFO3C,5.88904563,"Freshwater Forested/Shrub Wetland",Digital
4088,8302,PFO3C,7.92698049,"Freshwater Forested/Shrub Wetland",Digital
4089,8303,PFO3C,5.49874827,"Freshwater Forested/Shrub Wetland",Digital
4090,8304,PFO3C,10.42944366,"Freshwater Forested/Shrub Wetland",Digital
4091,8305,PFO3C,8.84401398,"Freshwater Forested/Shrub Wetland",Digital
4092,8306,PFO3C,0.41908281,"Freshwater Forested/Shrub Wetland",Digital
4093,8307,PFO3C,0.50563869,"Freshwater Forested/Shrub Wetland",Digital
4094,8308,PFO3C,3.1545882,"Freshwater Forested/Shrub Wetland",Digital
4095,8309,PFO3C,0.81284235,"Freshwater Forested/Shrub Wetland",Digital
4096,8310,PFO3C,3.55343806,"Freshwater Forested/Shrub Wetland",Digital
4097,8311,PFO3C,3.00611491,"Freshwater Forested/Shrub Wetland",Digital
4098,8312,PFO3C,1.24613021,"Freshwater Forested/Shrub Wetland",Digital
4099,8313,PFO3C,1.77836234,"Freshwater Forested/Shrub Wetland",Digital
4100,8314,PFO3C,1.72431156,"Freshwater Forested/Shrub Wetland",Digital
4101,8315,PFO3C,1.10178063,"Freshwater Forested/Shrub Wetland",Digital
4102,8316,PFO3C,1.01709745,"Freshwater Forested/Shrub Wetland",Digital
4103,8317,PFO3C,2.68712644,"Freshwater Forested/Shrub Wetland",Digital
4104,8318,PFO3C,0.77994967,"Freshwater Forested/Shrub Wetland",Digital
4105,8319,PFO3C,3.69050429,"Freshwater Forested/Shrub Wetland",Digital
4106,8320,PFO3C,4.48565746,"Freshwater Forested/Shrub Wetland",Digital
4107,8321,PFO3C,24.88386058,"Freshwater Forested/Shrub Wetland",Digital
4108,8322,PFO3C,2.55366395,"Freshwater Forested/Shrub Wetland",Digital
4109,8323,PFO3C,3.83873524,"Freshwater Forested/Shrub Wetland",Digital
4110,8324,PFO3C,20.78180867,"Freshwater Forested/Shrub Wetland",Digital
4111,8325,PFO3C,17.44492556,"Freshwater Forested/Shrub Wetland",Digital
4112,8326,PFO3Cx,2.01817307,"Freshwater Forested/Shrub Wetland",Digital
4113,8327,PSS3A,14.65559842,"Freshwater Forested/Shrub Wetland",Digital
4114,8328,PSS3A,4.7084742,"Freshwater Forested/Shrub Wetland",Digital
4115,8329,PSS3A,0.64723154,"Freshwater Forested/Shrub Wetland",Digital
4116,8330,PSS3A,0.88025721,"Freshwater Forested/Shrub Wetland",Digital
4117,8331,PSS3A,9.8768562,"Freshwater Forested/Shrub Wetland",Digital
4118,8332,PSS3A,4.48259316,"Freshwater Forested/Shrub Wetland",Digital
4119,8333,PSS3A,1.67277708,"Freshwater Forested/Shrub Wetland",Digital
4120,8334,PSS3A,8.09981722,"Freshwater Forested/Shrub Wetland",Digital
4121,8335,PSS3A,0.67915083,"Freshwater Forested/Shrub Wetland",Digital
4122,8336,PSS3A,2.82282095,"Freshwater Forested/Shrub Wetland",Digital
4123,8337,PSS3Ax,1.21965493,"Freshwater Forested/Shrub Wetland",Digital
4124,8338,PSS3Ax,1.3310119,"Freshwater Forested/Shrub Wetland",Digital
4125,8339,PSS3C,4.5647958,"Freshwater Forested/Shrub Wetland",Digital
4126,8340,PSS3C,6.99999798,"Freshwater Forested/Shrub Wetland",Digital
4127,8341,PSS3C,2.09852821,"Freshwater Forested/Shrub Wetland",Digital
4128,8342,PSS3C,10.11262684,"Freshwater Forested/Shrub Wetland",Digital
4129,8343,PSS3C,21.07419402,"Freshwater Forested/Shrub Wetland",Digital
4130,8344,PSS3C,0.92851828,"Freshwater Forested/Shrub Wetland",Digital
4131,8345,PSS3C,6.27674404,"Freshwater Forested/Shrub Wetland",Digital
4132,8346,PSS3C,0.98189154,"Freshwater Forested/Shrub Wetland",Digital
4133,8347,PSS3C,0.70124435,"Freshwater Forested/Shrub Wetland",Digital
4134,8348,PSS3C,8.65452996,"Freshwater Forested/Shrub Wetland",Digital
4135,8349,PSS3C,0.90155357,"Freshwater Forested/Shrub Wetland",Digital
4136,8350,PSS3Ch,0.90405297,"Freshwater Forested/Shrub Wetland",Digital
4137,8351,PSSAx,2.18363538,"Freshwater Forested/Shrub Wetland",Digital
4138,8352,PUBFh,0.55755921,"Freshwater Pond",Digital
4139,8353,PUBHh,3.24124672,"Freshwater Pond",Digital
4140,8354,PUBHx,1.10068424,"Freshwater Pond",Digital
4141,8355,PUBHx,0.41235589,"Freshwater Pond",Digital
4142,8356,PUBHx,0.87707505,"Freshwater Pond",Digital
4143,8357,PUBHx,0.95098373,"Freshwater Pond",Digital
4144,8358,PUBHx,0.99401607,"Freshwater Pond",Digital
4145,8359,PUBHx,0.64570869,"Freshwater Pond",Digital
4146,8360,PUBHx,0.66494622,"Freshwater Pond",Digital
4147,8361,PUBHx,0.81153116,"Freshwater Pond",Digital
4148,8362,PUBHx,0.15338438,"Freshwater Pond",Digital
4149,8363,PUBHx,0.5081802,"Freshwater Pond",Digital
4150,8364,PUBHx,0.30195398,"Freshwater Pond",Digital
4151,8365,PUBHx,0.92048977,"Freshwater Pond",Digital
4152,8366,PUBHx,1.60740469,"Freshwater Pond",Digital
4153,8367,PUBHx,0.2879605,"Freshwater Pond",Digital
4154,8368,PUBHx,0.13772464,"Freshwater Pond",Digital
4155,8369,PUBHx,0.98092771,"Freshwater Pond",Digital
4156,8370,PUBHx,3.13246522,"Freshwater Pond",Digital
4157,8371,PUBHx,0.07742281,"Freshwater Pond",Digital
4158,8372,PUBHx,0.28608649,"Freshwater Pond",Digital
4159,8373,PUBHx,0.14876209,"Freshwater Pond",Digital
4160,8374,PUBHx,0.26617353,"Freshwater Pond",Digital
4161,8375,PUBHx,0.29591423,"Freshwater Pond",Digital
4162,8376,PUBHx,0.20416736,"Freshwater Pond",Digital
4163,8377,PUBHx,0.92443853,"Freshwater Pond",Digital
4164,8378,R4SBC,0.27564555,"Riverine",Digital
4165,8379,R4SBC,0.21218903,"Riverine",Digital
4166,8380,R4SBC,2.82470025,"Riverine",Digital
4167,8381,R4SBC,0.57193836,"Riverine",Digital
4168,8382,R4SBC,6.59205953,"Riverine",Digital
4169,8383,R4SBC,0.44654821,"Riverine",Digital
4170,8384,R4SBC,0.58188279,"Riverine",Digital
4171,8385,R4SBC,0.20537792,"Riverine",Digital
4172,8386,R4SBC,1.36784371,"Riverine",Digital
4173,8387,R4SBC,0.45756622,"Riverine",Digital
4174,8388,R4SBC,1.34390472,"Riverine",Digital
4175,8389,R4SBC,0.32369824,"Riverine",Digital
4176,8390,R4SBC,0.18096081,"Riverine",Digital
4177,8391,R4SBC,0.36985559,"Riverine",Digital
4178,8392,R4SBC,0.23362672,"Riverine",Digital
4179,8393,R4SBC,0.30046972,"Riverine",Digital
4180,8394,R4SBC,0.23363473,"Riverine",Digital
4181,8395,R4SBC,0.15160971,"Riverine",Digital
4182,8396,R4SBC,0.30430068,"Riverine",Digital
4183,8397,R4SBC,0.61839369,"Riverine",Digital
4184,8398,R4SBC,0.46105979,"Riverine",Digital
4185,8399,R4SBC,0.20524388,"Riverine",Digital
4186,8400,R4SBC,0.23638544,"Riverine",Digital
4187,8401,R4SBC,0.63363054,"Riverine",Digital
4188,8402,R4SBC,0.24030148,"Riverine",Digital
4189,8403,R4SBC,0.34364833,"Riverine",Digital
4190,8404,R4SBC,0.25975372,"Riverine",Digital
4191,8405,R4SBC,0.1531323,"Riverine",Digital
4192,8406,R4SBC,0.39437777,"Riverine",Digital
4193,8407,R4SBC,0.13633627,"Riverine",Digital
4194,8408,R4SBC,0.18357549,"Riverine",Digital
4195,8409,R4SBC,1.17503166,"Riverine",Digital
4196,8410,R4SBC,1.24301482,"Riverine",Digital
4197,8411,R4SBC,0.44470836,"Riverine",Digital
4198,8412,R4SBC,0.21018466,"Riverine",Digital
4199,8413,R4SBC,1.05276863,"Riverine",Digital
4200,8414,R4SBC,1.67272124,"Riverine",Digital
4201,8415,R4SBC,0.20761814,"Riverine",Digital
4202,8416,R4SBC,0.1575565,"Riverine",Digital
4203,8417,R4SBC,0.50659795,"Riverine",Digital
4204,8418,R4SBC,0.50475207,"Riverine",Digital
4205,8419,R4SBC,1.46008398,"Riverine",Digital
4206,8420,R4SBC,3.0208667,"Riverine",Digital
4207,8421,R4SBCx,0.41830351,"Riverine",Digital
4208,8422,R4SBCx,3.02350696,"Riverine",Digital
4209,8423,R4SBCx,0.41332526,"Riverine",Digital
4210,8424,R4SBCx,2.42803015,"Riverine",Digital
4211,8425,R4SBCx,6.711872,"Riverine",Digital
4212,8426,R4SBCx,0.76699456,"Riverine",Digital
4213,8427,R4SBCx,0.49005066,"Riverine",Digital
4214,8428,R4SBCx,1.98195254,"Riverine",Digital
4215,8429,R4SBCx,1.62372238,"Riverine",Digital
4216,8430,R4SBCx,3.90077676,"Riverine",Digital
4217,8431,R5UBFx,0.09210075,"Riverine",Digital
4218,8432,R5UBFx,6.36948705,"Riverine",Digital
4219,8433,R5UBFx,0.20073368,"Riverine",Digital
4220,8434,R5UBFx,0.60382297,"Riverine",Digital
4221,8435,R5UBFx,1.15374684,"Riverine",Digital
4222,8436,R5UBFx,0.55574363,"Riverine",Digital
4223,8437,R5UBFx,0.53053365,"Riverine",Digital
4224,8438,R5UBFx,0.6191411,"Riverine",Digital
4225,8439,R5UBFx,0.4083364,"Riverine",Digital
4226,8440,R5UBFx,0.67307425,"Riverine",Digital
4227,8441,R5UBFx,0.47242141,"Riverine",Digital
4228,8442,R5UBFx,0.67477564,"Riverine",Digital
4229,8443,R5UBFx,0.1886591,"Riverine",Digital
4230,8444,R5UBFx,1.67601157,"Riverine",Digital
4231,8445,R5UBFx,0.83948935,"Riverine",Digital
4232,8446,R5UBFx,0.66953974,"Riverine",Digital
4233,8447,R5UBFx,1.27833147,"Riverine",Digital
4234,8448,R5UBFx,3.52701355,"Riverine",Digital
4235,8449,R5UBFx,0.29456632,"Riverine",Digital
4236,8450,R5UBFx,1.94688905,"Riverine",Digital
4237,8451,R5UBFx,1.12791708,"Riverine",Digital
4238,8452,R5UBFx,0.08116737,"Riverine",Digital
4239,8453,R5UBFx,0.36490424,"Riverine",Digital
4240,8454,R5UBFx,4.40747668,"Riverine",Digital
4241,8455,R5UBFx,0.91630328,"Riverine",Digital
4242,8456,R5UBFx,1.78382626,"Riverine",Digital
4243,8457,R5UBFx,0.4899541,"Riverine",Digital
4244,8458,R5UBFx,0.17225304,"Riverine",Digital
4245,8459,R5UBFx,0.5330063,"Riverine",Digital
4246,8460,R5UBFx,0.35570182,"Riverine",Digital
4247,8461,R5UBH,0.83856696,"Riverine",Digital
4248,8462,R5UBH,0.17991811,"Riverine",Digital
4249,8463,R5UBH,0.06691706,"Riverine",Digital
4250,8464,R5UBH,0.02200752,"Riverine",Digital
4251,8465,R5UBH,0.10550038,"Riverine",Digital
4252,8466,R5UBH,0.00809546,"Riverine",Digital
4253,8467,R5UBH,0.00998014,"Riverine",Digital
4254,8468,R5UBH,0.03934532,"Riverine",Digital
4255,8469,R5UBH,0.42411557,"Riverine",Digital
4256,8470,R5UBH,0.52477943,"Riverine",Digital
4257,8471,R5UBH,0.00765865,"Riverine",Digital
4258,8472,R5UBH,0.00756449,"Riverine",Digital
4259,8473,R2UBH,2.57890301,"Riverine",Digital
4260,8732,E1UBL,0.27496697,"Estuarine and Marine Deepwater",Digital
4261,8733,E1UBL,6.88141524,"Estuarine and Marine Deepwater",Digital
4262,8734,E1UBL,0.1072706,"Estuarine and Marine Deepwater",Digital
4263,8735,E1UBL,0.36183446,"Estuarine and Marine Deepwater",Digital
4264,8736,E1UBLx,3.43937326,"Estuarine and Marine Deepwater",Digital
4265,8737,E1UBLx,6.71340905,"Estuarine and Marine Deepwater",Digital
4266,8738,E1UBLx,0.201639,"Estuarine and Marine Deepwater",Digital
4267,8739,E1UBLx,6.90299338,"Estuarine and Marine Deepwater",Digital
4268,8740,E2EM1N,0.03645352,"Estuarine and Marine Wetland",Digital
4269,8741,E2EM1N,0.04294803,"Estuarine and Marine Wetland",Digital
4270,8742,E2EM1N,0.04817977,"Estuarine and Marine Wetland",Digital
4271,8743,E2EM1N,0.06793688,"Estuarine and Marine Wetland",Digital
4272,8744,E2SS3Nx,0.04533581,"Estuarine and Marine Wetland",Digital
4273,8745,E2USN,0.07918734,"Estuarine and Marine Wetland",Digital
4274,8746,E2USN,0.06769162,"Estuarine and Marine Wetland",Digital
4275,8747,E2USN,0.03887197,"Estuarine and Marine Wetland",Digital
4276,8748,E2USNx,0.28825014,"Estuarine and Marine Wetland",Digital
4277,8749,E2USNx,0.32752337,"Estuarine and Marine Wetland",Digital
4278,8750,E2USNx,0.14737109,"Estuarine and Marine Wetland",Digital
4279,8751,E2USNx,0.09365752,"Estuarine and Marine Wetland",Digital
4280,8752,M1ABL,0.86277132,"Estuarine and Marine Deepwater",Digital
4281,8753,M1RF1L,3944.36816759,"Estuarine and Marine Deepwater",Digital
4282,8754,M1RF1L,1055.75451402,"Estuarine and Marine Deepwater",Digital
4283,8755,M1UBL,12.74690404,"Estuarine and Marine Deepwater",Digital
4284,8756,M1UBL,13.90643267,"Estuarine and Marine Deepwater",Digital
4285,8757,M2AB/RSN,2.1063797,"Estuarine and Marine Wetland",Digital
4286,8758,M2RS/ABN,2.56250203,"Estuarine and Marine Wetland",Digital
4287,8759,M2RS/ABN,1.16992727,"Estuarine and Marine Wetland",Digital
4288,8760,M2RS/ABN,4.04665677,"Estuarine and Marine Wetland",Digital
4289,8761,M2RS/ABN,0.87757574,"Estuarine and Marine Wetland",Digital
4290,8762,M2RS/ABN,0.04994976,"Estuarine and Marine Wetland",Digital
4291,8763,M2RS/ABN,5.98850593,"Estuarine and Marine Wetland",Digital
4292,8764,M2RS/ABN,14.25008247,"Estuarine and Marine Wetland",Digital
4293,8765,M2RS/ABN,6.40415091,"Estuarine and Marine Wetland",Digital
4294,8766,M2RS/ABN,7.42254221,"Estuarine and Marine Wetland",Digital
4295,8767,M2RS/ABN,5.39959604,"Estuarine and Marine Wetland",Digital
4296,8768,M2RS/ABN,1.58663473,"Estuarine and Marine Wetland",Digital
4297,8769,M2RS/ABN,9.10476684,"Estuarine and Marine Wetland",Digital
4298,8770,M2RS/ABN,2.33910715,"Estuarine and Marine Wetland",Digital
4299,8771,M2RS/ABN,5.70848781,"Estuarine and Marine Wetland",Digital
4300,8772,M2RS/ABN,0.25356221,"Estuarine and Marine Wetland",Digital
4301,8773,M2RS/ABN,3.79841736,"Estuarine and Marine Wetland",Digital
4302,8774,M2RS/ABN,3.68506801,"Estuarine and Marine Wetland",Digital
4303,8775,M2RS/ABN,0.2468325,"Estuarine and Marine Wetland",Digital
4304,8776,M2RS/ABN,12.90312145,"Estuarine and Marine Wetland",Digital
4305,8777,M2RS/ABN,4.60416363,"Estuarine and Marine Wetland",Digital
4306,8778,M2RS/ABN,8.78076528,"Estuarine and Marine Wetland",Digital
4307,8779,M2RSP,0.47049025,"Estuarine and Marine Wetland",Digital
4308,8780,M2RSN,1.39534848,"Estuarine and Marine Wetland",Digital
4309,8781,M2RSN,0.22868349,"Estuarine and Marine Wetland",Digital
4310,8782,M2RSP,1.91496644,"Estuarine and Marine Wetland",Digital
4311,8783,M2RSP,1.22902973,"Estuarine and Marine Wetland",Digital
4312,8784,M2RSP,2.9262737,"Estuarine and Marine Wetland",Digital
4313,8785,M2USN,2.05206795,"Estuarine and Marine Wetland",Digital
4314,8786,M2USN,0.75150007,"Estuarine and Marine Wetland",Digital
4315,8787,M2USN,0.52547111,"Estuarine and Marine Wetland",Digital
4316,8788,M2USN,0.3076054,"Estuarine and Marine Wetland",Digital
4317,8789,M2USN,0.41773075,"Estuarine and Marine Wetland",Digital
4318,8790,M2USN,0.31847123,"Estuarine and Marine Wetland",Digital
4319,8791,M2USN,3.41298839,"Estuarine and Marine Wetland",Digital
4320,8792,M2USN,7.89686741,"Estuarine and Marine Wetland",Digital
4321,8793,M2USN,3.69440489,"Estuarine and Marine Wetland",Digital
4322,8794,M2USN,0.34881341,"Estuarine and Marine Wetland",Digital
4323,8795,M2USN,0.23435361,"Estuarine and Marine Wetland",Digital
4324,8796,M2USN,5.97738355,"Estuarine and Marine Wetland",Digital
4325,8797,M2USN,0.28213107,"Estuarine and Marine Wetland",Digital
4326,8798,M2USN,0.57325281,"Estuarine and Marine Wetland",Digital
4327,8799,M2USN,9.86503626,"Estuarine and Marine Wetland",Digital
4328,8800,M2USN,11.08240584,"Estuarine and Marine Wetland",Digital
4329,8801,M2USP,7.0540102,"Estuarine and Marine Wetland",Digital
4330,8802,M2USP,1.35151532,"Estuarine and Marine Wetland",Digital
4331,8803,M2USP,0.79014947,"Estuarine and Marine Wetland",Digital
4332,8804,M2USP,1.70760956,"Estuarine and Marine Wetland",Digital
4333,8805,M2USP,8.83206691,"Estuarine and Marine Wetland",Digital
4334,8806,M2USP,0.23774608,"Estuarine and Marine Wetland",Digital
4335,8807,M2USP,2.73420891,"Estuarine and Marine Wetland",Digital
4336,8808,M2USP,0.62558124,"Estuarine and Marine Wetland",Digital
4337,8809,M2USP,0.21429519,"Estuarine and Marine Wetland",Digital
4338,8810,M2USP,4.19351836,"Estuarine and Marine Wetland",Digital
4339,8811,PABFx,0.08289022,"Freshwater Pond",Digital
4340,8812,PEM1A,0.21383096,"Freshwater Emergent Wetland",Digital
4341,8813,PEM1A,1.14079278,"Freshwater Emergent Wetland",Digital
4342,8814,PEM1A,4.04809062,"Freshwater Emergent Wetland",Digital
4343,8815,PEM1A,0.05468013,"Freshwater Emergent Wetland",Digital
4344,8816,PEM1A,0.12639812,"Freshwater Emergent Wetland",Digital
4345,8817,PEM1A,0.66893053,"Freshwater Emergent Wetland",Digital
4346,8818,PEM1A,2.40852616,"Freshwater Emergent Wetland",Digital
4347,8819,PEM1A,0.58695387,"Freshwater Emergent Wetland",Digital
4348,8820,PEM1A,0.46786493,"Freshwater Emergent Wetland",Digital
4349,8821,PEM1A,0.80389548,"Freshwater Emergent Wetland",Digital
4350,8822,PEM1A,26.32090613,"Freshwater Emergent Wetland",Digital
4351,8823,PEM1A,1.00546059,"Freshwater Emergent Wetland",Digital
4352,8824,PEM1A,1.02500518,"Freshwater Emergent Wetland",Digital
4353,8825,PEM1A,0.26206497,"Freshwater Emergent Wetland",Digital
4354,8826,PEM1Ah,0.59162963,"Freshwater Emergent Wetland",Digital
4355,8827,PEM1Ah,0.4783034,"Freshwater Emergent Wetland",Digital
4356,8828,PEM1Ah,0.42956379,"Freshwater Emergent Wetland",Digital
4357,8829,PEM1Ah,0.17195112,"Freshwater Emergent Wetland",Digital
4358,8830,PEM1Ax,15.60493556,"Freshwater Emergent Wetland",Digital
4359,8831,PEM1C,0.08782896,"Freshwater Emergent Wetland",Digital
4360,8832,PEM1C,0.5002389,"Freshwater Emergent Wetland",Digital
4361,8833,PEM1C,0.57866569,"Freshwater Emergent Wetland",Digital
4362,8834,PEM1C,0.36019526,"Freshwater Emergent Wetland",Digital
4363,8835,PEM1C,0.15560677,"Freshwater Emergent Wetland",Digital
4364,8836,PEM1C,0.09718063,"Freshwater Emergent Wetland",Digital
4365,8837,PEM1C,0.0805272,"Freshwater Emergent Wetland",Digital
4366,8838,PEM1C,2.75425834,"Freshwater Emergent Wetland",Digital
4367,8839,PEM1Ch,1.91772006,"Freshwater Emergent Wetland",Digital
4368,8840,PEM1Ch,0.96272481,"Freshwater Emergent Wetland",Digital
4369,8841,PEM1Cx,0.12760543,"Freshwater Emergent Wetland",Digital
4370,8842,PEM1Cx,0.04183909,"Freshwater Emergent Wetland",Digital
4371,8843,PEM1Cx,0.16586569,"Freshwater Emergent Wetland",Digital
4372,8844,PEM1Cx,0.45487376,"Freshwater Emergent Wetland",Digital
4373,8845,PEM1Cx,0.02952743,"Freshwater Emergent Wetland",Digital
4374,8846,PEM1Cx,0.11744181,"Freshwater Emergent Wetland",Digital
4375,8847,PEM1Cx,0.03032196,"Freshwater Emergent Wetland",Digital
4376,8848,PEM1Cx,0.09387605,"Freshwater Emergent Wetland",Digital
4377,8849,PEM1Cx,0.44163347,"Freshwater Emergent Wetland",Digital
4378,8850,PEM1Cx,0.10990873,"Freshwater Emergent Wetland",Digital
4379,8851,PEM1Cx,2.22335118,"Freshwater Emergent Wetland",Digital
4380,8852,PEM1Cx,0.40949689,"Freshwater Emergent Wetland",Digital
4381,8853,PEM1Fh,0.13692207,"Freshwater Emergent Wetland",Digital
4382,8854,PEM1Fh,0.34178229,"Freshwater Emergent Wetland",Digital
4383,8855,PEM1Fh,0.1589081,"Freshwater Emergent Wetland",Digital
4384,8856,PEM1Fx,0.13089528,"Freshwater Emergent Wetland",Digital
4385,8857,PEM1Fx,0.16310699,"Freshwater Emergent Wetland",Digital
4386,8858,PEM1Fh,0.0907665,"Freshwater Emergent Wetland",Digital
4387,8859,PEM1Fh,0.1063017,"Freshwater Emergent Wetland",Digital
4388,8860,PEM1Fh,2.74192253,"Freshwater Emergent Wetland",Digital
4389,8861,PEM1Fh,0.32790691,"Freshwater Emergent Wetland",Digital
4390,8862,PEM1Fh,0.31398376,"Freshwater Emergent Wetland",Digital
4391,8863,PEM1Fh,0.12752876,"Freshwater Emergent Wetland",Digital
4392,8864,PEM1Fh,0.27288602,"Freshwater Emergent Wetland",Digital
4393,8865,PEM1Fh,0.16200084,"Freshwater Emergent Wetland",Digital
4394,8866,PEM1Fx,3.15117236,"Freshwater Emergent Wetland",Digital
4395,8867,PEM1Fx,1.70378797,"Freshwater Emergent Wetland",Digital
4396,8868,PEM1Fx,1.72435282,"Freshwater Emergent Wetland",Digital
4397,8869,PEM1Fx,3.33929039,"Freshwater Emergent Wetland",Digital
4398,8870,PEM1Fx,8.2919348,"Freshwater Emergent Wetland",Digital
4399,8871,PEM1Fx,0.50535818,"Freshwater Emergent Wetland",Digital
4400,8872,PEM1Fx,0.89962432,"Freshwater Emergent Wetland",Digital
4401,8873,PEM1Fx,0.56787169,"Freshwater Emergent Wetland",Digital
4402,8874,PEM1Fx,23.36776836,"Freshwater Emergent Wetland",Digital
4403,8875,PEM1Fx,11.67576354,"Freshwater Emergent Wetland",Digital
4404,8876,PFO3A,0.33618677,"Freshwater Forested/Shrub Wetland",Digital
4405,8877,PFO3A,1.29598607,"Freshwater Forested/Shrub Wetland",Digital
4406,8878,PFO3A,0.64714535,"Freshwater Forested/Shrub Wetland",Digital
4407,8879,PFO3C,1.67224485,"Freshwater Forested/Shrub Wetland",Digital
4408,8880,PFO3C,0.39985635,"Freshwater Forested/Shrub Wetland",Digital
4409,8881,PFO3C,29.71593466,"Freshwater Forested/Shrub Wetland",Digital
4410,8882,PFO3C,7.63826698,"Freshwater Forested/Shrub Wetland",Digital
4411,8883,PFO3C,26.27325121,"Freshwater Forested/Shrub Wetland",Digital
4412,8884,PFO3Cx,0.03688032,"Freshwater Forested/Shrub Wetland",Digital
4413,8885,PFO3Cx,0.2503969,"Freshwater Forested/Shrub Wetland",Digital
4414,8886,PSS3A,9.97269119,"Freshwater Forested/Shrub Wetland",Digital
4415,8887,PSS3A,0.11647266,"Freshwater Forested/Shrub Wetland",Digital
4416,8888,PSS3A,4.0068687,"Freshwater Forested/Shrub Wetland",Digital
4417,8889,PSS3A,1.6000882,"Freshwater Forested/Shrub Wetland",Digital
4418,8890,PSS3A,0.55414155,"Freshwater Forested/Shrub Wetland",Digital
4419,8891,PSS3A,2.0351911,"Freshwater Forested/Shrub Wetland",Digital
4420,8892,PSS3A,3.87201661,"Freshwater Forested/Shrub Wetland",Digital
4421,8893,PSS3A,1.38016807,"Freshwater Forested/Shrub Wetland",Digital
4422,8894,PSS3A,2.480361,"Freshwater Forested/Shrub Wetland",Digital
4423,8895,PSS3A,1.95679775,"Freshwater Forested/Shrub Wetland",Digital
4424,8896,PSS3A,1.69196339,"Freshwater Forested/Shrub Wetland",Digital
4425,8897,PSS3A,0.94020256,"Freshwater Forested/Shrub Wetland",Digital
4426,8898,PSS3A,1.26635499,"Freshwater Forested/Shrub Wetland",Digital
4427,8899,PSS3Ax,0.11803474,"Freshwater Forested/Shrub Wetland",Digital
4428,8900,PSS3C,0.1723704,"Freshwater Forested/Shrub Wetland",Digital
4429,8901,PSS3C,0.61377391,"Freshwater Forested/Shrub Wetland",Digital
4430,8902,PSS3C,0.42517872,"Freshwater Forested/Shrub Wetland",Digital
4431,8903,PSS3C,2.46699044,"Freshwater Forested/Shrub Wetland",Digital
4432,8904,PSS3C,2.00605998,"Freshwater Forested/Shrub Wetland",Digital
4433,8905,PSS3Cx,0.63053901,"Freshwater Forested/Shrub Wetland",Digital
4434,8906,PSS3Cx,2.33387637,"Freshwater Forested/Shrub Wetland",Digital
4435,8907,PSSCx,0.05257031,"Freshwater Forested/Shrub Wetland",Digital
4436,8908,PUBFx,0.22209456,"Freshwater Pond",Digital
4437,8909,PUBH,0.08300593,"Freshwater Pond",Digital
4438,8910,PUBH,0.03269739,"Freshwater Pond",Digital
4439,8911,PUBHh,0.24383865,"Freshwater Pond",Digital
4440,8912,PUBHh,0.05537435,"Freshwater Pond",Digital
4441,8913,PUBHh,1.05878183,"Freshwater Pond",Digital
4442,8914,PUBHh,0.01413327,"Freshwater Pond",Digital
4443,8915,PUBHh,2.64099412,"Freshwater Pond",Digital
4444,8916,PUBHx,0.37540011,"Freshwater Pond",Digital
4445,8917,PUBHx,0.10702048,"Freshwater Pond",Digital
4446,8918,PUBHx,0.18821105,"Freshwater Pond",Digital
4447,8919,PUBHx,0.09796628,"Freshwater Pond",Digital
4448,8920,PUBHx,0.06835569,"Freshwater Pond",Digital
4449,8921,PUBHx,0.04311489,"Freshwater Pond",Digital
4450,8922,PUBHx,0.07115719,"Freshwater Pond",Digital
4451,8923,PUBHx,0.15650448,"Freshwater Pond",Digital
4452,8924,PUBHx,0.50208972,"Freshwater Pond",Digital
4453,8925,PUBHx,0.03857641,"Freshwater Pond",Digital
4454,8926,PUBHx,0.20721252,"Freshwater Pond",Digital
4455,8927,PUBHx,0.22179411,"Freshwater Pond",Digital
4456,8928,PUBHx,0.06905302,"Freshwater Pond",Digital
4457,8929,PUBHx,0.04912666,"Freshwater Pond",Digital
4458,8930,PUBHx,0.24777559,"Freshwater Pond",Digital
4459,8931,PUBHx,2.17523048,"Freshwater Pond",Digital
4460,8932,PUBHx,0.10357885,"Freshwater Pond",Digital
4461,8933,PUBHx,0.09907857,"Freshwater Pond",Digital
4462,8934,PUBHx,0.955787,"Freshwater Pond",Digital
4463,8935,PUBHx,0.27721239,"Freshwater Pond",Digital
4464,8936,PUBHx,0.41439891,"Freshwater Pond",Digital
4465,8937,PUBHx,0.48937622,"Freshwater Pond",Digital
4466,8938,PUBHx,0.2901519,"Freshwater Pond",Digital
4467,8939,PUBHx,0.17439334,"Freshwater Pond",Digital
4468,8940,PUBHx,0.13306032,"Freshwater Pond",Digital
4469,8941,PUBHx,0.09037454,"Freshwater Pond",Digital
4470,8942,PUBHx,0.03031106,"Freshwater Pond",Digital
4471,8943,PUBHx,0.08190173,"Freshwater Pond",Digital
4472,8944,PUBHx,0.189062,"Freshwater Pond",Digital
4473,8945,PUBHx,0.20152227,"Freshwater Pond",Digital
4474,8946,PUBHx,0.21173535,"Freshwater Pond",Digital
4475,8947,PUBHx,0.09889855,"Freshwater Pond",Digital
4476,8948,PUBHx,0.2951625,"Freshwater Pond",Digital
4477,8949,PUBHx,0.2349113,"Freshwater Pond",Digital
4478,8950,PUBHx,0.65530747,"Freshwater Pond",Digital
4479,8951,PUBHx,0.26866497,"Freshwater Pond",Digital
4480,8952,PUBHx,0.32762461,"Freshwater Pond",Digital
4481,8953,PUBHx,0.56691284,"Freshwater Pond",Digital
4482,8954,PUBHx,1.24153847,"Freshwater Pond",Digital
4483,8955,PUBHx,0.20497706,"Freshwater Pond",Digital
4484,8956,PUBHx,0.24450178,"Freshwater Pond",Digital
4485,8957,PUBHx,0.10958653,"Freshwater Pond",Digital
4486,8958,PUBHx,0.36708697,"Freshwater Pond",Digital
4487,8959,PUBHx,0.8910038,"Freshwater Pond",Digital
4488,8960,PUBHx,0.09933215,"Freshwater Pond",Digital
4489,8961,PUSAx,0.17050956,"Freshwater Pond",Digital
4490,8962,PUSC,0.03764655,"Freshwater Pond",Digital
4491,8963,PUSCh,0.27088577,"Freshwater Pond",Digital
4492,8964,PUSCx,0.52037794,"Freshwater Pond",Digital
4493,8965,PUSCx,4.35857163,"Freshwater Pond",Digital
4494,8966,R2USAx,1.51462848,"Riverine",Digital
4495,8967,R2USAx,1.72212251,"Riverine",Digital
4496,8968,R2USAx,0.42346208,"Riverine",Digital
4497,8969,R4SBC,0.15911245,"Riverine",Digital
4498,8970,R4SBC,0.22851097,"Riverine",Digital
4499,8971,R4SBC,0.59710233,"Riverine",Digital
4500,8972,R4SBC,0.16315229,"Riverine",Digital
4501,8973,R4SBC,0.01285746,"Riverine",Digital
4502,8974,R4SBC,0.06969961,"Riverine",Digital
4503,8975,R4SBC,0.09021297,"Riverine",Digital
4504,8976,R4SBC,0.27170446,"Riverine",Digital
4505,8977,R4SBC,0.92132652,"Riverine",Digital
4506,8978,R4SBC,0.58314893,"Riverine",Digital
4507,8979,R4SBC,1.99722409,"Riverine",Digital
4508,8980,R4SBC,1.1350182,"Riverine",Digital
4509,8981,R4SBC,0.02503588,"Riverine",Digital
4510,8982,R4SBC,0.44280123,"Riverine",Digital
4511,8983,R4SBC,1.76250243,"Riverine",Digital
4512,8984,R4SBC,0.77143248,"Riverine",Digital
4513,8985,R4SBC,0.11681754,"Riverine",Digital
4514,8986,R4SBC,1.28973402,"Riverine",Digital
4515,8987,R4SBC,0.27647193,"Riverine",Digital
4516,8988,R4SBC,0.28240786,"Riverine",Digital
4517,8989,R4SBC,0.39565643,"Riverine",Digital
4518,8990,R4SBC,0.36709653,"Riverine",Digital
4519,8991,R4SBC,0.20728977,"Riverine",Digital
4520,8992,R4SBC,4.03082978,"Riverine",Digital
4521,8993,R4SBC,1.18756311,"Riverine",Digital
4522,8994,R4SBC,0.24704761,"Riverine",Digital
4523,8995,R4SBC,0.24860604,"Riverine",Digital
4524,8996,R4SBC,0.92558042,"Riverine",Digital
4525,8997,R4SBC,0.65615006,"Riverine",Digital
4526,8998,R4SBC,0.80800945,"Riverine",Digital
4527,8999,R4SBC,1.74965465,"Riverine",Digital
4528,9000,R4SBC,0.76054523,"Riverine",Digital
4529,9001,R4SBC,0.58131354,"Riverine",Digital
4530,9002,R4SBC,0.7397058,"Riverine",Digital
4531,9003,R4SBC,3.412542,"Riverine",Digital
4532,9004,R4SBCx,1.96603359,"Riverine",Digital
4533,9005,R4SBCx,1.91953324,"Riverine",Digital
4534,9006,R4SBCx,1.86721619,"Riverine",Digital
4535,9007,R4SBCx,4.62190721,"Riverine",Digital
4536,9008,R4SBCx,0.38047159,"Riverine",Digital
4537,9009,R5UBFx,0.02623045,"Riverine",Digital
4538,9010,R5UBFx,2.03657381,"Riverine",Digital
4539,9011,R5UBFx,1.10736379,"Riverine",Digital
4540,9012,R5UBFx,2.6785735,"Riverine",Digital
4541,9013,R5UBFx,4.21213353,"Riverine",Digital
4542,9014,R5UBFx,0.68123592,"Riverine",Digital
4543,9015,R5UBFx,0.52530222,"Riverine",Digital
4544,9016,R5UBFx,0.33715536,"Riverine",Digital
4545,9017,R5UBH,0.06316297,"Riverine",Digital
4546,9018,R5UBH,0.17262297,"Riverine",Digital
4547,9019,R5UBH,0.13788529,"Riverine",Digital
4548,9020,R2UBH,1.19249979,"Riverine",Digital
4549,9021,R2UBHx,1.6274951,"Riverine",Digital
4550,9022,R2UBHx,0.38636234,"Riverine",Digital
4551,9023,R2UBHx,1.15621437,"Riverine",Digital
4552,9024,R2UBHx,1.29873157,"Riverine",Digital
4553,9025,R4SBAx,1.68726447,"Riverine",Digital
4554,9026,R4SBAx,1.46320819,"Riverine",Digital
4555,9253,E1UBL,6.88808666,"Estuarine and Marine Deepwater",Digital
4556,9254,E1UBL,0.08413658,"Estuarine and Marine Deepwater",Digital
4557,9255,E2EM1N,0.07275482,"Estuarine and Marine Wetland",Digital
4558,9256,E2EM1N,0.22617475,"Estuarine and Marine Wetland",Digital
4559,9257,E2EM1N,0.53668514,"Estuarine and Marine Wetland",Digital
4560,9258,E2EM1N,0.46807393,"Estuarine and Marine Wetland",Digital
4561,9259,E2EM1N,0.41951632,"Estuarine and Marine Wetland",Digital
4562,9260,E2EM1N,0.04685761,"Estuarine and Marine Wetland",Digital
4563,9261,E2EM1N,0.69453942,"Estuarine and Marine Wetland",Digital
4564,9262,E2EM1N,5.65411475,"Estuarine and Marine Wetland",Digital
4565,9263,E2EM1P,0.21793051,"Estuarine and Marine Wetland",Digital
4566,9264,E2FO3N,0.91116906,"Estuarine and Marine Wetland",Digital
4567,9265,E2FO3N,0.6571951,"Estuarine and Marine Wetland",Digital
4568,9266,E2FO3N,0.29394692,"Estuarine and Marine Wetland",Digital
4569,9267,E2SS3N,0.42920752,"Estuarine and Marine Wetland",Digital
4570,9268,E2SS3N,0.20882922,"Estuarine and Marine Wetland",Digital
4571,9269,E2USN,0.02083556,"Estuarine and Marine Wetland",Digital
4572,9270,E2USN,0.18460361,"Estuarine and Marine Wetland",Digital
4573,9271,E2USN,0.19358837,"Estuarine and Marine Wetland",Digital
4574,9272,E2USN,0.20576397,"Estuarine and Marine Wetland",Digital
4575,9273,M1RF1L,1007.57733743,"Estuarine and Marine Deepwater",Digital
4576,9274,M1RF1L,4046.93294032,"Estuarine and Marine Deepwater",Digital
4577,9275,M1UBL,0.37939286,"Estuarine and Marine Deepwater",Digital
4578,9276,M2RF1M,3.36359538,"Estuarine and Marine Wetland",Digital
4579,9277,M2RF1N,2.55644569,"Estuarine and Marine Wetland",Digital
4580,9278,M2RF1N,0.12713222,"Estuarine and Marine Wetland",Digital
4581,9279,M2RF1N,77.47312094,"Estuarine and Marine Wetland",Digital
4582,9280,M2RF1N,87.37044949,"Estuarine and Marine Wetland",Digital
4583,9281,M2RSN,0.12345255,"Estuarine and Marine Wetland",Digital
4584,9282,M2RSN,0.8527376,"Estuarine and Marine Wetland",Digital
4585,9283,M2RSN,0.08923403,"Estuarine and Marine Wetland",Digital
4586,9284,M2RSN,4.79877367,"Estuarine and Marine Wetland",Digital
4587,9285,M2RSN,0.12968162,"Estuarine and Marine Wetland",Digital
4588,9286,M2RSN,0.36254996,"Estuarine and Marine Wetland",Digital
4589,9287,M2RSN,0.09665516,"Estuarine and Marine Wetland",Digital
4590,9288,M2RSN,0.61258109,"Estuarine and Marine Wetland",Digital
4591,9289,M2RSN,0.16312761,"Estuarine and Marine Wetland",Digital
4592,9290,M2RSN,0.8314348,"Estuarine and Marine Wetland",Digital
4593,9291,M2RSN,0.11062395,"Estuarine and Marine Wetland",Digital
4594,9292,M2RSN,0.06862455,"Estuarine and Marine Wetland",Digital
4595,9293,M2RSN,0.18662347,"Estuarine and Marine Wetland",Digital
4596,9294,M2RSN,0.02534948,"Estuarine and Marine Wetland",Digital
4597,9295,M2RSN,0.35441402,"Estuarine and Marine Wetland",Digital
4598,9296,M2RSN,0.04673224,"Estuarine and Marine Wetland",Digital
4599,9297,M2RSN,0.31163526,"Estuarine and Marine Wetland",Digital
4600,9298,M2RSN,0.09867182,"Estuarine and Marine Wetland",Digital
4601,9299,M2RSN,0.41825807,"Estuarine and Marine Wetland",Digital
4602,9300,M2RSN,2.08666012,"Estuarine and Marine Wetland",Digital
4603,9301,M2RSN,1.77357491,"Estuarine and Marine Wetland",Digital
4604,9302,M2RSN,0.24732156,"Estuarine and Marine Wetland",Digital
4605,9303,M2RSN,0.39220003,"Estuarine and Marine Wetland",Digital
4606,9304,M2RSN,0.29454527,"Estuarine and Marine Wetland",Digital
4607,9305,M2RSP,0.13532095,"Estuarine and Marine Wetland",Digital
4608,9306,M2RSP,2.45402488,"Estuarine and Marine Wetland",Digital
4609,9307,M2RSP,0.62775652,"Estuarine and Marine Wetland",Digital
4610,9308,M2RSP,0.09140543,"Estuarine and Marine Wetland",Digital
4611,9309,M2RSP,1.81910278,"Estuarine and Marine Wetland",Digital
4612,9310,M2RSP,0.62974819,"Estuarine and Marine Wetland",Digital
4613,9311,M2RSP,0.76473337,"Estuarine and Marine Wetland",Digital
4614,9312,M2USN,8.20598243,"Estuarine and Marine Wetland",Digital
4615,9313,M2USN,0.02626912,"Estuarine and Marine Wetland",Digital
4616,9314,M2USN,1.39055811,"Estuarine and Marine Wetland",Digital
4617,9315,M2USN,0.05118331,"Estuarine and Marine Wetland",Digital
4618,9316,M2USN,1.78166612,"Estuarine and Marine Wetland",Digital
4619,9317,M2USN,0.53913492,"Estuarine and Marine Wetland",Digital
4620,9318,M2USN,0.05053803,"Estuarine and Marine Wetland",Digital
4621,9319,M2USN,0.24922841,"Estuarine and Marine Wetland",Digital
4622,9320,M2USN,0.56983526,"Estuarine and Marine Wetland",Digital
4623,9321,M2USN,10.0422636,"Estuarine and Marine Wetland",Digital
4624,9322,M2USP,0.22997158,"Estuarine and Marine Wetland",Digital
4625,9323,M2USP,28.86453708,"Estuarine and Marine Wetland",Digital
4626,9324,M2USP,1.7020083,"Estuarine and Marine Wetland",Digital
4627,9325,PABHx,0.50666956,"Freshwater Pond",Digital
4628,9326,PEM1A,12.14675141,"Freshwater Emergent Wetland",Digital
4629,9327,PEM1C,0.15187301,"Freshwater Emergent Wetland",Digital
4630,9328,PEM1C,0.01153789,"Freshwater Emergent Wetland",Digital
4631,9329,PEM1C,0.73060445,"Freshwater Emergent Wetland",Digital
4632,9330,PEM1C,0.3090273,"Freshwater Emergent Wetland",Digital
4633,9331,PEM1C,0.35357447,"Freshwater Emergent Wetland",Digital
4634,9332,PEM1Ch,0.51225673,"Freshwater Emergent Wetland",Digital
4635,9333,PEM1Ch,0.50551176,"Freshwater Emergent Wetland",Digital
4636,9334,PEM1Cx,0.76420919,"Freshwater Emergent Wetland",Digital
4637,9335,PEM1Cx,0.42735578,"Freshwater Emergent Wetland",Digital
4638,9336,PEM1Cx,0.81460688,"Freshwater Emergent Wetland",Digital
4639,9337,PEM1Fh,0.27992983,"Freshwater Emergent Wetland",Digital
4640,9338,PFO3C,12.64137337,"Freshwater Forested/Shrub Wetland",Digital
4641,9339,PFO3C,9.89802322,"Freshwater Forested/Shrub Wetland",Digital
4642,9340,PFO3C,20.11126365,"Freshwater Forested/Shrub Wetland",Digital
4643,9341,PFO3C,0.08249504,"Freshwater Forested/Shrub Wetland",Digital
4644,9342,PFO3C,5.68270859,"Freshwater Forested/Shrub Wetland",Digital
4645,9343,PFO3C,20.44107404,"Freshwater Forested/Shrub Wetland",Digital
4646,9344,PFO3C,0.87454153,"Freshwater Forested/Shrub Wetland",Digital
4647,9345,PFO3C,4.19051336,"Freshwater Forested/Shrub Wetland",Digital
4648,9346,PFO3C,1.4457323,"Freshwater Forested/Shrub Wetland",Digital
4649,9347,PFO3C,5.79748311,"Freshwater Forested/Shrub Wetland",Digital
4650,9348,PFO3C,4.63909563,"Freshwater Forested/Shrub Wetland",Digital
4651,9349,PFO3C,18.18026591,"Freshwater Forested/Shrub Wetland",Digital
4652,9350,PFO3C,0.41471559,"Freshwater Forested/Shrub Wetland",Digital
4653,9351,PFO3C,11.77282534,"Freshwater Forested/Shrub Wetland",Digital
4654,9352,PFO3C,0.92620853,"Freshwater Forested/Shrub Wetland",Digital
4655,9353,PSS3C,2.14393963,"Freshwater Forested/Shrub Wetland",Digital
4656,9354,PUBH,0.28803123,"Freshwater Pond",Digital
4657,9355,PUBH,0.05950556,"Freshwater Pond",Digital
4658,9356,PUBHh,0.72673139,"Freshwater Pond",Digital
4659,9357,PUBHx,0.42252039,"Freshwater Pond",Digital
4660,9358,PUBHx,0.09275899,"Freshwater Pond",Digital
4661,9359,PUBHx,0.09414128,"Freshwater Pond",Digital
4662,9360,R4SBC,0.15807249,"Riverine",Digital
4663,9361,R4SBC,0.14675252,"Riverine",Digital
4664,9362,R4SBC,0.46164575,"Riverine",Digital
4665,9363,R4SBC,0.83308827,"Riverine",Digital
4666,9364,R4SBCx,0.32750802,"Riverine",Digital
4667,9365,R4SBCx,0.69674861,"Riverine",Digital
4668,9366,R5UBH,0.16243255,"Riverine",Digital
4669,9367,R3UBH,64.02715577,"Riverine",Digital
4670,9368,R3UBH,2.61667713,"Riverine",Digital
4671,9369,R3RBH,0.03238063,"Riverine",Digital
4672,9370,E1ABL,5.56722647,"Estuarine and Marine Deepwater",Digital
4673,9371,E1UBL,0.31547079,"Estuarine and Marine Deepwater",Digital
4674,9372,E1UBL,1.33354199,"Estuarine and Marine Deepwater",Digital
4675,9373,E1UBL,7.70789457,"Estuarine and Marine Deepwater",Digital
4676,9374,E1UBL,4609.49201376,"Estuarine and Marine Deepwater",Digital
4677,9375,E1UBLx,0.47640605,"Estuarine and Marine Deepwater",Digital
4678,9376,E1UBLx,0.63781932,"Estuarine and Marine Deepwater",Digital
4679,9377,E1UBLx,0.46778187,"Estuarine and Marine Deepwater",Digital
4680,9378,E2ABM,8.9448204,"Estuarine and Marine Wetland",Digital
4681,9379,E2ABM,1.22216487,"Estuarine and Marine Wetland",Digital
4682,9380,E2ABM,60.60579052,"Estuarine and Marine Wetland",Digital
4683,9381,E2ABM,6.82732029,"Estuarine and Marine Wetland",Digital
4684,9382,E2ABM,2.99608079,"Estuarine and Marine Wetland",Digital
4685,9383,E2EM1N,0.0516517,"Estuarine and Marine Wetland",Digital
4686,9384,E2EM1N,4.98867409,"Estuarine and Marine Wetland",Digital
4687,9385,E2EM1N,0.41695163,"Estuarine and Marine Wetland",Digital
4688,9386,E2EM1N,9.95054415,"Estuarine and Marine Wetland",Digital
4689,9387,E2EM1N,0.0692634,"Estuarine and Marine Wetland",Digital
4690,9388,E2EM1N,0.76265833,"Estuarine and Marine Wetland",Digital
4691,9389,E2EM1N,1.09945846,"Estuarine and Marine Wetland",Digital
4692,9390,E2EM1N,0.17531381,"Estuarine and Marine Wetland",Digital
4693,9391,E2EM1N,0.30282496,"Estuarine and Marine Wetland",Digital
4694,9392,E2EM1N,0.02529641,"Estuarine and Marine Wetland",Digital
4695,9393,E2EM1N,0.0296559,"Estuarine and Marine Wetland",Digital
4696,9394,E2EM1N,1.6044431,"Estuarine and Marine Wetland",Digital
4697,9395,E2EM1N,0.0223466,"Estuarine and Marine Wetland",Digital
4698,9396,E2EM1N,2.72856941,"Estuarine and Marine Wetland",Digital
4699,9397,E2EM1N,4.14301031,"Estuarine and Marine Wetland",Digital
4700,9398,E2EM1Ns,0.05305082,"Estuarine and Marine Wetland",Digital
4701,9399,E2FO3N,11.51873778,"Estuarine and Marine Wetland",Digital
4702,9400,E2FO3N,1.03426597,"Estuarine and Marine Wetland",Digital
4703,9401,E2FO3N,0.04539538,"Estuarine and Marine Wetland",Digital
4704,9402,E2FO3N,0.95800174,"Estuarine and Marine Wetland",Digital
4705,9403,E2FO3N,51.27281677,"Estuarine and Marine Wetland",Digital
4706,9404,E2FO3N,18.51632637,"Estuarine and Marine Wetland",Digital
4707,9405,E2FO3N,66.28490066,"Estuarine and Marine Wetland",Digital
4708,9406,E2FO3N,0.70855379,"Estuarine and Marine Wetland",Digital
4709,9407,E2FO3N,7.59013345,"Estuarine and Marine Wetland",Digital
4710,9408,E2FO3N,7.76981101,"Estuarine and Marine Wetland",Digital
4711,9409,E2FO3N,6.49924045,"Estuarine and Marine Wetland",Digital
4712,9410,E2FO3N,4.09723613,"Estuarine and Marine Wetland",Digital
4713,9411,E2FO3N,6.36579269,"Estuarine and Marine Wetland",Digital
4714,9412,E2SS3N,0.59475619,"Estuarine and Marine Wetland",Digital
4715,9413,E2SS3N,0.1653904,"Estuarine and Marine Wetland",Digital
4716,9414,E2SS3N,0.06361254,"Estuarine and Marine Wetland",Digital
4717,9415,E2SS3N,0.15462823,"Estuarine and Marine Wetland",Digital
4718,9416,E2SS3N,0.07484757,"Estuarine and Marine Wetland",Digital
4719,9417,E2SS3N,0.07600895,"Estuarine and Marine Wetland",Digital
4720,9418,E2SS3N,0.09670133,"Estuarine and Marine Wetland",Digital
4721,9419,E2SS3N,0.03612839,"Estuarine and Marine Wetland",Digital
4722,9420,E2SS3N,2.87613961,"Estuarine and Marine Wetland",Digital
4723,9421,E2SS3N,0.10033036,"Estuarine and Marine Wetland",Digital
4724,9422,E2SS3N,1.48541545,"Estuarine and Marine Wetland",Digital
4725,9423,E2SS3N,0.07826259,"Estuarine and Marine Wetland",Digital
4726,9424,E2SS3N,1.10545663,"Estuarine and Marine Wetland",Digital
4727,9425,E2SS3N,0.10095894,"Estuarine and Marine Wetland",Digital
4728,9426,E2SS3N,0.06633133,"Estuarine and Marine Wetland",Digital
4729,9427,E2SS3N,4.18401272,"Estuarine and Marine Wetland",Digital
4730,9428,E2SS3N,0.78791071,"Estuarine and Marine Wetland",Digital
4731,9429,E2SS3N,1.3138337,"Estuarine and Marine Wetland",Digital
4732,9430,E2SS3N,0.15913343,"Estuarine and Marine Wetland",Digital
4733,9431,E2SS3N,0.11447945,"Estuarine and Marine Wetland",Digital
4734,9432,E2SS3N,0.60585573,"Estuarine and Marine Wetland",Digital
4735,9433,E2SS3N,0.01639633,"Estuarine and Marine Wetland",Digital
4736,9434,E2SS3N,1.526936,"Estuarine and Marine Wetland",Digital
4737,9435,E2SS3N,0.04612063,"Estuarine and Marine Wetland",Digital
4738,9436,E2SS3N,2.85761654,"Estuarine and Marine Wetland",Digital
4739,9437,E2SS3N,0.04996127,"Estuarine and Marine Wetland",Digital
4740,9438,E2SS3N,0.29548932,"Estuarine and Marine Wetland",Digital
4741,9439,E2SS3N,0.25236465,"Estuarine and Marine Wetland",Digital
4742,9440,E2SS3N,0.06346589,"Estuarine and Marine Wetland",Digital
4743,9441,E2SS3N,1.20548295,"Estuarine and Marine Wetland",Digital
4744,9442,E2SS3N,0.23557564,"Estuarine and Marine Wetland",Digital
4745,9443,E2SS3N,0.61940615,"Estuarine and Marine Wetland",Digital
4746,9444,E2SS3N,0.299235,"Estuarine and Marine Wetland",Digital
4747,9445,E2SS3N,0.05004997,"Estuarine and Marine Wetland",Digital
4748,9446,E2SS3N,5.14635679,"Estuarine and Marine Wetland",Digital
4749,9447,E2SS3N,0.01658723,"Estuarine and Marine Wetland",Digital
4750,9448,E2SS3N,0.345833,"Estuarine and Marine Wetland",Digital
4751,9449,E2SS3N,22.17718821,"Estuarine and Marine Wetland",Digital
4752,9450,E2SS3N,2.97551477,"Estuarine and Marine Wetland",Digital
4753,9451,E2SS3N,0.47245957,"Estuarine and Marine Wetland",Digital
4754,9452,E2USN,0.04692322,"Estuarine and Marine Wetland",Digital
4755,9453,E2USN,0.09194832,"Estuarine and Marine Wetland",Digital
4756,9454,E2USN,0.33769702,"Estuarine and Marine Wetland",Digital
4757,9455,E2USN,0.03689844,"Estuarine and Marine Wetland",Digital
4758,9456,E2USN,9.59900374,"Estuarine and Marine Wetland",Digital
4759,9457,E2USN,0.01688341,"Estuarine and Marine Wetland",Digital
4760,9458,E2USN,0.23444138,"Estuarine and Marine Wetland",Digital
4761,9459,E2USN,0.08157626,"Estuarine and Marine Wetland",Digital
4762,9460,L1UBHh,228.30061495,"Lake",Digital
4763,9461,PAB3H,0.59497627,"Freshwater Pond",Digital
4764,9462,PEM1/SS3C,1.58120487,"Freshwater Emergent Wetland",Digital
4765,9463,PEM1A,0.06145818,"Freshwater Emergent Wetland",Digital
4766,9464,PEM1C,0.40304873,"Freshwater Emergent Wetland",Digital
4767,9465,PEM1C,0.10685552,"Freshwater Emergent Wetland",Digital
4768,9466,PEM1C,0.10833357,"Freshwater Emergent Wetland",Digital
4769,9467,PEM1C,1.30110134,"Freshwater Emergent Wetland",Digital
4770,9468,PEM1C,0.58620913,"Freshwater Emergent Wetland",Digital
4771,9469,PEM1C,0.5896641,"Freshwater Emergent Wetland",Digital
4772,9470,PEM1C,0.38203215,"Freshwater Emergent Wetland",Digital
4773,9471,PEM1C,0.08674046,"Freshwater Emergent Wetland",Digital
4774,9472,PEM1C,0.18257282,"Freshwater Emergent Wetland",Digital
4775,9473,PEM1C,0.05146029,"Freshwater Emergent Wetland",Digital
4776,9474,PEM1Ch,0.24643738,"Freshwater Emergent Wetland",Digital
4777,9475,PEM1Cx,0.31434615,"Freshwater Emergent Wetland",Digital
4778,9476,PEM1Cx,0.49391579,"Freshwater Emergent Wetland",Digital
4779,9477,PEM1Cx,0.69405913,"Freshwater Emergent Wetland",Digital
4780,9478,PEM1F,1.15422753,"Freshwater Emergent Wetland",Digital
4781,9479,PEM1Fx,1.15793101,"Freshwater Emergent Wetland",Digital
4782,9480,PEM1Fx,0.25277538,"Freshwater Emergent Wetland",Digital
4783,9481,PEM1Fx,0.15204109,"Freshwater Emergent Wetland",Digital
4784,9482,PEM1Fh,0.28712816,"Freshwater Emergent Wetland",Digital
4785,9483,PEM1Fh,0.21386774,"Freshwater Emergent Wetland",Digital
4786,9484,PEM1Fh,0.02917236,"Freshwater Emergent Wetland",Digital
4787,9485,PEM1Fh,0.68635737,"Freshwater Emergent Wetland",Digital
4788,9486,PEM1Fh,0.20060712,"Freshwater Emergent Wetland",Digital
4789,9487,PEM1Fh,0.65526938,"Freshwater Emergent Wetland",Digital
4790,9488,PEM1Fh,1.13825097,"Freshwater Emergent Wetland",Digital
4791,9489,PEM1Fh,0.06269888,"Freshwater Emergent Wetland",Digital
4792,9490,PEM1Fh,0.73963287,"Freshwater Emergent Wetland",Digital
4793,9491,PEM1Fh,0.67930567,"Freshwater Emergent Wetland",Digital
4794,9492,PEM1Fh,0.33451403,"Freshwater Emergent Wetland",Digital
4795,9493,PEM1Fh,0.63464512,"Freshwater Emergent Wetland",Digital
4796,9494,PEM1Fh,1.31641463,"Freshwater Emergent Wetland",Digital
4797,9495,PEM1Fx,0.86115998,"Freshwater Emergent Wetland",Digital
4798,9496,PEM1Fx,0.81693543,"Freshwater Emergent Wetland",Digital
4799,9497,PEM1Fx,1.13227004,"Freshwater Emergent Wetland",Digital
4800,9498,PEM1Fx,1.82413167,"Freshwater Emergent Wetland",Digital
4801,9499,PEM1Fx,2.50414757,"Freshwater Emergent Wetland",Digital
4802,9500,PEM1K,0.97117483,"Freshwater Emergent Wetland",Digital
4803,9501,PEM1K,7.94395631,"Freshwater Emergent Wetland",Digital
4804,9502,PEM1Rx,1.81836946,"Freshwater Emergent Wetland",Digital
4805,9503,PFO3A,2.82714392,"Freshwater Forested/Shrub Wetland",Digital
4806,9504,PFO3C,1.48826875,"Freshwater Forested/Shrub Wetland",Digital
4807,9505,PFO3C,1.67678341,"Freshwater Forested/Shrub Wetland",Digital
4808,9506,PFO3C,18.15332104,"Freshwater Forested/Shrub Wetland",Digital
4809,9507,PFO3C,1.93637198,"Freshwater Forested/Shrub Wetland",Digital
4810,9508,PFO3C,0.94783285,"Freshwater Forested/Shrub Wetland",Digital
4811,9509,PFO3C,0.01797669,"Freshwater Forested/Shrub Wetland",Digital
4812,9510,PFO3C,1.0219961,"Freshwater Forested/Shrub Wetland",Digital
4813,9511,PFO3C,9.71403297,"Freshwater Forested/Shrub Wetland",Digital
4814,9512,PFO3C,20.12477966,"Freshwater Forested/Shrub Wetland",Digital
4815,9513,PFO3C,15.01631827,"Freshwater Forested/Shrub Wetland",Digital
4816,9514,PFO3C,13.35504994,"Freshwater Forested/Shrub Wetland",Digital
4817,9515,PFO3C,13.17230079,"Freshwater Forested/Shrub Wetland",Digital
4818,9516,PFO3C,38.57512429,"Freshwater Forested/Shrub Wetland",Digital
4819,9517,PFO3C,0.41897439,"Freshwater Forested/Shrub Wetland",Digital
4820,9518,PFO3C,27.6284033,"Freshwater Forested/Shrub Wetland",Digital
4821,9519,PFO3C,16.4353736,"Freshwater Forested/Shrub Wetland",Digital
4822,9520,PFO3C,108.89257912,"Freshwater Forested/Shrub Wetland",Digital
4823,9521,PFO3C,1.0313444,"Freshwater Forested/Shrub Wetland",Digital
4824,9522,PFO3C,2.78222377,"Freshwater Forested/Shrub Wetland",Digital
4825,9523,PFO3C,0.82661023,"Freshwater Forested/Shrub Wetland",Digital
4826,9524,PFO3C,39.08994397,"Freshwater Forested/Shrub Wetland",Digital
4827,9525,PFO3C,3.0326006,"Freshwater Forested/Shrub Wetland",Digital
4828,9526,PFO3C,2.37459121,"Freshwater Forested/Shrub Wetland",Digital
4829,9527,PFO3C,12.07523883,"Freshwater Forested/Shrub Wetland",Digital
4830,9528,PFO3Ch,22.9770724,"Freshwater Forested/Shrub Wetland",Digital
4831,9529,PSS1Kx,0.53749272,"Freshwater Forested/Shrub Wetland",Digital
4832,9530,PSS3A,0.10250748,"Freshwater Forested/Shrub Wetland",Digital
4833,9531,PSS3C,0.30244219,"Freshwater Forested/Shrub Wetland",Digital
4834,9532,PSS3Ch,0.11138429,"Freshwater Forested/Shrub Wetland",Digital
4835,9533,PSSAh,6.97177523,"Freshwater Forested/Shrub Wetland",Digital
4836,9534,PUBH,0.08431952,"Freshwater Pond",Digital
4837,9535,PUBHh,0.96369948,"Freshwater Pond",Digital
4838,9536,PUBHx,0.08509284,"Freshwater Pond",Digital
4839,9537,PUBHx,0.63276438,"Freshwater Pond",Digital
4840,9538,PUBHx,0.59156319,"Freshwater Pond",Digital
4841,9539,PUBHx,0.43541284,"Freshwater Pond",Digital
4842,9540,PUBHx,0.1816894,"Freshwater Pond",Digital
4843,9541,PUBHx,0.16841401,"Freshwater Pond",Digital
4844,9542,PUBHx,0.05351702,"Freshwater Pond",Digital
4845,9543,PUBHx,0.37581757,"Freshwater Pond",Digital
4846,9544,PUBHx,0.24715708,"Freshwater Pond",Digital
4847,9545,PUBHx,0.02975582,"Freshwater Pond",Digital
4848,9546,PUBHx,0.20318537,"Freshwater Pond",Digital
4849,9547,PUBHx,0.36433746,"Freshwater Pond",Digital
4850,9548,PUBHx,0.83870734,"Freshwater Pond",Digital
4851,9549,PUBHx,0.82760644,"Freshwater Pond",Digital
4852,9550,PUBHx,0.43609054,"Freshwater Pond",Digital
4853,9551,R2USC,0.12925031,"Riverine",Digital
4854,9552,R3USC,0.48283894,"Riverine",Digital
4855,9553,R4SBC,0.14721506,"Riverine",Digital
4856,9554,R4SBC,0.2170957,"Riverine",Digital
4857,9555,R4SBC,1.38922159,"Riverine",Digital
4858,9556,R4SBC,0.69671198,"Riverine",Digital
4859,9557,R4SBC,0.73690119,"Riverine",Digital
4860,9558,R4SBC,0.41953232,"Riverine",Digital
4861,9559,R4SBC,4.53315436,"Riverine",Digital
4862,9560,R4SBC,0.25680519,"Riverine",Digital
4863,9561,R4SBC,0.03687167,"Riverine",Digital
4864,9562,R4SBC,3.20289307,"Riverine",Digital
4865,9563,R4SBC,2.34193439,"Riverine",Digital
4866,9564,R4SBC,0.18204779,"Riverine",Digital
4867,9565,R4SBC,0.35703538,"Riverine",Digital
4868,9566,R4SBC,1.73678297,"Riverine",Digital
4869,9567,R4SBC,0.34689224,"Riverine",Digital
4870,9568,R4SBC,0.09653198,"Riverine",Digital
4871,9569,R4SBC,0.5165931,"Riverine",Digital
4872,9570,R4SBC,0.23006573,"Riverine",Digital
4873,9571,R4SBC,0.07148699,"Riverine",Digital
4874,9572,R4SBC,0.17142262,"Riverine",Digital
4875,9573,R4SBC,4.97711485,"Riverine",Digital
4876,9574,R4SBC,0.4291911,"Riverine",Digital
4877,9575,R4SBC,4.25827005,"Riverine",Digital
4878,9576,R4SBC,0.26608346,"Riverine",Digital
4879,9577,R4SBC,0.53249958,"Riverine",Digital
4880,9578,R4SBC,0.28291431,"Riverine",Digital
4881,9579,R4SBC,0.19101372,"Riverine",Digital
4882,9580,R4SBC,0.10908758,"Riverine",Digital
4883,9581,R4SBC,0.08125301,"Riverine",Digital
4884,9582,R4SBC,0.16258845,"Riverine",Digital
4885,9583,R4SBC,0.13136195,"Riverine",Digital
4886,9584,R4SBC,0.32839521,"Riverine",Digital
4887,9585,R4SBC,0.16139917,"Riverine",Digital
4888,9586,R4SBC,0.2362436,"Riverine",Digital
4889,9587,R4SBC,9.77973046,"Riverine",Digital
4890,9588,R4SBCx,0.54403145,"Riverine",Digital
4891,9589,R4SBCx,2.94965332,"Riverine",Digital
4892,9590,R4SBCx,0.65739099,"Riverine",Digital
4893,9591,R4SBCx,0.6710007,"Riverine",Digital
4894,9592,R4SBCx,0.86988158,"Riverine",Digital
4895,9593,R4SBCx,0.09016204,"Riverine",Digital
4896,9594,R4SBCx,0.59196013,"Riverine",Digital
4897,9595,R4SBCx,2.13991837,"Riverine",Digital
4898,9596,R4SBCx,1.8018941,"Riverine",Digital
4899,9597,R4SBCx,3.01372444,"Riverine",Digital
4900,9598,R4SBCx,5.76462249,"Riverine",Digital
4901,9599,R4SBCx,2.88612942,"Riverine",Digital
4902,9600,R5UBFx,1.69992371,"Riverine",Digital
4903,9601,R5UBFx,0.25691562,"Riverine",Digital
4904,9602,R5UBFx,0.74442226,"Riverine",Digital
4905,9603,R5UBFx,1.25416941,"Riverine",Digital
4906,9604,R5UBFx,0.59200667,"Riverine",Digital
4907,9605,R5UBFx,1.13277931,"Riverine",Digital
4908,9606,R5UBFx,8.29241987,"Riverine",Digital
4909,9607,R5UBFx,2.35900446,"Riverine",Digital
4910,9608,R5UBFx,0.29301038,"Riverine",Digital
4911,9609,R5UBFx,4.62085634,"Riverine",Digital
4912,9610,R5UBFx,0.47061712,"Riverine",Digital
4913,9611,R5UBFx,1.28353129,"Riverine",Digital
4914,9612,R5UBFx,0.65792178,"Riverine",Digital
4915,9613,R5UBFx,0.11947114,"Riverine",Digital
4916,9614,R5UBFx,0.34731092,"Riverine",Digital
4917,9615,R5UBFx,0.60925,"Riverine",Digital
4918,9616,R5UBFx,9.57368813,"Riverine",Digital
4919,9617,R5UBFx,0.14125537,"Riverine",Digital
4920,9618,R5UBFx,1.64772326,"Riverine",Digital
4921,9619,R5UBFx,1.461807,"Riverine",Digital
4922,9620,R5UBFx,1.5015056,"Riverine",Digital
4923,9621,R5UBFx,1.24569496,"Riverine",Digital
4924,9622,R5UBFx,6.75405024,"Riverine",Digital
4925,9623,R5UBFx,2.18287524,"Riverine",Digital
4926,9624,R5UBH,0.1211467,"Riverine",Digital
4927,9625,R5UBH,0.22811201,"Riverine",Digital
4928,9626,R5UBH,0.56671895,"Riverine",Digital
4929,9627,R5UBH,0.01614948,"Riverine",Digital
4930,9628,R5UBH,1.19290866,"Riverine",Digital
4931,9629,R5UBH,0.31808844,"Riverine",Digital
4932,9630,R5UBH,0.0153468,"Riverine",Digital
4933,9631,R5UBH,0.01783564,"Riverine",Digital
4934,9632,R5UBH,0.12817218,"Riverine",Digital
4935,9633,R5UBH,0.34783651,"Riverine",Digital
4936,9634,R5UBH,0.28162502,"Riverine",Digital
4937,9635,R5UBH,3.30878335,"Riverine",Digital
4938,9636,R5UBH,0.27888842,"Riverine",Digital
4939,9637,R5UBH,0.69954677,"Riverine",Digital
4940,9638,R5UBH,0.37377595,"Riverine",Digital
4941,9639,R5UBH,0.23291108,"Riverine",Digital
4942,9640,R5UBH,0.2176395,"Riverine",Digital
4943,9641,R5UBH,0.48316518,"Riverine",Digital
4944,9642,R5UBH,0.36164236,"Riverine",Digital
4945,9643,R5UBH,0.28593672,"Riverine",Digital
4946,9644,R5UBH,0.28021182,"Riverine",Digital
4947,9645,R5UBH,1.16469343,"Riverine",Digital
4948,9646,R5UBH,0.20401076,"Riverine",Digital
4949,9647,R5UBH,0.58107398,"Riverine",Digital
4950,9648,R5UBH,0.22801099,"Riverine",Digital
4951,9649,R5UBH,0.06964194,"Riverine",Digital
4952,9650,R5UBH,0.29963256,"Riverine",Digital
4953,9651,R2UBH,1.45916956,"Riverine",Digital
4954,9652,R2UBH,1.54412548,"Riverine",Digital
4955,9653,R2UBH,1.23798676,"Riverine",Digital
4956,9654,R2UBH,5.20485252,"Riverine",Digital
4957,9655,R2UBH,2.82568259,"Riverine",Digital
4958,9656,R2UBH,9.00158099,"Riverine",Digital
4959,9657,R3UBH,7.99411684,"Riverine",Digital
4960,9658,R3UBH,9.06907364,"Riverine",Digital
4961,9659,R3UBH,56.5837291,"Riverine",Digital
4962,9660,R3UBH,6.19742121,"Riverine",Digital
4963,9661,R3UBH,44.74910035,"Riverine",Digital
4964,9662,R3UBH,6.39520242,"Riverine",Digital
4965,9663,R3UBH,18.86612206,"Riverine",Digital
4966,9664,R3UBH,20.16778499,"Riverine",Digital
4967,9665,R3UBHx,0.99703915,"Riverine",Digital
4968,9666,M1RF1L,4449.78480321,"Estuarine and Marine Deepwater",Digital
4969,9667,M2RSN,4.03018504,"Estuarine and Marine Wetland",Digital
4970,9668,M2RSN,34.15758126,"Estuarine and Marine Wetland",Digital
4971,9669,M2RSP,0.26084573,"Estuarine and Marine Wetland",Digital
4972,9735,M1UBL,274093.49491721,"Estuarine and Marine Deepwater",Digital
4973,9739,PEM1Ax,0.6054603,"Freshwater Emergent Wetland",Digital
4974,9740,R5UBFx,1.05997297,"Riverine",Digital
